Treatment Function Code,Metric,Category,Waiting Bands,Count
Cardiology Service,Age,0-18 Years,Unknown Clock Start,*
Cardiology Service,Age,0-18 Years,01 To 18 Weeks,4030
Cardiology Service,Age,0-18 Years,18 To 52 Weeks,2875
Cardiology Service,Age,0-18 Years,Over 52 Weeks,135
Cardiology Service,Age,0-18 Years,Total,7050
Cardiology Service,Age,19-64 Years,Unknown Clock Start,195
Cardiology Service,Age,19-64 Years,01 To 18 Weeks,112695
Cardiology Service,Age,19-64 Years,18 To 52 Weeks,76180
Cardiology Service,Age,19-64 Years,Over 52 Weeks,4030
Cardiology Service,Age,19-64 Years,Total,193100
Cardiology Service,Age,Over 65 Years,Unknown Clock Start,165
Cardiology Service,Age,Over 65 Years,01 To 18 Weeks,119530
Cardiology Service,Age,Over 65 Years,18 To 52 Weeks,68630
Cardiology Service,Age,Over 65 Years,Over 52 Weeks,3355
Cardiology Service,Age,Over 65 Years,Total,191675
Cardiology Service,Ethnicity,99: Not known,Unknown Clock Start,20
Cardiology Service,Ethnicity,99: Not known,01 To 18 Weeks,9765
Cardiology Service,Ethnicity,99: Not known,18 To 52 Weeks,4595
Cardiology Service,Ethnicity,99: Not known,Over 52 Weeks,210
Cardiology Service,Ethnicity,99: Not known,Total,14590
Cardiology Service,Ethnicity,A: British,Unknown Clock Start,215
Cardiology Service,Ethnicity,A: British,01 To 18 Weeks,173135
Cardiology Service,Ethnicity,A: British,18 To 52 Weeks,106500
Cardiology Service,Ethnicity,A: British,Over 52 Weeks,5555
Cardiology Service,Ethnicity,A: British,Total,285410
Cardiology Service,Ethnicity,B: Irish,Unknown Clock Start,10
Cardiology Service,Ethnicity,B: Irish,01 To 18 Weeks,1715
Cardiology Service,Ethnicity,B: Irish,18 To 52 Weeks,1070
Cardiology Service,Ethnicity,B: Irish,Over 52 Weeks,35
Cardiology Service,Ethnicity,B: Irish,Total,2830
Cardiology Service,Ethnicity,C: Any other white background,Unknown Clock Start,20
Cardiology Service,Ethnicity,C: Any other white background,01 To 18 Weeks,13100
Cardiology Service,Ethnicity,C: Any other white background,18 To 52 Weeks,9285
Cardiology Service,Ethnicity,C: Any other white background,Over 52 Weeks,365
Cardiology Service,Ethnicity,C: Any other white background,Total,22770
Cardiology Service,Ethnicity,D: White and Black Caribbean,01 To 18 Weeks,620
Cardiology Service,Ethnicity,D: White and Black Caribbean,18 To 52 Weeks,415
Cardiology Service,Ethnicity,D: White and Black Caribbean,Over 52 Weeks,30
Cardiology Service,Ethnicity,D: White and Black Caribbean,Total,1060
Cardiology Service,Ethnicity,E: White and Black African,Unknown Clock Start,*
Cardiology Service,Ethnicity,E: White and Black African,01 To 18 Weeks,430
Cardiology Service,Ethnicity,E: White and Black African,18 To 52 Weeks,245
Cardiology Service,Ethnicity,E: White and Black African,Over 52 Weeks,10
Cardiology Service,Ethnicity,E: White and Black African,Total,685
Cardiology Service,Ethnicity,F: White and Asian,Unknown Clock Start,*
Cardiology Service,Ethnicity,F: White and Asian,01 To 18 Weeks,550
Cardiology Service,Ethnicity,F: White and Asian,18 To 52 Weeks,300
Cardiology Service,Ethnicity,F: White and Asian,Over 52 Weeks,20
Cardiology Service,Ethnicity,F: White and Asian,Total,870
Cardiology Service,Ethnicity,G: Any other mixed background,Unknown Clock Start,*
Cardiology Service,Ethnicity,G: Any other mixed background,01 To 18 Weeks,1250
Cardiology Service,Ethnicity,G: Any other mixed background,18 To 52 Weeks,820
Cardiology Service,Ethnicity,G: Any other mixed background,Over 52 Weeks,35
Cardiology Service,Ethnicity,G: Any other mixed background,Total,2110
Cardiology Service,Ethnicity,H: Indian,Unknown Clock Start,10
Cardiology Service,Ethnicity,H: Indian,01 To 18 Weeks,7195
Cardiology Service,Ethnicity,H: Indian,18 To 52 Weeks,4360
Cardiology Service,Ethnicity,H: Indian,Over 52 Weeks,235
Cardiology Service,Ethnicity,H: Indian,Total,11800
Cardiology Service,Ethnicity,J: Pakistani,Unknown Clock Start,35
Cardiology Service,Ethnicity,J: Pakistani,01 To 18 Weeks,5280
Cardiology Service,Ethnicity,J: Pakistani,18 To 52 Weeks,3170
Cardiology Service,Ethnicity,J: Pakistani,Over 52 Weeks,155
Cardiology Service,Ethnicity,J: Pakistani,Total,8635
Cardiology Service,Ethnicity,K: Bangladeshi,Unknown Clock Start,10
Cardiology Service,Ethnicity,K: Bangladeshi,01 To 18 Weeks,1980
Cardiology Service,Ethnicity,K: Bangladeshi,18 To 52 Weeks,1080
Cardiology Service,Ethnicity,K: Bangladeshi,Over 52 Weeks,40
Cardiology Service,Ethnicity,K: Bangladeshi,Total,3115
Cardiology Service,Ethnicity,L: Any other Asian background,Unknown Clock Start,15
Cardiology Service,Ethnicity,L: Any other Asian background,01 To 18 Weeks,5410
Cardiology Service,Ethnicity,L: Any other Asian background,18 To 52 Weeks,3145
Cardiology Service,Ethnicity,L: Any other Asian background,Over 52 Weeks,150
Cardiology Service,Ethnicity,L: Any other Asian background,Total,8720
Cardiology Service,Ethnicity,M: Caribbean,Unknown Clock Start,*
Cardiology Service,Ethnicity,M: Caribbean,01 To 18 Weeks,2800
Cardiology Service,Ethnicity,M: Caribbean,18 To 52 Weeks,1840
Cardiology Service,Ethnicity,M: Caribbean,Over 52 Weeks,90
Cardiology Service,Ethnicity,M: Caribbean,Total,4735
Cardiology Service,Ethnicity,N: African,Unknown Clock Start,15
Cardiology Service,Ethnicity,N: African,01 To 18 Weeks,4095
Cardiology Service,Ethnicity,N: African,18 To 52 Weeks,2690
Cardiology Service,Ethnicity,N: African,Over 52 Weeks,140
Cardiology Service,Ethnicity,N: African,Total,6945
Cardiology Service,Ethnicity,P: Any other Black background,Unknown Clock Start,*
Cardiology Service,Ethnicity,P: Any other Black background,01 To 18 Weeks,1985
Cardiology Service,Ethnicity,P: Any other Black background,18 To 52 Weeks,1300
Cardiology Service,Ethnicity,P: Any other Black background,Over 52 Weeks,55
Cardiology Service,Ethnicity,P: Any other Black background,Total,3345
Cardiology Service,Ethnicity,R: Chinese,01 To 18 Weeks,925
Cardiology Service,Ethnicity,R: Chinese,18 To 52 Weeks,555
Cardiology Service,Ethnicity,R: Chinese,Over 52 Weeks,25
Cardiology Service,Ethnicity,R: Chinese,Total,1505
Cardiology Service,Ethnicity,S: Any other ethnic group,Unknown Clock Start,*
Cardiology Service,Ethnicity,S: Any other ethnic group,01 To 18 Weeks,2505
Cardiology Service,Ethnicity,S: Any other ethnic group,18 To 52 Weeks,1640
Cardiology Service,Ethnicity,S: Any other ethnic group,Over 52 Weeks,75
Cardiology Service,Ethnicity,S: Any other ethnic group,Total,4230
Cardiology Service,Ethnicity,Z: Not stated,Unknown Clock Start,10
Cardiology Service,Ethnicity,Z: Not stated,01 To 18 Weeks,9785
Cardiology Service,Ethnicity,Z: Not stated,18 To 52 Weeks,6125
Cardiology Service,Ethnicity,Z: Not stated,Over 52 Weeks,290
Cardiology Service,Ethnicity,Z: Not stated,Total,16210
Cardiology Service,IMD,1,Unknown Clock Start,10
Cardiology Service,IMD,1,01 To 18 Weeks,20950
Cardiology Service,IMD,1,18 To 52 Weeks,13085
Cardiology Service,IMD,1,Over 52 Weeks,635
Cardiology Service,IMD,1,Total,34675
Cardiology Service,IMD,10,Unknown Clock Start,40
Cardiology Service,IMD,10,01 To 18 Weeks,23025
Cardiology Service,IMD,10,18 To 52 Weeks,14025
Cardiology Service,IMD,10,Over 52 Weeks,620
Cardiology Service,IMD,10,Total,37705
Cardiology Service,IMD,2,Unknown Clock Start,45
Cardiology Service,IMD,2,01 To 18 Weeks,22375
Cardiology Service,IMD,2,18 To 52 Weeks,13660
Cardiology Service,IMD,2,Over 52 Weeks,720
Cardiology Service,IMD,2,Total,36800
Cardiology Service,IMD,3,Unknown Clock Start,50
Cardiology Service,IMD,3,01 To 18 Weeks,22885
Cardiology Service,IMD,3,18 To 52 Weeks,14220
Cardiology Service,IMD,3,Over 52 Weeks,715
Cardiology Service,IMD,3,Total,37870
Cardiology Service,IMD,4,Unknown Clock Start,45
Cardiology Service,IMD,4,01 To 18 Weeks,23910
Cardiology Service,IMD,4,18 To 52 Weeks,14970
Cardiology Service,IMD,4,Over 52 Weeks,790
Cardiology Service,IMD,4,Total,39715
Cardiology Service,IMD,5,Unknown Clock Start,45
Cardiology Service,IMD,5,01 To 18 Weeks,24255
Cardiology Service,IMD,5,18 To 52 Weeks,15205
Cardiology Service,IMD,5,Over 52 Weeks,900
Cardiology Service,IMD,5,Total,40405
Cardiology Service,IMD,6,Unknown Clock Start,30
Cardiology Service,IMD,6,01 To 18 Weeks,24455
Cardiology Service,IMD,6,18 To 52 Weeks,15015
Cardiology Service,IMD,6,Over 52 Weeks,735
Cardiology Service,IMD,6,Total,40235
Cardiology Service,IMD,7,Unknown Clock Start,35
Cardiology Service,IMD,7,01 To 18 Weeks,24145
Cardiology Service,IMD,7,18 To 52 Weeks,15065
Cardiology Service,IMD,7,Over 52 Weeks,755
Cardiology Service,IMD,7,Total,39995
Cardiology Service,IMD,8,Unknown Clock Start,30
Cardiology Service,IMD,8,01 To 18 Weeks,23710
Cardiology Service,IMD,8,18 To 52 Weeks,14745
Cardiology Service,IMD,8,Over 52 Weeks,710
Cardiology Service,IMD,8,Total,39195
Cardiology Service,IMD,9,Unknown Clock Start,45
Cardiology Service,IMD,9,01 To 18 Weeks,23730
Cardiology Service,IMD,9,18 To 52 Weeks,14645
Cardiology Service,IMD,9,Over 52 Weeks,755
Cardiology Service,IMD,9,Total,39175
Cardiology Service,Sex,Female,Unknown Clock Start,185
Cardiology Service,Sex,Female,01 To 18 Weeks,108430
Cardiology Service,Sex,Female,18 To 52 Weeks,69430
Cardiology Service,Sex,Female,Over 52 Weeks,3645
Cardiology Service,Sex,Female,Total,181685
Cardiology Service,Sex,Male,Unknown Clock Start,185
Cardiology Service,Sex,Male,01 To 18 Weeks,114780
Cardiology Service,Sex,Male,18 To 52 Weeks,70305
Cardiology Service,Sex,Male,Over 52 Weeks,3415
Cardiology Service,Sex,Male,Total,188690
Cardiothoracic Surgery Service,Age,0-18 Years,01 To 18 Weeks,220
Cardiothoracic Surgery Service,Age,0-18 Years,18 To 52 Weeks,135
Cardiothoracic Surgery Service,Age,0-18 Years,Over 52 Weeks,10
Cardiothoracic Surgery Service,Age,0-18 Years,Total,365
Cardiothoracic Surgery Service,Age,19-64 Years,Unknown Clock Start,*
Cardiothoracic Surgery Service,Age,19-64 Years,01 To 18 Weeks,4420
Cardiothoracic Surgery Service,Age,19-64 Years,18 To 52 Weeks,1890
Cardiothoracic Surgery Service,Age,19-64 Years,Over 52 Weeks,95
Cardiothoracic Surgery Service,Age,19-64 Years,Total,6405
Cardiothoracic Surgery Service,Age,Over 65 Years,Unknown Clock Start,*
Cardiothoracic Surgery Service,Age,Over 65 Years,01 To 18 Weeks,5455
Cardiothoracic Surgery Service,Age,Over 65 Years,18 To 52 Weeks,2115
Cardiothoracic Surgery Service,Age,Over 65 Years,Over 52 Weeks,125
Cardiothoracic Surgery Service,Age,Over 65 Years,Total,7695
Cardiothoracic Surgery Service,Ethnicity,99: Not known,01 To 18 Weeks,275
Cardiothoracic Surgery Service,Ethnicity,99: Not known,18 To 52 Weeks,90
Cardiothoracic Surgery Service,Ethnicity,99: Not known,Over 52 Weeks,*
Cardiothoracic Surgery Service,Ethnicity,99: Not known,Total,370
Cardiothoracic Surgery Service,Ethnicity,A: British,Unknown Clock Start,*
Cardiothoracic Surgery Service,Ethnicity,A: British,01 To 18 Weeks,7680
Cardiothoracic Surgery Service,Ethnicity,A: British,18 To 52 Weeks,3115
Cardiothoracic Surgery Service,Ethnicity,A: British,Over 52 Weeks,190
Cardiothoracic Surgery Service,Ethnicity,A: British,Total,10985
Cardiothoracic Surgery Service,Ethnicity,B: Irish,01 To 18 Weeks,70
Cardiothoracic Surgery Service,Ethnicity,B: Irish,18 To 52 Weeks,15
Cardiothoracic Surgery Service,Ethnicity,B: Irish,Total,85
Cardiothoracic Surgery Service,Ethnicity,C: Any other white background,Unknown Clock Start,*
Cardiothoracic Surgery Service,Ethnicity,C: Any other white background,01 To 18 Weeks,520
Cardiothoracic Surgery Service,Ethnicity,C: Any other white background,18 To 52 Weeks,250
Cardiothoracic Surgery Service,Ethnicity,C: Any other white background,Over 52 Weeks,*
Cardiothoracic Surgery Service,Ethnicity,C: Any other white background,Total,780
Cardiothoracic Surgery Service,Ethnicity,D: White and Black Caribbean,01 To 18 Weeks,25
Cardiothoracic Surgery Service,Ethnicity,D: White and Black Caribbean,18 To 52 Weeks,*
Cardiothoracic Surgery Service,Ethnicity,D: White and Black Caribbean,Total,30
Cardiothoracic Surgery Service,Ethnicity,E: White and Black African,01 To 18 Weeks,15
Cardiothoracic Surgery Service,Ethnicity,E: White and Black African,18 To 52 Weeks,*
Cardiothoracic Surgery Service,Ethnicity,E: White and Black African,Over 52 Weeks,*
Cardiothoracic Surgery Service,Ethnicity,E: White and Black African,Total,20
Cardiothoracic Surgery Service,Ethnicity,F: White and Asian,01 To 18 Weeks,20
Cardiothoracic Surgery Service,Ethnicity,F: White and Asian,18 To 52 Weeks,10
Cardiothoracic Surgery Service,Ethnicity,F: White and Asian,Total,30
Cardiothoracic Surgery Service,Ethnicity,G: Any other mixed background,01 To 18 Weeks,50
Cardiothoracic Surgery Service,Ethnicity,G: Any other mixed background,18 To 52 Weeks,15
Cardiothoracic Surgery Service,Ethnicity,G: Any other mixed background,Total,65
Cardiothoracic Surgery Service,Ethnicity,H: Indian,01 To 18 Weeks,250
Cardiothoracic Surgery Service,Ethnicity,H: Indian,18 To 52 Weeks,110
Cardiothoracic Surgery Service,Ethnicity,H: Indian,Over 52 Weeks,*
Cardiothoracic Surgery Service,Ethnicity,H: Indian,Total,365
Cardiothoracic Surgery Service,Ethnicity,J: Pakistani,01 To 18 Weeks,195
Cardiothoracic Surgery Service,Ethnicity,J: Pakistani,18 To 52 Weeks,75
Cardiothoracic Surgery Service,Ethnicity,J: Pakistani,Over 52 Weeks,*
Cardiothoracic Surgery Service,Ethnicity,J: Pakistani,Total,270
Cardiothoracic Surgery Service,Ethnicity,K: Bangladeshi,01 To 18 Weeks,70
Cardiothoracic Surgery Service,Ethnicity,K: Bangladeshi,18 To 52 Weeks,25
Cardiothoracic Surgery Service,Ethnicity,K: Bangladeshi,Over 52 Weeks,*
Cardiothoracic Surgery Service,Ethnicity,K: Bangladeshi,Total,95
Cardiothoracic Surgery Service,Ethnicity,L: Any other Asian background,01 To 18 Weeks,205
Cardiothoracic Surgery Service,Ethnicity,L: Any other Asian background,18 To 52 Weeks,95
Cardiothoracic Surgery Service,Ethnicity,L: Any other Asian background,Over 52 Weeks,*
Cardiothoracic Surgery Service,Ethnicity,L: Any other Asian background,Total,305
Cardiothoracic Surgery Service,Ethnicity,M: Caribbean,01 To 18 Weeks,100
Cardiothoracic Surgery Service,Ethnicity,M: Caribbean,18 To 52 Weeks,30
Cardiothoracic Surgery Service,Ethnicity,M: Caribbean,Total,135
Cardiothoracic Surgery Service,Ethnicity,N: African,01 To 18 Weeks,120
Cardiothoracic Surgery Service,Ethnicity,N: African,18 To 52 Weeks,65
Cardiothoracic Surgery Service,Ethnicity,N: African,Over 52 Weeks,*
Cardiothoracic Surgery Service,Ethnicity,N: African,Total,190
Cardiothoracic Surgery Service,Ethnicity,P: Any other Black background,01 To 18 Weeks,60
Cardiothoracic Surgery Service,Ethnicity,P: Any other Black background,18 To 52 Weeks,40
Cardiothoracic Surgery Service,Ethnicity,P: Any other Black background,Over 52 Weeks,*
Cardiothoracic Surgery Service,Ethnicity,P: Any other Black background,Total,100
Cardiothoracic Surgery Service,Ethnicity,R: Chinese,01 To 18 Weeks,35
Cardiothoracic Surgery Service,Ethnicity,R: Chinese,18 To 52 Weeks,25
Cardiothoracic Surgery Service,Ethnicity,R: Chinese,Total,60
Cardiothoracic Surgery Service,Ethnicity,S: Any other ethnic group,01 To 18 Weeks,85
Cardiothoracic Surgery Service,Ethnicity,S: Any other ethnic group,18 To 52 Weeks,45
Cardiothoracic Surgery Service,Ethnicity,S: Any other ethnic group,Over 52 Weeks,*
Cardiothoracic Surgery Service,Ethnicity,S: Any other ethnic group,Total,135
Cardiothoracic Surgery Service,Ethnicity,Z: Not stated,01 To 18 Weeks,390
Cardiothoracic Surgery Service,Ethnicity,Z: Not stated,18 To 52 Weeks,140
Cardiothoracic Surgery Service,Ethnicity,Z: Not stated,Over 52 Weeks,*
Cardiothoracic Surgery Service,Ethnicity,Z: Not stated,Total,535
Cardiothoracic Surgery Service,IMD,1,Unknown Clock Start,*
Cardiothoracic Surgery Service,IMD,1,01 To 18 Weeks,975
Cardiothoracic Surgery Service,IMD,1,18 To 52 Weeks,395
Cardiothoracic Surgery Service,IMD,1,Over 52 Weeks,30
Cardiothoracic Surgery Service,IMD,1,Total,1405
Cardiothoracic Surgery Service,IMD,10,01 To 18 Weeks,890
Cardiothoracic Surgery Service,IMD,10,18 To 52 Weeks,335
Cardiothoracic Surgery Service,IMD,10,Over 52 Weeks,20
Cardiothoracic Surgery Service,IMD,10,Total,1245
Cardiothoracic Surgery Service,IMD,2,Unknown Clock Start,*
Cardiothoracic Surgery Service,IMD,2,01 To 18 Weeks,995
Cardiothoracic Surgery Service,IMD,2,18 To 52 Weeks,370
Cardiothoracic Surgery Service,IMD,2,Over 52 Weeks,15
Cardiothoracic Surgery Service,IMD,2,Total,1380
Cardiothoracic Surgery Service,IMD,3,Unknown Clock Start,*
Cardiothoracic Surgery Service,IMD,3,01 To 18 Weeks,1010
Cardiothoracic Surgery Service,IMD,3,18 To 52 Weeks,440
Cardiothoracic Surgery Service,IMD,3,Over 52 Weeks,20
Cardiothoracic Surgery Service,IMD,3,Total,1470
Cardiothoracic Surgery Service,IMD,4,01 To 18 Weeks,965
Cardiothoracic Surgery Service,IMD,4,18 To 52 Weeks,425
Cardiothoracic Surgery Service,IMD,4,Over 52 Weeks,30
Cardiothoracic Surgery Service,IMD,4,Total,1420
Cardiothoracic Surgery Service,IMD,5,01 To 18 Weeks,1020
Cardiothoracic Surgery Service,IMD,5,18 To 52 Weeks,425
Cardiothoracic Surgery Service,IMD,5,Over 52 Weeks,25
Cardiothoracic Surgery Service,IMD,5,Total,1470
Cardiothoracic Surgery Service,IMD,6,01 To 18 Weeks,1065
Cardiothoracic Surgery Service,IMD,6,18 To 52 Weeks,430
Cardiothoracic Surgery Service,IMD,6,Over 52 Weeks,30
Cardiothoracic Surgery Service,IMD,6,Total,1525
Cardiothoracic Surgery Service,IMD,7,01 To 18 Weeks,1030
Cardiothoracic Surgery Service,IMD,7,18 To 52 Weeks,375
Cardiothoracic Surgery Service,IMD,7,Over 52 Weeks,20
Cardiothoracic Surgery Service,IMD,7,Total,1425
Cardiothoracic Surgery Service,IMD,8,01 To 18 Weeks,1040
Cardiothoracic Surgery Service,IMD,8,18 To 52 Weeks,440
Cardiothoracic Surgery Service,IMD,8,Over 52 Weeks,15
Cardiothoracic Surgery Service,IMD,8,Total,1495
Cardiothoracic Surgery Service,IMD,9,01 To 18 Weeks,960
Cardiothoracic Surgery Service,IMD,9,18 To 52 Weeks,430
Cardiothoracic Surgery Service,IMD,9,Over 52 Weeks,25
Cardiothoracic Surgery Service,IMD,9,Total,1415
Cardiothoracic Surgery Service,Sex,Female,Unknown Clock Start,*
Cardiothoracic Surgery Service,Sex,Female,01 To 18 Weeks,3250
Cardiothoracic Surgery Service,Sex,Female,18 To 52 Weeks,1265
Cardiothoracic Surgery Service,Sex,Female,Over 52 Weeks,85
Cardiothoracic Surgery Service,Sex,Female,Total,4600
Cardiothoracic Surgery Service,Sex,Male,Unknown Clock Start,*
Cardiothoracic Surgery Service,Sex,Male,01 To 18 Weeks,5725
Cardiothoracic Surgery Service,Sex,Male,18 To 52 Weeks,2305
Cardiothoracic Surgery Service,Sex,Male,Over 52 Weeks,115
Cardiothoracic Surgery Service,Sex,Male,Total,8145
Dermatology Service,Age,0-18 Years,Unknown Clock Start,70
Dermatology Service,Age,0-18 Years,01 To 18 Weeks,16220
Dermatology Service,Age,0-18 Years,18 To 52 Weeks,14325
Dermatology Service,Age,0-18 Years,Over 52 Weeks,1115
Dermatology Service,Age,0-18 Years,Total,31730
Dermatology Service,Age,19-64 Years,Unknown Clock Start,255
Dermatology Service,Age,19-64 Years,01 To 18 Weeks,138120
Dermatology Service,Age,19-64 Years,18 To 52 Weeks,90820
Dermatology Service,Age,19-64 Years,Over 52 Weeks,6650
Dermatology Service,Age,19-64 Years,Total,235845
Dermatology Service,Age,Over 65 Years,Unknown Clock Start,165
Dermatology Service,Age,Over 65 Years,01 To 18 Weeks,107150
Dermatology Service,Age,Over 65 Years,18 To 52 Weeks,45120
Dermatology Service,Age,Over 65 Years,Over 52 Weeks,3610
Dermatology Service,Age,Over 65 Years,Total,156045
Dermatology Service,Ethnicity,99: Not known,Unknown Clock Start,35
Dermatology Service,Ethnicity,99: Not known,01 To 18 Weeks,11585
Dermatology Service,Ethnicity,99: Not known,18 To 52 Weeks,5900
Dermatology Service,Ethnicity,99: Not known,Over 52 Weeks,455
Dermatology Service,Ethnicity,99: Not known,Total,17980
Dermatology Service,Ethnicity,A: British,Unknown Clock Start,280
Dermatology Service,Ethnicity,A: British,01 To 18 Weeks,195705
Dermatology Service,Ethnicity,A: British,18 To 52 Weeks,106010
Dermatology Service,Ethnicity,A: British,Over 52 Weeks,8525
Dermatology Service,Ethnicity,A: British,Total,310525
Dermatology Service,Ethnicity,B: Irish,Unknown Clock Start,*
Dermatology Service,Ethnicity,B: Irish,01 To 18 Weeks,1930
Dermatology Service,Ethnicity,B: Irish,18 To 52 Weeks,995
Dermatology Service,Ethnicity,B: Irish,Over 52 Weeks,70
Dermatology Service,Ethnicity,B: Irish,Total,3005
Dermatology Service,Ethnicity,C: Any other white background,Unknown Clock Start,25
Dermatology Service,Ethnicity,C: Any other white background,01 To 18 Weeks,14465
Dermatology Service,Ethnicity,C: Any other white background,18 To 52 Weeks,9395
Dermatology Service,Ethnicity,C: Any other white background,Over 52 Weeks,560
Dermatology Service,Ethnicity,C: Any other white background,Total,24445
Dermatology Service,Ethnicity,D: White and Black Caribbean,Unknown Clock Start,*
Dermatology Service,Ethnicity,D: White and Black Caribbean,01 To 18 Weeks,740
Dermatology Service,Ethnicity,D: White and Black Caribbean,18 To 52 Weeks,620
Dermatology Service,Ethnicity,D: White and Black Caribbean,Over 52 Weeks,30
Dermatology Service,Ethnicity,D: White and Black Caribbean,Total,1390
Dermatology Service,Ethnicity,E: White and Black African,Unknown Clock Start,*
Dermatology Service,Ethnicity,E: White and Black African,01 To 18 Weeks,400
Dermatology Service,Ethnicity,E: White and Black African,18 To 52 Weeks,350
Dermatology Service,Ethnicity,E: White and Black African,Over 52 Weeks,30
Dermatology Service,Ethnicity,E: White and Black African,Total,780
Dermatology Service,Ethnicity,F: White and Asian,01 To 18 Weeks,670
Dermatology Service,Ethnicity,F: White and Asian,18 To 52 Weeks,495
Dermatology Service,Ethnicity,F: White and Asian,Over 52 Weeks,40
Dermatology Service,Ethnicity,F: White and Asian,Total,1205
Dermatology Service,Ethnicity,G: Any other mixed background,Unknown Clock Start,*
Dermatology Service,Ethnicity,G: Any other mixed background,01 To 18 Weeks,1675
Dermatology Service,Ethnicity,G: Any other mixed background,18 To 52 Weeks,1335
Dermatology Service,Ethnicity,G: Any other mixed background,Over 52 Weeks,95
Dermatology Service,Ethnicity,G: Any other mixed background,Total,3110
Dermatology Service,Ethnicity,H: Indian,Unknown Clock Start,15
Dermatology Service,Ethnicity,H: Indian,01 To 18 Weeks,5075
Dermatology Service,Ethnicity,H: Indian,18 To 52 Weeks,4010
Dermatology Service,Ethnicity,H: Indian,Over 52 Weeks,265
Dermatology Service,Ethnicity,H: Indian,Total,9365
Dermatology Service,Ethnicity,J: Pakistani,Unknown Clock Start,50
Dermatology Service,Ethnicity,J: Pakistani,01 To 18 Weeks,4350
Dermatology Service,Ethnicity,J: Pakistani,18 To 52 Weeks,3515
Dermatology Service,Ethnicity,J: Pakistani,Over 52 Weeks,225
Dermatology Service,Ethnicity,J: Pakistani,Total,8145
Dermatology Service,Ethnicity,K: Bangladeshi,Unknown Clock Start,15
Dermatology Service,Ethnicity,K: Bangladeshi,01 To 18 Weeks,1860
Dermatology Service,Ethnicity,K: Bangladeshi,18 To 52 Weeks,1770
Dermatology Service,Ethnicity,K: Bangladeshi,Over 52 Weeks,80
Dermatology Service,Ethnicity,K: Bangladeshi,Total,3730
Dermatology Service,Ethnicity,L: Any other Asian background,Unknown Clock Start,15
Dermatology Service,Ethnicity,L: Any other Asian background,01 To 18 Weeks,4260
Dermatology Service,Ethnicity,L: Any other Asian background,18 To 52 Weeks,3490
Dermatology Service,Ethnicity,L: Any other Asian background,Over 52 Weeks,240
Dermatology Service,Ethnicity,L: Any other Asian background,Total,8005
Dermatology Service,Ethnicity,M: Caribbean,Unknown Clock Start,10
Dermatology Service,Ethnicity,M: Caribbean,01 To 18 Weeks,2065
Dermatology Service,Ethnicity,M: Caribbean,18 To 52 Weeks,1545
Dermatology Service,Ethnicity,M: Caribbean,Over 52 Weeks,80
Dermatology Service,Ethnicity,M: Caribbean,Total,3700
Dermatology Service,Ethnicity,N: African,Unknown Clock Start,10
Dermatology Service,Ethnicity,N: African,01 To 18 Weeks,3200
Dermatology Service,Ethnicity,N: African,18 To 52 Weeks,2625
Dermatology Service,Ethnicity,N: African,Over 52 Weeks,175
Dermatology Service,Ethnicity,N: African,Total,6010
Dermatology Service,Ethnicity,P: Any other Black background,Unknown Clock Start,*
Dermatology Service,Ethnicity,P: Any other Black background,01 To 18 Weeks,1805
Dermatology Service,Ethnicity,P: Any other Black background,18 To 52 Weeks,1360
Dermatology Service,Ethnicity,P: Any other Black background,Over 52 Weeks,95
Dermatology Service,Ethnicity,P: Any other Black background,Total,3260
Dermatology Service,Ethnicity,R: Chinese,Unknown Clock Start,*
Dermatology Service,Ethnicity,R: Chinese,01 To 18 Weeks,975
Dermatology Service,Ethnicity,R: Chinese,18 To 52 Weeks,700
Dermatology Service,Ethnicity,R: Chinese,Over 52 Weeks,55
Dermatology Service,Ethnicity,R: Chinese,Total,1730
Dermatology Service,Ethnicity,S: Any other ethnic group,Unknown Clock Start,*
Dermatology Service,Ethnicity,S: Any other ethnic group,01 To 18 Weeks,2455
Dermatology Service,Ethnicity,S: Any other ethnic group,18 To 52 Weeks,1740
Dermatology Service,Ethnicity,S: Any other ethnic group,Over 52 Weeks,120
Dermatology Service,Ethnicity,S: Any other ethnic group,Total,4315
Dermatology Service,Ethnicity,Z: Not stated,Unknown Clock Start,20
Dermatology Service,Ethnicity,Z: Not stated,01 To 18 Weeks,14345
Dermatology Service,Ethnicity,Z: Not stated,18 To 52 Weeks,8300
Dermatology Service,Ethnicity,Z: Not stated,Over 52 Weeks,610
Dermatology Service,Ethnicity,Z: Not stated,Total,23280
Dermatology Service,IMD,1,Unknown Clock Start,10
Dermatology Service,IMD,1,01 To 18 Weeks,18220
Dermatology Service,IMD,1,18 To 52 Weeks,12745
Dermatology Service,IMD,1,Over 52 Weeks,1015
Dermatology Service,IMD,1,Total,31990
Dermatology Service,IMD,10,Unknown Clock Start,50
Dermatology Service,IMD,10,01 To 18 Weeks,29710
Dermatology Service,IMD,10,18 To 52 Weeks,16165
Dermatology Service,IMD,10,Over 52 Weeks,1455
Dermatology Service,IMD,10,Total,47380
Dermatology Service,IMD,2,Unknown Clock Start,65
Dermatology Service,IMD,2,01 To 18 Weeks,20765
Dermatology Service,IMD,2,18 To 52 Weeks,13745
Dermatology Service,IMD,2,Over 52 Weeks,955
Dermatology Service,IMD,2,Total,35530
Dermatology Service,IMD,3,Unknown Clock Start,50
Dermatology Service,IMD,3,01 To 18 Weeks,23340
Dermatology Service,IMD,3,18 To 52 Weeks,14535
Dermatology Service,IMD,3,Over 52 Weeks,995
Dermatology Service,IMD,3,Total,38915
Dermatology Service,IMD,4,Unknown Clock Start,55
Dermatology Service,IMD,4,01 To 18 Weeks,25020
Dermatology Service,IMD,4,18 To 52 Weeks,14425
Dermatology Service,IMD,4,Over 52 Weeks,940
Dermatology Service,IMD,4,Total,40440
Dermatology Service,IMD,5,Unknown Clock Start,65
Dermatology Service,IMD,5,01 To 18 Weeks,26090
Dermatology Service,IMD,5,18 To 52 Weeks,14775
Dermatology Service,IMD,5,Over 52 Weeks,970
Dermatology Service,IMD,5,Total,41900
Dermatology Service,IMD,6,Unknown Clock Start,40
Dermatology Service,IMD,6,01 To 18 Weeks,27790
Dermatology Service,IMD,6,18 To 52 Weeks,15725
Dermatology Service,IMD,6,Over 52 Weeks,1135
Dermatology Service,IMD,6,Total,44690
Dermatology Service,IMD,7,Unknown Clock Start,55
Dermatology Service,IMD,7,01 To 18 Weeks,28260
Dermatology Service,IMD,7,18 To 52 Weeks,15470
Dermatology Service,IMD,7,Over 52 Weeks,1250
Dermatology Service,IMD,7,Total,45035
Dermatology Service,IMD,8,Unknown Clock Start,35
Dermatology Service,IMD,8,01 To 18 Weeks,29045
Dermatology Service,IMD,8,18 To 52 Weeks,15770
Dermatology Service,IMD,8,Over 52 Weeks,1415
Dermatology Service,IMD,8,Total,46270
Dermatology Service,IMD,9,Unknown Clock Start,60
Dermatology Service,IMD,9,01 To 18 Weeks,29860
Dermatology Service,IMD,9,18 To 52 Weeks,16330
Dermatology Service,IMD,9,Over 52 Weeks,1340
Dermatology Service,IMD,9,Total,47590
Dermatology Service,Sex,Female,Unknown Clock Start,285
Dermatology Service,Sex,Female,01 To 18 Weeks,139865
Dermatology Service,Sex,Female,18 To 52 Weeks,84695
Dermatology Service,Sex,Female,Over 52 Weeks,6440
Dermatology Service,Sex,Female,Total,231290
Dermatology Service,Sex,Male,Unknown Clock Start,210
Dermatology Service,Sex,Male,01 To 18 Weeks,107915
Dermatology Service,Sex,Male,18 To 52 Weeks,59470
Dermatology Service,Sex,Male,Over 52 Weeks,4595
Dermatology Service,Sex,Male,Total,172190
Ear Nose and Throat Service,Age,0-18 Years,Unknown Clock Start,125
Ear Nose and Throat Service,Age,0-18 Years,01 To 18 Weeks,39985
Ear Nose and Throat Service,Age,0-18 Years,18 To 52 Weeks,46720
Ear Nose and Throat Service,Age,0-18 Years,Over 52 Weeks,4365
Ear Nose and Throat Service,Age,0-18 Years,Total,91195
Ear Nose and Throat Service,Age,19-64 Years,Unknown Clock Start,430
Ear Nose and Throat Service,Age,19-64 Years,01 To 18 Weeks,168850
Ear Nose and Throat Service,Age,19-64 Years,18 To 52 Weeks,161235
Ear Nose and Throat Service,Age,19-64 Years,Over 52 Weeks,15085
Ear Nose and Throat Service,Age,19-64 Years,Total,345605
Ear Nose and Throat Service,Age,Over 65 Years,Unknown Clock Start,210
Ear Nose and Throat Service,Age,Over 65 Years,01 To 18 Weeks,85285
Ear Nose and Throat Service,Age,Over 65 Years,18 To 52 Weeks,68185
Ear Nose and Throat Service,Age,Over 65 Years,Over 52 Weeks,5730
Ear Nose and Throat Service,Age,Over 65 Years,Total,159415
Ear Nose and Throat Service,Ethnicity,99: Not known,Unknown Clock Start,35
Ear Nose and Throat Service,Ethnicity,99: Not known,01 To 18 Weeks,12245
Ear Nose and Throat Service,Ethnicity,99: Not known,18 To 52 Weeks,9420
Ear Nose and Throat Service,Ethnicity,99: Not known,Over 52 Weeks,895
Ear Nose and Throat Service,Ethnicity,99: Not known,Total,22595
Ear Nose and Throat Service,Ethnicity,A: British,Unknown Clock Start,460
Ear Nose and Throat Service,Ethnicity,A: British,01 To 18 Weeks,208030
Ear Nose and Throat Service,Ethnicity,A: British,18 To 52 Weeks,187985
Ear Nose and Throat Service,Ethnicity,A: British,Over 52 Weeks,17055
Ear Nose and Throat Service,Ethnicity,A: British,Total,413535
Ear Nose and Throat Service,Ethnicity,B: Irish,Unknown Clock Start,*
Ear Nose and Throat Service,Ethnicity,B: Irish,01 To 18 Weeks,1510
Ear Nose and Throat Service,Ethnicity,B: Irish,18 To 52 Weeks,1375
Ear Nose and Throat Service,Ethnicity,B: Irish,Over 52 Weeks,115
Ear Nose and Throat Service,Ethnicity,B: Irish,Total,3010
Ear Nose and Throat Service,Ethnicity,C: Any other white background,Unknown Clock Start,50
Ear Nose and Throat Service,Ethnicity,C: Any other white background,01 To 18 Weeks,19280
Ear Nose and Throat Service,Ethnicity,C: Any other white background,18 To 52 Weeks,19205
Ear Nose and Throat Service,Ethnicity,C: Any other white background,Over 52 Weeks,1710
Ear Nose and Throat Service,Ethnicity,C: Any other white background,Total,40240
Ear Nose and Throat Service,Ethnicity,D: White and Black Caribbean,Unknown Clock Start,*
Ear Nose and Throat Service,Ethnicity,D: White and Black Caribbean,01 To 18 Weeks,1105
Ear Nose and Throat Service,Ethnicity,D: White and Black Caribbean,18 To 52 Weeks,1275
Ear Nose and Throat Service,Ethnicity,D: White and Black Caribbean,Over 52 Weeks,115
Ear Nose and Throat Service,Ethnicity,D: White and Black Caribbean,Total,2495
Ear Nose and Throat Service,Ethnicity,E: White and Black African,Unknown Clock Start,*
Ear Nose and Throat Service,Ethnicity,E: White and Black African,01 To 18 Weeks,650
Ear Nose and Throat Service,Ethnicity,E: White and Black African,18 To 52 Weeks,650
Ear Nose and Throat Service,Ethnicity,E: White and Black African,Over 52 Weeks,75
Ear Nose and Throat Service,Ethnicity,E: White and Black African,Total,1375
Ear Nose and Throat Service,Ethnicity,F: White and Asian,Unknown Clock Start,*
Ear Nose and Throat Service,Ethnicity,F: White and Asian,01 To 18 Weeks,1060
Ear Nose and Throat Service,Ethnicity,F: White and Asian,18 To 52 Weeks,1100
Ear Nose and Throat Service,Ethnicity,F: White and Asian,Over 52 Weeks,90
Ear Nose and Throat Service,Ethnicity,F: White and Asian,Total,2255
Ear Nose and Throat Service,Ethnicity,G: Any other mixed background,Unknown Clock Start,*
Ear Nose and Throat Service,Ethnicity,G: Any other mixed background,01 To 18 Weeks,2575
Ear Nose and Throat Service,Ethnicity,G: Any other mixed background,18 To 52 Weeks,2630
Ear Nose and Throat Service,Ethnicity,G: Any other mixed background,Over 52 Weeks,220
Ear Nose and Throat Service,Ethnicity,G: Any other mixed background,Total,5430
Ear Nose and Throat Service,Ethnicity,H: Indian,Unknown Clock Start,20
Ear Nose and Throat Service,Ethnicity,H: Indian,01 To 18 Weeks,8565
Ear Nose and Throat Service,Ethnicity,H: Indian,18 To 52 Weeks,8900
Ear Nose and Throat Service,Ethnicity,H: Indian,Over 52 Weeks,770
Ear Nose and Throat Service,Ethnicity,H: Indian,Total,18255
Ear Nose and Throat Service,Ethnicity,J: Pakistani,Unknown Clock Start,75
Ear Nose and Throat Service,Ethnicity,J: Pakistani,01 To 18 Weeks,8455
Ear Nose and Throat Service,Ethnicity,J: Pakistani,18 To 52 Weeks,8235
Ear Nose and Throat Service,Ethnicity,J: Pakistani,Over 52 Weeks,830
Ear Nose and Throat Service,Ethnicity,J: Pakistani,Total,17595
Ear Nose and Throat Service,Ethnicity,K: Bangladeshi,Unknown Clock Start,35
Ear Nose and Throat Service,Ethnicity,K: Bangladeshi,01 To 18 Weeks,3165
Ear Nose and Throat Service,Ethnicity,K: Bangladeshi,18 To 52 Weeks,2865
Ear Nose and Throat Service,Ethnicity,K: Bangladeshi,Over 52 Weeks,295
Ear Nose and Throat Service,Ethnicity,K: Bangladeshi,Total,6355
Ear Nose and Throat Service,Ethnicity,L: Any other Asian background,Unknown Clock Start,20
Ear Nose and Throat Service,Ethnicity,L: Any other Asian background,01 To 18 Weeks,6965
Ear Nose and Throat Service,Ethnicity,L: Any other Asian background,18 To 52 Weeks,7110
Ear Nose and Throat Service,Ethnicity,L: Any other Asian background,Over 52 Weeks,610
Ear Nose and Throat Service,Ethnicity,L: Any other Asian background,Total,14705
Ear Nose and Throat Service,Ethnicity,M: Caribbean,Unknown Clock Start,10
Ear Nose and Throat Service,Ethnicity,M: Caribbean,01 To 18 Weeks,2675
Ear Nose and Throat Service,Ethnicity,M: Caribbean,18 To 52 Weeks,2460
Ear Nose and Throat Service,Ethnicity,M: Caribbean,Over 52 Weeks,210
Ear Nose and Throat Service,Ethnicity,M: Caribbean,Total,5360
Ear Nose and Throat Service,Ethnicity,N: African,Unknown Clock Start,10
Ear Nose and Throat Service,Ethnicity,N: African,01 To 18 Weeks,4805
Ear Nose and Throat Service,Ethnicity,N: African,18 To 52 Weeks,4690
Ear Nose and Throat Service,Ethnicity,N: African,Over 52 Weeks,505
Ear Nose and Throat Service,Ethnicity,N: African,Total,10010
Ear Nose and Throat Service,Ethnicity,P: Any other Black background,Unknown Clock Start,*
Ear Nose and Throat Service,Ethnicity,P: Any other Black background,01 To 18 Weeks,2170
Ear Nose and Throat Service,Ethnicity,P: Any other Black background,18 To 52 Weeks,2035
Ear Nose and Throat Service,Ethnicity,P: Any other Black background,Over 52 Weeks,195
Ear Nose and Throat Service,Ethnicity,P: Any other Black background,Total,4410
Ear Nose and Throat Service,Ethnicity,R: Chinese,Unknown Clock Start,*
Ear Nose and Throat Service,Ethnicity,R: Chinese,01 To 18 Weeks,1310
Ear Nose and Throat Service,Ethnicity,R: Chinese,18 To 52 Weeks,1065
Ear Nose and Throat Service,Ethnicity,R: Chinese,Over 52 Weeks,110
Ear Nose and Throat Service,Ethnicity,R: Chinese,Total,2490
Ear Nose and Throat Service,Ethnicity,S: Any other ethnic group,Unknown Clock Start,*
Ear Nose and Throat Service,Ethnicity,S: Any other ethnic group,01 To 18 Weeks,3685
Ear Nose and Throat Service,Ethnicity,S: Any other ethnic group,18 To 52 Weeks,3555
Ear Nose and Throat Service,Ethnicity,S: Any other ethnic group,Over 52 Weeks,325
Ear Nose and Throat Service,Ethnicity,S: Any other ethnic group,Total,7570
Ear Nose and Throat Service,Ethnicity,Z: Not stated,Unknown Clock Start,20
Ear Nose and Throat Service,Ethnicity,Z: Not stated,01 To 18 Weeks,14220
Ear Nose and Throat Service,Ethnicity,Z: Not stated,18 To 52 Weeks,12545
Ear Nose and Throat Service,Ethnicity,Z: Not stated,Over 52 Weeks,1065
Ear Nose and Throat Service,Ethnicity,Z: Not stated,Total,27850
Ear Nose and Throat Service,IMD,1,Unknown Clock Start,50
Ear Nose and Throat Service,IMD,1,01 To 18 Weeks,30055
Ear Nose and Throat Service,IMD,1,18 To 52 Weeks,28230
Ear Nose and Throat Service,IMD,1,Over 52 Weeks,3125
Ear Nose and Throat Service,IMD,1,Total,61460
Ear Nose and Throat Service,IMD,10,Unknown Clock Start,55
Ear Nose and Throat Service,IMD,10,01 To 18 Weeks,25625
Ear Nose and Throat Service,IMD,10,18 To 52 Weeks,23375
Ear Nose and Throat Service,IMD,10,Over 52 Weeks,2035
Ear Nose and Throat Service,IMD,10,Total,51090
Ear Nose and Throat Service,IMD,2,Unknown Clock Start,90
Ear Nose and Throat Service,IMD,2,01 To 18 Weeks,31110
Ear Nose and Throat Service,IMD,2,18 To 52 Weeks,28225
Ear Nose and Throat Service,IMD,2,Over 52 Weeks,2685
Ear Nose and Throat Service,IMD,2,Total,62110
Ear Nose and Throat Service,IMD,3,Unknown Clock Start,90
Ear Nose and Throat Service,IMD,3,01 To 18 Weeks,29675
Ear Nose and Throat Service,IMD,3,18 To 52 Weeks,27470
Ear Nose and Throat Service,IMD,3,Over 52 Weeks,2595
Ear Nose and Throat Service,IMD,3,Total,59835
Ear Nose and Throat Service,IMD,4,Unknown Clock Start,90
Ear Nose and Throat Service,IMD,4,01 To 18 Weeks,29775
Ear Nose and Throat Service,IMD,4,18 To 52 Weeks,27940
Ear Nose and Throat Service,IMD,4,Over 52 Weeks,2490
Ear Nose and Throat Service,IMD,4,Total,60295
Ear Nose and Throat Service,IMD,5,Unknown Clock Start,105
Ear Nose and Throat Service,IMD,5,01 To 18 Weeks,29255
Ear Nose and Throat Service,IMD,5,18 To 52 Weeks,27285
Ear Nose and Throat Service,IMD,5,Over 52 Weeks,2485
Ear Nose and Throat Service,IMD,5,Total,59135
Ear Nose and Throat Service,IMD,6,Unknown Clock Start,55
Ear Nose and Throat Service,IMD,6,01 To 18 Weeks,30150
Ear Nose and Throat Service,IMD,6,18 To 52 Weeks,27600
Ear Nose and Throat Service,IMD,6,Over 52 Weeks,2415
Ear Nose and Throat Service,IMD,6,Total,60220
Ear Nose and Throat Service,IMD,7,Unknown Clock Start,70
Ear Nose and Throat Service,IMD,7,01 To 18 Weeks,28805
Ear Nose and Throat Service,IMD,7,18 To 52 Weeks,26405
Ear Nose and Throat Service,IMD,7,Over 52 Weeks,2215
Ear Nose and Throat Service,IMD,7,Total,57500
Ear Nose and Throat Service,IMD,8,Unknown Clock Start,75
Ear Nose and Throat Service,IMD,8,01 To 18 Weeks,28810
Ear Nose and Throat Service,IMD,8,18 To 52 Weeks,26070
Ear Nose and Throat Service,IMD,8,Over 52 Weeks,2210
Ear Nose and Throat Service,IMD,8,Total,57165
Ear Nose and Throat Service,IMD,9,Unknown Clock Start,65
Ear Nose and Throat Service,IMD,9,01 To 18 Weeks,27740
Ear Nose and Throat Service,IMD,9,18 To 52 Weeks,25905
Ear Nose and Throat Service,IMD,9,Over 52 Weeks,2235
Ear Nose and Throat Service,IMD,9,Total,55950
Ear Nose and Throat Service,Sex,Female,Unknown Clock Start,415
Ear Nose and Throat Service,Sex,Female,01 To 18 Weeks,154275
Ear Nose and Throat Service,Sex,Female,18 To 52 Weeks,145225
Ear Nose and Throat Service,Sex,Female,Over 52 Weeks,12925
Ear Nose and Throat Service,Sex,Female,Total,312840
Ear Nose and Throat Service,Sex,Male,Unknown Clock Start,355
Ear Nose and Throat Service,Sex,Male,01 To 18 Weeks,129005
Ear Nose and Throat Service,Sex,Male,18 To 52 Weeks,123685
Ear Nose and Throat Service,Sex,Male,Over 52 Weeks,11435
Ear Nose and Throat Service,Sex,Male,Total,264480
Elderly Medicine Service,Age,0-18 Years,01 To 18 Weeks,60
Elderly Medicine Service,Age,0-18 Years,18 To 52 Weeks,10
Elderly Medicine Service,Age,0-18 Years,Total,75
Elderly Medicine Service,Age,19-64 Years,Unknown Clock Start,*
Elderly Medicine Service,Age,19-64 Years,01 To 18 Weeks,2655
Elderly Medicine Service,Age,19-64 Years,18 To 52 Weeks,625
Elderly Medicine Service,Age,19-64 Years,Over 52 Weeks,*
Elderly Medicine Service,Age,19-64 Years,Total,3285
Elderly Medicine Service,Age,Over 65 Years,Unknown Clock Start,55
Elderly Medicine Service,Age,Over 65 Years,01 To 18 Weeks,18830
Elderly Medicine Service,Age,Over 65 Years,18 To 52 Weeks,3810
Elderly Medicine Service,Age,Over 65 Years,Over 52 Weeks,30
Elderly Medicine Service,Age,Over 65 Years,Total,22730
Elderly Medicine Service,Ethnicity,99: Not known,01 To 18 Weeks,300
Elderly Medicine Service,Ethnicity,99: Not known,18 To 52 Weeks,80
Elderly Medicine Service,Ethnicity,99: Not known,Over 52 Weeks,*
Elderly Medicine Service,Ethnicity,99: Not known,Total,385
Elderly Medicine Service,Ethnicity,A: British,Unknown Clock Start,45
Elderly Medicine Service,Ethnicity,A: British,01 To 18 Weeks,18265
Elderly Medicine Service,Ethnicity,A: British,18 To 52 Weeks,3840
Elderly Medicine Service,Ethnicity,A: British,Over 52 Weeks,25
Elderly Medicine Service,Ethnicity,A: British,Total,22175
Elderly Medicine Service,Ethnicity,B: Irish,01 To 18 Weeks,230
Elderly Medicine Service,Ethnicity,B: Irish,18 To 52 Weeks,50
Elderly Medicine Service,Ethnicity,B: Irish,Total,275
Elderly Medicine Service,Ethnicity,C: Any other white background,Unknown Clock Start,*
Elderly Medicine Service,Ethnicity,C: Any other white background,01 To 18 Weeks,675
Elderly Medicine Service,Ethnicity,C: Any other white background,18 To 52 Weeks,120
Elderly Medicine Service,Ethnicity,C: Any other white background,Total,800
Elderly Medicine Service,Ethnicity,D: White and Black Caribbean,01 To 18 Weeks,20
Elderly Medicine Service,Ethnicity,D: White and Black Caribbean,18 To 52 Weeks,*
Elderly Medicine Service,Ethnicity,D: White and Black Caribbean,Over 52 Weeks,*
Elderly Medicine Service,Ethnicity,D: White and Black Caribbean,Total,20
Elderly Medicine Service,Ethnicity,E: White and Black African,01 To 18 Weeks,*
Elderly Medicine Service,Ethnicity,E: White and Black African,18 To 52 Weeks,*
Elderly Medicine Service,Ethnicity,E: White and Black African,Total,*
Elderly Medicine Service,Ethnicity,F: White and Asian,01 To 18 Weeks,30
Elderly Medicine Service,Ethnicity,F: White and Asian,18 To 52 Weeks,*
Elderly Medicine Service,Ethnicity,F: White and Asian,Total,35
Elderly Medicine Service,Ethnicity,G: Any other mixed background,01 To 18 Weeks,40
Elderly Medicine Service,Ethnicity,G: Any other mixed background,18 To 52 Weeks,*
Elderly Medicine Service,Ethnicity,G: Any other mixed background,Total,45
Elderly Medicine Service,Ethnicity,H: Indian,Unknown Clock Start,*
Elderly Medicine Service,Ethnicity,H: Indian,01 To 18 Weeks,410
Elderly Medicine Service,Ethnicity,H: Indian,18 To 52 Weeks,60
Elderly Medicine Service,Ethnicity,H: Indian,Total,475
Elderly Medicine Service,Ethnicity,J: Pakistani,01 To 18 Weeks,200
Elderly Medicine Service,Ethnicity,J: Pakistani,18 To 52 Weeks,40
Elderly Medicine Service,Ethnicity,J: Pakistani,Total,240
Elderly Medicine Service,Ethnicity,K: Bangladeshi,Unknown Clock Start,*
Elderly Medicine Service,Ethnicity,K: Bangladeshi,01 To 18 Weeks,105
Elderly Medicine Service,Ethnicity,K: Bangladeshi,18 To 52 Weeks,15
Elderly Medicine Service,Ethnicity,K: Bangladeshi,Total,120
Elderly Medicine Service,Ethnicity,L: Any other Asian background,01 To 18 Weeks,190
Elderly Medicine Service,Ethnicity,L: Any other Asian background,18 To 52 Weeks,40
Elderly Medicine Service,Ethnicity,L: Any other Asian background,Over 52 Weeks,*
Elderly Medicine Service,Ethnicity,L: Any other Asian background,Total,230
Elderly Medicine Service,Ethnicity,M: Caribbean,Unknown Clock Start,*
Elderly Medicine Service,Ethnicity,M: Caribbean,01 To 18 Weeks,250
Elderly Medicine Service,Ethnicity,M: Caribbean,18 To 52 Weeks,30
Elderly Medicine Service,Ethnicity,M: Caribbean,Total,285
Elderly Medicine Service,Ethnicity,N: African,01 To 18 Weeks,195
Elderly Medicine Service,Ethnicity,N: African,18 To 52 Weeks,20
Elderly Medicine Service,Ethnicity,N: African,Total,215
Elderly Medicine Service,Ethnicity,P: Any other Black background,01 To 18 Weeks,95
Elderly Medicine Service,Ethnicity,P: Any other Black background,18 To 52 Weeks,10
Elderly Medicine Service,Ethnicity,P: Any other Black background,Over 52 Weeks,*
Elderly Medicine Service,Ethnicity,P: Any other Black background,Total,110
Elderly Medicine Service,Ethnicity,R: Chinese,01 To 18 Weeks,65
Elderly Medicine Service,Ethnicity,R: Chinese,18 To 52 Weeks,10
Elderly Medicine Service,Ethnicity,R: Chinese,Total,75
Elderly Medicine Service,Ethnicity,S: Any other ethnic group,Unknown Clock Start,*
Elderly Medicine Service,Ethnicity,S: Any other ethnic group,01 To 18 Weeks,95
Elderly Medicine Service,Ethnicity,S: Any other ethnic group,18 To 52 Weeks,20
Elderly Medicine Service,Ethnicity,S: Any other ethnic group,Total,115
Elderly Medicine Service,Ethnicity,Z: Not stated,Unknown Clock Start,*
Elderly Medicine Service,Ethnicity,Z: Not stated,01 To 18 Weeks,545
Elderly Medicine Service,Ethnicity,Z: Not stated,18 To 52 Weeks,115
Elderly Medicine Service,Ethnicity,Z: Not stated,Over 52 Weeks,*
Elderly Medicine Service,Ethnicity,Z: Not stated,Total,665
Elderly Medicine Service,IMD,1,Unknown Clock Start,*
Elderly Medicine Service,IMD,1,01 To 18 Weeks,1995
Elderly Medicine Service,IMD,1,18 To 52 Weeks,435
Elderly Medicine Service,IMD,1,Over 52 Weeks,*
Elderly Medicine Service,IMD,1,Total,2430
Elderly Medicine Service,IMD,10,Unknown Clock Start,10
Elderly Medicine Service,IMD,10,01 To 18 Weeks,2100
Elderly Medicine Service,IMD,10,18 To 52 Weeks,415
Elderly Medicine Service,IMD,10,Over 52 Weeks,*
Elderly Medicine Service,IMD,10,Total,2530
Elderly Medicine Service,IMD,2,Unknown Clock Start,*
Elderly Medicine Service,IMD,2,01 To 18 Weeks,2180
Elderly Medicine Service,IMD,2,18 To 52 Weeks,460
Elderly Medicine Service,IMD,2,Over 52 Weeks,*
Elderly Medicine Service,IMD,2,Total,2650
Elderly Medicine Service,IMD,3,Unknown Clock Start,*
Elderly Medicine Service,IMD,3,01 To 18 Weeks,2200
Elderly Medicine Service,IMD,3,18 To 52 Weeks,435
Elderly Medicine Service,IMD,3,Over 52 Weeks,*
Elderly Medicine Service,IMD,3,Total,2640
Elderly Medicine Service,IMD,4,Unknown Clock Start,*
Elderly Medicine Service,IMD,4,01 To 18 Weeks,2145
Elderly Medicine Service,IMD,4,18 To 52 Weeks,445
Elderly Medicine Service,IMD,4,Over 52 Weeks,*
Elderly Medicine Service,IMD,4,Total,2600
Elderly Medicine Service,IMD,5,Unknown Clock Start,*
Elderly Medicine Service,IMD,5,01 To 18 Weeks,2195
Elderly Medicine Service,IMD,5,18 To 52 Weeks,430
Elderly Medicine Service,IMD,5,Over 52 Weeks,*
Elderly Medicine Service,IMD,5,Total,2630
Elderly Medicine Service,IMD,6,Unknown Clock Start,*
Elderly Medicine Service,IMD,6,01 To 18 Weeks,2120
Elderly Medicine Service,IMD,6,18 To 52 Weeks,410
Elderly Medicine Service,IMD,6,Over 52 Weeks,*
Elderly Medicine Service,IMD,6,Total,2540
Elderly Medicine Service,IMD,7,Unknown Clock Start,10
Elderly Medicine Service,IMD,7,01 To 18 Weeks,2150
Elderly Medicine Service,IMD,7,18 To 52 Weeks,445
Elderly Medicine Service,IMD,7,Over 52 Weeks,*
Elderly Medicine Service,IMD,7,Total,2610
Elderly Medicine Service,IMD,8,Unknown Clock Start,*
Elderly Medicine Service,IMD,8,01 To 18 Weeks,2210
Elderly Medicine Service,IMD,8,18 To 52 Weeks,460
Elderly Medicine Service,IMD,8,Over 52 Weeks,*
Elderly Medicine Service,IMD,8,Total,2685
Elderly Medicine Service,IMD,9,Unknown Clock Start,10
Elderly Medicine Service,IMD,9,01 To 18 Weeks,2145
Elderly Medicine Service,IMD,9,18 To 52 Weeks,470
Elderly Medicine Service,IMD,9,Over 52 Weeks,*
Elderly Medicine Service,IMD,9,Total,2625
Elderly Medicine Service,Sex,Female,Unknown Clock Start,30
Elderly Medicine Service,Sex,Female,01 To 18 Weeks,11755
Elderly Medicine Service,Sex,Female,18 To 52 Weeks,2625
Elderly Medicine Service,Sex,Female,Over 52 Weeks,15
Elderly Medicine Service,Sex,Female,Total,14425
Elderly Medicine Service,Sex,Male,Unknown Clock Start,30
Elderly Medicine Service,Sex,Male,01 To 18 Weeks,9220
Elderly Medicine Service,Sex,Male,18 To 52 Weeks,1640
Elderly Medicine Service,Sex,Male,Over 52 Weeks,10
Elderly Medicine Service,Sex,Male,Total,10905
Gastroenterology Service,Age,0-18 Years,Unknown Clock Start,20
Gastroenterology Service,Age,0-18 Years,01 To 18 Weeks,3745
Gastroenterology Service,Age,0-18 Years,18 To 52 Weeks,2775
Gastroenterology Service,Age,0-18 Years,Over 52 Weeks,105
Gastroenterology Service,Age,0-18 Years,Total,6635
Gastroenterology Service,Age,19-64 Years,Unknown Clock Start,700
Gastroenterology Service,Age,19-64 Years,01 To 18 Weeks,153970
Gastroenterology Service,Age,19-64 Years,18 To 52 Weeks,90165
Gastroenterology Service,Age,19-64 Years,Over 52 Weeks,5205
Gastroenterology Service,Age,19-64 Years,Total,250035
Gastroenterology Service,Age,Over 65 Years,Unknown Clock Start,425
Gastroenterology Service,Age,Over 65 Years,01 To 18 Weeks,85375
Gastroenterology Service,Age,Over 65 Years,18 To 52 Weeks,39910
Gastroenterology Service,Age,Over 65 Years,Over 52 Weeks,2140
Gastroenterology Service,Age,Over 65 Years,Total,127850
Gastroenterology Service,Ethnicity,99: Not known,Unknown Clock Start,20
Gastroenterology Service,Ethnicity,99: Not known,01 To 18 Weeks,9760
Gastroenterology Service,Ethnicity,99: Not known,18 To 52 Weeks,3880
Gastroenterology Service,Ethnicity,99: Not known,Over 52 Weeks,180
Gastroenterology Service,Ethnicity,99: Not known,Total,13840
Gastroenterology Service,Ethnicity,A: British,Unknown Clock Start,770
Gastroenterology Service,Ethnicity,A: British,01 To 18 Weeks,175055
Gastroenterology Service,Ethnicity,A: British,18 To 52 Weeks,96035
Gastroenterology Service,Ethnicity,A: British,Over 52 Weeks,5535
Gastroenterology Service,Ethnicity,A: British,Total,277395
Gastroenterology Service,Ethnicity,B: Irish,Unknown Clock Start,15
Gastroenterology Service,Ethnicity,B: Irish,01 To 18 Weeks,1675
Gastroenterology Service,Ethnicity,B: Irish,18 To 52 Weeks,825
Gastroenterology Service,Ethnicity,B: Irish,Over 52 Weeks,45
Gastroenterology Service,Ethnicity,B: Irish,Total,2560
Gastroenterology Service,Ethnicity,C: Any other white background,Unknown Clock Start,80
Gastroenterology Service,Ethnicity,C: Any other white background,01 To 18 Weeks,14800
Gastroenterology Service,Ethnicity,C: Any other white background,18 To 52 Weeks,8310
Gastroenterology Service,Ethnicity,C: Any other white background,Over 52 Weeks,415
Gastroenterology Service,Ethnicity,C: Any other white background,Total,23610
Gastroenterology Service,Ethnicity,D: White and Black Caribbean,Unknown Clock Start,*
Gastroenterology Service,Ethnicity,D: White and Black Caribbean,01 To 18 Weeks,725
Gastroenterology Service,Ethnicity,D: White and Black Caribbean,18 To 52 Weeks,415
Gastroenterology Service,Ethnicity,D: White and Black Caribbean,Over 52 Weeks,20
Gastroenterology Service,Ethnicity,D: White and Black Caribbean,Total,1165
Gastroenterology Service,Ethnicity,E: White and Black African,Unknown Clock Start,*
Gastroenterology Service,Ethnicity,E: White and Black African,01 To 18 Weeks,420
Gastroenterology Service,Ethnicity,E: White and Black African,18 To 52 Weeks,220
Gastroenterology Service,Ethnicity,E: White and Black African,Over 52 Weeks,10
Gastroenterology Service,Ethnicity,E: White and Black African,Total,650
Gastroenterology Service,Ethnicity,F: White and Asian,Unknown Clock Start,*
Gastroenterology Service,Ethnicity,F: White and Asian,01 To 18 Weeks,605
Gastroenterology Service,Ethnicity,F: White and Asian,18 To 52 Weeks,340
Gastroenterology Service,Ethnicity,F: White and Asian,Over 52 Weeks,20
Gastroenterology Service,Ethnicity,F: White and Asian,Total,975
Gastroenterology Service,Ethnicity,G: Any other mixed background,Unknown Clock Start,15
Gastroenterology Service,Ethnicity,G: Any other mixed background,01 To 18 Weeks,1610
Gastroenterology Service,Ethnicity,G: Any other mixed background,18 To 52 Weeks,865
Gastroenterology Service,Ethnicity,G: Any other mixed background,Over 52 Weeks,40
Gastroenterology Service,Ethnicity,G: Any other mixed background,Total,2525
Gastroenterology Service,Ethnicity,H: Indian,Unknown Clock Start,35
Gastroenterology Service,Ethnicity,H: Indian,01 To 18 Weeks,7145
Gastroenterology Service,Ethnicity,H: Indian,18 To 52 Weeks,3500
Gastroenterology Service,Ethnicity,H: Indian,Over 52 Weeks,160
Gastroenterology Service,Ethnicity,H: Indian,Total,10835
Gastroenterology Service,Ethnicity,J: Pakistani,Unknown Clock Start,35
Gastroenterology Service,Ethnicity,J: Pakistani,01 To 18 Weeks,6060
Gastroenterology Service,Ethnicity,J: Pakistani,18 To 52 Weeks,3720
Gastroenterology Service,Ethnicity,J: Pakistani,Over 52 Weeks,200
Gastroenterology Service,Ethnicity,J: Pakistani,Total,10015
Gastroenterology Service,Ethnicity,K: Bangladeshi,Unknown Clock Start,15
Gastroenterology Service,Ethnicity,K: Bangladeshi,01 To 18 Weeks,2535
Gastroenterology Service,Ethnicity,K: Bangladeshi,18 To 52 Weeks,1315
Gastroenterology Service,Ethnicity,K: Bangladeshi,Over 52 Weeks,65
Gastroenterology Service,Ethnicity,K: Bangladeshi,Total,3930
Gastroenterology Service,Ethnicity,L: Any other Asian background,Unknown Clock Start,45
Gastroenterology Service,Ethnicity,L: Any other Asian background,01 To 18 Weeks,5525
Gastroenterology Service,Ethnicity,L: Any other Asian background,18 To 52 Weeks,2865
Gastroenterology Service,Ethnicity,L: Any other Asian background,Over 52 Weeks,145
Gastroenterology Service,Ethnicity,L: Any other Asian background,Total,8580
Gastroenterology Service,Ethnicity,M: Caribbean,Unknown Clock Start,10
Gastroenterology Service,Ethnicity,M: Caribbean,01 To 18 Weeks,2680
Gastroenterology Service,Ethnicity,M: Caribbean,18 To 52 Weeks,1275
Gastroenterology Service,Ethnicity,M: Caribbean,Over 52 Weeks,65
Gastroenterology Service,Ethnicity,M: Caribbean,Total,4035
Gastroenterology Service,Ethnicity,N: African,Unknown Clock Start,15
Gastroenterology Service,Ethnicity,N: African,01 To 18 Weeks,4325
Gastroenterology Service,Ethnicity,N: African,18 To 52 Weeks,2210
Gastroenterology Service,Ethnicity,N: African,Over 52 Weeks,115
Gastroenterology Service,Ethnicity,N: African,Total,6665
Gastroenterology Service,Ethnicity,P: Any other Black background,Unknown Clock Start,15
Gastroenterology Service,Ethnicity,P: Any other Black background,01 To 18 Weeks,2060
Gastroenterology Service,Ethnicity,P: Any other Black background,18 To 52 Weeks,1065
Gastroenterology Service,Ethnicity,P: Any other Black background,Over 52 Weeks,50
Gastroenterology Service,Ethnicity,P: Any other Black background,Total,3195
Gastroenterology Service,Ethnicity,R: Chinese,Unknown Clock Start,10
Gastroenterology Service,Ethnicity,R: Chinese,01 To 18 Weeks,1160
Gastroenterology Service,Ethnicity,R: Chinese,18 To 52 Weeks,615
Gastroenterology Service,Ethnicity,R: Chinese,Over 52 Weeks,25
Gastroenterology Service,Ethnicity,R: Chinese,Total,1810
Gastroenterology Service,Ethnicity,S: Any other ethnic group,Unknown Clock Start,15
Gastroenterology Service,Ethnicity,S: Any other ethnic group,01 To 18 Weeks,2795
Gastroenterology Service,Ethnicity,S: Any other ethnic group,18 To 52 Weeks,1375
Gastroenterology Service,Ethnicity,S: Any other ethnic group,Over 52 Weeks,70
Gastroenterology Service,Ethnicity,S: Any other ethnic group,Total,4255
Gastroenterology Service,Ethnicity,Z: Not stated,Unknown Clock Start,40
Gastroenterology Service,Ethnicity,Z: Not stated,01 To 18 Weeks,9865
Gastroenterology Service,Ethnicity,Z: Not stated,18 To 52 Weeks,4995
Gastroenterology Service,Ethnicity,Z: Not stated,Over 52 Weeks,275
Gastroenterology Service,Ethnicity,Z: Not stated,Total,15175
Gastroenterology Service,IMD,1,Unknown Clock Start,20
Gastroenterology Service,IMD,1,01 To 18 Weeks,26370
Gastroenterology Service,IMD,1,18 To 52 Weeks,15175
Gastroenterology Service,IMD,1,Over 52 Weeks,885
Gastroenterology Service,IMD,1,Total,42445
Gastroenterology Service,IMD,10,Unknown Clock Start,270
Gastroenterology Service,IMD,10,01 To 18 Weeks,20360
Gastroenterology Service,IMD,10,18 To 52 Weeks,11160
Gastroenterology Service,IMD,10,Over 52 Weeks,620
Gastroenterology Service,IMD,10,Total,32405
Gastroenterology Service,IMD,2,Unknown Clock Start,70
Gastroenterology Service,IMD,2,01 To 18 Weeks,25880
Gastroenterology Service,IMD,2,18 To 52 Weeks,14220
Gastroenterology Service,IMD,2,Over 52 Weeks,715
Gastroenterology Service,IMD,2,Total,40885
Gastroenterology Service,IMD,3,Unknown Clock Start,90
Gastroenterology Service,IMD,3,01 To 18 Weeks,25540
Gastroenterology Service,IMD,3,18 To 52 Weeks,13705
Gastroenterology Service,IMD,3,Over 52 Weeks,750
Gastroenterology Service,IMD,3,Total,40085
Gastroenterology Service,IMD,4,Unknown Clock Start,120
Gastroenterology Service,IMD,4,01 To 18 Weeks,24770
Gastroenterology Service,IMD,4,18 To 52 Weeks,13380
Gastroenterology Service,IMD,4,Over 52 Weeks,790
Gastroenterology Service,IMD,4,Total,39060
Gastroenterology Service,IMD,5,Unknown Clock Start,90
Gastroenterology Service,IMD,5,01 To 18 Weeks,23915
Gastroenterology Service,IMD,5,18 To 52 Weeks,12725
Gastroenterology Service,IMD,5,Over 52 Weeks,690
Gastroenterology Service,IMD,5,Total,37425
Gastroenterology Service,IMD,6,Unknown Clock Start,85
Gastroenterology Service,IMD,6,01 To 18 Weeks,23715
Gastroenterology Service,IMD,6,18 To 52 Weeks,12645
Gastroenterology Service,IMD,6,Over 52 Weeks,725
Gastroenterology Service,IMD,6,Total,37165
Gastroenterology Service,IMD,7,Unknown Clock Start,120
Gastroenterology Service,IMD,7,01 To 18 Weeks,23320
Gastroenterology Service,IMD,7,18 To 52 Weeks,12475
Gastroenterology Service,IMD,7,Over 52 Weeks,710
Gastroenterology Service,IMD,7,Total,36630
Gastroenterology Service,IMD,8,Unknown Clock Start,125
Gastroenterology Service,IMD,8,01 To 18 Weeks,23080
Gastroenterology Service,IMD,8,18 To 52 Weeks,12200
Gastroenterology Service,IMD,8,Over 52 Weeks,700
Gastroenterology Service,IMD,8,Total,36105
Gastroenterology Service,IMD,9,Unknown Clock Start,160
Gastroenterology Service,IMD,9,01 To 18 Weeks,22005
Gastroenterology Service,IMD,9,18 To 52 Weeks,12060
Gastroenterology Service,IMD,9,Over 52 Weeks,690
Gastroenterology Service,IMD,9,Total,34920
Gastroenterology Service,Sex,Female,Unknown Clock Start,660
Gastroenterology Service,Sex,Female,01 To 18 Weeks,133265
Gastroenterology Service,Sex,Female,18 To 52 Weeks,74565
Gastroenterology Service,Sex,Female,Over 52 Weeks,4235
Gastroenterology Service,Sex,Female,Total,212730
Gastroenterology Service,Sex,Male,Unknown Clock Start,480
Gastroenterology Service,Sex,Male,01 To 18 Weeks,100335
Gastroenterology Service,Sex,Male,18 To 52 Weeks,52445
Gastroenterology Service,Sex,Male,Over 52 Weeks,2700
Gastroenterology Service,Sex,Male,Total,155960
General Internal Medicine Service,Age,0-18 Years,Unknown Clock Start,*
General Internal Medicine Service,Age,0-18 Years,01 To 18 Weeks,330
General Internal Medicine Service,Age,0-18 Years,18 To 52 Weeks,105
General Internal Medicine Service,Age,0-18 Years,Over 52 Weeks,*
General Internal Medicine Service,Age,0-18 Years,Total,440
General Internal Medicine Service,Age,19-64 Years,Unknown Clock Start,50
General Internal Medicine Service,Age,19-64 Years,01 To 18 Weeks,10495
General Internal Medicine Service,Age,19-64 Years,18 To 52 Weeks,5255
General Internal Medicine Service,Age,19-64 Years,Over 52 Weeks,230
General Internal Medicine Service,Age,19-64 Years,Total,16030
General Internal Medicine Service,Age,Over 65 Years,Unknown Clock Start,40
General Internal Medicine Service,Age,Over 65 Years,01 To 18 Weeks,7730
General Internal Medicine Service,Age,Over 65 Years,18 To 52 Weeks,2605
General Internal Medicine Service,Age,Over 65 Years,Over 52 Weeks,125
General Internal Medicine Service,Age,Over 65 Years,Total,10505
General Internal Medicine Service,Ethnicity,99: Not known,Unknown Clock Start,*
General Internal Medicine Service,Ethnicity,99: Not known,01 To 18 Weeks,400
General Internal Medicine Service,Ethnicity,99: Not known,18 To 52 Weeks,210
General Internal Medicine Service,Ethnicity,99: Not known,Over 52 Weeks,10
General Internal Medicine Service,Ethnicity,99: Not known,Total,620
General Internal Medicine Service,Ethnicity,A: British,Unknown Clock Start,75
General Internal Medicine Service,Ethnicity,A: British,01 To 18 Weeks,13245
General Internal Medicine Service,Ethnicity,A: British,18 To 52 Weeks,5275
General Internal Medicine Service,Ethnicity,A: British,Over 52 Weeks,260
General Internal Medicine Service,Ethnicity,A: British,Total,18850
General Internal Medicine Service,Ethnicity,B: Irish,01 To 18 Weeks,130
General Internal Medicine Service,Ethnicity,B: Irish,18 To 52 Weeks,50
General Internal Medicine Service,Ethnicity,B: Irish,Over 52 Weeks,*
General Internal Medicine Service,Ethnicity,B: Irish,Total,185
General Internal Medicine Service,Ethnicity,C: Any other white background,Unknown Clock Start,*
General Internal Medicine Service,Ethnicity,C: Any other white background,01 To 18 Weeks,1260
General Internal Medicine Service,Ethnicity,C: Any other white background,18 To 52 Weeks,705
General Internal Medicine Service,Ethnicity,C: Any other white background,Over 52 Weeks,40
General Internal Medicine Service,Ethnicity,C: Any other white background,Total,2005
General Internal Medicine Service,Ethnicity,D: White and Black Caribbean,Unknown Clock Start,*
General Internal Medicine Service,Ethnicity,D: White and Black Caribbean,01 To 18 Weeks,70
General Internal Medicine Service,Ethnicity,D: White and Black Caribbean,18 To 52 Weeks,35
General Internal Medicine Service,Ethnicity,D: White and Black Caribbean,Total,105
General Internal Medicine Service,Ethnicity,E: White and Black African,01 To 18 Weeks,45
General Internal Medicine Service,Ethnicity,E: White and Black African,18 To 52 Weeks,20
General Internal Medicine Service,Ethnicity,E: White and Black African,Total,70
General Internal Medicine Service,Ethnicity,F: White and Asian,01 To 18 Weeks,40
General Internal Medicine Service,Ethnicity,F: White and Asian,18 To 52 Weeks,35
General Internal Medicine Service,Ethnicity,F: White and Asian,Over 52 Weeks,*
General Internal Medicine Service,Ethnicity,F: White and Asian,Total,80
General Internal Medicine Service,Ethnicity,G: Any other mixed background,01 To 18 Weeks,130
General Internal Medicine Service,Ethnicity,G: Any other mixed background,18 To 52 Weeks,80
General Internal Medicine Service,Ethnicity,G: Any other mixed background,Over 52 Weeks,*
General Internal Medicine Service,Ethnicity,G: Any other mixed background,Total,215
General Internal Medicine Service,Ethnicity,H: Indian,Unknown Clock Start,*
General Internal Medicine Service,Ethnicity,H: Indian,01 To 18 Weeks,525
General Internal Medicine Service,Ethnicity,H: Indian,18 To 52 Weeks,235
General Internal Medicine Service,Ethnicity,H: Indian,Over 52 Weeks,*
General Internal Medicine Service,Ethnicity,H: Indian,Total,765
General Internal Medicine Service,Ethnicity,J: Pakistani,Unknown Clock Start,*
General Internal Medicine Service,Ethnicity,J: Pakistani,01 To 18 Weeks,295
General Internal Medicine Service,Ethnicity,J: Pakistani,18 To 52 Weeks,100
General Internal Medicine Service,Ethnicity,J: Pakistani,Over 52 Weeks,*
General Internal Medicine Service,Ethnicity,J: Pakistani,Total,400
General Internal Medicine Service,Ethnicity,K: Bangladeshi,01 To 18 Weeks,160
General Internal Medicine Service,Ethnicity,K: Bangladeshi,18 To 52 Weeks,70
General Internal Medicine Service,Ethnicity,K: Bangladeshi,Over 52 Weeks,*
General Internal Medicine Service,Ethnicity,K: Bangladeshi,Total,230
General Internal Medicine Service,Ethnicity,L: Any other Asian background,Unknown Clock Start,*
General Internal Medicine Service,Ethnicity,L: Any other Asian background,01 To 18 Weeks,415
General Internal Medicine Service,Ethnicity,L: Any other Asian background,18 To 52 Weeks,200
General Internal Medicine Service,Ethnicity,L: Any other Asian background,Over 52 Weeks,10
General Internal Medicine Service,Ethnicity,L: Any other Asian background,Total,625
General Internal Medicine Service,Ethnicity,M: Caribbean,Unknown Clock Start,*
General Internal Medicine Service,Ethnicity,M: Caribbean,01 To 18 Weeks,265
General Internal Medicine Service,Ethnicity,M: Caribbean,18 To 52 Weeks,120
General Internal Medicine Service,Ethnicity,M: Caribbean,Over 52 Weeks,*
General Internal Medicine Service,Ethnicity,M: Caribbean,Total,390
General Internal Medicine Service,Ethnicity,N: African,01 To 18 Weeks,380
General Internal Medicine Service,Ethnicity,N: African,18 To 52 Weeks,200
General Internal Medicine Service,Ethnicity,N: African,Over 52 Weeks,*
General Internal Medicine Service,Ethnicity,N: African,Total,585
General Internal Medicine Service,Ethnicity,P: Any other Black background,Unknown Clock Start,*
General Internal Medicine Service,Ethnicity,P: Any other Black background,01 To 18 Weeks,195
General Internal Medicine Service,Ethnicity,P: Any other Black background,18 To 52 Weeks,115
General Internal Medicine Service,Ethnicity,P: Any other Black background,Over 52 Weeks,*
General Internal Medicine Service,Ethnicity,P: Any other Black background,Total,310
General Internal Medicine Service,Ethnicity,R: Chinese,01 To 18 Weeks,105
General Internal Medicine Service,Ethnicity,R: Chinese,18 To 52 Weeks,45
General Internal Medicine Service,Ethnicity,R: Chinese,Over 52 Weeks,*
General Internal Medicine Service,Ethnicity,R: Chinese,Total,155
General Internal Medicine Service,Ethnicity,S: Any other ethnic group,Unknown Clock Start,*
General Internal Medicine Service,Ethnicity,S: Any other ethnic group,01 To 18 Weeks,230
General Internal Medicine Service,Ethnicity,S: Any other ethnic group,18 To 52 Weeks,105
General Internal Medicine Service,Ethnicity,S: Any other ethnic group,Over 52 Weeks,*
General Internal Medicine Service,Ethnicity,S: Any other ethnic group,Total,340
General Internal Medicine Service,Ethnicity,Z: Not stated,Unknown Clock Start,*
General Internal Medicine Service,Ethnicity,Z: Not stated,01 To 18 Weeks,825
General Internal Medicine Service,Ethnicity,Z: Not stated,18 To 52 Weeks,410
General Internal Medicine Service,Ethnicity,Z: Not stated,Over 52 Weeks,10
General Internal Medicine Service,Ethnicity,Z: Not stated,Total,1245
General Internal Medicine Service,IMD,1,Unknown Clock Start,*
General Internal Medicine Service,IMD,1,01 To 18 Weeks,1435
General Internal Medicine Service,IMD,1,18 To 52 Weeks,420
General Internal Medicine Service,IMD,1,Over 52 Weeks,15
General Internal Medicine Service,IMD,1,Total,1870
General Internal Medicine Service,IMD,10,Unknown Clock Start,20
General Internal Medicine Service,IMD,10,01 To 18 Weeks,1675
General Internal Medicine Service,IMD,10,18 To 52 Weeks,685
General Internal Medicine Service,IMD,10,Over 52 Weeks,40
General Internal Medicine Service,IMD,10,Total,2420
General Internal Medicine Service,IMD,2,Unknown Clock Start,10
General Internal Medicine Service,IMD,2,01 To 18 Weeks,1790
General Internal Medicine Service,IMD,2,18 To 52 Weeks,770
General Internal Medicine Service,IMD,2,Over 52 Weeks,30
General Internal Medicine Service,IMD,2,Total,2600
General Internal Medicine Service,IMD,3,Unknown Clock Start,*
General Internal Medicine Service,IMD,3,01 To 18 Weeks,1975
General Internal Medicine Service,IMD,3,18 To 52 Weeks,945
General Internal Medicine Service,IMD,3,Over 52 Weeks,45
General Internal Medicine Service,IMD,3,Total,2970
General Internal Medicine Service,IMD,4,Unknown Clock Start,*
General Internal Medicine Service,IMD,4,01 To 18 Weeks,2065
General Internal Medicine Service,IMD,4,18 To 52 Weeks,875
General Internal Medicine Service,IMD,4,Over 52 Weeks,30
General Internal Medicine Service,IMD,4,Total,2970
General Internal Medicine Service,IMD,5,Unknown Clock Start,*
General Internal Medicine Service,IMD,5,01 To 18 Weeks,1955
General Internal Medicine Service,IMD,5,18 To 52 Weeks,960
General Internal Medicine Service,IMD,5,Over 52 Weeks,35
General Internal Medicine Service,IMD,5,Total,2955
General Internal Medicine Service,IMD,6,Unknown Clock Start,*
General Internal Medicine Service,IMD,6,01 To 18 Weeks,1980
General Internal Medicine Service,IMD,6,18 To 52 Weeks,800
General Internal Medicine Service,IMD,6,Over 52 Weeks,40
General Internal Medicine Service,IMD,6,Total,2820
General Internal Medicine Service,IMD,7,Unknown Clock Start,10
General Internal Medicine Service,IMD,7,01 To 18 Weeks,1840
General Internal Medicine Service,IMD,7,18 To 52 Weeks,835
General Internal Medicine Service,IMD,7,Over 52 Weeks,35
General Internal Medicine Service,IMD,7,Total,2715
General Internal Medicine Service,IMD,8,Unknown Clock Start,15
General Internal Medicine Service,IMD,8,01 To 18 Weeks,1805
General Internal Medicine Service,IMD,8,18 To 52 Weeks,795
General Internal Medicine Service,IMD,8,Over 52 Weeks,40
General Internal Medicine Service,IMD,8,Total,2655
General Internal Medicine Service,IMD,9,Unknown Clock Start,20
General Internal Medicine Service,IMD,9,01 To 18 Weeks,1770
General Internal Medicine Service,IMD,9,18 To 52 Weeks,725
General Internal Medicine Service,IMD,9,Over 52 Weeks,45
General Internal Medicine Service,IMD,9,Total,2555
General Internal Medicine Service,Sex,Female,Unknown Clock Start,50
General Internal Medicine Service,Sex,Female,01 To 18 Weeks,10945
General Internal Medicine Service,Sex,Female,18 To 52 Weeks,5040
General Internal Medicine Service,Sex,Female,Over 52 Weeks,250
General Internal Medicine Service,Sex,Female,Total,16285
General Internal Medicine Service,Sex,Male,Unknown Clock Start,40
General Internal Medicine Service,Sex,Male,01 To 18 Weeks,7360
General Internal Medicine Service,Sex,Male,18 To 52 Weeks,2885
General Internal Medicine Service,Sex,Male,Over 52 Weeks,110
General Internal Medicine Service,Sex,Male,Total,10395
General Surgery Service,Age,0-18 Years,Unknown Clock Start,*
General Surgery Service,Age,0-18 Years,01 To 18 Weeks,2135
General Surgery Service,Age,0-18 Years,18 To 52 Weeks,1490
General Surgery Service,Age,0-18 Years,Over 52 Weeks,100
General Surgery Service,Age,0-18 Years,Total,3730
General Surgery Service,Age,19-64 Years,Unknown Clock Start,395
General Surgery Service,Age,19-64 Years,01 To 18 Weeks,121575
General Surgery Service,Age,19-64 Years,18 To 52 Weeks,82645
General Surgery Service,Age,19-64 Years,Over 52 Weeks,6740
General Surgery Service,Age,19-64 Years,Total,211360
General Surgery Service,Age,Over 65 Years,Unknown Clock Start,250
General Surgery Service,Age,Over 65 Years,01 To 18 Weeks,69180
General Surgery Service,Age,Over 65 Years,18 To 52 Weeks,41465
General Surgery Service,Age,Over 65 Years,Over 52 Weeks,3190
General Surgery Service,Age,Over 65 Years,Total,114085
General Surgery Service,Ethnicity,99: Not known,Unknown Clock Start,20
General Surgery Service,Ethnicity,99: Not known,01 To 18 Weeks,5615
General Surgery Service,Ethnicity,99: Not known,18 To 52 Weeks,2935
General Surgery Service,Ethnicity,99: Not known,Over 52 Weeks,235
General Surgery Service,Ethnicity,99: Not known,Total,8805
General Surgery Service,Ethnicity,A: British,Unknown Clock Start,455
General Surgery Service,Ethnicity,A: British,01 To 18 Weeks,140180
General Surgery Service,Ethnicity,A: British,18 To 52 Weeks,88505
General Surgery Service,Ethnicity,A: British,Over 52 Weeks,7150
General Surgery Service,Ethnicity,A: British,Total,236285
General Surgery Service,Ethnicity,B: Irish,Unknown Clock Start,10
General Surgery Service,Ethnicity,B: Irish,01 To 18 Weeks,1045
General Surgery Service,Ethnicity,B: Irish,18 To 52 Weeks,780
General Surgery Service,Ethnicity,B: Irish,Over 52 Weeks,70
General Surgery Service,Ethnicity,B: Irish,Total,1905
General Surgery Service,Ethnicity,C: Any other white background,Unknown Clock Start,40
General Surgery Service,Ethnicity,C: Any other white background,01 To 18 Weeks,11915
General Surgery Service,Ethnicity,C: Any other white background,18 To 52 Weeks,9065
General Surgery Service,Ethnicity,C: Any other white background,Over 52 Weeks,740
General Surgery Service,Ethnicity,C: Any other white background,Total,21760
General Surgery Service,Ethnicity,D: White and Black Caribbean,Unknown Clock Start,*
General Surgery Service,Ethnicity,D: White and Black Caribbean,01 To 18 Weeks,610
General Surgery Service,Ethnicity,D: White and Black Caribbean,18 To 52 Weeks,420
General Surgery Service,Ethnicity,D: White and Black Caribbean,Over 52 Weeks,25
General Surgery Service,Ethnicity,D: White and Black Caribbean,Total,1055
General Surgery Service,Ethnicity,E: White and Black African,01 To 18 Weeks,320
General Surgery Service,Ethnicity,E: White and Black African,18 To 52 Weeks,230
General Surgery Service,Ethnicity,E: White and Black African,Over 52 Weeks,20
General Surgery Service,Ethnicity,E: White and Black African,Total,570
General Surgery Service,Ethnicity,F: White and Asian,Unknown Clock Start,*
General Surgery Service,Ethnicity,F: White and Asian,01 To 18 Weeks,405
General Surgery Service,Ethnicity,F: White and Asian,18 To 52 Weeks,285
General Surgery Service,Ethnicity,F: White and Asian,Over 52 Weeks,20
General Surgery Service,Ethnicity,F: White and Asian,Total,710
General Surgery Service,Ethnicity,G: Any other mixed background,Unknown Clock Start,*
General Surgery Service,Ethnicity,G: Any other mixed background,01 To 18 Weeks,1200
General Surgery Service,Ethnicity,G: Any other mixed background,18 To 52 Weeks,850
General Surgery Service,Ethnicity,G: Any other mixed background,Over 52 Weeks,65
General Surgery Service,Ethnicity,G: Any other mixed background,Total,2115
General Surgery Service,Ethnicity,H: Indian,Unknown Clock Start,10
General Surgery Service,Ethnicity,H: Indian,01 To 18 Weeks,5265
General Surgery Service,Ethnicity,H: Indian,18 To 52 Weeks,3570
General Surgery Service,Ethnicity,H: Indian,Over 52 Weeks,255
General Surgery Service,Ethnicity,H: Indian,Total,9095
General Surgery Service,Ethnicity,J: Pakistani,Unknown Clock Start,25
General Surgery Service,Ethnicity,J: Pakistani,01 To 18 Weeks,4340
General Surgery Service,Ethnicity,J: Pakistani,18 To 52 Weeks,2885
General Surgery Service,Ethnicity,J: Pakistani,Over 52 Weeks,180
General Surgery Service,Ethnicity,J: Pakistani,Total,7430
General Surgery Service,Ethnicity,K: Bangladeshi,Unknown Clock Start,10
General Surgery Service,Ethnicity,K: Bangladeshi,01 To 18 Weeks,1790
General Surgery Service,Ethnicity,K: Bangladeshi,18 To 52 Weeks,1235
General Surgery Service,Ethnicity,K: Bangladeshi,Over 52 Weeks,120
General Surgery Service,Ethnicity,K: Bangladeshi,Total,3160
General Surgery Service,Ethnicity,L: Any other Asian background,Unknown Clock Start,15
General Surgery Service,Ethnicity,L: Any other Asian background,01 To 18 Weeks,3860
General Surgery Service,Ethnicity,L: Any other Asian background,18 To 52 Weeks,2780
General Surgery Service,Ethnicity,L: Any other Asian background,Over 52 Weeks,170
General Surgery Service,Ethnicity,L: Any other Asian background,Total,6830
General Surgery Service,Ethnicity,M: Caribbean,Unknown Clock Start,*
General Surgery Service,Ethnicity,M: Caribbean,01 To 18 Weeks,2205
General Surgery Service,Ethnicity,M: Caribbean,18 To 52 Weeks,1595
General Surgery Service,Ethnicity,M: Caribbean,Over 52 Weeks,125
General Surgery Service,Ethnicity,M: Caribbean,Total,3930
General Surgery Service,Ethnicity,N: African,Unknown Clock Start,10
General Surgery Service,Ethnicity,N: African,01 To 18 Weeks,3535
General Surgery Service,Ethnicity,N: African,18 To 52 Weeks,2515
General Surgery Service,Ethnicity,N: African,Over 52 Weeks,205
General Surgery Service,Ethnicity,N: African,Total,6270
General Surgery Service,Ethnicity,P: Any other Black background,Unknown Clock Start,10
General Surgery Service,Ethnicity,P: Any other Black background,01 To 18 Weeks,1635
General Surgery Service,Ethnicity,P: Any other Black background,18 To 52 Weeks,1170
General Surgery Service,Ethnicity,P: Any other Black background,Over 52 Weeks,115
General Surgery Service,Ethnicity,P: Any other Black background,Total,2935
General Surgery Service,Ethnicity,R: Chinese,Unknown Clock Start,*
General Surgery Service,Ethnicity,R: Chinese,01 To 18 Weeks,700
General Surgery Service,Ethnicity,R: Chinese,18 To 52 Weeks,465
General Surgery Service,Ethnicity,R: Chinese,Over 52 Weeks,45
General Surgery Service,Ethnicity,R: Chinese,Total,1220
General Surgery Service,Ethnicity,S: Any other ethnic group,Unknown Clock Start,10
General Surgery Service,Ethnicity,S: Any other ethnic group,01 To 18 Weeks,2030
General Surgery Service,Ethnicity,S: Any other ethnic group,18 To 52 Weeks,1555
General Surgery Service,Ethnicity,S: Any other ethnic group,Over 52 Weeks,110
General Surgery Service,Ethnicity,S: Any other ethnic group,Total,3705
General Surgery Service,Ethnicity,Z: Not stated,Unknown Clock Start,30
General Surgery Service,Ethnicity,Z: Not stated,01 To 18 Weeks,8490
General Surgery Service,Ethnicity,Z: Not stated,18 To 52 Weeks,5090
General Surgery Service,Ethnicity,Z: Not stated,Over 52 Weeks,390
General Surgery Service,Ethnicity,Z: Not stated,Total,14005
General Surgery Service,IMD,1,Unknown Clock Start,30
General Surgery Service,IMD,1,01 To 18 Weeks,19205
General Surgery Service,IMD,1,18 To 52 Weeks,12345
General Surgery Service,IMD,1,Over 52 Weeks,980
General Surgery Service,IMD,1,Total,32560
General Surgery Service,IMD,10,Unknown Clock Start,85
General Surgery Service,IMD,10,01 To 18 Weeks,16165
General Surgery Service,IMD,10,18 To 52 Weeks,9810
General Surgery Service,IMD,10,Over 52 Weeks,765
General Surgery Service,IMD,10,Total,26820
General Surgery Service,IMD,2,Unknown Clock Start,70
General Surgery Service,IMD,2,01 To 18 Weeks,21070
General Surgery Service,IMD,2,18 To 52 Weeks,14000
General Surgery Service,IMD,2,Over 52 Weeks,1115
General Surgery Service,IMD,2,Total,36255
General Surgery Service,IMD,3,Unknown Clock Start,65
General Surgery Service,IMD,3,01 To 18 Weeks,20590
General Surgery Service,IMD,3,18 To 52 Weeks,13750
General Surgery Service,IMD,3,Over 52 Weeks,1140
General Surgery Service,IMD,3,Total,35550
General Surgery Service,IMD,4,Unknown Clock Start,75
General Surgery Service,IMD,4,01 To 18 Weeks,19490
General Surgery Service,IMD,4,18 To 52 Weeks,13070
General Surgery Service,IMD,4,Over 52 Weeks,1075
General Surgery Service,IMD,4,Total,33715
General Surgery Service,IMD,5,Unknown Clock Start,70
General Surgery Service,IMD,5,01 To 18 Weeks,19690
General Surgery Service,IMD,5,18 To 52 Weeks,12875
General Surgery Service,IMD,5,Over 52 Weeks,1025
General Surgery Service,IMD,5,Total,33660
General Surgery Service,IMD,6,Unknown Clock Start,60
General Surgery Service,IMD,6,01 To 18 Weeks,19420
General Surgery Service,IMD,6,18 To 52 Weeks,12405
General Surgery Service,IMD,6,Over 52 Weeks,965
General Surgery Service,IMD,6,Total,32850
General Surgery Service,IMD,7,Unknown Clock Start,65
General Surgery Service,IMD,7,01 To 18 Weeks,18410
General Surgery Service,IMD,7,18 To 52 Weeks,11890
General Surgery Service,IMD,7,Over 52 Weeks,940
General Surgery Service,IMD,7,Total,31305
General Surgery Service,IMD,8,Unknown Clock Start,60
General Surgery Service,IMD,8,01 To 18 Weeks,18535
General Surgery Service,IMD,8,18 To 52 Weeks,11910
General Surgery Service,IMD,8,Over 52 Weeks,935
General Surgery Service,IMD,8,Total,31440
General Surgery Service,IMD,9,Unknown Clock Start,70
General Surgery Service,IMD,9,01 To 18 Weeks,17105
General Surgery Service,IMD,9,18 To 52 Weeks,10965
General Surgery Service,IMD,9,Over 52 Weeks,885
General Surgery Service,IMD,9,Total,29025
General Surgery Service,Sex,Female,Unknown Clock Start,310
General Surgery Service,Sex,Female,01 To 18 Weeks,93565
General Surgery Service,Sex,Female,18 To 52 Weeks,59185
General Surgery Service,Sex,Female,Over 52 Weeks,4525
General Surgery Service,Sex,Female,Total,157585
General Surgery Service,Sex,Male,Unknown Clock Start,335
General Surgery Service,Sex,Male,01 To 18 Weeks,95850
General Surgery Service,Sex,Male,18 To 52 Weeks,63480
General Surgery Service,Sex,Male,Over 52 Weeks,5280
General Surgery Service,Sex,Male,Total,164950
Gynaecology Service,Age,0-18 Years,Unknown Clock Start,20
Gynaecology Service,Age,0-18 Years,01 To 18 Weeks,6875
Gynaecology Service,Age,0-18 Years,18 To 52 Weeks,6185
Gynaecology Service,Age,0-18 Years,Over 52 Weeks,240
Gynaecology Service,Age,0-18 Years,Total,13320
Gynaecology Service,Age,19-64 Years,Unknown Clock Start,1330
Gynaecology Service,Age,19-64 Years,01 To 18 Weeks,269020
Gynaecology Service,Age,19-64 Years,18 To 52 Weeks,202260
Gynaecology Service,Age,19-64 Years,Over 52 Weeks,16615
Gynaecology Service,Age,19-64 Years,Total,489225
Gynaecology Service,Age,Over 65 Years,Unknown Clock Start,150
Gynaecology Service,Age,Over 65 Years,01 To 18 Weeks,36400
Gynaecology Service,Age,Over 65 Years,18 To 52 Weeks,24490
Gynaecology Service,Age,Over 65 Years,Over 52 Weeks,2030
Gynaecology Service,Age,Over 65 Years,Total,63065
Gynaecology Service,Ethnicity,99: Not known,Unknown Clock Start,40
Gynaecology Service,Ethnicity,99: Not known,01 To 18 Weeks,14485
Gynaecology Service,Ethnicity,99: Not known,18 To 52 Weeks,7625
Gynaecology Service,Ethnicity,99: Not known,Over 52 Weeks,470
Gynaecology Service,Ethnicity,99: Not known,Total,22620
Gynaecology Service,Ethnicity,A: British,Unknown Clock Start,1020
Gynaecology Service,Ethnicity,A: British,01 To 18 Weeks,209220
Gynaecology Service,Ethnicity,A: British,18 To 52 Weeks,154470
Gynaecology Service,Ethnicity,A: British,Over 52 Weeks,13585
Gynaecology Service,Ethnicity,A: British,Total,378300
Gynaecology Service,Ethnicity,B: Irish,Unknown Clock Start,*
Gynaecology Service,Ethnicity,B: Irish,01 To 18 Weeks,1545
Gynaecology Service,Ethnicity,B: Irish,18 To 52 Weeks,1075
Gynaecology Service,Ethnicity,B: Irish,Over 52 Weeks,70
Gynaecology Service,Ethnicity,B: Irish,Total,2700
Gynaecology Service,Ethnicity,C: Any other white background,Unknown Clock Start,105
Gynaecology Service,Ethnicity,C: Any other white background,01 To 18 Weeks,22930
Gynaecology Service,Ethnicity,C: Any other white background,18 To 52 Weeks,17690
Gynaecology Service,Ethnicity,C: Any other white background,Over 52 Weeks,1340
Gynaecology Service,Ethnicity,C: Any other white background,Total,42065
Gynaecology Service,Ethnicity,D: White and Black Caribbean,Unknown Clock Start,10
Gynaecology Service,Ethnicity,D: White and Black Caribbean,01 To 18 Weeks,1790
Gynaecology Service,Ethnicity,D: White and Black Caribbean,18 To 52 Weeks,1355
Gynaecology Service,Ethnicity,D: White and Black Caribbean,Over 52 Weeks,110
Gynaecology Service,Ethnicity,D: White and Black Caribbean,Total,3260
Gynaecology Service,Ethnicity,E: White and Black African,Unknown Clock Start,*
Gynaecology Service,Ethnicity,E: White and Black African,01 To 18 Weeks,955
Gynaecology Service,Ethnicity,E: White and Black African,18 To 52 Weeks,710
Gynaecology Service,Ethnicity,E: White and Black African,Over 52 Weeks,50
Gynaecology Service,Ethnicity,E: White and Black African,Total,1720
Gynaecology Service,Ethnicity,F: White and Asian,Unknown Clock Start,*
Gynaecology Service,Ethnicity,F: White and Asian,01 To 18 Weeks,1075
Gynaecology Service,Ethnicity,F: White and Asian,18 To 52 Weeks,825
Gynaecology Service,Ethnicity,F: White and Asian,Over 52 Weeks,70
Gynaecology Service,Ethnicity,F: White and Asian,Total,1970
Gynaecology Service,Ethnicity,G: Any other mixed background,Unknown Clock Start,10
Gynaecology Service,Ethnicity,G: Any other mixed background,01 To 18 Weeks,2765
Gynaecology Service,Ethnicity,G: Any other mixed background,18 To 52 Weeks,2090
Gynaecology Service,Ethnicity,G: Any other mixed background,Over 52 Weeks,200
Gynaecology Service,Ethnicity,G: Any other mixed background,Total,5065
Gynaecology Service,Ethnicity,H: Indian,Unknown Clock Start,30
Gynaecology Service,Ethnicity,H: Indian,01 To 18 Weeks,9500
Gynaecology Service,Ethnicity,H: Indian,18 To 52 Weeks,7065
Gynaecology Service,Ethnicity,H: Indian,Over 52 Weeks,530
Gynaecology Service,Ethnicity,H: Indian,Total,17125
Gynaecology Service,Ethnicity,J: Pakistani,Unknown Clock Start,60
Gynaecology Service,Ethnicity,J: Pakistani,01 To 18 Weeks,9610
Gynaecology Service,Ethnicity,J: Pakistani,18 To 52 Weeks,7665
Gynaecology Service,Ethnicity,J: Pakistani,Over 52 Weeks,500
Gynaecology Service,Ethnicity,J: Pakistani,Total,17835
Gynaecology Service,Ethnicity,K: Bangladeshi,Unknown Clock Start,25
Gynaecology Service,Ethnicity,K: Bangladeshi,01 To 18 Weeks,3800
Gynaecology Service,Ethnicity,K: Bangladeshi,18 To 52 Weeks,2810
Gynaecology Service,Ethnicity,K: Bangladeshi,Over 52 Weeks,195
Gynaecology Service,Ethnicity,K: Bangladeshi,Total,6830
Gynaecology Service,Ethnicity,L: Any other Asian background,Unknown Clock Start,30
Gynaecology Service,Ethnicity,L: Any other Asian background,01 To 18 Weeks,7685
Gynaecology Service,Ethnicity,L: Any other Asian background,18 To 52 Weeks,5745
Gynaecology Service,Ethnicity,L: Any other Asian background,Over 52 Weeks,435
Gynaecology Service,Ethnicity,L: Any other Asian background,Total,13895
Gynaecology Service,Ethnicity,M: Caribbean,Unknown Clock Start,25
Gynaecology Service,Ethnicity,M: Caribbean,01 To 18 Weeks,4560
Gynaecology Service,Ethnicity,M: Caribbean,18 To 52 Weeks,3430
Gynaecology Service,Ethnicity,M: Caribbean,Over 52 Weeks,255
Gynaecology Service,Ethnicity,M: Caribbean,Total,8270
Gynaecology Service,Ethnicity,N: African,Unknown Clock Start,40
Gynaecology Service,Ethnicity,N: African,01 To 18 Weeks,10245
Gynaecology Service,Ethnicity,N: African,18 To 52 Weeks,7970
Gynaecology Service,Ethnicity,N: African,Over 52 Weeks,735
Gynaecology Service,Ethnicity,N: African,Total,18990
Gynaecology Service,Ethnicity,P: Any other Black background,Unknown Clock Start,10
Gynaecology Service,Ethnicity,P: Any other Black background,01 To 18 Weeks,4135
Gynaecology Service,Ethnicity,P: Any other Black background,18 To 52 Weeks,3235
Gynaecology Service,Ethnicity,P: Any other Black background,Over 52 Weeks,285
Gynaecology Service,Ethnicity,P: Any other Black background,Total,7665
Gynaecology Service,Ethnicity,R: Chinese,Unknown Clock Start,*
Gynaecology Service,Ethnicity,R: Chinese,01 To 18 Weeks,1620
Gynaecology Service,Ethnicity,R: Chinese,18 To 52 Weeks,1150
Gynaecology Service,Ethnicity,R: Chinese,Over 52 Weeks,85
Gynaecology Service,Ethnicity,R: Chinese,Total,2860
Gynaecology Service,Ethnicity,S: Any other ethnic group,Unknown Clock Start,10
Gynaecology Service,Ethnicity,S: Any other ethnic group,01 To 18 Weeks,4385
Gynaecology Service,Ethnicity,S: Any other ethnic group,18 To 52 Weeks,3220
Gynaecology Service,Ethnicity,S: Any other ethnic group,Over 52 Weeks,235
Gynaecology Service,Ethnicity,S: Any other ethnic group,Total,7855
Gynaecology Service,Ethnicity,Z: Not stated,Unknown Clock Start,75
Gynaecology Service,Ethnicity,Z: Not stated,01 To 18 Weeks,15490
Gynaecology Service,Ethnicity,Z: Not stated,18 To 52 Weeks,10420
Gynaecology Service,Ethnicity,Z: Not stated,Over 52 Weeks,785
Gynaecology Service,Ethnicity,Z: Not stated,Total,26775
Gynaecology Service,IMD,1,Unknown Clock Start,120
Gynaecology Service,IMD,1,01 To 18 Weeks,35770
Gynaecology Service,IMD,1,18 To 52 Weeks,28675
Gynaecology Service,IMD,1,Over 52 Weeks,2835
Gynaecology Service,IMD,1,Total,67400
Gynaecology Service,IMD,10,Unknown Clock Start,65
Gynaecology Service,IMD,10,01 To 18 Weeks,24700
Gynaecology Service,IMD,10,18 To 52 Weeks,17460
Gynaecology Service,IMD,10,Over 52 Weeks,1360
Gynaecology Service,IMD,10,Total,43580
Gynaecology Service,IMD,2,Unknown Clock Start,190
Gynaecology Service,IMD,2,01 To 18 Weeks,35795
Gynaecology Service,IMD,2,18 To 52 Weeks,26895
Gynaecology Service,IMD,2,Over 52 Weeks,2265
Gynaecology Service,IMD,2,Total,65145
Gynaecology Service,IMD,3,Unknown Clock Start,160
Gynaecology Service,IMD,3,01 To 18 Weeks,34765
Gynaecology Service,IMD,3,18 To 52 Weeks,25655
Gynaecology Service,IMD,3,Over 52 Weeks,2040
Gynaecology Service,IMD,3,Total,62625
Gynaecology Service,IMD,4,Unknown Clock Start,190
Gynaecology Service,IMD,4,01 To 18 Weeks,33130
Gynaecology Service,IMD,4,18 To 52 Weeks,24085
Gynaecology Service,IMD,4,Over 52 Weeks,2030
Gynaecology Service,IMD,4,Total,59435
Gynaecology Service,IMD,5,Unknown Clock Start,215
Gynaecology Service,IMD,5,01 To 18 Weeks,31520
Gynaecology Service,IMD,5,18 To 52 Weeks,23465
Gynaecology Service,IMD,5,Over 52 Weeks,1955
Gynaecology Service,IMD,5,Total,57155
Gynaecology Service,IMD,6,Unknown Clock Start,120
Gynaecology Service,IMD,6,01 To 18 Weeks,30620
Gynaecology Service,IMD,6,18 To 52 Weeks,22430
Gynaecology Service,IMD,6,Over 52 Weeks,1855
Gynaecology Service,IMD,6,Total,55025
Gynaecology Service,IMD,7,Unknown Clock Start,165
Gynaecology Service,IMD,7,01 To 18 Weeks,29600
Gynaecology Service,IMD,7,18 To 52 Weeks,21410
Gynaecology Service,IMD,7,Over 52 Weeks,1730
Gynaecology Service,IMD,7,Total,52905
Gynaecology Service,IMD,8,Unknown Clock Start,130
Gynaecology Service,IMD,8,01 To 18 Weeks,29075
Gynaecology Service,IMD,8,18 To 52 Weeks,21200
Gynaecology Service,IMD,8,Over 52 Weeks,1705
Gynaecology Service,IMD,8,Total,52110
Gynaecology Service,IMD,9,Unknown Clock Start,100
Gynaecology Service,IMD,9,01 To 18 Weeks,27680
Gynaecology Service,IMD,9,18 To 52 Weeks,19745
Gynaecology Service,IMD,9,Over 52 Weeks,1590
Gynaecology Service,IMD,9,Total,49115
Gynaecology Service,Sex,Female,Unknown Clock Start,1485
Gynaecology Service,Sex,Female,01 To 18 Weeks,293475
Gynaecology Service,Sex,Female,18 To 52 Weeks,219525
Gynaecology Service,Sex,Female,Over 52 Weeks,18225
Gynaecology Service,Sex,Female,Total,532715
Gynaecology Service,Sex,Male,Unknown Clock Start,10
Gynaecology Service,Sex,Male,01 To 18 Weeks,4350
Gynaecology Service,Sex,Male,18 To 52 Weeks,1970
Gynaecology Service,Sex,Male,Over 52 Weeks,70
Gynaecology Service,Sex,Male,Total,6400
Neurology Service,Age,0-18 Years,Unknown Clock Start,15
Neurology Service,Age,0-18 Years,01 To 18 Weeks,3980
Neurology Service,Age,0-18 Years,18 To 52 Weeks,2645
Neurology Service,Age,0-18 Years,Over 52 Weeks,115
Neurology Service,Age,0-18 Years,Total,6750
Neurology Service,Age,19-64 Years,Unknown Clock Start,220
Neurology Service,Age,19-64 Years,01 To 18 Weeks,83040
Neurology Service,Age,19-64 Years,18 To 52 Weeks,63835
Neurology Service,Age,19-64 Years,Over 52 Weeks,4590
Neurology Service,Age,19-64 Years,Total,151685
Neurology Service,Age,Over 65 Years,Unknown Clock Start,95
Neurology Service,Age,Over 65 Years,01 To 18 Weeks,35290
Neurology Service,Age,Over 65 Years,18 To 52 Weeks,26580
Neurology Service,Age,Over 65 Years,Over 52 Weeks,1965
Neurology Service,Age,Over 65 Years,Total,63930
Neurology Service,Ethnicity,99: Not known,Unknown Clock Start,10
Neurology Service,Ethnicity,99: Not known,01 To 18 Weeks,6510
Neurology Service,Ethnicity,99: Not known,18 To 52 Weeks,2645
Neurology Service,Ethnicity,99: Not known,Over 52 Weeks,175
Neurology Service,Ethnicity,99: Not known,Total,9345
Neurology Service,Ethnicity,A: British,Unknown Clock Start,215
Neurology Service,Ethnicity,A: British,01 To 18 Weeks,88825
Neurology Service,Ethnicity,A: British,18 To 52 Weeks,66710
Neurology Service,Ethnicity,A: British,Over 52 Weeks,4805
Neurology Service,Ethnicity,A: British,Total,160555
Neurology Service,Ethnicity,B: Irish,Unknown Clock Start,*
Neurology Service,Ethnicity,B: Irish,01 To 18 Weeks,745
Neurology Service,Ethnicity,B: Irish,18 To 52 Weeks,570
Neurology Service,Ethnicity,B: Irish,Over 52 Weeks,35
Neurology Service,Ethnicity,B: Irish,Total,1355
Neurology Service,Ethnicity,C: Any other white background,Unknown Clock Start,20
Neurology Service,Ethnicity,C: Any other white background,01 To 18 Weeks,7510
Neurology Service,Ethnicity,C: Any other white background,18 To 52 Weeks,6160
Neurology Service,Ethnicity,C: Any other white background,Over 52 Weeks,410
Neurology Service,Ethnicity,C: Any other white background,Total,14095
Neurology Service,Ethnicity,D: White and Black Caribbean,Unknown Clock Start,*
Neurology Service,Ethnicity,D: White and Black Caribbean,01 To 18 Weeks,560
Neurology Service,Ethnicity,D: White and Black Caribbean,18 To 52 Weeks,430
Neurology Service,Ethnicity,D: White and Black Caribbean,Over 52 Weeks,30
Neurology Service,Ethnicity,D: White and Black Caribbean,Total,1025
Neurology Service,Ethnicity,E: White and Black African,Unknown Clock Start,*
Neurology Service,Ethnicity,E: White and Black African,01 To 18 Weeks,250
Neurology Service,Ethnicity,E: White and Black African,18 To 52 Weeks,200
Neurology Service,Ethnicity,E: White and Black African,Over 52 Weeks,10
Neurology Service,Ethnicity,E: White and Black African,Total,460
Neurology Service,Ethnicity,F: White and Asian,Unknown Clock Start,*
Neurology Service,Ethnicity,F: White and Asian,01 To 18 Weeks,360
Neurology Service,Ethnicity,F: White and Asian,18 To 52 Weeks,275
Neurology Service,Ethnicity,F: White and Asian,Over 52 Weeks,30
Neurology Service,Ethnicity,F: White and Asian,Total,665
Neurology Service,Ethnicity,G: Any other mixed background,01 To 18 Weeks,910
Neurology Service,Ethnicity,G: Any other mixed background,18 To 52 Weeks,680
Neurology Service,Ethnicity,G: Any other mixed background,Over 52 Weeks,60
Neurology Service,Ethnicity,G: Any other mixed background,Total,1655
Neurology Service,Ethnicity,H: Indian,Unknown Clock Start,*
Neurology Service,Ethnicity,H: Indian,01 To 18 Weeks,3220
Neurology Service,Ethnicity,H: Indian,18 To 52 Weeks,2445
Neurology Service,Ethnicity,H: Indian,Over 52 Weeks,140
Neurology Service,Ethnicity,H: Indian,Total,5810
Neurology Service,Ethnicity,J: Pakistani,Unknown Clock Start,15
Neurology Service,Ethnicity,J: Pakistani,01 To 18 Weeks,3080
Neurology Service,Ethnicity,J: Pakistani,18 To 52 Weeks,2335
Neurology Service,Ethnicity,J: Pakistani,Over 52 Weeks,150
Neurology Service,Ethnicity,J: Pakistani,Total,5580
Neurology Service,Ethnicity,K: Bangladeshi,Unknown Clock Start,15
Neurology Service,Ethnicity,K: Bangladeshi,01 To 18 Weeks,1050
Neurology Service,Ethnicity,K: Bangladeshi,18 To 52 Weeks,845
Neurology Service,Ethnicity,K: Bangladeshi,Over 52 Weeks,65
Neurology Service,Ethnicity,K: Bangladeshi,Total,1975
Neurology Service,Ethnicity,L: Any other Asian background,Unknown Clock Start,10
Neurology Service,Ethnicity,L: Any other Asian background,01 To 18 Weeks,2695
Neurology Service,Ethnicity,L: Any other Asian background,18 To 52 Weeks,2160
Neurology Service,Ethnicity,L: Any other Asian background,Over 52 Weeks,130
Neurology Service,Ethnicity,L: Any other Asian background,Total,4995
Neurology Service,Ethnicity,M: Caribbean,Unknown Clock Start,10
Neurology Service,Ethnicity,M: Caribbean,01 To 18 Weeks,1610
Neurology Service,Ethnicity,M: Caribbean,18 To 52 Weeks,1135
Neurology Service,Ethnicity,M: Caribbean,Over 52 Weeks,105
Neurology Service,Ethnicity,M: Caribbean,Total,2860
Neurology Service,Ethnicity,N: African,Unknown Clock Start,*
Neurology Service,Ethnicity,N: African,01 To 18 Weeks,2405
Neurology Service,Ethnicity,N: African,18 To 52 Weeks,1725
Neurology Service,Ethnicity,N: African,Over 52 Weeks,130
Neurology Service,Ethnicity,N: African,Total,4265
Neurology Service,Ethnicity,P: Any other Black background,Unknown Clock Start,*
Neurology Service,Ethnicity,P: Any other Black background,01 To 18 Weeks,1255
Neurology Service,Ethnicity,P: Any other Black background,18 To 52 Weeks,870
Neurology Service,Ethnicity,P: Any other Black background,Over 52 Weeks,65
Neurology Service,Ethnicity,P: Any other Black background,Total,2195
Neurology Service,Ethnicity,R: Chinese,Unknown Clock Start,*
Neurology Service,Ethnicity,R: Chinese,01 To 18 Weeks,385
Neurology Service,Ethnicity,R: Chinese,18 To 52 Weeks,310
Neurology Service,Ethnicity,R: Chinese,Over 52 Weeks,30
Neurology Service,Ethnicity,R: Chinese,Total,725
Neurology Service,Ethnicity,S: Any other ethnic group,Unknown Clock Start,*
Neurology Service,Ethnicity,S: Any other ethnic group,01 To 18 Weeks,1385
Neurology Service,Ethnicity,S: Any other ethnic group,18 To 52 Weeks,1065
Neurology Service,Ethnicity,S: Any other ethnic group,Over 52 Weeks,80
Neurology Service,Ethnicity,S: Any other ethnic group,Total,2535
Neurology Service,Ethnicity,Z: Not stated,Unknown Clock Start,10
Neurology Service,Ethnicity,Z: Not stated,01 To 18 Weeks,5200
Neurology Service,Ethnicity,Z: Not stated,18 To 52 Weeks,3725
Neurology Service,Ethnicity,Z: Not stated,Over 52 Weeks,220
Neurology Service,Ethnicity,Z: Not stated,Total,9150
Neurology Service,IMD,1,Unknown Clock Start,*
Neurology Service,IMD,1,01 To 18 Weeks,13550
Neurology Service,IMD,1,18 To 52 Weeks,10120
Neurology Service,IMD,1,Over 52 Weeks,815
Neurology Service,IMD,1,Total,24495
Neurology Service,IMD,10,Unknown Clock Start,55
Neurology Service,IMD,10,01 To 18 Weeks,10210
Neurology Service,IMD,10,18 To 52 Weeks,7980
Neurology Service,IMD,10,Over 52 Weeks,515
Neurology Service,IMD,10,Total,18760
Neurology Service,IMD,2,Unknown Clock Start,30
Neurology Service,IMD,2,01 To 18 Weeks,13060
Neurology Service,IMD,2,18 To 52 Weeks,9935
Neurology Service,IMD,2,Over 52 Weeks,750
Neurology Service,IMD,2,Total,23780
Neurology Service,IMD,3,Unknown Clock Start,30
Neurology Service,IMD,3,01 To 18 Weeks,12895
Neurology Service,IMD,3,18 To 52 Weeks,9980
Neurology Service,IMD,3,Over 52 Weeks,725
Neurology Service,IMD,3,Total,23630
Neurology Service,IMD,4,Unknown Clock Start,30
Neurology Service,IMD,4,01 To 18 Weeks,13040
Neurology Service,IMD,4,18 To 52 Weeks,9870
Neurology Service,IMD,4,Over 52 Weeks,745
Neurology Service,IMD,4,Total,23685
Neurology Service,IMD,5,Unknown Clock Start,35
Neurology Service,IMD,5,01 To 18 Weeks,12430
Neurology Service,IMD,5,18 To 52 Weeks,9330
Neurology Service,IMD,5,Over 52 Weeks,645
Neurology Service,IMD,5,Total,22435
Neurology Service,IMD,6,Unknown Clock Start,15
Neurology Service,IMD,6,01 To 18 Weeks,12090
Neurology Service,IMD,6,18 To 52 Weeks,9080
Neurology Service,IMD,6,Over 52 Weeks,615
Neurology Service,IMD,6,Total,21800
Neurology Service,IMD,7,Unknown Clock Start,45
Neurology Service,IMD,7,01 To 18 Weeks,11555
Neurology Service,IMD,7,18 To 52 Weeks,8505
Neurology Service,IMD,7,Over 52 Weeks,565
Neurology Service,IMD,7,Total,20670
Neurology Service,IMD,8,Unknown Clock Start,30
Neurology Service,IMD,8,01 To 18 Weeks,11565
Neurology Service,IMD,8,18 To 52 Weeks,8540
Neurology Service,IMD,8,Over 52 Weeks,620
Neurology Service,IMD,8,Total,20760
Neurology Service,IMD,9,Unknown Clock Start,45
Neurology Service,IMD,9,01 To 18 Weeks,10735
Neurology Service,IMD,9,18 To 52 Weeks,8000
Neurology Service,IMD,9,Over 52 Weeks,500
Neurology Service,IMD,9,Total,19280
Neurology Service,Sex,Female,Unknown Clock Start,170
Neurology Service,Sex,Female,01 To 18 Weeks,68675
Neurology Service,Sex,Female,18 To 52 Weeks,53010
Neurology Service,Sex,Female,Over 52 Weeks,3965
Neurology Service,Sex,Female,Total,125820
Neurology Service,Sex,Male,Unknown Clock Start,155
Neurology Service,Sex,Male,01 To 18 Weeks,49055
Neurology Service,Sex,Male,18 To 52 Weeks,36425
Neurology Service,Sex,Male,Over 52 Weeks,2605
Neurology Service,Sex,Male,Total,88245
Neurosurgical Service,Age,0-18 Years,01 To 18 Weeks,840
Neurosurgical Service,Age,0-18 Years,18 To 52 Weeks,545
Neurosurgical Service,Age,0-18 Years,Over 52 Weeks,50
Neurosurgical Service,Age,0-18 Years,Total,1435
Neurosurgical Service,Age,19-64 Years,Unknown Clock Start,*
Neurosurgical Service,Age,19-64 Years,01 To 18 Weeks,20300
Neurosurgical Service,Age,19-64 Years,18 To 52 Weeks,13790
Neurosurgical Service,Age,19-64 Years,Over 52 Weeks,1000
Neurosurgical Service,Age,19-64 Years,Total,35095
Neurosurgical Service,Age,Over 65 Years,Unknown Clock Start,*
Neurosurgical Service,Age,Over 65 Years,01 To 18 Weeks,11525
Neurosurgical Service,Age,Over 65 Years,18 To 52 Weeks,7440
Neurosurgical Service,Age,Over 65 Years,Over 52 Weeks,495
Neurosurgical Service,Age,Over 65 Years,Total,19460
Neurosurgical Service,Ethnicity,99: Not known,01 To 18 Weeks,1065
Neurosurgical Service,Ethnicity,99: Not known,18 To 52 Weeks,445
Neurosurgical Service,Ethnicity,99: Not known,Over 52 Weeks,40
Neurosurgical Service,Ethnicity,99: Not known,Total,1555
Neurosurgical Service,Ethnicity,A: British,Unknown Clock Start,*
Neurosurgical Service,Ethnicity,A: British,01 To 18 Weeks,23470
Neurosurgical Service,Ethnicity,A: British,18 To 52 Weeks,14685
Neurosurgical Service,Ethnicity,A: British,Over 52 Weeks,905
Neurosurgical Service,Ethnicity,A: British,Total,39065
Neurosurgical Service,Ethnicity,B: Irish,01 To 18 Weeks,200
Neurosurgical Service,Ethnicity,B: Irish,18 To 52 Weeks,160
Neurosurgical Service,Ethnicity,B: Irish,Over 52 Weeks,10
Neurosurgical Service,Ethnicity,B: Irish,Total,370
Neurosurgical Service,Ethnicity,C: Any other white background,01 To 18 Weeks,2180
Neurosurgical Service,Ethnicity,C: Any other white background,18 To 52 Weeks,1680
Neurosurgical Service,Ethnicity,C: Any other white background,Over 52 Weeks,175
Neurosurgical Service,Ethnicity,C: Any other white background,Total,4035
Neurosurgical Service,Ethnicity,D: White and Black Caribbean,01 To 18 Weeks,105
Neurosurgical Service,Ethnicity,D: White and Black Caribbean,18 To 52 Weeks,75
Neurosurgical Service,Ethnicity,D: White and Black Caribbean,Over 52 Weeks,10
Neurosurgical Service,Ethnicity,D: White and Black Caribbean,Total,185
Neurosurgical Service,Ethnicity,E: White and Black African,01 To 18 Weeks,65
Neurosurgical Service,Ethnicity,E: White and Black African,18 To 52 Weeks,40
Neurosurgical Service,Ethnicity,E: White and Black African,Over 52 Weeks,*
Neurosurgical Service,Ethnicity,E: White and Black African,Total,105
Neurosurgical Service,Ethnicity,F: White and Asian,01 To 18 Weeks,100
Neurosurgical Service,Ethnicity,F: White and Asian,18 To 52 Weeks,65
Neurosurgical Service,Ethnicity,F: White and Asian,Over 52 Weeks,*
Neurosurgical Service,Ethnicity,F: White and Asian,Total,165
Neurosurgical Service,Ethnicity,G: Any other mixed background,01 To 18 Weeks,230
Neurosurgical Service,Ethnicity,G: Any other mixed background,18 To 52 Weeks,170
Neurosurgical Service,Ethnicity,G: Any other mixed background,Over 52 Weeks,15
Neurosurgical Service,Ethnicity,G: Any other mixed background,Total,415
Neurosurgical Service,Ethnicity,H: Indian,01 To 18 Weeks,1025
Neurosurgical Service,Ethnicity,H: Indian,18 To 52 Weeks,695
Neurosurgical Service,Ethnicity,H: Indian,Over 52 Weeks,70
Neurosurgical Service,Ethnicity,H: Indian,Total,1785
Neurosurgical Service,Ethnicity,J: Pakistani,01 To 18 Weeks,825
Neurosurgical Service,Ethnicity,J: Pakistani,18 To 52 Weeks,600
Neurosurgical Service,Ethnicity,J: Pakistani,Over 52 Weeks,35
Neurosurgical Service,Ethnicity,J: Pakistani,Total,1455
Neurosurgical Service,Ethnicity,K: Bangladeshi,01 To 18 Weeks,365
Neurosurgical Service,Ethnicity,K: Bangladeshi,18 To 52 Weeks,265
Neurosurgical Service,Ethnicity,K: Bangladeshi,Over 52 Weeks,15
Neurosurgical Service,Ethnicity,K: Bangladeshi,Total,640
Neurosurgical Service,Ethnicity,L: Any other Asian background,01 To 18 Weeks,875
Neurosurgical Service,Ethnicity,L: Any other Asian background,18 To 52 Weeks,715
Neurosurgical Service,Ethnicity,L: Any other Asian background,Over 52 Weeks,70
Neurosurgical Service,Ethnicity,L: Any other Asian background,Total,1665
Neurosurgical Service,Ethnicity,M: Caribbean,01 To 18 Weeks,450
Neurosurgical Service,Ethnicity,M: Caribbean,18 To 52 Weeks,385
Neurosurgical Service,Ethnicity,M: Caribbean,Over 52 Weeks,40
Neurosurgical Service,Ethnicity,M: Caribbean,Total,870
Neurosurgical Service,Ethnicity,N: African,Unknown Clock Start,*
Neurosurgical Service,Ethnicity,N: African,01 To 18 Weeks,710
Neurosurgical Service,Ethnicity,N: African,18 To 52 Weeks,520
Neurosurgical Service,Ethnicity,N: African,Over 52 Weeks,35
Neurosurgical Service,Ethnicity,N: African,Total,1260
Neurosurgical Service,Ethnicity,P: Any other Black background,01 To 18 Weeks,310
Neurosurgical Service,Ethnicity,P: Any other Black background,18 To 52 Weeks,230
Neurosurgical Service,Ethnicity,P: Any other Black background,Over 52 Weeks,25
Neurosurgical Service,Ethnicity,P: Any other Black background,Total,570
Neurosurgical Service,Ethnicity,R: Chinese,01 To 18 Weeks,135
Neurosurgical Service,Ethnicity,R: Chinese,18 To 52 Weeks,125
Neurosurgical Service,Ethnicity,R: Chinese,Over 52 Weeks,10
Neurosurgical Service,Ethnicity,R: Chinese,Total,270
Neurosurgical Service,Ethnicity,S: Any other ethnic group,01 To 18 Weeks,325
Neurosurgical Service,Ethnicity,S: Any other ethnic group,18 To 52 Weeks,285
Neurosurgical Service,Ethnicity,S: Any other ethnic group,Over 52 Weeks,30
Neurosurgical Service,Ethnicity,S: Any other ethnic group,Total,645
Neurosurgical Service,Ethnicity,Z: Not stated,01 To 18 Weeks,1340
Neurosurgical Service,Ethnicity,Z: Not stated,18 To 52 Weeks,755
Neurosurgical Service,Ethnicity,Z: Not stated,Over 52 Weeks,55
Neurosurgical Service,Ethnicity,Z: Not stated,Total,2150
Neurosurgical Service,IMD,1,Unknown Clock Start,*
Neurosurgical Service,IMD,1,01 To 18 Weeks,3950
Neurosurgical Service,IMD,1,18 To 52 Weeks,2530
Neurosurgical Service,IMD,1,Over 52 Weeks,115
Neurosurgical Service,IMD,1,Total,6600
Neurosurgical Service,IMD,10,Unknown Clock Start,*
Neurosurgical Service,IMD,10,01 To 18 Weeks,2635
Neurosurgical Service,IMD,10,18 To 52 Weeks,1540
Neurosurgical Service,IMD,10,Over 52 Weeks,135
Neurosurgical Service,IMD,10,Total,4315
Neurosurgical Service,IMD,2,01 To 18 Weeks,3525
Neurosurgical Service,IMD,2,18 To 52 Weeks,2480
Neurosurgical Service,IMD,2,Over 52 Weeks,140
Neurosurgical Service,IMD,2,Total,6145
Neurosurgical Service,IMD,3,Unknown Clock Start,*
Neurosurgical Service,IMD,3,01 To 18 Weeks,3605
Neurosurgical Service,IMD,3,18 To 52 Weeks,2510
Neurosurgical Service,IMD,3,Over 52 Weeks,180
Neurosurgical Service,IMD,3,Total,6295
Neurosurgical Service,IMD,4,Unknown Clock Start,*
Neurosurgical Service,IMD,4,01 To 18 Weeks,3395
Neurosurgical Service,IMD,4,18 To 52 Weeks,2270
Neurosurgical Service,IMD,4,Over 52 Weeks,170
Neurosurgical Service,IMD,4,Total,5835
Neurosurgical Service,IMD,5,01 To 18 Weeks,3125
Neurosurgical Service,IMD,5,18 To 52 Weeks,2115
Neurosurgical Service,IMD,5,Over 52 Weeks,160
Neurosurgical Service,IMD,5,Total,5395
Neurosurgical Service,IMD,6,01 To 18 Weeks,3155
Neurosurgical Service,IMD,6,18 To 52 Weeks,2070
Neurosurgical Service,IMD,6,Over 52 Weeks,195
Neurosurgical Service,IMD,6,Total,5425
Neurosurgical Service,IMD,7,Unknown Clock Start,*
Neurosurgical Service,IMD,7,01 To 18 Weeks,3210
Neurosurgical Service,IMD,7,18 To 52 Weeks,1975
Neurosurgical Service,IMD,7,Over 52 Weeks,150
Neurosurgical Service,IMD,7,Total,5340
Neurosurgical Service,IMD,8,Unknown Clock Start,*
Neurosurgical Service,IMD,8,01 To 18 Weeks,3030
Neurosurgical Service,IMD,8,18 To 52 Weeks,1980
Neurosurgical Service,IMD,8,Over 52 Weeks,140
Neurosurgical Service,IMD,8,Total,5155
Neurosurgical Service,IMD,9,01 To 18 Weeks,2925
Neurosurgical Service,IMD,9,18 To 52 Weeks,1870
Neurosurgical Service,IMD,9,Over 52 Weeks,125
Neurosurgical Service,IMD,9,Total,4920
Neurosurgical Service,Sex,Female,Unknown Clock Start,*
Neurosurgical Service,Sex,Female,01 To 18 Weeks,17625
Neurosurgical Service,Sex,Female,18 To 52 Weeks,11830
Neurosurgical Service,Sex,Female,Over 52 Weeks,810
Neurosurgical Service,Sex,Female,Total,30265
Neurosurgical Service,Sex,Male,Unknown Clock Start,*
Neurosurgical Service,Sex,Male,01 To 18 Weeks,14010
Neurosurgical Service,Sex,Male,18 To 52 Weeks,9125
Neurosurgical Service,Sex,Male,Over 52 Weeks,665
Neurosurgical Service,Sex,Male,Total,23805
Ophthalmology Service,Age,0-18 Years,Unknown Clock Start,70
Ophthalmology Service,Age,0-18 Years,01 To 18 Weeks,19035
Ophthalmology Service,Age,0-18 Years,18 To 52 Weeks,9780
Ophthalmology Service,Age,0-18 Years,Over 52 Weeks,285
Ophthalmology Service,Age,0-18 Years,Total,29175
Ophthalmology Service,Age,19-64 Years,Unknown Clock Start,435
Ophthalmology Service,Age,19-64 Years,01 To 18 Weeks,140875
Ophthalmology Service,Age,19-64 Years,18 To 52 Weeks,67515
Ophthalmology Service,Age,19-64 Years,Over 52 Weeks,2935
Ophthalmology Service,Age,19-64 Years,Total,211760
Ophthalmology Service,Age,Over 65 Years,Unknown Clock Start,545
Ophthalmology Service,Age,Over 65 Years,01 To 18 Weeks,248815
Ophthalmology Service,Age,Over 65 Years,18 To 52 Weeks,96020
Ophthalmology Service,Age,Over 65 Years,Over 52 Weeks,4720
Ophthalmology Service,Age,Over 65 Years,Total,350105
Ophthalmology Service,Ethnicity,99: Not known,Unknown Clock Start,65
Ophthalmology Service,Ethnicity,99: Not known,01 To 18 Weeks,16390
Ophthalmology Service,Ethnicity,99: Not known,18 To 52 Weeks,5940
Ophthalmology Service,Ethnicity,99: Not known,Over 52 Weeks,265
Ophthalmology Service,Ethnicity,99: Not known,Total,22655
Ophthalmology Service,Ethnicity,A: British,Unknown Clock Start,615
Ophthalmology Service,Ethnicity,A: British,01 To 18 Weeks,293530
Ophthalmology Service,Ethnicity,A: British,18 To 52 Weeks,124365
Ophthalmology Service,Ethnicity,A: British,Over 52 Weeks,5950
Ophthalmology Service,Ethnicity,A: British,Total,424455
Ophthalmology Service,Ethnicity,B: Irish,Unknown Clock Start,*
Ophthalmology Service,Ethnicity,B: Irish,01 To 18 Weeks,2650
Ophthalmology Service,Ethnicity,B: Irish,18 To 52 Weeks,1090
Ophthalmology Service,Ethnicity,B: Irish,Over 52 Weeks,65
Ophthalmology Service,Ethnicity,B: Irish,Total,3810
Ophthalmology Service,Ethnicity,C: Any other white background,Unknown Clock Start,50
Ophthalmology Service,Ethnicity,C: Any other white background,01 To 18 Weeks,17290
Ophthalmology Service,Ethnicity,C: Any other white background,18 To 52 Weeks,7785
Ophthalmology Service,Ethnicity,C: Any other white background,Over 52 Weeks,280
Ophthalmology Service,Ethnicity,C: Any other white background,Total,25405
Ophthalmology Service,Ethnicity,D: White and Black Caribbean,Unknown Clock Start,*
Ophthalmology Service,Ethnicity,D: White and Black Caribbean,01 To 18 Weeks,1000
Ophthalmology Service,Ethnicity,D: White and Black Caribbean,18 To 52 Weeks,475
Ophthalmology Service,Ethnicity,D: White and Black Caribbean,Over 52 Weeks,10
Ophthalmology Service,Ethnicity,D: White and Black Caribbean,Total,1485
Ophthalmology Service,Ethnicity,E: White and Black African,Unknown Clock Start,*
Ophthalmology Service,Ethnicity,E: White and Black African,01 To 18 Weeks,690
Ophthalmology Service,Ethnicity,E: White and Black African,18 To 52 Weeks,320
Ophthalmology Service,Ethnicity,E: White and Black African,Over 52 Weeks,10
Ophthalmology Service,Ethnicity,E: White and Black African,Total,1025
Ophthalmology Service,Ethnicity,F: White and Asian,Unknown Clock Start,*
Ophthalmology Service,Ethnicity,F: White and Asian,01 To 18 Weeks,855
Ophthalmology Service,Ethnicity,F: White and Asian,18 To 52 Weeks,400
Ophthalmology Service,Ethnicity,F: White and Asian,Over 52 Weeks,15
Ophthalmology Service,Ethnicity,F: White and Asian,Total,1280
Ophthalmology Service,Ethnicity,G: Any other mixed background,Unknown Clock Start,10
Ophthalmology Service,Ethnicity,G: Any other mixed background,01 To 18 Weeks,2095
Ophthalmology Service,Ethnicity,G: Any other mixed background,18 To 52 Weeks,990
Ophthalmology Service,Ethnicity,G: Any other mixed background,Over 52 Weeks,45
Ophthalmology Service,Ethnicity,G: Any other mixed background,Total,3135
Ophthalmology Service,Ethnicity,H: Indian,Unknown Clock Start,40
Ophthalmology Service,Ethnicity,H: Indian,01 To 18 Weeks,12720
Ophthalmology Service,Ethnicity,H: Indian,18 To 52 Weeks,4895
Ophthalmology Service,Ethnicity,H: Indian,Over 52 Weeks,170
Ophthalmology Service,Ethnicity,H: Indian,Total,17820
Ophthalmology Service,Ethnicity,J: Pakistani,Unknown Clock Start,70
Ophthalmology Service,Ethnicity,J: Pakistani,01 To 18 Weeks,9365
Ophthalmology Service,Ethnicity,J: Pakistani,18 To 52 Weeks,4475
Ophthalmology Service,Ethnicity,J: Pakistani,Over 52 Weeks,190
Ophthalmology Service,Ethnicity,J: Pakistani,Total,14095
Ophthalmology Service,Ethnicity,K: Bangladeshi,Unknown Clock Start,20
Ophthalmology Service,Ethnicity,K: Bangladeshi,01 To 18 Weeks,3390
Ophthalmology Service,Ethnicity,K: Bangladeshi,18 To 52 Weeks,1365
Ophthalmology Service,Ethnicity,K: Bangladeshi,Over 52 Weeks,50
Ophthalmology Service,Ethnicity,K: Bangladeshi,Total,4825
Ophthalmology Service,Ethnicity,L: Any other Asian background,Unknown Clock Start,55
Ophthalmology Service,Ethnicity,L: Any other Asian background,01 To 18 Weeks,8255
Ophthalmology Service,Ethnicity,L: Any other Asian background,18 To 52 Weeks,3350
Ophthalmology Service,Ethnicity,L: Any other Asian background,Over 52 Weeks,135
Ophthalmology Service,Ethnicity,L: Any other Asian background,Total,11790
Ophthalmology Service,Ethnicity,M: Caribbean,Unknown Clock Start,20
Ophthalmology Service,Ethnicity,M: Caribbean,01 To 18 Weeks,5655
Ophthalmology Service,Ethnicity,M: Caribbean,18 To 52 Weeks,2060
Ophthalmology Service,Ethnicity,M: Caribbean,Over 52 Weeks,90
Ophthalmology Service,Ethnicity,M: Caribbean,Total,7825
Ophthalmology Service,Ethnicity,N: African,Unknown Clock Start,35
Ophthalmology Service,Ethnicity,N: African,01 To 18 Weeks,8825
Ophthalmology Service,Ethnicity,N: African,18 To 52 Weeks,3475
Ophthalmology Service,Ethnicity,N: African,Over 52 Weeks,165
Ophthalmology Service,Ethnicity,N: African,Total,12495
Ophthalmology Service,Ethnicity,P: Any other Black background,Unknown Clock Start,15
Ophthalmology Service,Ethnicity,P: Any other Black background,01 To 18 Weeks,3770
Ophthalmology Service,Ethnicity,P: Any other Black background,18 To 52 Weeks,1515
Ophthalmology Service,Ethnicity,P: Any other Black background,Over 52 Weeks,65
Ophthalmology Service,Ethnicity,P: Any other Black background,Total,5360
Ophthalmology Service,Ethnicity,R: Chinese,Unknown Clock Start,10
Ophthalmology Service,Ethnicity,R: Chinese,01 To 18 Weeks,2095
Ophthalmology Service,Ethnicity,R: Chinese,18 To 52 Weeks,880
Ophthalmology Service,Ethnicity,R: Chinese,Over 52 Weeks,40
Ophthalmology Service,Ethnicity,R: Chinese,Total,3020
Ophthalmology Service,Ethnicity,S: Any other ethnic group,Unknown Clock Start,15
Ophthalmology Service,Ethnicity,S: Any other ethnic group,01 To 18 Weeks,3760
Ophthalmology Service,Ethnicity,S: Any other ethnic group,18 To 52 Weeks,1630
Ophthalmology Service,Ethnicity,S: Any other ethnic group,Over 52 Weeks,55
Ophthalmology Service,Ethnicity,S: Any other ethnic group,Total,5460
Ophthalmology Service,Ethnicity,Z: Not stated,Unknown Clock Start,25
Ophthalmology Service,Ethnicity,Z: Not stated,01 To 18 Weeks,21045
Ophthalmology Service,Ethnicity,Z: Not stated,18 To 52 Weeks,8660
Ophthalmology Service,Ethnicity,Z: Not stated,Over 52 Weeks,350
Ophthalmology Service,Ethnicity,Z: Not stated,Total,30075
Ophthalmology Service,IMD,1,Unknown Clock Start,50
Ophthalmology Service,IMD,1,01 To 18 Weeks,36970
Ophthalmology Service,IMD,1,18 To 52 Weeks,17185
Ophthalmology Service,IMD,1,Over 52 Weeks,775
Ophthalmology Service,IMD,1,Total,54980
Ophthalmology Service,IMD,10,Unknown Clock Start,155
Ophthalmology Service,IMD,10,01 To 18 Weeks,39925
Ophthalmology Service,IMD,10,18 To 52 Weeks,16005
Ophthalmology Service,IMD,10,Over 52 Weeks,635
Ophthalmology Service,IMD,10,Total,56720
Ophthalmology Service,IMD,2,Unknown Clock Start,115
Ophthalmology Service,IMD,2,01 To 18 Weeks,38380
Ophthalmology Service,IMD,2,18 To 52 Weeks,16225
Ophthalmology Service,IMD,2,Over 52 Weeks,715
Ophthalmology Service,IMD,2,Total,55435
Ophthalmology Service,IMD,3,Unknown Clock Start,100
Ophthalmology Service,IMD,3,01 To 18 Weeks,39350
Ophthalmology Service,IMD,3,18 To 52 Weeks,16490
Ophthalmology Service,IMD,3,Over 52 Weeks,810
Ophthalmology Service,IMD,3,Total,56755
Ophthalmology Service,IMD,4,Unknown Clock Start,105
Ophthalmology Service,IMD,4,01 To 18 Weeks,40300
Ophthalmology Service,IMD,4,18 To 52 Weeks,17385
Ophthalmology Service,IMD,4,Over 52 Weeks,825
Ophthalmology Service,IMD,4,Total,58610
Ophthalmology Service,IMD,5,Unknown Clock Start,95
Ophthalmology Service,IMD,5,01 To 18 Weeks,41030
Ophthalmology Service,IMD,5,18 To 52 Weeks,17055
Ophthalmology Service,IMD,5,Over 52 Weeks,830
Ophthalmology Service,IMD,5,Total,59005
Ophthalmology Service,IMD,6,Unknown Clock Start,85
Ophthalmology Service,IMD,6,01 To 18 Weeks,41675
Ophthalmology Service,IMD,6,18 To 52 Weeks,17185
Ophthalmology Service,IMD,6,Over 52 Weeks,800
Ophthalmology Service,IMD,6,Total,59740
Ophthalmology Service,IMD,7,Unknown Clock Start,95
Ophthalmology Service,IMD,7,01 To 18 Weeks,41150
Ophthalmology Service,IMD,7,18 To 52 Weeks,17110
Ophthalmology Service,IMD,7,Over 52 Weeks,805
Ophthalmology Service,IMD,7,Total,59155
Ophthalmology Service,IMD,8,Unknown Clock Start,110
Ophthalmology Service,IMD,8,01 To 18 Weeks,41555
Ophthalmology Service,IMD,8,18 To 52 Weeks,17430
Ophthalmology Service,IMD,8,Over 52 Weeks,790
Ophthalmology Service,IMD,8,Total,59885
Ophthalmology Service,IMD,9,Unknown Clock Start,115
Ophthalmology Service,IMD,9,01 To 18 Weeks,40975
Ophthalmology Service,IMD,9,18 To 52 Weeks,17050
Ophthalmology Service,IMD,9,Over 52 Weeks,805
Ophthalmology Service,IMD,9,Total,58945
Ophthalmology Service,Sex,Female,Unknown Clock Start,550
Ophthalmology Service,Sex,Female,01 To 18 Weeks,214575
Ophthalmology Service,Sex,Female,18 To 52 Weeks,90545
Ophthalmology Service,Sex,Female,Over 52 Weeks,3955
Ophthalmology Service,Sex,Female,Total,309625
Ophthalmology Service,Sex,Male,Unknown Clock Start,495
Ophthalmology Service,Sex,Male,01 To 18 Weeks,174880
Ophthalmology Service,Sex,Male,18 To 52 Weeks,71320
Ophthalmology Service,Sex,Male,Over 52 Weeks,3075
Ophthalmology Service,Sex,Male,Total,249770
Oral Surgery Service,Age,0-18 Years,Unknown Clock Start,80
Oral Surgery Service,Age,0-18 Years,01 To 18 Weeks,17065
Oral Surgery Service,Age,0-18 Years,18 To 52 Weeks,18890
Oral Surgery Service,Age,0-18 Years,Over 52 Weeks,2080
Oral Surgery Service,Age,0-18 Years,Total,38115
Oral Surgery Service,Age,19-64 Years,Unknown Clock Start,205
Oral Surgery Service,Age,19-64 Years,01 To 18 Weeks,103055
Oral Surgery Service,Age,19-64 Years,18 To 52 Weeks,101420
Oral Surgery Service,Age,19-64 Years,Over 52 Weeks,9565
Oral Surgery Service,Age,19-64 Years,Total,214245
Oral Surgery Service,Age,Over 65 Years,Unknown Clock Start,70
Oral Surgery Service,Age,Over 65 Years,01 To 18 Weeks,36910
Oral Surgery Service,Age,Over 65 Years,18 To 52 Weeks,29055
Oral Surgery Service,Age,Over 65 Years,Over 52 Weeks,2445
Oral Surgery Service,Age,Over 65 Years,Total,68480
Oral Surgery Service,Ethnicity,99: Not known,Unknown Clock Start,20
Oral Surgery Service,Ethnicity,99: Not known,01 To 18 Weeks,5010
Oral Surgery Service,Ethnicity,99: Not known,18 To 52 Weeks,4145
Oral Surgery Service,Ethnicity,99: Not known,Over 52 Weeks,360
Oral Surgery Service,Ethnicity,99: Not known,Total,9540
Oral Surgery Service,Ethnicity,A: British,Unknown Clock Start,210
Oral Surgery Service,Ethnicity,A: British,01 To 18 Weeks,109225
Oral Surgery Service,Ethnicity,A: British,18 To 52 Weeks,105775
Oral Surgery Service,Ethnicity,A: British,Over 52 Weeks,10425
Oral Surgery Service,Ethnicity,A: British,Total,225635
Oral Surgery Service,Ethnicity,B: Irish,Unknown Clock Start,*
Oral Surgery Service,Ethnicity,B: Irish,01 To 18 Weeks,740
Oral Surgery Service,Ethnicity,B: Irish,18 To 52 Weeks,685
Oral Surgery Service,Ethnicity,B: Irish,Over 52 Weeks,50
Oral Surgery Service,Ethnicity,B: Irish,Total,1475
Oral Surgery Service,Ethnicity,C: Any other white background,Unknown Clock Start,20
Oral Surgery Service,Ethnicity,C: Any other white background,01 To 18 Weeks,8145
Oral Surgery Service,Ethnicity,C: Any other white background,18 To 52 Weeks,7605
Oral Surgery Service,Ethnicity,C: Any other white background,Over 52 Weeks,655
Oral Surgery Service,Ethnicity,C: Any other white background,Total,16430
Oral Surgery Service,Ethnicity,D: White and Black Caribbean,Unknown Clock Start,*
Oral Surgery Service,Ethnicity,D: White and Black Caribbean,01 To 18 Weeks,845
Oral Surgery Service,Ethnicity,D: White and Black Caribbean,18 To 52 Weeks,835
Oral Surgery Service,Ethnicity,D: White and Black Caribbean,Over 52 Weeks,60
Oral Surgery Service,Ethnicity,D: White and Black Caribbean,Total,1740
Oral Surgery Service,Ethnicity,E: White and Black African,Unknown Clock Start,*
Oral Surgery Service,Ethnicity,E: White and Black African,01 To 18 Weeks,385
Oral Surgery Service,Ethnicity,E: White and Black African,18 To 52 Weeks,390
Oral Surgery Service,Ethnicity,E: White and Black African,Over 52 Weeks,35
Oral Surgery Service,Ethnicity,E: White and Black African,Total,810
Oral Surgery Service,Ethnicity,F: White and Asian,01 To 18 Weeks,575
Oral Surgery Service,Ethnicity,F: White and Asian,18 To 52 Weeks,570
Oral Surgery Service,Ethnicity,F: White and Asian,Over 52 Weeks,50
Oral Surgery Service,Ethnicity,F: White and Asian,Total,1195
Oral Surgery Service,Ethnicity,G: Any other mixed background,Unknown Clock Start,*
Oral Surgery Service,Ethnicity,G: Any other mixed background,01 To 18 Weeks,1275
Oral Surgery Service,Ethnicity,G: Any other mixed background,18 To 52 Weeks,1260
Oral Surgery Service,Ethnicity,G: Any other mixed background,Over 52 Weeks,105
Oral Surgery Service,Ethnicity,G: Any other mixed background,Total,2640
Oral Surgery Service,Ethnicity,H: Indian,Unknown Clock Start,10
Oral Surgery Service,Ethnicity,H: Indian,01 To 18 Weeks,4660
Oral Surgery Service,Ethnicity,H: Indian,18 To 52 Weeks,4335
Oral Surgery Service,Ethnicity,H: Indian,Over 52 Weeks,370
Oral Surgery Service,Ethnicity,H: Indian,Total,9375
Oral Surgery Service,Ethnicity,J: Pakistani,Unknown Clock Start,35
Oral Surgery Service,Ethnicity,J: Pakistani,01 To 18 Weeks,4235
Oral Surgery Service,Ethnicity,J: Pakistani,18 To 52 Weeks,3950
Oral Surgery Service,Ethnicity,J: Pakistani,Over 52 Weeks,385
Oral Surgery Service,Ethnicity,J: Pakistani,Total,8600
Oral Surgery Service,Ethnicity,K: Bangladeshi,Unknown Clock Start,10
Oral Surgery Service,Ethnicity,K: Bangladeshi,01 To 18 Weeks,1700
Oral Surgery Service,Ethnicity,K: Bangladeshi,18 To 52 Weeks,1420
Oral Surgery Service,Ethnicity,K: Bangladeshi,Over 52 Weeks,120
Oral Surgery Service,Ethnicity,K: Bangladeshi,Total,3250
Oral Surgery Service,Ethnicity,L: Any other Asian background,Unknown Clock Start,10
Oral Surgery Service,Ethnicity,L: Any other Asian background,01 To 18 Weeks,3295
Oral Surgery Service,Ethnicity,L: Any other Asian background,18 To 52 Weeks,2955
Oral Surgery Service,Ethnicity,L: Any other Asian background,Over 52 Weeks,245
Oral Surgery Service,Ethnicity,L: Any other Asian background,Total,6510
Oral Surgery Service,Ethnicity,M: Caribbean,Unknown Clock Start,*
Oral Surgery Service,Ethnicity,M: Caribbean,01 To 18 Weeks,2235
Oral Surgery Service,Ethnicity,M: Caribbean,18 To 52 Weeks,1855
Oral Surgery Service,Ethnicity,M: Caribbean,Over 52 Weeks,110
Oral Surgery Service,Ethnicity,M: Caribbean,Total,4205
Oral Surgery Service,Ethnicity,N: African,Unknown Clock Start,*
Oral Surgery Service,Ethnicity,N: African,01 To 18 Weeks,3155
Oral Surgery Service,Ethnicity,N: African,18 To 52 Weeks,2735
Oral Surgery Service,Ethnicity,N: African,Over 52 Weeks,205
Oral Surgery Service,Ethnicity,N: African,Total,6100
Oral Surgery Service,Ethnicity,P: Any other Black background,Unknown Clock Start,*
Oral Surgery Service,Ethnicity,P: Any other Black background,01 To 18 Weeks,1735
Oral Surgery Service,Ethnicity,P: Any other Black background,18 To 52 Weeks,1465
Oral Surgery Service,Ethnicity,P: Any other Black background,Over 52 Weeks,95
Oral Surgery Service,Ethnicity,P: Any other Black background,Total,3305
Oral Surgery Service,Ethnicity,R: Chinese,Unknown Clock Start,*
Oral Surgery Service,Ethnicity,R: Chinese,01 To 18 Weeks,740
Oral Surgery Service,Ethnicity,R: Chinese,18 To 52 Weeks,615
Oral Surgery Service,Ethnicity,R: Chinese,Over 52 Weeks,60
Oral Surgery Service,Ethnicity,R: Chinese,Total,1415
Oral Surgery Service,Ethnicity,S: Any other ethnic group,Unknown Clock Start,*
Oral Surgery Service,Ethnicity,S: Any other ethnic group,01 To 18 Weeks,1700
Oral Surgery Service,Ethnicity,S: Any other ethnic group,18 To 52 Weeks,1495
Oral Surgery Service,Ethnicity,S: Any other ethnic group,Over 52 Weeks,100
Oral Surgery Service,Ethnicity,S: Any other ethnic group,Total,3300
Oral Surgery Service,Ethnicity,Z: Not stated,Unknown Clock Start,10
Oral Surgery Service,Ethnicity,Z: Not stated,01 To 18 Weeks,8700
Oral Surgery Service,Ethnicity,Z: Not stated,18 To 52 Weeks,7760
Oral Surgery Service,Ethnicity,Z: Not stated,Over 52 Weeks,675
Oral Surgery Service,Ethnicity,Z: Not stated,Total,17140
Oral Surgery Service,IMD,1,Unknown Clock Start,*
Oral Surgery Service,IMD,1,01 To 18 Weeks,16855
Oral Surgery Service,IMD,1,18 To 52 Weeks,16935
Oral Surgery Service,IMD,1,Over 52 Weeks,1685
Oral Surgery Service,IMD,1,Total,35480
Oral Surgery Service,IMD,10,Unknown Clock Start,35
Oral Surgery Service,IMD,10,01 To 18 Weeks,12815
Oral Surgery Service,IMD,10,18 To 52 Weeks,13105
Oral Surgery Service,IMD,10,Over 52 Weeks,1300
Oral Surgery Service,IMD,10,Total,27255
Oral Surgery Service,IMD,2,Unknown Clock Start,45
Oral Surgery Service,IMD,2,01 To 18 Weeks,16880
Oral Surgery Service,IMD,2,18 To 52 Weeks,14960
Oral Surgery Service,IMD,2,Over 52 Weeks,1300
Oral Surgery Service,IMD,2,Total,33185
Oral Surgery Service,IMD,3,Unknown Clock Start,45
Oral Surgery Service,IMD,3,01 To 18 Weeks,16595
Oral Surgery Service,IMD,3,18 To 52 Weeks,15200
Oral Surgery Service,IMD,3,Over 52 Weeks,1365
Oral Surgery Service,IMD,3,Total,33205
Oral Surgery Service,IMD,4,Unknown Clock Start,40
Oral Surgery Service,IMD,4,01 To 18 Weeks,15620
Oral Surgery Service,IMD,4,18 To 52 Weeks,14475
Oral Surgery Service,IMD,4,Over 52 Weeks,1315
Oral Surgery Service,IMD,4,Total,31455
Oral Surgery Service,IMD,5,Unknown Clock Start,45
Oral Surgery Service,IMD,5,01 To 18 Weeks,15360
Oral Surgery Service,IMD,5,18 To 52 Weeks,14210
Oral Surgery Service,IMD,5,Over 52 Weeks,1360
Oral Surgery Service,IMD,5,Total,30970
Oral Surgery Service,IMD,6,Unknown Clock Start,20
Oral Surgery Service,IMD,6,01 To 18 Weeks,15105
Oral Surgery Service,IMD,6,18 To 52 Weeks,14235
Oral Surgery Service,IMD,6,Over 52 Weeks,1290
Oral Surgery Service,IMD,6,Total,30650
Oral Surgery Service,IMD,7,Unknown Clock Start,30
Oral Surgery Service,IMD,7,01 To 18 Weeks,14885
Oral Surgery Service,IMD,7,18 To 52 Weeks,14080
Oral Surgery Service,IMD,7,Over 52 Weeks,1305
Oral Surgery Service,IMD,7,Total,30300
Oral Surgery Service,IMD,8,Unknown Clock Start,30
Oral Surgery Service,IMD,8,01 To 18 Weeks,14635
Oral Surgery Service,IMD,8,18 To 52 Weeks,14095
Oral Surgery Service,IMD,8,Over 52 Weeks,1375
Oral Surgery Service,IMD,8,Total,30130
Oral Surgery Service,IMD,9,Unknown Clock Start,40
Oral Surgery Service,IMD,9,01 To 18 Weeks,14045
Oral Surgery Service,IMD,9,18 To 52 Weeks,13620
Oral Surgery Service,IMD,9,Over 52 Weeks,1390
Oral Surgery Service,IMD,9,Total,29095
Oral Surgery Service,Sex,Female,Unknown Clock Start,220
Oral Surgery Service,Sex,Female,01 To 18 Weeks,85320
Oral Surgery Service,Sex,Female,18 To 52 Weeks,84515
Oral Surgery Service,Sex,Female,Over 52 Weeks,8090
Oral Surgery Service,Sex,Female,Total,178145
Oral Surgery Service,Sex,Male,Unknown Clock Start,135
Oral Surgery Service,Sex,Male,01 To 18 Weeks,61315
Oral Surgery Service,Sex,Male,18 To 52 Weeks,56680
Oral Surgery Service,Sex,Male,Over 52 Weeks,5350
Oral Surgery Service,Sex,Male,Total,123480
Other - Medical Services,Age,0-18 Years,Unknown Clock Start,400
Other - Medical Services,Age,0-18 Years,01 To 18 Weeks,105450
Other - Medical Services,Age,0-18 Years,18 To 52 Weeks,42445
Other - Medical Services,Age,0-18 Years,Over 52 Weeks,1200
Other - Medical Services,Age,0-18 Years,Total,149500
Other - Medical Services,Age,19-64 Years,Unknown Clock Start,765
Other - Medical Services,Age,19-64 Years,01 To 18 Weeks,257675
Other - Medical Services,Age,19-64 Years,18 To 52 Weeks,151940
Other - Medical Services,Age,19-64 Years,Over 52 Weeks,8190
Other - Medical Services,Age,19-64 Years,Total,418570
Other - Medical Services,Age,Over 65 Years,Unknown Clock Start,745
Other - Medical Services,Age,Over 65 Years,01 To 18 Weeks,123265
Other - Medical Services,Age,Over 65 Years,18 To 52 Weeks,61590
Other - Medical Services,Age,Over 65 Years,Over 52 Weeks,3175
Other - Medical Services,Age,Over 65 Years,Total,188775
Other - Medical Services,Ethnicity,99: Not known,Unknown Clock Start,50
Other - Medical Services,Ethnicity,99: Not known,01 To 18 Weeks,19855
Other - Medical Services,Ethnicity,99: Not known,18 To 52 Weeks,7210
Other - Medical Services,Ethnicity,99: Not known,Over 52 Weeks,330
Other - Medical Services,Ethnicity,99: Not known,Total,27440
Other - Medical Services,Ethnicity,A: British,Unknown Clock Start,1255
Other - Medical Services,Ethnicity,A: British,01 To 18 Weeks,326485
Other - Medical Services,Ethnicity,A: British,18 To 52 Weeks,172675
Other - Medical Services,Ethnicity,A: British,Over 52 Weeks,8825
Other - Medical Services,Ethnicity,A: British,Total,509240
Other - Medical Services,Ethnicity,B: Irish,Unknown Clock Start,15
Other - Medical Services,Ethnicity,B: Irish,01 To 18 Weeks,2745
Other - Medical Services,Ethnicity,B: Irish,18 To 52 Weeks,1425
Other - Medical Services,Ethnicity,B: Irish,Over 52 Weeks,65
Other - Medical Services,Ethnicity,B: Irish,Total,4255
Other - Medical Services,Ethnicity,C: Any other white background,Unknown Clock Start,125
Other - Medical Services,Ethnicity,C: Any other white background,01 To 18 Weeks,33335
Other - Medical Services,Ethnicity,C: Any other white background,18 To 52 Weeks,18475
Other - Medical Services,Ethnicity,C: Any other white background,Over 52 Weeks,800
Other - Medical Services,Ethnicity,C: Any other white background,Total,52735
Other - Medical Services,Ethnicity,D: White and Black Caribbean,Unknown Clock Start,10
Other - Medical Services,Ethnicity,D: White and Black Caribbean,01 To 18 Weeks,2725
Other - Medical Services,Ethnicity,D: White and Black Caribbean,18 To 52 Weeks,1415
Other - Medical Services,Ethnicity,D: White and Black Caribbean,Over 52 Weeks,55
Other - Medical Services,Ethnicity,D: White and Black Caribbean,Total,4205
Other - Medical Services,Ethnicity,E: White and Black African,Unknown Clock Start,*
Other - Medical Services,Ethnicity,E: White and Black African,01 To 18 Weeks,1745
Other - Medical Services,Ethnicity,E: White and Black African,18 To 52 Weeks,750
Other - Medical Services,Ethnicity,E: White and Black African,Over 52 Weeks,30
Other - Medical Services,Ethnicity,E: White and Black African,Total,2525
Other - Medical Services,Ethnicity,F: White and Asian,Unknown Clock Start,15
Other - Medical Services,Ethnicity,F: White and Asian,01 To 18 Weeks,2280
Other - Medical Services,Ethnicity,F: White and Asian,18 To 52 Weeks,1130
Other - Medical Services,Ethnicity,F: White and Asian,Over 52 Weeks,50
Other - Medical Services,Ethnicity,F: White and Asian,Total,3475
Other - Medical Services,Ethnicity,G: Any other mixed background,Unknown Clock Start,20
Other - Medical Services,Ethnicity,G: Any other mixed background,01 To 18 Weeks,5335
Other - Medical Services,Ethnicity,G: Any other mixed background,18 To 52 Weeks,2695
Other - Medical Services,Ethnicity,G: Any other mixed background,Over 52 Weeks,90
Other - Medical Services,Ethnicity,G: Any other mixed background,Total,8135
Other - Medical Services,Ethnicity,H: Indian,Unknown Clock Start,55
Other - Medical Services,Ethnicity,H: Indian,01 To 18 Weeks,15315
Other - Medical Services,Ethnicity,H: Indian,18 To 52 Weeks,7920
Other - Medical Services,Ethnicity,H: Indian,Over 52 Weeks,340
Other - Medical Services,Ethnicity,H: Indian,Total,23630
Other - Medical Services,Ethnicity,J: Pakistani,Unknown Clock Start,70
Other - Medical Services,Ethnicity,J: Pakistani,01 To 18 Weeks,14525
Other - Medical Services,Ethnicity,J: Pakistani,18 To 52 Weeks,7340
Other - Medical Services,Ethnicity,J: Pakistani,Over 52 Weeks,320
Other - Medical Services,Ethnicity,J: Pakistani,Total,22255
Other - Medical Services,Ethnicity,K: Bangladeshi,Unknown Clock Start,25
Other - Medical Services,Ethnicity,K: Bangladeshi,01 To 18 Weeks,5860
Other - Medical Services,Ethnicity,K: Bangladeshi,18 To 52 Weeks,2915
Other - Medical Services,Ethnicity,K: Bangladeshi,Over 52 Weeks,165
Other - Medical Services,Ethnicity,K: Bangladeshi,Total,8965
Other - Medical Services,Ethnicity,L: Any other Asian background,Unknown Clock Start,60
Other - Medical Services,Ethnicity,L: Any other Asian background,01 To 18 Weeks,12865
Other - Medical Services,Ethnicity,L: Any other Asian background,18 To 52 Weeks,6845
Other - Medical Services,Ethnicity,L: Any other Asian background,Over 52 Weeks,295
Other - Medical Services,Ethnicity,L: Any other Asian background,Total,20060
Other - Medical Services,Ethnicity,M: Caribbean,Unknown Clock Start,35
Other - Medical Services,Ethnicity,M: Caribbean,01 To 18 Weeks,7505
Other - Medical Services,Ethnicity,M: Caribbean,18 To 52 Weeks,3770
Other - Medical Services,Ethnicity,M: Caribbean,Over 52 Weeks,170
Other - Medical Services,Ethnicity,M: Caribbean,Total,11480
Other - Medical Services,Ethnicity,N: African,Unknown Clock Start,55
Other - Medical Services,Ethnicity,N: African,01 To 18 Weeks,13835
Other - Medical Services,Ethnicity,N: African,18 To 52 Weeks,6215
Other - Medical Services,Ethnicity,N: African,Over 52 Weeks,270
Other - Medical Services,Ethnicity,N: African,Total,20375
Other - Medical Services,Ethnicity,P: Any other Black background,Unknown Clock Start,30
Other - Medical Services,Ethnicity,P: Any other Black background,01 To 18 Weeks,6075
Other - Medical Services,Ethnicity,P: Any other Black background,18 To 52 Weeks,2875
Other - Medical Services,Ethnicity,P: Any other Black background,Over 52 Weeks,130
Other - Medical Services,Ethnicity,P: Any other Black background,Total,9110
Other - Medical Services,Ethnicity,R: Chinese,Unknown Clock Start,*
Other - Medical Services,Ethnicity,R: Chinese,01 To 18 Weeks,2435
Other - Medical Services,Ethnicity,R: Chinese,18 To 52 Weeks,1130
Other - Medical Services,Ethnicity,R: Chinese,Over 52 Weeks,45
Other - Medical Services,Ethnicity,R: Chinese,Total,3625
Other - Medical Services,Ethnicity,S: Any other ethnic group,Unknown Clock Start,30
Other - Medical Services,Ethnicity,S: Any other ethnic group,01 To 18 Weeks,6815
Other - Medical Services,Ethnicity,S: Any other ethnic group,18 To 52 Weeks,3450
Other - Medical Services,Ethnicity,S: Any other ethnic group,Over 52 Weeks,130
Other - Medical Services,Ethnicity,S: Any other ethnic group,Total,10425
Other - Medical Services,Ethnicity,Z: Not stated,Unknown Clock Start,60
Other - Medical Services,Ethnicity,Z: Not stated,01 To 18 Weeks,21110
Other - Medical Services,Ethnicity,Z: Not stated,18 To 52 Weeks,10525
Other - Medical Services,Ethnicity,Z: Not stated,Over 52 Weeks,470
Other - Medical Services,Ethnicity,Z: Not stated,Total,32165
Other - Medical Services,IMD,1,Unknown Clock Start,50
Other - Medical Services,IMD,1,01 To 18 Weeks,56165
Other - Medical Services,IMD,1,18 To 52 Weeks,28955
Other - Medical Services,IMD,1,Over 52 Weeks,1390
Other - Medical Services,IMD,1,Total,86565
Other - Medical Services,IMD,10,Unknown Clock Start,340
Other - Medical Services,IMD,10,01 To 18 Weeks,38630
Other - Medical Services,IMD,10,18 To 52 Weeks,20390
Other - Medical Services,IMD,10,Over 52 Weeks,1080
Other - Medical Services,IMD,10,Total,60440
Other - Medical Services,IMD,2,Unknown Clock Start,165
Other - Medical Services,IMD,2,01 To 18 Weeks,55425
Other - Medical Services,IMD,2,18 To 52 Weeks,28895
Other - Medical Services,IMD,2,Over 52 Weeks,1280
Other - Medical Services,IMD,2,Total,85765
Other - Medical Services,IMD,3,Unknown Clock Start,180
Other - Medical Services,IMD,3,01 To 18 Weeks,54255
Other - Medical Services,IMD,3,18 To 52 Weeks,27695
Other - Medical Services,IMD,3,Over 52 Weeks,1415
Other - Medical Services,IMD,3,Total,83540
Other - Medical Services,IMD,4,Unknown Clock Start,200
Other - Medical Services,IMD,4,01 To 18 Weeks,50980
Other - Medical Services,IMD,4,18 To 52 Weeks,26630
Other - Medical Services,IMD,4,Over 52 Weeks,1285
Other - Medical Services,IMD,4,Total,79090
Other - Medical Services,IMD,5,Unknown Clock Start,155
Other - Medical Services,IMD,5,01 To 18 Weeks,47855
Other - Medical Services,IMD,5,18 To 52 Weeks,25250
Other - Medical Services,IMD,5,Over 52 Weeks,1225
Other - Medical Services,IMD,5,Total,74485
Other - Medical Services,IMD,6,Unknown Clock Start,170
Other - Medical Services,IMD,6,01 To 18 Weeks,47485
Other - Medical Services,IMD,6,18 To 52 Weeks,24935
Other - Medical Services,IMD,6,Over 52 Weeks,1210
Other - Medical Services,IMD,6,Total,73800
Other - Medical Services,IMD,7,Unknown Clock Start,200
Other - Medical Services,IMD,7,01 To 18 Weeks,44700
Other - Medical Services,IMD,7,18 To 52 Weeks,23115
Other - Medical Services,IMD,7,Over 52 Weeks,1200
Other - Medical Services,IMD,7,Total,69215
Other - Medical Services,IMD,8,Unknown Clock Start,180
Other - Medical Services,IMD,8,01 To 18 Weeks,43700
Other - Medical Services,IMD,8,18 To 52 Weeks,23580
Other - Medical Services,IMD,8,Over 52 Weeks,1125
Other - Medical Services,IMD,8,Total,68590
Other - Medical Services,IMD,9,Unknown Clock Start,245
Other - Medical Services,IMD,9,01 To 18 Weeks,42035
Other - Medical Services,IMD,9,18 To 52 Weeks,21925
Other - Medical Services,IMD,9,Over 52 Weeks,1070
Other - Medical Services,IMD,9,Total,65270
Other - Medical Services,Sex,Female,Unknown Clock Start,985
Other - Medical Services,Sex,Female,01 To 18 Weeks,260865
Other - Medical Services,Sex,Female,18 To 52 Weeks,142505
Other - Medical Services,Sex,Female,Over 52 Weeks,7100
Other - Medical Services,Sex,Female,Total,411455
Other - Medical Services,Sex,Male,Unknown Clock Start,920
Other - Medical Services,Sex,Male,01 To 18 Weeks,202485
Other - Medical Services,Sex,Male,18 To 52 Weeks,101855
Other - Medical Services,Sex,Male,Over 52 Weeks,4935
Other - Medical Services,Sex,Male,Total,310195
Other - Mental Health Services,Age,0-18 Years,01 To 18 Weeks,215
Other - Mental Health Services,Age,0-18 Years,18 To 52 Weeks,135
Other - Mental Health Services,Age,0-18 Years,Over 52 Weeks,*
Other - Mental Health Services,Age,0-18 Years,Total,355
Other - Mental Health Services,Age,19-64 Years,01 To 18 Weeks,810
Other - Mental Health Services,Age,19-64 Years,18 To 52 Weeks,465
Other - Mental Health Services,Age,19-64 Years,Over 52 Weeks,*
Other - Mental Health Services,Age,19-64 Years,Total,1280
Other - Mental Health Services,Age,Over 65 Years,01 To 18 Weeks,545
Other - Mental Health Services,Age,Over 65 Years,18 To 52 Weeks,85
Other - Mental Health Services,Age,Over 65 Years,Over 52 Weeks,*
Other - Mental Health Services,Age,Over 65 Years,Total,630
Other - Mental Health Services,Ethnicity,99: Not known,01 To 18 Weeks,170
Other - Mental Health Services,Ethnicity,99: Not known,18 To 52 Weeks,10
Other - Mental Health Services,Ethnicity,99: Not known,Total,180
Other - Mental Health Services,Ethnicity,A: British,01 To 18 Weeks,1300
Other - Mental Health Services,Ethnicity,A: British,18 To 52 Weeks,555
Other - Mental Health Services,Ethnicity,A: British,Over 52 Weeks,*
Other - Mental Health Services,Ethnicity,A: British,Total,1860
Other - Mental Health Services,Ethnicity,B: Irish,01 To 18 Weeks,10
Other - Mental Health Services,Ethnicity,B: Irish,18 To 52 Weeks,*
Other - Mental Health Services,Ethnicity,B: Irish,Total,15
Other - Mental Health Services,Ethnicity,C: Any other white background,01 To 18 Weeks,100
Other - Mental Health Services,Ethnicity,C: Any other white background,18 To 52 Weeks,55
Other - Mental Health Services,Ethnicity,C: Any other white background,Total,150
Other - Mental Health Services,Ethnicity,D: White and Black Caribbean,01 To 18 Weeks,10
Other - Mental Health Services,Ethnicity,D: White and Black Caribbean,18 To 52 Weeks,10
Other - Mental Health Services,Ethnicity,D: White and Black Caribbean,Total,20
Other - Mental Health Services,Ethnicity,E: White and Black African,01 To 18 Weeks,*
Other - Mental Health Services,Ethnicity,E: White and Black African,18 To 52 Weeks,*
Other - Mental Health Services,Ethnicity,E: White and Black African,Total,10
Other - Mental Health Services,Ethnicity,F: White and Asian,01 To 18 Weeks,*
Other - Mental Health Services,Ethnicity,F: White and Asian,18 To 52 Weeks,*
Other - Mental Health Services,Ethnicity,F: White and Asian,Total,*
Other - Mental Health Services,Ethnicity,G: Any other mixed background,01 To 18 Weeks,20
Other - Mental Health Services,Ethnicity,G: Any other mixed background,18 To 52 Weeks,10
Other - Mental Health Services,Ethnicity,G: Any other mixed background,Total,30
Other - Mental Health Services,Ethnicity,H: Indian,01 To 18 Weeks,20
Other - Mental Health Services,Ethnicity,H: Indian,18 To 52 Weeks,20
Other - Mental Health Services,Ethnicity,H: Indian,Over 52 Weeks,*
Other - Mental Health Services,Ethnicity,H: Indian,Total,40
Other - Mental Health Services,Ethnicity,J: Pakistani,01 To 18 Weeks,15
Other - Mental Health Services,Ethnicity,J: Pakistani,18 To 52 Weeks,10
Other - Mental Health Services,Ethnicity,J: Pakistani,Total,25
Other - Mental Health Services,Ethnicity,K: Bangladeshi,01 To 18 Weeks,15
Other - Mental Health Services,Ethnicity,K: Bangladeshi,18 To 52 Weeks,*
Other - Mental Health Services,Ethnicity,K: Bangladeshi,Total,20
Other - Mental Health Services,Ethnicity,L: Any other Asian background,01 To 18 Weeks,30
Other - Mental Health Services,Ethnicity,L: Any other Asian background,18 To 52 Weeks,15
Other - Mental Health Services,Ethnicity,L: Any other Asian background,Over 52 Weeks,*
Other - Mental Health Services,Ethnicity,L: Any other Asian background,Total,45
Other - Mental Health Services,Ethnicity,M: Caribbean,01 To 18 Weeks,25
Other - Mental Health Services,Ethnicity,M: Caribbean,18 To 52 Weeks,10
Other - Mental Health Services,Ethnicity,M: Caribbean,Total,35
Other - Mental Health Services,Ethnicity,N: African,01 To 18 Weeks,25
Other - Mental Health Services,Ethnicity,N: African,18 To 52 Weeks,20
Other - Mental Health Services,Ethnicity,N: African,Total,50
Other - Mental Health Services,Ethnicity,P: Any other Black background,01 To 18 Weeks,15
Other - Mental Health Services,Ethnicity,P: Any other Black background,18 To 52 Weeks,10
Other - Mental Health Services,Ethnicity,P: Any other Black background,Total,25
Other - Mental Health Services,Ethnicity,R: Chinese,01 To 18 Weeks,*
Other - Mental Health Services,Ethnicity,R: Chinese,18 To 52 Weeks,*
Other - Mental Health Services,Ethnicity,R: Chinese,Total,*
Other - Mental Health Services,Ethnicity,S: Any other ethnic group,01 To 18 Weeks,15
Other - Mental Health Services,Ethnicity,S: Any other ethnic group,18 To 52 Weeks,*
Other - Mental Health Services,Ethnicity,S: Any other ethnic group,Total,20
Other - Mental Health Services,Ethnicity,Z: Not stated,01 To 18 Weeks,65
Other - Mental Health Services,Ethnicity,Z: Not stated,18 To 52 Weeks,35
Other - Mental Health Services,Ethnicity,Z: Not stated,Total,100
Other - Mental Health Services,IMD,1,01 To 18 Weeks,175
Other - Mental Health Services,IMD,1,18 To 52 Weeks,55
Other - Mental Health Services,IMD,1,Total,225
Other - Mental Health Services,IMD,10,01 To 18 Weeks,140
Other - Mental Health Services,IMD,10,18 To 52 Weeks,85
Other - Mental Health Services,IMD,10,Over 52 Weeks,*
Other - Mental Health Services,IMD,10,Total,225
Other - Mental Health Services,IMD,2,01 To 18 Weeks,185
Other - Mental Health Services,IMD,2,18 To 52 Weeks,80
Other - Mental Health Services,IMD,2,Total,265
Other - Mental Health Services,IMD,3,01 To 18 Weeks,190
Other - Mental Health Services,IMD,3,18 To 52 Weeks,75
Other - Mental Health Services,IMD,3,Over 52 Weeks,*
Other - Mental Health Services,IMD,3,Total,265
Other - Mental Health Services,IMD,4,01 To 18 Weeks,185
Other - Mental Health Services,IMD,4,18 To 52 Weeks,85
Other - Mental Health Services,IMD,4,Over 52 Weeks,*
Other - Mental Health Services,IMD,4,Total,265
Other - Mental Health Services,IMD,5,01 To 18 Weeks,150
Other - Mental Health Services,IMD,5,18 To 52 Weeks,90
Other - Mental Health Services,IMD,5,Over 52 Weeks,*
Other - Mental Health Services,IMD,5,Total,240
Other - Mental Health Services,IMD,6,01 To 18 Weeks,145
Other - Mental Health Services,IMD,6,18 To 52 Weeks,70
Other - Mental Health Services,IMD,6,Over 52 Weeks,*
Other - Mental Health Services,IMD,6,Total,215
Other - Mental Health Services,IMD,7,01 To 18 Weeks,170
Other - Mental Health Services,IMD,7,18 To 52 Weeks,95
Other - Mental Health Services,IMD,7,Over 52 Weeks,*
Other - Mental Health Services,IMD,7,Total,265
Other - Mental Health Services,IMD,8,01 To 18 Weeks,140
Other - Mental Health Services,IMD,8,18 To 52 Weeks,70
Other - Mental Health Services,IMD,8,Total,210
Other - Mental Health Services,IMD,9,01 To 18 Weeks,170
Other - Mental Health Services,IMD,9,18 To 52 Weeks,55
Other - Mental Health Services,IMD,9,Total,230
Other - Mental Health Services,Sex,Female,01 To 18 Weeks,940
Other - Mental Health Services,Sex,Female,18 To 52 Weeks,425
Other - Mental Health Services,Sex,Female,Over 52 Weeks,*
Other - Mental Health Services,Sex,Female,Total,1365
Other - Mental Health Services,Sex,Male,01 To 18 Weeks,625
Other - Mental Health Services,Sex,Male,18 To 52 Weeks,260
Other - Mental Health Services,Sex,Male,Over 52 Weeks,*
Other - Mental Health Services,Sex,Male,Total,890
Other - Other Services,Age,0-18 Years,Unknown Clock Start,10
Other - Other Services,Age,0-18 Years,01 To 18 Weeks,5055
Other - Other Services,Age,0-18 Years,18 To 52 Weeks,1470
Other - Other Services,Age,0-18 Years,Over 52 Weeks,55
Other - Other Services,Age,0-18 Years,Total,6590
Other - Other Services,Age,19-64 Years,Unknown Clock Start,70
Other - Other Services,Age,19-64 Years,01 To 18 Weeks,45005
Other - Other Services,Age,19-64 Years,18 To 52 Weeks,14560
Other - Other Services,Age,19-64 Years,Over 52 Weeks,815
Other - Other Services,Age,19-64 Years,Total,60450
Other - Other Services,Age,Over 65 Years,Unknown Clock Start,25
Other - Other Services,Age,Over 65 Years,01 To 18 Weeks,30870
Other - Other Services,Age,Over 65 Years,18 To 52 Weeks,6845
Other - Other Services,Age,Over 65 Years,Over 52 Weeks,345
Other - Other Services,Age,Over 65 Years,Total,38085
Other - Other Services,Ethnicity,99: Not known,Unknown Clock Start,*
Other - Other Services,Ethnicity,99: Not known,01 To 18 Weeks,3905
Other - Other Services,Ethnicity,99: Not known,18 To 52 Weeks,485
Other - Other Services,Ethnicity,99: Not known,Over 52 Weeks,40
Other - Other Services,Ethnicity,99: Not known,Total,4435
Other - Other Services,Ethnicity,A: British,Unknown Clock Start,65
Other - Other Services,Ethnicity,A: British,01 To 18 Weeks,57705
Other - Other Services,Ethnicity,A: British,18 To 52 Weeks,16555
Other - Other Services,Ethnicity,A: British,Over 52 Weeks,850
Other - Other Services,Ethnicity,A: British,Total,75170
Other - Other Services,Ethnicity,B: Irish,Unknown Clock Start,*
Other - Other Services,Ethnicity,B: Irish,01 To 18 Weeks,485
Other - Other Services,Ethnicity,B: Irish,18 To 52 Weeks,130
Other - Other Services,Ethnicity,B: Irish,Over 52 Weeks,*
Other - Other Services,Ethnicity,B: Irish,Total,615
Other - Other Services,Ethnicity,C: Any other white background,Unknown Clock Start,10
Other - Other Services,Ethnicity,C: Any other white background,01 To 18 Weeks,5560
Other - Other Services,Ethnicity,C: Any other white background,18 To 52 Weeks,1320
Other - Other Services,Ethnicity,C: Any other white background,Over 52 Weeks,75
Other - Other Services,Ethnicity,C: Any other white background,Total,6965
Other - Other Services,Ethnicity,D: White and Black Caribbean,01 To 18 Weeks,295
Other - Other Services,Ethnicity,D: White and Black Caribbean,18 To 52 Weeks,90
Other - Other Services,Ethnicity,D: White and Black Caribbean,Over 52 Weeks,*
Other - Other Services,Ethnicity,D: White and Black Caribbean,Total,390
Other - Other Services,Ethnicity,E: White and Black African,01 To 18 Weeks,190
Other - Other Services,Ethnicity,E: White and Black African,18 To 52 Weeks,50
Other - Other Services,Ethnicity,E: White and Black African,Over 52 Weeks,*
Other - Other Services,Ethnicity,E: White and Black African,Total,245
Other - Other Services,Ethnicity,F: White and Asian,01 To 18 Weeks,235
Other - Other Services,Ethnicity,F: White and Asian,18 To 52 Weeks,90
Other - Other Services,Ethnicity,F: White and Asian,Over 52 Weeks,*
Other - Other Services,Ethnicity,F: White and Asian,Total,325
Other - Other Services,Ethnicity,G: Any other mixed background,Unknown Clock Start,*
Other - Other Services,Ethnicity,G: Any other mixed background,01 To 18 Weeks,655
Other - Other Services,Ethnicity,G: Any other mixed background,18 To 52 Weeks,150
Other - Other Services,Ethnicity,G: Any other mixed background,Over 52 Weeks,*
Other - Other Services,Ethnicity,G: Any other mixed background,Total,820
Other - Other Services,Ethnicity,H: Indian,Unknown Clock Start,*
Other - Other Services,Ethnicity,H: Indian,01 To 18 Weeks,1715
Other - Other Services,Ethnicity,H: Indian,18 To 52 Weeks,580
Other - Other Services,Ethnicity,H: Indian,Over 52 Weeks,25
Other - Other Services,Ethnicity,H: Indian,Total,2320
Other - Other Services,Ethnicity,J: Pakistani,Unknown Clock Start,*
Other - Other Services,Ethnicity,J: Pakistani,01 To 18 Weeks,1530
Other - Other Services,Ethnicity,J: Pakistani,18 To 52 Weeks,560
Other - Other Services,Ethnicity,J: Pakistani,Over 52 Weeks,55
Other - Other Services,Ethnicity,J: Pakistani,Total,2150
Other - Other Services,Ethnicity,K: Bangladeshi,01 To 18 Weeks,730
Other - Other Services,Ethnicity,K: Bangladeshi,18 To 52 Weeks,210
Other - Other Services,Ethnicity,K: Bangladeshi,Over 52 Weeks,20
Other - Other Services,Ethnicity,K: Bangladeshi,Total,955
Other - Other Services,Ethnicity,L: Any other Asian background,Unknown Clock Start,*
Other - Other Services,Ethnicity,L: Any other Asian background,01 To 18 Weeks,1600
Other - Other Services,Ethnicity,L: Any other Asian background,18 To 52 Weeks,420
Other - Other Services,Ethnicity,L: Any other Asian background,Over 52 Weeks,25
Other - Other Services,Ethnicity,L: Any other Asian background,Total,2050
Other - Other Services,Ethnicity,M: Caribbean,01 To 18 Weeks,1035
Other - Other Services,Ethnicity,M: Caribbean,18 To 52 Weeks,250
Other - Other Services,Ethnicity,M: Caribbean,Over 52 Weeks,15
Other - Other Services,Ethnicity,M: Caribbean,Total,1300
Other - Other Services,Ethnicity,N: African,Unknown Clock Start,*
Other - Other Services,Ethnicity,N: African,01 To 18 Weeks,1650
Other - Other Services,Ethnicity,N: African,18 To 52 Weeks,370
Other - Other Services,Ethnicity,N: African,Over 52 Weeks,25
Other - Other Services,Ethnicity,N: African,Total,2050
Other - Other Services,Ethnicity,P: Any other Black background,Unknown Clock Start,*
Other - Other Services,Ethnicity,P: Any other Black background,01 To 18 Weeks,645
Other - Other Services,Ethnicity,P: Any other Black background,18 To 52 Weeks,150
Other - Other Services,Ethnicity,P: Any other Black background,Over 52 Weeks,10
Other - Other Services,Ethnicity,P: Any other Black background,Total,805
Other - Other Services,Ethnicity,R: Chinese,Unknown Clock Start,*
Other - Other Services,Ethnicity,R: Chinese,01 To 18 Weeks,345
Other - Other Services,Ethnicity,R: Chinese,18 To 52 Weeks,95
Other - Other Services,Ethnicity,R: Chinese,Over 52 Weeks,*
Other - Other Services,Ethnicity,R: Chinese,Total,445
Other - Other Services,Ethnicity,S: Any other ethnic group,Unknown Clock Start,*
Other - Other Services,Ethnicity,S: Any other ethnic group,01 To 18 Weeks,815
Other - Other Services,Ethnicity,S: Any other ethnic group,18 To 52 Weeks,205
Other - Other Services,Ethnicity,S: Any other ethnic group,Over 52 Weeks,10
Other - Other Services,Ethnicity,S: Any other ethnic group,Total,1030
Other - Other Services,Ethnicity,Z: Not stated,Unknown Clock Start,*
Other - Other Services,Ethnicity,Z: Not stated,01 To 18 Weeks,5225
Other - Other Services,Ethnicity,Z: Not stated,18 To 52 Weeks,1340
Other - Other Services,Ethnicity,Z: Not stated,Over 52 Weeks,50
Other - Other Services,Ethnicity,Z: Not stated,Total,6620
Other - Other Services,IMD,1,Unknown Clock Start,*
Other - Other Services,IMD,1,01 To 18 Weeks,8650
Other - Other Services,IMD,1,18 To 52 Weeks,2885
Other - Other Services,IMD,1,Over 52 Weeks,195
Other - Other Services,IMD,1,Total,11735
Other - Other Services,IMD,10,Unknown Clock Start,15
Other - Other Services,IMD,10,01 To 18 Weeks,7005
Other - Other Services,IMD,10,18 To 52 Weeks,2130
Other - Other Services,IMD,10,Over 52 Weeks,110
Other - Other Services,IMD,10,Total,9260
Other - Other Services,IMD,2,Unknown Clock Start,*
Other - Other Services,IMD,2,01 To 18 Weeks,8765
Other - Other Services,IMD,2,18 To 52 Weeks,2510
Other - Other Services,IMD,2,Over 52 Weeks,125
Other - Other Services,IMD,2,Total,11405
Other - Other Services,IMD,3,Unknown Clock Start,*
Other - Other Services,IMD,3,01 To 18 Weeks,8130
Other - Other Services,IMD,3,18 To 52 Weeks,2250
Other - Other Services,IMD,3,Over 52 Weeks,105
Other - Other Services,IMD,3,Total,10490
Other - Other Services,IMD,4,Unknown Clock Start,10
Other - Other Services,IMD,4,01 To 18 Weeks,8575
Other - Other Services,IMD,4,18 To 52 Weeks,2380
Other - Other Services,IMD,4,Over 52 Weeks,110
Other - Other Services,IMD,4,Total,11075
Other - Other Services,IMD,5,Unknown Clock Start,*
Other - Other Services,IMD,5,01 To 18 Weeks,7915
Other - Other Services,IMD,5,18 To 52 Weeks,2155
Other - Other Services,IMD,5,Over 52 Weeks,120
Other - Other Services,IMD,5,Total,10195
Other - Other Services,IMD,6,Unknown Clock Start,10
Other - Other Services,IMD,6,01 To 18 Weeks,8060
Other - Other Services,IMD,6,18 To 52 Weeks,2075
Other - Other Services,IMD,6,Over 52 Weeks,125
Other - Other Services,IMD,6,Total,10270
Other - Other Services,IMD,7,Unknown Clock Start,10
Other - Other Services,IMD,7,01 To 18 Weeks,7885
Other - Other Services,IMD,7,18 To 52 Weeks,2165
Other - Other Services,IMD,7,Over 52 Weeks,110
Other - Other Services,IMD,7,Total,10175
Other - Other Services,IMD,8,Unknown Clock Start,15
Other - Other Services,IMD,8,01 To 18 Weeks,8025
Other - Other Services,IMD,8,18 To 52 Weeks,2045
Other - Other Services,IMD,8,Over 52 Weeks,120
Other - Other Services,IMD,8,Total,10205
Other - Other Services,IMD,9,Unknown Clock Start,20
Other - Other Services,IMD,9,01 To 18 Weeks,7325
Other - Other Services,IMD,9,18 To 52 Weeks,1930
Other - Other Services,IMD,9,Over 52 Weeks,85
Other - Other Services,IMD,9,Total,9355
Other - Other Services,Sex,Female,Unknown Clock Start,70
Other - Other Services,Sex,Female,01 To 18 Weeks,45175
Other - Other Services,Sex,Female,18 To 52 Weeks,12470
Other - Other Services,Sex,Female,Over 52 Weeks,730
Other - Other Services,Sex,Female,Total,58445
Other - Other Services,Sex,Male,Unknown Clock Start,30
Other - Other Services,Sex,Male,01 To 18 Weeks,33755
Other - Other Services,Sex,Male,18 To 52 Weeks,8845
Other - Other Services,Sex,Male,Over 52 Weeks,470
Other - Other Services,Sex,Male,Total,43100
Other - Paediatric Services,Age,0-18 Years,Unknown Clock Start,370
Other - Paediatric Services,Age,0-18 Years,01 To 18 Weeks,163180
Other - Paediatric Services,Age,0-18 Years,18 To 52 Weeks,115065
Other - Paediatric Services,Age,0-18 Years,Over 52 Weeks,7495
Other - Paediatric Services,Age,0-18 Years,Total,286115
Other - Paediatric Services,Age,19-64 Years,Unknown Clock Start,*
Other - Paediatric Services,Age,19-64 Years,01 To 18 Weeks,790
Other - Paediatric Services,Age,19-64 Years,18 To 52 Weeks,520
Other - Paediatric Services,Age,19-64 Years,Over 52 Weeks,50
Other - Paediatric Services,Age,19-64 Years,Total,1365
Other - Paediatric Services,Age,Over 65 Years,Unknown Clock Start,*
Other - Paediatric Services,Age,Over 65 Years,01 To 18 Weeks,150
Other - Paediatric Services,Age,Over 65 Years,18 To 52 Weeks,60
Other - Paediatric Services,Age,Over 65 Years,Over 52 Weeks,*
Other - Paediatric Services,Age,Over 65 Years,Total,215
Other - Paediatric Services,Ethnicity,99: Not known,Unknown Clock Start,10
Other - Paediatric Services,Ethnicity,99: Not known,01 To 18 Weeks,5715
Other - Paediatric Services,Ethnicity,99: Not known,18 To 52 Weeks,3055
Other - Paediatric Services,Ethnicity,99: Not known,Over 52 Weeks,210
Other - Paediatric Services,Ethnicity,99: Not known,Total,8990
Other - Paediatric Services,Ethnicity,A: British,Unknown Clock Start,170
Other - Paediatric Services,Ethnicity,A: British,01 To 18 Weeks,89370
Other - Paediatric Services,Ethnicity,A: British,18 To 52 Weeks,62460
Other - Paediatric Services,Ethnicity,A: British,Over 52 Weeks,4310
Other - Paediatric Services,Ethnicity,A: British,Total,156310
Other - Paediatric Services,Ethnicity,B: Irish,Unknown Clock Start,*
Other - Paediatric Services,Ethnicity,B: Irish,01 To 18 Weeks,445
Other - Paediatric Services,Ethnicity,B: Irish,18 To 52 Weeks,320
Other - Paediatric Services,Ethnicity,B: Irish,Over 52 Weeks,20
Other - Paediatric Services,Ethnicity,B: Irish,Total,790
Other - Paediatric Services,Ethnicity,C: Any other white background,Unknown Clock Start,55
Other - Paediatric Services,Ethnicity,C: Any other white background,01 To 18 Weeks,14340
Other - Paediatric Services,Ethnicity,C: Any other white background,18 To 52 Weeks,10605
Other - Paediatric Services,Ethnicity,C: Any other white background,Over 52 Weeks,605
Other - Paediatric Services,Ethnicity,C: Any other white background,Total,25605
Other - Paediatric Services,Ethnicity,D: White and Black Caribbean,Unknown Clock Start,*
Other - Paediatric Services,Ethnicity,D: White and Black Caribbean,01 To 18 Weeks,2110
Other - Paediatric Services,Ethnicity,D: White and Black Caribbean,18 To 52 Weeks,1545
Other - Paediatric Services,Ethnicity,D: White and Black Caribbean,Over 52 Weeks,90
Other - Paediatric Services,Ethnicity,D: White and Black Caribbean,Total,3750
Other - Paediatric Services,Ethnicity,E: White and Black African,Unknown Clock Start,*
Other - Paediatric Services,Ethnicity,E: White and Black African,01 To 18 Weeks,1350
Other - Paediatric Services,Ethnicity,E: White and Black African,18 To 52 Weeks,850
Other - Paediatric Services,Ethnicity,E: White and Black African,Over 52 Weeks,60
Other - Paediatric Services,Ethnicity,E: White and Black African,Total,2265
Other - Paediatric Services,Ethnicity,F: White and Asian,Unknown Clock Start,*
Other - Paediatric Services,Ethnicity,F: White and Asian,01 To 18 Weeks,2000
Other - Paediatric Services,Ethnicity,F: White and Asian,18 To 52 Weeks,1370
Other - Paediatric Services,Ethnicity,F: White and Asian,Over 52 Weeks,85
Other - Paediatric Services,Ethnicity,F: White and Asian,Total,3460
Other - Paediatric Services,Ethnicity,G: Any other mixed background,Unknown Clock Start,15
Other - Paediatric Services,Ethnicity,G: Any other mixed background,01 To 18 Weeks,4660
Other - Paediatric Services,Ethnicity,G: Any other mixed background,18 To 52 Weeks,3220
Other - Paediatric Services,Ethnicity,G: Any other mixed background,Over 52 Weeks,215
Other - Paediatric Services,Ethnicity,G: Any other mixed background,Total,8110
Other - Paediatric Services,Ethnicity,H: Indian,Unknown Clock Start,10
Other - Paediatric Services,Ethnicity,H: Indian,01 To 18 Weeks,6190
Other - Paediatric Services,Ethnicity,H: Indian,18 To 52 Weeks,4325
Other - Paediatric Services,Ethnicity,H: Indian,Over 52 Weeks,230
Other - Paediatric Services,Ethnicity,H: Indian,Total,10755
Other - Paediatric Services,Ethnicity,J: Pakistani,Unknown Clock Start,15
Other - Paediatric Services,Ethnicity,J: Pakistani,01 To 18 Weeks,8175
Other - Paediatric Services,Ethnicity,J: Pakistani,18 To 52 Weeks,6375
Other - Paediatric Services,Ethnicity,J: Pakistani,Over 52 Weeks,390
Other - Paediatric Services,Ethnicity,J: Pakistani,Total,14955
Other - Paediatric Services,Ethnicity,K: Bangladeshi,Unknown Clock Start,*
Other - Paediatric Services,Ethnicity,K: Bangladeshi,01 To 18 Weeks,3765
Other - Paediatric Services,Ethnicity,K: Bangladeshi,18 To 52 Weeks,2880
Other - Paediatric Services,Ethnicity,K: Bangladeshi,Over 52 Weeks,235
Other - Paediatric Services,Ethnicity,K: Bangladeshi,Total,6890
Other - Paediatric Services,Ethnicity,L: Any other Asian background,Unknown Clock Start,20
Other - Paediatric Services,Ethnicity,L: Any other Asian background,01 To 18 Weeks,6195
Other - Paediatric Services,Ethnicity,L: Any other Asian background,18 To 52 Weeks,4330
Other - Paediatric Services,Ethnicity,L: Any other Asian background,Over 52 Weeks,255
Other - Paediatric Services,Ethnicity,L: Any other Asian background,Total,10800
Other - Paediatric Services,Ethnicity,M: Caribbean,Unknown Clock Start,*
Other - Paediatric Services,Ethnicity,M: Caribbean,01 To 18 Weeks,2045
Other - Paediatric Services,Ethnicity,M: Caribbean,18 To 52 Weeks,1415
Other - Paediatric Services,Ethnicity,M: Caribbean,Over 52 Weeks,85
Other - Paediatric Services,Ethnicity,M: Caribbean,Total,3545
Other - Paediatric Services,Ethnicity,N: African,Unknown Clock Start,15
Other - Paediatric Services,Ethnicity,N: African,01 To 18 Weeks,7340
Other - Paediatric Services,Ethnicity,N: African,18 To 52 Weeks,5075
Other - Paediatric Services,Ethnicity,N: African,Over 52 Weeks,340
Other - Paediatric Services,Ethnicity,N: African,Total,12770
Other - Paediatric Services,Ethnicity,P: Any other Black background,Unknown Clock Start,*
Other - Paediatric Services,Ethnicity,P: Any other Black background,01 To 18 Weeks,2280
Other - Paediatric Services,Ethnicity,P: Any other Black background,18 To 52 Weeks,1520
Other - Paediatric Services,Ethnicity,P: Any other Black background,Over 52 Weeks,85
Other - Paediatric Services,Ethnicity,P: Any other Black background,Total,3895
Other - Paediatric Services,Ethnicity,R: Chinese,Unknown Clock Start,*
Other - Paediatric Services,Ethnicity,R: Chinese,01 To 18 Weeks,920
Other - Paediatric Services,Ethnicity,R: Chinese,18 To 52 Weeks,655
Other - Paediatric Services,Ethnicity,R: Chinese,Over 52 Weeks,35
Other - Paediatric Services,Ethnicity,R: Chinese,Total,1615
Other - Paediatric Services,Ethnicity,S: Any other ethnic group,Unknown Clock Start,10
Other - Paediatric Services,Ethnicity,S: Any other ethnic group,01 To 18 Weeks,3495
Other - Paediatric Services,Ethnicity,S: Any other ethnic group,18 To 52 Weeks,2510
Other - Paediatric Services,Ethnicity,S: Any other ethnic group,Over 52 Weeks,125
Other - Paediatric Services,Ethnicity,S: Any other ethnic group,Total,6140
Other - Paediatric Services,Ethnicity,Z: Not stated,Unknown Clock Start,15
Other - Paediatric Services,Ethnicity,Z: Not stated,01 To 18 Weeks,6855
Other - Paediatric Services,Ethnicity,Z: Not stated,18 To 52 Weeks,4225
Other - Paediatric Services,Ethnicity,Z: Not stated,Over 52 Weeks,235
Other - Paediatric Services,Ethnicity,Z: Not stated,Total,11330
Other - Paediatric Services,IMD,1,Unknown Clock Start,10
Other - Paediatric Services,IMD,1,01 To 18 Weeks,24655
Other - Paediatric Services,IMD,1,18 To 52 Weeks,18205
Other - Paediatric Services,IMD,1,Over 52 Weeks,1235
Other - Paediatric Services,IMD,1,Total,44110
Other - Paediatric Services,IMD,10,Unknown Clock Start,50
Other - Paediatric Services,IMD,10,01 To 18 Weeks,11815
Other - Paediatric Services,IMD,10,18 To 52 Weeks,7995
Other - Paediatric Services,IMD,10,Over 52 Weeks,515
Other - Paediatric Services,IMD,10,Total,20375
Other - Paediatric Services,IMD,2,Unknown Clock Start,25
Other - Paediatric Services,IMD,2,01 To 18 Weeks,20595
Other - Paediatric Services,IMD,2,18 To 52 Weeks,14870
Other - Paediatric Services,IMD,2,Over 52 Weeks,1005
Other - Paediatric Services,IMD,2,Total,36495
Other - Paediatric Services,IMD,3,Unknown Clock Start,35
Other - Paediatric Services,IMD,3,01 To 18 Weeks,18980
Other - Paediatric Services,IMD,3,18 To 52 Weeks,13645
Other - Paediatric Services,IMD,3,Over 52 Weeks,940
Other - Paediatric Services,IMD,3,Total,33600
Other - Paediatric Services,IMD,4,Unknown Clock Start,40
Other - Paediatric Services,IMD,4,01 To 18 Weeks,16335
Other - Paediatric Services,IMD,4,18 To 52 Weeks,11390
Other - Paediatric Services,IMD,4,Over 52 Weeks,700
Other - Paediatric Services,IMD,4,Total,28465
Other - Paediatric Services,IMD,5,Unknown Clock Start,25
Other - Paediatric Services,IMD,5,01 To 18 Weeks,14765
Other - Paediatric Services,IMD,5,18 To 52 Weeks,10380
Other - Paediatric Services,IMD,5,Over 52 Weeks,655
Other - Paediatric Services,IMD,5,Total,25820
Other - Paediatric Services,IMD,6,Unknown Clock Start,30
Other - Paediatric Services,IMD,6,01 To 18 Weeks,14505
Other - Paediatric Services,IMD,6,18 To 52 Weeks,9995
Other - Paediatric Services,IMD,6,Over 52 Weeks,600
Other - Paediatric Services,IMD,6,Total,25130
Other - Paediatric Services,IMD,7,Unknown Clock Start,40
Other - Paediatric Services,IMD,7,01 To 18 Weeks,12955
Other - Paediatric Services,IMD,7,18 To 52 Weeks,8945
Other - Paediatric Services,IMD,7,Over 52 Weeks,535
Other - Paediatric Services,IMD,7,Total,22480
Other - Paediatric Services,IMD,8,Unknown Clock Start,45
Other - Paediatric Services,IMD,8,01 To 18 Weeks,12765
Other - Paediatric Services,IMD,8,18 To 52 Weeks,8735
Other - Paediatric Services,IMD,8,Over 52 Weeks,600
Other - Paediatric Services,IMD,8,Total,22140
Other - Paediatric Services,IMD,9,Unknown Clock Start,55
Other - Paediatric Services,IMD,9,01 To 18 Weeks,12330
Other - Paediatric Services,IMD,9,18 To 52 Weeks,8605
Other - Paediatric Services,IMD,9,Over 52 Weeks,555
Other - Paediatric Services,IMD,9,Total,21545
Other - Paediatric Services,Sex,Female,Unknown Clock Start,165
Other - Paediatric Services,Sex,Female,01 To 18 Weeks,66745
Other - Paediatric Services,Sex,Female,18 To 52 Weeks,47320
Other - Paediatric Services,Sex,Female,Over 52 Weeks,3240
Other - Paediatric Services,Sex,Female,Total,117475
Other - Paediatric Services,Sex,Male,Unknown Clock Start,200
Other - Paediatric Services,Sex,Male,01 To 18 Weeks,83305
Other - Paediatric Services,Sex,Male,18 To 52 Weeks,59375
Other - Paediatric Services,Sex,Male,Over 52 Weeks,4040
Other - Paediatric Services,Sex,Male,Total,146925
Other - Surgical Services,Age,0-18 Years,Unknown Clock Start,20
Other - Surgical Services,Age,0-18 Years,01 To 18 Weeks,15815
Other - Surgical Services,Age,0-18 Years,18 To 52 Weeks,11640
Other - Surgical Services,Age,0-18 Years,Over 52 Weeks,675
Other - Surgical Services,Age,0-18 Years,Total,28150
Other - Surgical Services,Age,19-64 Years,Unknown Clock Start,295
Other - Surgical Services,Age,19-64 Years,01 To 18 Weeks,183365
Other - Surgical Services,Age,19-64 Years,18 To 52 Weeks,104725
Other - Surgical Services,Age,19-64 Years,Over 52 Weeks,9090
Other - Surgical Services,Age,19-64 Years,Total,297475
Other - Surgical Services,Age,Over 65 Years,Unknown Clock Start,200
Other - Surgical Services,Age,Over 65 Years,01 To 18 Weeks,116160
Other - Surgical Services,Age,Over 65 Years,18 To 52 Weeks,55335
Other - Surgical Services,Age,Over 65 Years,Over 52 Weeks,4270
Other - Surgical Services,Age,Over 65 Years,Total,175960
Other - Surgical Services,Ethnicity,99: Not known,Unknown Clock Start,35
Other - Surgical Services,Ethnicity,99: Not known,01 To 18 Weeks,11085
Other - Surgical Services,Ethnicity,99: Not known,18 To 52 Weeks,4465
Other - Surgical Services,Ethnicity,99: Not known,Over 52 Weeks,320
Other - Surgical Services,Ethnicity,99: Not known,Total,15905
Other - Surgical Services,Ethnicity,A: British,Unknown Clock Start,325
Other - Surgical Services,Ethnicity,A: British,01 To 18 Weeks,225750
Other - Surgical Services,Ethnicity,A: British,18 To 52 Weeks,120440
Other - Surgical Services,Ethnicity,A: British,Over 52 Weeks,9970
Other - Surgical Services,Ethnicity,A: British,Total,356485
Other - Surgical Services,Ethnicity,B: Irish,Unknown Clock Start,*
Other - Surgical Services,Ethnicity,B: Irish,01 To 18 Weeks,2130
Other - Surgical Services,Ethnicity,B: Irish,18 To 52 Weeks,1160
Other - Surgical Services,Ethnicity,B: Irish,Over 52 Weeks,110
Other - Surgical Services,Ethnicity,B: Irish,Total,3400
Other - Surgical Services,Ethnicity,C: Any other white background,Unknown Clock Start,30
Other - Surgical Services,Ethnicity,C: Any other white background,01 To 18 Weeks,21540
Other - Surgical Services,Ethnicity,C: Any other white background,18 To 52 Weeks,13540
Other - Surgical Services,Ethnicity,C: Any other white background,Over 52 Weeks,1275
Other - Surgical Services,Ethnicity,C: Any other white background,Total,36385
Other - Surgical Services,Ethnicity,D: White and Black Caribbean,Unknown Clock Start,*
Other - Surgical Services,Ethnicity,D: White and Black Caribbean,01 To 18 Weeks,1020
Other - Surgical Services,Ethnicity,D: White and Black Caribbean,18 To 52 Weeks,585
Other - Surgical Services,Ethnicity,D: White and Black Caribbean,Over 52 Weeks,45
Other - Surgical Services,Ethnicity,D: White and Black Caribbean,Total,1655
Other - Surgical Services,Ethnicity,E: White and Black African,01 To 18 Weeks,575
Other - Surgical Services,Ethnicity,E: White and Black African,18 To 52 Weeks,350
Other - Surgical Services,Ethnicity,E: White and Black African,Over 52 Weeks,30
Other - Surgical Services,Ethnicity,E: White and Black African,Total,960
Other - Surgical Services,Ethnicity,F: White and Asian,Unknown Clock Start,*
Other - Surgical Services,Ethnicity,F: White and Asian,01 To 18 Weeks,845
Other - Surgical Services,Ethnicity,F: White and Asian,18 To 52 Weeks,515
Other - Surgical Services,Ethnicity,F: White and Asian,Over 52 Weeks,40
Other - Surgical Services,Ethnicity,F: White and Asian,Total,1400
Other - Surgical Services,Ethnicity,G: Any other mixed background,Unknown Clock Start,*
Other - Surgical Services,Ethnicity,G: Any other mixed background,01 To 18 Weeks,2135
Other - Surgical Services,Ethnicity,G: Any other mixed background,18 To 52 Weeks,1385
Other - Surgical Services,Ethnicity,G: Any other mixed background,Over 52 Weeks,125
Other - Surgical Services,Ethnicity,G: Any other mixed background,Total,3650
Other - Surgical Services,Ethnicity,H: Indian,Unknown Clock Start,15
Other - Surgical Services,Ethnicity,H: Indian,01 To 18 Weeks,7990
Other - Surgical Services,Ethnicity,H: Indian,18 To 52 Weeks,4240
Other - Surgical Services,Ethnicity,H: Indian,Over 52 Weeks,355
Other - Surgical Services,Ethnicity,H: Indian,Total,12600
Other - Surgical Services,Ethnicity,J: Pakistani,Unknown Clock Start,40
Other - Surgical Services,Ethnicity,J: Pakistani,01 To 18 Weeks,6745
Other - Surgical Services,Ethnicity,J: Pakistani,18 To 52 Weeks,3725
Other - Surgical Services,Ethnicity,J: Pakistani,Over 52 Weeks,230
Other - Surgical Services,Ethnicity,J: Pakistani,Total,10740
Other - Surgical Services,Ethnicity,K: Bangladeshi,Unknown Clock Start,10
Other - Surgical Services,Ethnicity,K: Bangladeshi,01 To 18 Weeks,2585
Other - Surgical Services,Ethnicity,K: Bangladeshi,18 To 52 Weeks,1600
Other - Surgical Services,Ethnicity,K: Bangladeshi,Over 52 Weeks,170
Other - Surgical Services,Ethnicity,K: Bangladeshi,Total,4365
Other - Surgical Services,Ethnicity,L: Any other Asian background,Unknown Clock Start,20
Other - Surgical Services,Ethnicity,L: Any other Asian background,01 To 18 Weeks,6910
Other - Surgical Services,Ethnicity,L: Any other Asian background,18 To 52 Weeks,4190
Other - Surgical Services,Ethnicity,L: Any other Asian background,Over 52 Weeks,340
Other - Surgical Services,Ethnicity,L: Any other Asian background,Total,11460
Other - Surgical Services,Ethnicity,M: Caribbean,Unknown Clock Start,10
Other - Surgical Services,Ethnicity,M: Caribbean,01 To 18 Weeks,3830
Other - Surgical Services,Ethnicity,M: Caribbean,18 To 52 Weeks,2080
Other - Surgical Services,Ethnicity,M: Caribbean,Over 52 Weeks,215
Other - Surgical Services,Ethnicity,M: Caribbean,Total,6135
Other - Surgical Services,Ethnicity,N: African,Unknown Clock Start,*
Other - Surgical Services,Ethnicity,N: African,01 To 18 Weeks,5940
Other - Surgical Services,Ethnicity,N: African,18 To 52 Weeks,3420
Other - Surgical Services,Ethnicity,N: African,Over 52 Weeks,320
Other - Surgical Services,Ethnicity,N: African,Total,9690
Other - Surgical Services,Ethnicity,P: Any other Black background,Unknown Clock Start,*
Other - Surgical Services,Ethnicity,P: Any other Black background,01 To 18 Weeks,2970
Other - Surgical Services,Ethnicity,P: Any other Black background,18 To 52 Weeks,1655
Other - Surgical Services,Ethnicity,P: Any other Black background,Over 52 Weeks,150
Other - Surgical Services,Ethnicity,P: Any other Black background,Total,4780
Other - Surgical Services,Ethnicity,R: Chinese,01 To 18 Weeks,1535
Other - Surgical Services,Ethnicity,R: Chinese,18 To 52 Weeks,780
Other - Surgical Services,Ethnicity,R: Chinese,Over 52 Weeks,50
Other - Surgical Services,Ethnicity,R: Chinese,Total,2370
Other - Surgical Services,Ethnicity,S: Any other ethnic group,Unknown Clock Start,*
Other - Surgical Services,Ethnicity,S: Any other ethnic group,01 To 18 Weeks,3810
Other - Surgical Services,Ethnicity,S: Any other ethnic group,18 To 52 Weeks,2455
Other - Surgical Services,Ethnicity,S: Any other ethnic group,Over 52 Weeks,170
Other - Surgical Services,Ethnicity,S: Any other ethnic group,Total,6440
Other - Surgical Services,Ethnicity,Z: Not stated,Unknown Clock Start,15
Other - Surgical Services,Ethnicity,Z: Not stated,01 To 18 Weeks,14470
Other - Surgical Services,Ethnicity,Z: Not stated,18 To 52 Weeks,7850
Other - Surgical Services,Ethnicity,Z: Not stated,Over 52 Weeks,640
Other - Surgical Services,Ethnicity,Z: Not stated,Total,22975
Other - Surgical Services,IMD,1,Unknown Clock Start,25
Other - Surgical Services,IMD,1,01 To 18 Weeks,31820
Other - Surgical Services,IMD,1,18 To 52 Weeks,17420
Other - Surgical Services,IMD,1,Over 52 Weeks,1350
Other - Surgical Services,IMD,1,Total,50620
Other - Surgical Services,IMD,10,Unknown Clock Start,35
Other - Surgical Services,IMD,10,01 To 18 Weeks,26755
Other - Surgical Services,IMD,10,18 To 52 Weeks,14195
Other - Surgical Services,IMD,10,Over 52 Weeks,1095
Other - Surgical Services,IMD,10,Total,42080
Other - Surgical Services,IMD,2,Unknown Clock Start,80
Other - Surgical Services,IMD,2,01 To 18 Weeks,32520
Other - Surgical Services,IMD,2,18 To 52 Weeks,18320
Other - Surgical Services,IMD,2,Over 52 Weeks,1645
Other - Surgical Services,IMD,2,Total,52560
Other - Surgical Services,IMD,3,Unknown Clock Start,55
Other - Surgical Services,IMD,3,01 To 18 Weeks,32900
Other - Surgical Services,IMD,3,18 To 52 Weeks,18840
Other - Surgical Services,IMD,3,Over 52 Weeks,1680
Other - Surgical Services,IMD,3,Total,53475
Other - Surgical Services,IMD,4,Unknown Clock Start,60
Other - Surgical Services,IMD,4,01 To 18 Weeks,32980
Other - Surgical Services,IMD,4,18 To 52 Weeks,18070
Other - Surgical Services,IMD,4,Over 52 Weeks,1610
Other - Surgical Services,IMD,4,Total,52720
Other - Surgical Services,IMD,5,Unknown Clock Start,60
Other - Surgical Services,IMD,5,01 To 18 Weeks,31815
Other - Surgical Services,IMD,5,18 To 52 Weeks,17695
Other - Surgical Services,IMD,5,Over 52 Weeks,1430
Other - Surgical Services,IMD,5,Total,51000
Other - Surgical Services,IMD,6,Unknown Clock Start,40
Other - Surgical Services,IMD,6,01 To 18 Weeks,31860
Other - Surgical Services,IMD,6,18 To 52 Weeks,17535
Other - Surgical Services,IMD,6,Over 52 Weeks,1445
Other - Surgical Services,IMD,6,Total,50880
Other - Surgical Services,IMD,7,Unknown Clock Start,55
Other - Surgical Services,IMD,7,01 To 18 Weeks,31020
Other - Surgical Services,IMD,7,18 To 52 Weeks,16445
Other - Surgical Services,IMD,7,Over 52 Weeks,1370
Other - Surgical Services,IMD,7,Total,48885
Other - Surgical Services,IMD,8,Unknown Clock Start,50
Other - Surgical Services,IMD,8,01 To 18 Weeks,29925
Other - Surgical Services,IMD,8,18 To 52 Weeks,15945
Other - Surgical Services,IMD,8,Over 52 Weeks,1290
Other - Surgical Services,IMD,8,Total,47210
Other - Surgical Services,IMD,9,Unknown Clock Start,55
Other - Surgical Services,IMD,9,01 To 18 Weeks,29375
Other - Surgical Services,IMD,9,18 To 52 Weeks,15380
Other - Surgical Services,IMD,9,Over 52 Weeks,1315
Other - Surgical Services,IMD,9,Total,46130
Other - Surgical Services,Sex,Female,Unknown Clock Start,280
Other - Surgical Services,Sex,Female,01 To 18 Weeks,180865
Other - Surgical Services,Sex,Female,18 To 52 Weeks,87690
Other - Surgical Services,Sex,Female,Over 52 Weeks,7260
Other - Surgical Services,Sex,Female,Total,276095
Other - Surgical Services,Sex,Male,Unknown Clock Start,230
Other - Surgical Services,Sex,Male,01 To 18 Weeks,113575
Other - Surgical Services,Sex,Male,18 To 52 Weeks,69980
Other - Surgical Services,Sex,Male,Over 52 Weeks,5520
Other - Surgical Services,Sex,Male,Total,189305
Plastic Surgery Service,Age,0-18 Years,Unknown Clock Start,15
Plastic Surgery Service,Age,0-18 Years,01 To 18 Weeks,3105
Plastic Surgery Service,Age,0-18 Years,18 To 52 Weeks,2420
Plastic Surgery Service,Age,0-18 Years,Over 52 Weeks,275
Plastic Surgery Service,Age,0-18 Years,Total,5810
Plastic Surgery Service,Age,19-64 Years,Unknown Clock Start,35
Plastic Surgery Service,Age,19-64 Years,01 To 18 Weeks,31685
Plastic Surgery Service,Age,19-64 Years,18 To 52 Weeks,24845
Plastic Surgery Service,Age,19-64 Years,Over 52 Weeks,2975
Plastic Surgery Service,Age,19-64 Years,Total,59540
Plastic Surgery Service,Age,Over 65 Years,Unknown Clock Start,20
Plastic Surgery Service,Age,Over 65 Years,01 To 18 Weeks,25690
Plastic Surgery Service,Age,Over 65 Years,18 To 52 Weeks,13735
Plastic Surgery Service,Age,Over 65 Years,Over 52 Weeks,1590
Plastic Surgery Service,Age,Over 65 Years,Total,41035
Plastic Surgery Service,Ethnicity,99: Not known,Unknown Clock Start,*
Plastic Surgery Service,Ethnicity,99: Not known,01 To 18 Weeks,2610
Plastic Surgery Service,Ethnicity,99: Not known,18 To 52 Weeks,1125
Plastic Surgery Service,Ethnicity,99: Not known,Over 52 Weeks,120
Plastic Surgery Service,Ethnicity,99: Not known,Total,3855
Plastic Surgery Service,Ethnicity,A: British,Unknown Clock Start,50
Plastic Surgery Service,Ethnicity,A: British,01 To 18 Weeks,46880
Plastic Surgery Service,Ethnicity,A: British,18 To 52 Weeks,30215
Plastic Surgery Service,Ethnicity,A: British,Over 52 Weeks,3530
Plastic Surgery Service,Ethnicity,A: British,Total,80675
Plastic Surgery Service,Ethnicity,B: Irish,01 To 18 Weeks,340
Plastic Surgery Service,Ethnicity,B: Irish,18 To 52 Weeks,240
Plastic Surgery Service,Ethnicity,B: Irish,Over 52 Weeks,25
Plastic Surgery Service,Ethnicity,B: Irish,Total,605
Plastic Surgery Service,Ethnicity,C: Any other white background,Unknown Clock Start,*
Plastic Surgery Service,Ethnicity,C: Any other white background,01 To 18 Weeks,3085
Plastic Surgery Service,Ethnicity,C: Any other white background,18 To 52 Weeks,2490
Plastic Surgery Service,Ethnicity,C: Any other white background,Over 52 Weeks,275
Plastic Surgery Service,Ethnicity,C: Any other white background,Total,5855
Plastic Surgery Service,Ethnicity,D: White and Black Caribbean,01 To 18 Weeks,225
Plastic Surgery Service,Ethnicity,D: White and Black Caribbean,18 To 52 Weeks,170
Plastic Surgery Service,Ethnicity,D: White and Black Caribbean,Over 52 Weeks,15
Plastic Surgery Service,Ethnicity,D: White and Black Caribbean,Total,410
Plastic Surgery Service,Ethnicity,E: White and Black African,01 To 18 Weeks,120
Plastic Surgery Service,Ethnicity,E: White and Black African,18 To 52 Weeks,95
Plastic Surgery Service,Ethnicity,E: White and Black African,Over 52 Weeks,15
Plastic Surgery Service,Ethnicity,E: White and Black African,Total,225
Plastic Surgery Service,Ethnicity,F: White and Asian,01 To 18 Weeks,150
Plastic Surgery Service,Ethnicity,F: White and Asian,18 To 52 Weeks,130
Plastic Surgery Service,Ethnicity,F: White and Asian,Over 52 Weeks,15
Plastic Surgery Service,Ethnicity,F: White and Asian,Total,295
Plastic Surgery Service,Ethnicity,G: Any other mixed background,01 To 18 Weeks,375
Plastic Surgery Service,Ethnicity,G: Any other mixed background,18 To 52 Weeks,335
Plastic Surgery Service,Ethnicity,G: Any other mixed background,Over 52 Weeks,40
Plastic Surgery Service,Ethnicity,G: Any other mixed background,Total,750
Plastic Surgery Service,Ethnicity,H: Indian,Unknown Clock Start,*
Plastic Surgery Service,Ethnicity,H: Indian,01 To 18 Weeks,935
Plastic Surgery Service,Ethnicity,H: Indian,18 To 52 Weeks,820
Plastic Surgery Service,Ethnicity,H: Indian,Over 52 Weeks,130
Plastic Surgery Service,Ethnicity,H: Indian,Total,1885
Plastic Surgery Service,Ethnicity,J: Pakistani,Unknown Clock Start,10
Plastic Surgery Service,Ethnicity,J: Pakistani,01 To 18 Weeks,935
Plastic Surgery Service,Ethnicity,J: Pakistani,18 To 52 Weeks,905
Plastic Surgery Service,Ethnicity,J: Pakistani,Over 52 Weeks,115
Plastic Surgery Service,Ethnicity,J: Pakistani,Total,1965
Plastic Surgery Service,Ethnicity,K: Bangladeshi,Unknown Clock Start,*
Plastic Surgery Service,Ethnicity,K: Bangladeshi,01 To 18 Weeks,315
Plastic Surgery Service,Ethnicity,K: Bangladeshi,18 To 52 Weeks,295
Plastic Surgery Service,Ethnicity,K: Bangladeshi,Over 52 Weeks,35
Plastic Surgery Service,Ethnicity,K: Bangladeshi,Total,645
Plastic Surgery Service,Ethnicity,L: Any other Asian background,01 To 18 Weeks,910
Plastic Surgery Service,Ethnicity,L: Any other Asian background,18 To 52 Weeks,760
Plastic Surgery Service,Ethnicity,L: Any other Asian background,Over 52 Weeks,95
Plastic Surgery Service,Ethnicity,L: Any other Asian background,Total,1765
Plastic Surgery Service,Ethnicity,M: Caribbean,Unknown Clock Start,*
Plastic Surgery Service,Ethnicity,M: Caribbean,01 To 18 Weeks,605
Plastic Surgery Service,Ethnicity,M: Caribbean,18 To 52 Weeks,555
Plastic Surgery Service,Ethnicity,M: Caribbean,Over 52 Weeks,50
Plastic Surgery Service,Ethnicity,M: Caribbean,Total,1210
Plastic Surgery Service,Ethnicity,N: African,Unknown Clock Start,*
Plastic Surgery Service,Ethnicity,N: African,01 To 18 Weeks,955
Plastic Surgery Service,Ethnicity,N: African,18 To 52 Weeks,895
Plastic Surgery Service,Ethnicity,N: African,Over 52 Weeks,120
Plastic Surgery Service,Ethnicity,N: African,Total,1975
Plastic Surgery Service,Ethnicity,P: Any other Black background,Unknown Clock Start,*
Plastic Surgery Service,Ethnicity,P: Any other Black background,01 To 18 Weeks,515
Plastic Surgery Service,Ethnicity,P: Any other Black background,18 To 52 Weeks,440
Plastic Surgery Service,Ethnicity,P: Any other Black background,Over 52 Weeks,50
Plastic Surgery Service,Ethnicity,P: Any other Black background,Total,1005
Plastic Surgery Service,Ethnicity,R: Chinese,01 To 18 Weeks,190
Plastic Surgery Service,Ethnicity,R: Chinese,18 To 52 Weeks,165
Plastic Surgery Service,Ethnicity,R: Chinese,Over 52 Weeks,15
Plastic Surgery Service,Ethnicity,R: Chinese,Total,370
Plastic Surgery Service,Ethnicity,S: Any other ethnic group,01 To 18 Weeks,520
Plastic Surgery Service,Ethnicity,S: Any other ethnic group,18 To 52 Weeks,420
Plastic Surgery Service,Ethnicity,S: Any other ethnic group,Over 52 Weeks,55
Plastic Surgery Service,Ethnicity,S: Any other ethnic group,Total,995
Plastic Surgery Service,Ethnicity,Z: Not stated,01 To 18 Weeks,2340
Plastic Surgery Service,Ethnicity,Z: Not stated,18 To 52 Weeks,1410
Plastic Surgery Service,Ethnicity,Z: Not stated,Over 52 Weeks,150
Plastic Surgery Service,Ethnicity,Z: Not stated,Total,3905
Plastic Surgery Service,IMD,1,Unknown Clock Start,*
Plastic Surgery Service,IMD,1,01 To 18 Weeks,5210
Plastic Surgery Service,IMD,1,18 To 52 Weeks,4325
Plastic Surgery Service,IMD,1,Over 52 Weeks,565
Plastic Surgery Service,IMD,1,Total,10100
Plastic Surgery Service,IMD,10,Unknown Clock Start,10
Plastic Surgery Service,IMD,10,01 To 18 Weeks,6925
Plastic Surgery Service,IMD,10,18 To 52 Weeks,3990
Plastic Surgery Service,IMD,10,Over 52 Weeks,450
Plastic Surgery Service,IMD,10,Total,11375
Plastic Surgery Service,IMD,2,Unknown Clock Start,*
Plastic Surgery Service,IMD,2,01 To 18 Weeks,5140
Plastic Surgery Service,IMD,2,18 To 52 Weeks,3935
Plastic Surgery Service,IMD,2,Over 52 Weeks,495
Plastic Surgery Service,IMD,2,Total,9585
Plastic Surgery Service,IMD,3,Unknown Clock Start,*
Plastic Surgery Service,IMD,3,01 To 18 Weeks,5320
Plastic Surgery Service,IMD,3,18 To 52 Weeks,3960
Plastic Surgery Service,IMD,3,Over 52 Weeks,430
Plastic Surgery Service,IMD,3,Total,9715
Plastic Surgery Service,IMD,4,Unknown Clock Start,10
Plastic Surgery Service,IMD,4,01 To 18 Weeks,5535
Plastic Surgery Service,IMD,4,18 To 52 Weeks,3920
Plastic Surgery Service,IMD,4,Over 52 Weeks,455
Plastic Surgery Service,IMD,4,Total,9915
Plastic Surgery Service,IMD,5,Unknown Clock Start,*
Plastic Surgery Service,IMD,5,01 To 18 Weeks,5815
Plastic Surgery Service,IMD,5,18 To 52 Weeks,3865
Plastic Surgery Service,IMD,5,Over 52 Weeks,460
Plastic Surgery Service,IMD,5,Total,10145
Plastic Surgery Service,IMD,6,Unknown Clock Start,*
Plastic Surgery Service,IMD,6,01 To 18 Weeks,6080
Plastic Surgery Service,IMD,6,18 To 52 Weeks,4100
Plastic Surgery Service,IMD,6,Over 52 Weeks,505
Plastic Surgery Service,IMD,6,Total,10685
Plastic Surgery Service,IMD,7,Unknown Clock Start,*
Plastic Surgery Service,IMD,7,01 To 18 Weeks,6290
Plastic Surgery Service,IMD,7,18 To 52 Weeks,3925
Plastic Surgery Service,IMD,7,Over 52 Weeks,460
Plastic Surgery Service,IMD,7,Total,10680
Plastic Surgery Service,IMD,8,Unknown Clock Start,10
Plastic Surgery Service,IMD,8,01 To 18 Weeks,6395
Plastic Surgery Service,IMD,8,18 To 52 Weeks,4095
Plastic Surgery Service,IMD,8,Over 52 Weeks,465
Plastic Surgery Service,IMD,8,Total,10960
Plastic Surgery Service,IMD,9,Unknown Clock Start,15
Plastic Surgery Service,IMD,9,01 To 18 Weeks,6670
Plastic Surgery Service,IMD,9,18 To 52 Weeks,4120
Plastic Surgery Service,IMD,9,Over 52 Weeks,450
Plastic Surgery Service,IMD,9,Total,11255
Plastic Surgery Service,Sex,Female,Unknown Clock Start,35
Plastic Surgery Service,Sex,Female,01 To 18 Weeks,31120
Plastic Surgery Service,Sex,Female,18 To 52 Weeks,22205
Plastic Surgery Service,Sex,Female,Over 52 Weeks,2725
Plastic Surgery Service,Sex,Female,Total,56090
Plastic Surgery Service,Sex,Male,Unknown Clock Start,35
Plastic Surgery Service,Sex,Male,01 To 18 Weeks,27715
Plastic Surgery Service,Sex,Male,18 To 52 Weeks,17695
Plastic Surgery Service,Sex,Male,Over 52 Weeks,2050
Plastic Surgery Service,Sex,Male,Total,47490
Respiratory Medicine Service,Age,0-18 Years,Unknown Clock Start,*
Respiratory Medicine Service,Age,0-18 Years,01 To 18 Weeks,1255
Respiratory Medicine Service,Age,0-18 Years,18 To 52 Weeks,655
Respiratory Medicine Service,Age,0-18 Years,Over 52 Weeks,25
Respiratory Medicine Service,Age,0-18 Years,Total,1940
Respiratory Medicine Service,Age,19-64 Years,Unknown Clock Start,250
Respiratory Medicine Service,Age,19-64 Years,01 To 18 Weeks,68210
Respiratory Medicine Service,Age,19-64 Years,18 To 52 Weeks,37725
Respiratory Medicine Service,Age,19-64 Years,Over 52 Weeks,1455
Respiratory Medicine Service,Age,19-64 Years,Total,107645
Respiratory Medicine Service,Age,Over 65 Years,Unknown Clock Start,190
Respiratory Medicine Service,Age,Over 65 Years,01 To 18 Weeks,53655
Respiratory Medicine Service,Age,Over 65 Years,18 To 52 Weeks,26210
Respiratory Medicine Service,Age,Over 65 Years,Over 52 Weeks,960
Respiratory Medicine Service,Age,Over 65 Years,Total,81020
Respiratory Medicine Service,Ethnicity,99: Not known,Unknown Clock Start,15
Respiratory Medicine Service,Ethnicity,99: Not known,01 To 18 Weeks,4450
Respiratory Medicine Service,Ethnicity,99: Not known,18 To 52 Weeks,1740
Respiratory Medicine Service,Ethnicity,99: Not known,Over 52 Weeks,75
Respiratory Medicine Service,Ethnicity,99: Not known,Total,6280
Respiratory Medicine Service,Ethnicity,A: British,Unknown Clock Start,285
Respiratory Medicine Service,Ethnicity,A: British,01 To 18 Weeks,89085
Respiratory Medicine Service,Ethnicity,A: British,18 To 52 Weeks,46385
Respiratory Medicine Service,Ethnicity,A: British,Over 52 Weeks,1715
Respiratory Medicine Service,Ethnicity,A: British,Total,137470
Respiratory Medicine Service,Ethnicity,B: Irish,Unknown Clock Start,*
Respiratory Medicine Service,Ethnicity,B: Irish,01 To 18 Weeks,985
Respiratory Medicine Service,Ethnicity,B: Irish,18 To 52 Weeks,485
Respiratory Medicine Service,Ethnicity,B: Irish,Over 52 Weeks,20
Respiratory Medicine Service,Ethnicity,B: Irish,Total,1490
Respiratory Medicine Service,Ethnicity,C: Any other white background,Unknown Clock Start,25
Respiratory Medicine Service,Ethnicity,C: Any other white background,01 To 18 Weeks,6450
Respiratory Medicine Service,Ethnicity,C: Any other white background,18 To 52 Weeks,3645
Respiratory Medicine Service,Ethnicity,C: Any other white background,Over 52 Weeks,175
Respiratory Medicine Service,Ethnicity,C: Any other white background,Total,10295
Respiratory Medicine Service,Ethnicity,D: White and Black Caribbean,Unknown Clock Start,*
Respiratory Medicine Service,Ethnicity,D: White and Black Caribbean,01 To 18 Weeks,345
Respiratory Medicine Service,Ethnicity,D: White and Black Caribbean,18 To 52 Weeks,180
Respiratory Medicine Service,Ethnicity,D: White and Black Caribbean,Over 52 Weeks,*
Respiratory Medicine Service,Ethnicity,D: White and Black Caribbean,Total,535
Respiratory Medicine Service,Ethnicity,E: White and Black African,01 To 18 Weeks,200
Respiratory Medicine Service,Ethnicity,E: White and Black African,18 To 52 Weeks,85
Respiratory Medicine Service,Ethnicity,E: White and Black African,Over 52 Weeks,*
Respiratory Medicine Service,Ethnicity,E: White and Black African,Total,295
Respiratory Medicine Service,Ethnicity,F: White and Asian,Unknown Clock Start,*
Respiratory Medicine Service,Ethnicity,F: White and Asian,01 To 18 Weeks,285
Respiratory Medicine Service,Ethnicity,F: White and Asian,18 To 52 Weeks,150
Respiratory Medicine Service,Ethnicity,F: White and Asian,Over 52 Weeks,*
Respiratory Medicine Service,Ethnicity,F: White and Asian,Total,445
Respiratory Medicine Service,Ethnicity,G: Any other mixed background,Unknown Clock Start,*
Respiratory Medicine Service,Ethnicity,G: Any other mixed background,01 To 18 Weeks,650
Respiratory Medicine Service,Ethnicity,G: Any other mixed background,18 To 52 Weeks,435
Respiratory Medicine Service,Ethnicity,G: Any other mixed background,Over 52 Weeks,10
Respiratory Medicine Service,Ethnicity,G: Any other mixed background,Total,1100
Respiratory Medicine Service,Ethnicity,H: Indian,Unknown Clock Start,15
Respiratory Medicine Service,Ethnicity,H: Indian,01 To 18 Weeks,3795
Respiratory Medicine Service,Ethnicity,H: Indian,18 To 52 Weeks,1755
Respiratory Medicine Service,Ethnicity,H: Indian,Over 52 Weeks,50
Respiratory Medicine Service,Ethnicity,H: Indian,Total,5615
Respiratory Medicine Service,Ethnicity,J: Pakistani,Unknown Clock Start,30
Respiratory Medicine Service,Ethnicity,J: Pakistani,01 To 18 Weeks,2580
Respiratory Medicine Service,Ethnicity,J: Pakistani,18 To 52 Weeks,1425
Respiratory Medicine Service,Ethnicity,J: Pakistani,Over 52 Weeks,55
Respiratory Medicine Service,Ethnicity,J: Pakistani,Total,4090
Respiratory Medicine Service,Ethnicity,K: Bangladeshi,Unknown Clock Start,10
Respiratory Medicine Service,Ethnicity,K: Bangladeshi,01 To 18 Weeks,1150
Respiratory Medicine Service,Ethnicity,K: Bangladeshi,18 To 52 Weeks,810
Respiratory Medicine Service,Ethnicity,K: Bangladeshi,Over 52 Weeks,20
Respiratory Medicine Service,Ethnicity,K: Bangladeshi,Total,1995
Respiratory Medicine Service,Ethnicity,L: Any other Asian background,Unknown Clock Start,20
Respiratory Medicine Service,Ethnicity,L: Any other Asian background,01 To 18 Weeks,2975
Respiratory Medicine Service,Ethnicity,L: Any other Asian background,18 To 52 Weeks,1660
Respiratory Medicine Service,Ethnicity,L: Any other Asian background,Over 52 Weeks,65
Respiratory Medicine Service,Ethnicity,L: Any other Asian background,Total,4720
Respiratory Medicine Service,Ethnicity,M: Caribbean,Unknown Clock Start,10
Respiratory Medicine Service,Ethnicity,M: Caribbean,01 To 18 Weeks,1500
Respiratory Medicine Service,Ethnicity,M: Caribbean,18 To 52 Weeks,825
Respiratory Medicine Service,Ethnicity,M: Caribbean,Over 52 Weeks,40
Respiratory Medicine Service,Ethnicity,M: Caribbean,Total,2380
Respiratory Medicine Service,Ethnicity,N: African,Unknown Clock Start,10
Respiratory Medicine Service,Ethnicity,N: African,01 To 18 Weeks,2215
Respiratory Medicine Service,Ethnicity,N: African,18 To 52 Weeks,1130
Respiratory Medicine Service,Ethnicity,N: African,Over 52 Weeks,40
Respiratory Medicine Service,Ethnicity,N: African,Total,3390
Respiratory Medicine Service,Ethnicity,P: Any other Black background,Unknown Clock Start,10
Respiratory Medicine Service,Ethnicity,P: Any other Black background,01 To 18 Weeks,1200
Respiratory Medicine Service,Ethnicity,P: Any other Black background,18 To 52 Weeks,570
Respiratory Medicine Service,Ethnicity,P: Any other Black background,Over 52 Weeks,25
Respiratory Medicine Service,Ethnicity,P: Any other Black background,Total,1800
Respiratory Medicine Service,Ethnicity,R: Chinese,01 To 18 Weeks,520
Respiratory Medicine Service,Ethnicity,R: Chinese,18 To 52 Weeks,260
Respiratory Medicine Service,Ethnicity,R: Chinese,Over 52 Weeks,10
Respiratory Medicine Service,Ethnicity,R: Chinese,Total,790
Respiratory Medicine Service,Ethnicity,S: Any other ethnic group,Unknown Clock Start,*
Respiratory Medicine Service,Ethnicity,S: Any other ethnic group,01 To 18 Weeks,1335
Respiratory Medicine Service,Ethnicity,S: Any other ethnic group,18 To 52 Weeks,690
Respiratory Medicine Service,Ethnicity,S: Any other ethnic group,Over 52 Weeks,25
Respiratory Medicine Service,Ethnicity,S: Any other ethnic group,Total,2055
Respiratory Medicine Service,Ethnicity,Z: Not stated,Unknown Clock Start,15
Respiratory Medicine Service,Ethnicity,Z: Not stated,01 To 18 Weeks,5215
Respiratory Medicine Service,Ethnicity,Z: Not stated,18 To 52 Weeks,2535
Respiratory Medicine Service,Ethnicity,Z: Not stated,Over 52 Weeks,100
Respiratory Medicine Service,Ethnicity,Z: Not stated,Total,7865
Respiratory Medicine Service,IMD,1,Unknown Clock Start,10
Respiratory Medicine Service,IMD,1,01 To 18 Weeks,14145
Respiratory Medicine Service,IMD,1,18 To 52 Weeks,6485
Respiratory Medicine Service,IMD,1,Over 52 Weeks,220
Respiratory Medicine Service,IMD,1,Total,20865
Respiratory Medicine Service,IMD,10,Unknown Clock Start,65
Respiratory Medicine Service,IMD,10,01 To 18 Weeks,9375
Respiratory Medicine Service,IMD,10,18 To 52 Weeks,4955
Respiratory Medicine Service,IMD,10,Over 52 Weeks,210
Respiratory Medicine Service,IMD,10,Total,14610
Respiratory Medicine Service,IMD,2,Unknown Clock Start,55
Respiratory Medicine Service,IMD,2,01 To 18 Weeks,13760
Respiratory Medicine Service,IMD,2,18 To 52 Weeks,6775
Respiratory Medicine Service,IMD,2,Over 52 Weeks,255
Respiratory Medicine Service,IMD,2,Total,20845
Respiratory Medicine Service,IMD,3,Unknown Clock Start,50
Respiratory Medicine Service,IMD,3,01 To 18 Weeks,13735
Respiratory Medicine Service,IMD,3,18 To 52 Weeks,7260
Respiratory Medicine Service,IMD,3,Over 52 Weeks,230
Respiratory Medicine Service,IMD,3,Total,21270
Respiratory Medicine Service,IMD,4,Unknown Clock Start,50
Respiratory Medicine Service,IMD,4,01 To 18 Weeks,13055
Respiratory Medicine Service,IMD,4,18 To 52 Weeks,7030
Respiratory Medicine Service,IMD,4,Over 52 Weeks,305
Respiratory Medicine Service,IMD,4,Total,20440
Respiratory Medicine Service,IMD,5,Unknown Clock Start,45
Respiratory Medicine Service,IMD,5,01 To 18 Weeks,12410
Respiratory Medicine Service,IMD,5,18 To 52 Weeks,6665
Respiratory Medicine Service,IMD,5,Over 52 Weeks,255
Respiratory Medicine Service,IMD,5,Total,19380
Respiratory Medicine Service,IMD,6,Unknown Clock Start,40
Respiratory Medicine Service,IMD,6,01 To 18 Weeks,11990
Respiratory Medicine Service,IMD,6,18 To 52 Weeks,6305
Respiratory Medicine Service,IMD,6,Over 52 Weeks,260
Respiratory Medicine Service,IMD,6,Total,18590
Respiratory Medicine Service,IMD,7,Unknown Clock Start,50
Respiratory Medicine Service,IMD,7,01 To 18 Weeks,11350
Respiratory Medicine Service,IMD,7,18 To 52 Weeks,6140
Respiratory Medicine Service,IMD,7,Over 52 Weeks,210
Respiratory Medicine Service,IMD,7,Total,17750
Respiratory Medicine Service,IMD,8,Unknown Clock Start,35
Respiratory Medicine Service,IMD,8,01 To 18 Weeks,11105
Respiratory Medicine Service,IMD,8,18 To 52 Weeks,5955
Respiratory Medicine Service,IMD,8,Over 52 Weeks,235
Respiratory Medicine Service,IMD,8,Total,17335
Respiratory Medicine Service,IMD,9,Unknown Clock Start,55
Respiratory Medicine Service,IMD,9,01 To 18 Weeks,10380
Respiratory Medicine Service,IMD,9,18 To 52 Weeks,5655
Respiratory Medicine Service,IMD,9,Over 52 Weeks,200
Respiratory Medicine Service,IMD,9,Total,16290
Respiratory Medicine Service,Sex,Female,Unknown Clock Start,225
Respiratory Medicine Service,Sex,Female,01 To 18 Weeks,56910
Respiratory Medicine Service,Sex,Female,18 To 52 Weeks,30610
Respiratory Medicine Service,Sex,Female,Over 52 Weeks,1175
Respiratory Medicine Service,Sex,Female,Total,88925
Respiratory Medicine Service,Sex,Male,Unknown Clock Start,220
Respiratory Medicine Service,Sex,Male,01 To 18 Weeks,60315
Respiratory Medicine Service,Sex,Male,18 To 52 Weeks,30900
Respiratory Medicine Service,Sex,Male,Over 52 Weeks,1090
Respiratory Medicine Service,Sex,Male,Total,92525
Rheumatology Service,Age,0-18 Years,Unknown Clock Start,*
Rheumatology Service,Age,0-18 Years,01 To 18 Weeks,1450
Rheumatology Service,Age,0-18 Years,18 To 52 Weeks,825
Rheumatology Service,Age,0-18 Years,Over 52 Weeks,20
Rheumatology Service,Age,0-18 Years,Total,2295
Rheumatology Service,Age,19-64 Years,Unknown Clock Start,140
Rheumatology Service,Age,19-64 Years,01 To 18 Weeks,52180
Rheumatology Service,Age,19-64 Years,18 To 52 Weeks,26550
Rheumatology Service,Age,19-64 Years,Over 52 Weeks,930
Rheumatology Service,Age,19-64 Years,Total,79795
Rheumatology Service,Age,Over 65 Years,Unknown Clock Start,110
Rheumatology Service,Age,Over 65 Years,01 To 18 Weeks,29010
Rheumatology Service,Age,Over 65 Years,18 To 52 Weeks,13205
Rheumatology Service,Age,Over 65 Years,Over 52 Weeks,480
Rheumatology Service,Age,Over 65 Years,Total,42805
Rheumatology Service,Ethnicity,99: Not known,Unknown Clock Start,*
Rheumatology Service,Ethnicity,99: Not known,01 To 18 Weeks,3085
Rheumatology Service,Ethnicity,99: Not known,18 To 52 Weeks,1140
Rheumatology Service,Ethnicity,99: Not known,Over 52 Weeks,40
Rheumatology Service,Ethnicity,99: Not known,Total,4275
Rheumatology Service,Ethnicity,A: British,Unknown Clock Start,185
Rheumatology Service,Ethnicity,A: British,01 To 18 Weeks,62160
Rheumatology Service,Ethnicity,A: British,18 To 52 Weeks,30520
Rheumatology Service,Ethnicity,A: British,Over 52 Weeks,1135
Rheumatology Service,Ethnicity,A: British,Total,93995
Rheumatology Service,Ethnicity,B: Irish,Unknown Clock Start,*
Rheumatology Service,Ethnicity,B: Irish,01 To 18 Weeks,460
Rheumatology Service,Ethnicity,B: Irish,18 To 52 Weeks,265
Rheumatology Service,Ethnicity,B: Irish,Over 52 Weeks,*
Rheumatology Service,Ethnicity,B: Irish,Total,730
Rheumatology Service,Ethnicity,C: Any other white background,Unknown Clock Start,10
Rheumatology Service,Ethnicity,C: Any other white background,01 To 18 Weeks,4355
Rheumatology Service,Ethnicity,C: Any other white background,18 To 52 Weeks,2365
Rheumatology Service,Ethnicity,C: Any other white background,Over 52 Weeks,75
Rheumatology Service,Ethnicity,C: Any other white background,Total,6810
Rheumatology Service,Ethnicity,D: White and Black Caribbean,01 To 18 Weeks,235
Rheumatology Service,Ethnicity,D: White and Black Caribbean,18 To 52 Weeks,120
Rheumatology Service,Ethnicity,D: White and Black Caribbean,Over 52 Weeks,*
Rheumatology Service,Ethnicity,D: White and Black Caribbean,Total,360
Rheumatology Service,Ethnicity,E: White and Black African,01 To 18 Weeks,150
Rheumatology Service,Ethnicity,E: White and Black African,18 To 52 Weeks,75
Rheumatology Service,Ethnicity,E: White and Black African,Over 52 Weeks,*
Rheumatology Service,Ethnicity,E: White and Black African,Total,230
Rheumatology Service,Ethnicity,F: White and Asian,01 To 18 Weeks,255
Rheumatology Service,Ethnicity,F: White and Asian,18 To 52 Weeks,105
Rheumatology Service,Ethnicity,F: White and Asian,Over 52 Weeks,*
Rheumatology Service,Ethnicity,F: White and Asian,Total,360
Rheumatology Service,Ethnicity,G: Any other mixed background,01 To 18 Weeks,530
Rheumatology Service,Ethnicity,G: Any other mixed background,18 To 52 Weeks,250
Rheumatology Service,Ethnicity,G: Any other mixed background,Over 52 Weeks,*
Rheumatology Service,Ethnicity,G: Any other mixed background,Total,785
Rheumatology Service,Ethnicity,H: Indian,Unknown Clock Start,*
Rheumatology Service,Ethnicity,H: Indian,01 To 18 Weeks,2385
Rheumatology Service,Ethnicity,H: Indian,18 To 52 Weeks,1310
Rheumatology Service,Ethnicity,H: Indian,Over 52 Weeks,30
Rheumatology Service,Ethnicity,H: Indian,Total,3730
Rheumatology Service,Ethnicity,J: Pakistani,Unknown Clock Start,15
Rheumatology Service,Ethnicity,J: Pakistani,01 To 18 Weeks,1890
Rheumatology Service,Ethnicity,J: Pakistani,18 To 52 Weeks,840
Rheumatology Service,Ethnicity,J: Pakistani,Over 52 Weeks,25
Rheumatology Service,Ethnicity,J: Pakistani,Total,2765
Rheumatology Service,Ethnicity,K: Bangladeshi,Unknown Clock Start,*
Rheumatology Service,Ethnicity,K: Bangladeshi,01 To 18 Weeks,660
Rheumatology Service,Ethnicity,K: Bangladeshi,18 To 52 Weeks,225
Rheumatology Service,Ethnicity,K: Bangladeshi,Over 52 Weeks,*
Rheumatology Service,Ethnicity,K: Bangladeshi,Total,900
Rheumatology Service,Ethnicity,L: Any other Asian background,Unknown Clock Start,10
Rheumatology Service,Ethnicity,L: Any other Asian background,01 To 18 Weeks,1665
Rheumatology Service,Ethnicity,L: Any other Asian background,18 To 52 Weeks,805
Rheumatology Service,Ethnicity,L: Any other Asian background,Over 52 Weeks,10
Rheumatology Service,Ethnicity,L: Any other Asian background,Total,2490
Rheumatology Service,Ethnicity,M: Caribbean,Unknown Clock Start,*
Rheumatology Service,Ethnicity,M: Caribbean,01 To 18 Weeks,780
Rheumatology Service,Ethnicity,M: Caribbean,18 To 52 Weeks,285
Rheumatology Service,Ethnicity,M: Caribbean,Over 52 Weeks,*
Rheumatology Service,Ethnicity,M: Caribbean,Total,1075
Rheumatology Service,Ethnicity,N: African,Unknown Clock Start,*
Rheumatology Service,Ethnicity,N: African,01 To 18 Weeks,1090
Rheumatology Service,Ethnicity,N: African,18 To 52 Weeks,495
Rheumatology Service,Ethnicity,N: African,Over 52 Weeks,15
Rheumatology Service,Ethnicity,N: African,Total,1605
Rheumatology Service,Ethnicity,P: Any other Black background,Unknown Clock Start,*
Rheumatology Service,Ethnicity,P: Any other Black background,01 To 18 Weeks,575
Rheumatology Service,Ethnicity,P: Any other Black background,18 To 52 Weeks,240
Rheumatology Service,Ethnicity,P: Any other Black background,Over 52 Weeks,*
Rheumatology Service,Ethnicity,P: Any other Black background,Total,825
Rheumatology Service,Ethnicity,R: Chinese,Unknown Clock Start,*
Rheumatology Service,Ethnicity,R: Chinese,01 To 18 Weeks,315
Rheumatology Service,Ethnicity,R: Chinese,18 To 52 Weeks,155
Rheumatology Service,Ethnicity,R: Chinese,Over 52 Weeks,*
Rheumatology Service,Ethnicity,R: Chinese,Total,475
Rheumatology Service,Ethnicity,S: Any other ethnic group,Unknown Clock Start,*
Rheumatology Service,Ethnicity,S: Any other ethnic group,01 To 18 Weeks,775
Rheumatology Service,Ethnicity,S: Any other ethnic group,18 To 52 Weeks,375
Rheumatology Service,Ethnicity,S: Any other ethnic group,Over 52 Weeks,10
Rheumatology Service,Ethnicity,S: Any other ethnic group,Total,1160
Rheumatology Service,Ethnicity,Z: Not stated,Unknown Clock Start,*
Rheumatology Service,Ethnicity,Z: Not stated,01 To 18 Weeks,3280
Rheumatology Service,Ethnicity,Z: Not stated,18 To 52 Weeks,1475
Rheumatology Service,Ethnicity,Z: Not stated,Over 52 Weeks,50
Rheumatology Service,Ethnicity,Z: Not stated,Total,4810
Rheumatology Service,IMD,1,Unknown Clock Start,*
Rheumatology Service,IMD,1,01 To 18 Weeks,7875
Rheumatology Service,IMD,1,18 To 52 Weeks,3790
Rheumatology Service,IMD,1,Over 52 Weeks,100
Rheumatology Service,IMD,1,Total,11765
Rheumatology Service,IMD,10,Unknown Clock Start,45
Rheumatology Service,IMD,10,01 To 18 Weeks,7200
Rheumatology Service,IMD,10,18 To 52 Weeks,3430
Rheumatology Service,IMD,10,Over 52 Weeks,135
Rheumatology Service,IMD,10,Total,10805
Rheumatology Service,IMD,2,Unknown Clock Start,15
Rheumatology Service,IMD,2,01 To 18 Weeks,7935
Rheumatology Service,IMD,2,18 To 52 Weeks,3900
Rheumatology Service,IMD,2,Over 52 Weeks,110
Rheumatology Service,IMD,2,Total,11960
Rheumatology Service,IMD,3,Unknown Clock Start,30
Rheumatology Service,IMD,3,01 To 18 Weeks,8075
Rheumatology Service,IMD,3,18 To 52 Weeks,4080
Rheumatology Service,IMD,3,Over 52 Weeks,145
Rheumatology Service,IMD,3,Total,12335
Rheumatology Service,IMD,4,Unknown Clock Start,30
Rheumatology Service,IMD,4,01 To 18 Weeks,8520
Rheumatology Service,IMD,4,18 To 52 Weeks,4065
Rheumatology Service,IMD,4,Over 52 Weeks,150
Rheumatology Service,IMD,4,Total,12770
Rheumatology Service,IMD,5,Unknown Clock Start,35
Rheumatology Service,IMD,5,01 To 18 Weeks,8540
Rheumatology Service,IMD,5,18 To 52 Weeks,4205
Rheumatology Service,IMD,5,Over 52 Weeks,125
Rheumatology Service,IMD,5,Total,12910
Rheumatology Service,IMD,6,Unknown Clock Start,15
Rheumatology Service,IMD,6,01 To 18 Weeks,8595
Rheumatology Service,IMD,6,18 To 52 Weeks,4245
Rheumatology Service,IMD,6,Over 52 Weeks,160
Rheumatology Service,IMD,6,Total,13010
Rheumatology Service,IMD,7,Unknown Clock Start,20
Rheumatology Service,IMD,7,01 To 18 Weeks,8525
Rheumatology Service,IMD,7,18 To 52 Weeks,4185
Rheumatology Service,IMD,7,Over 52 Weeks,165
Rheumatology Service,IMD,7,Total,12895
Rheumatology Service,IMD,8,Unknown Clock Start,30
Rheumatology Service,IMD,8,01 To 18 Weeks,8435
Rheumatology Service,IMD,8,18 To 52 Weeks,4205
Rheumatology Service,IMD,8,Over 52 Weeks,165
Rheumatology Service,IMD,8,Total,12835
Rheumatology Service,IMD,9,Unknown Clock Start,30
Rheumatology Service,IMD,9,01 To 18 Weeks,8320
Rheumatology Service,IMD,9,18 To 52 Weeks,3840
Rheumatology Service,IMD,9,Over 52 Weeks,145
Rheumatology Service,IMD,9,Total,12340
Rheumatology Service,Sex,Female,Unknown Clock Start,170
Rheumatology Service,Sex,Female,01 To 18 Weeks,57160
Rheumatology Service,Sex,Female,18 To 52 Weeks,29200
Rheumatology Service,Sex,Female,Over 52 Weeks,1035
Rheumatology Service,Sex,Female,Total,87560
Rheumatology Service,Sex,Male,Unknown Clock Start,85
Rheumatology Service,Sex,Male,01 To 18 Weeks,23310
Rheumatology Service,Sex,Male,18 To 52 Weeks,10320
Rheumatology Service,Sex,Male,Over 52 Weeks,325
Rheumatology Service,Sex,Male,Total,34040
Trauma and Orthopaedics Service,Age,0-18 Years,Unknown Clock Start,180
Trauma and Orthopaedics Service,Age,0-18 Years,01 To 18 Weeks,18805
Trauma and Orthopaedics Service,Age,0-18 Years,18 To 52 Weeks,12310
Trauma and Orthopaedics Service,Age,0-18 Years,Over 52 Weeks,1220
Trauma and Orthopaedics Service,Age,0-18 Years,Total,32515
Trauma and Orthopaedics Service,Age,19-64 Years,Unknown Clock Start,1345
Trauma and Orthopaedics Service,Age,19-64 Years,01 To 18 Weeks,271845
Trauma and Orthopaedics Service,Age,19-64 Years,18 To 52 Weeks,181485
Trauma and Orthopaedics Service,Age,19-64 Years,Over 52 Weeks,14965
Trauma and Orthopaedics Service,Age,19-64 Years,Total,469640
Trauma and Orthopaedics Service,Age,Over 65 Years,Unknown Clock Start,1005
Trauma and Orthopaedics Service,Age,Over 65 Years,01 To 18 Weeks,198400
Trauma and Orthopaedics Service,Age,Over 65 Years,18 To 52 Weeks,139420
Trauma and Orthopaedics Service,Age,Over 65 Years,Over 52 Weeks,12415
Trauma and Orthopaedics Service,Age,Over 65 Years,Total,351235
Trauma and Orthopaedics Service,Ethnicity,99: Not known,Unknown Clock Start,50
Trauma and Orthopaedics Service,Ethnicity,99: Not known,01 To 18 Weeks,15020
Trauma and Orthopaedics Service,Ethnicity,99: Not known,18 To 52 Weeks,6590
Trauma and Orthopaedics Service,Ethnicity,99: Not known,Over 52 Weeks,450
Trauma and Orthopaedics Service,Ethnicity,99: Not known,Total,22110
Trauma and Orthopaedics Service,Ethnicity,A: British,Unknown Clock Start,1900
Trauma and Orthopaedics Service,Ethnicity,A: British,01 To 18 Weeks,379270
Trauma and Orthopaedics Service,Ethnicity,A: British,18 To 52 Weeks,258295
Trauma and Orthopaedics Service,Ethnicity,A: British,Over 52 Weeks,22675
Trauma and Orthopaedics Service,Ethnicity,A: British,Total,662145
Trauma and Orthopaedics Service,Ethnicity,B: Irish,Unknown Clock Start,15
Trauma and Orthopaedics Service,Ethnicity,B: Irish,01 To 18 Weeks,2690
Trauma and Orthopaedics Service,Ethnicity,B: Irish,18 To 52 Weeks,1950
Trauma and Orthopaedics Service,Ethnicity,B: Irish,Over 52 Weeks,150
Trauma and Orthopaedics Service,Ethnicity,B: Irish,Total,4805
Trauma and Orthopaedics Service,Ethnicity,C: Any other white background,Unknown Clock Start,140
Trauma and Orthopaedics Service,Ethnicity,C: Any other white background,01 To 18 Weeks,24210
Trauma and Orthopaedics Service,Ethnicity,C: Any other white background,18 To 52 Weeks,17290
Trauma and Orthopaedics Service,Ethnicity,C: Any other white background,Over 52 Weeks,1395
Trauma and Orthopaedics Service,Ethnicity,C: Any other white background,Total,43030
Trauma and Orthopaedics Service,Ethnicity,D: White and Black Caribbean,Unknown Clock Start,15
Trauma and Orthopaedics Service,Ethnicity,D: White and Black Caribbean,01 To 18 Weeks,1495
Trauma and Orthopaedics Service,Ethnicity,D: White and Black Caribbean,18 To 52 Weeks,1040
Trauma and Orthopaedics Service,Ethnicity,D: White and Black Caribbean,Over 52 Weeks,85
Trauma and Orthopaedics Service,Ethnicity,D: White and Black Caribbean,Total,2630
Trauma and Orthopaedics Service,Ethnicity,E: White and Black African,Unknown Clock Start,*
Trauma and Orthopaedics Service,Ethnicity,E: White and Black African,01 To 18 Weeks,755
Trauma and Orthopaedics Service,Ethnicity,E: White and Black African,18 To 52 Weeks,500
Trauma and Orthopaedics Service,Ethnicity,E: White and Black African,Over 52 Weeks,50
Trauma and Orthopaedics Service,Ethnicity,E: White and Black African,Total,1310
Trauma and Orthopaedics Service,Ethnicity,F: White and Asian,Unknown Clock Start,*
Trauma and Orthopaedics Service,Ethnicity,F: White and Asian,01 To 18 Weeks,1080
Trauma and Orthopaedics Service,Ethnicity,F: White and Asian,18 To 52 Weeks,700
Trauma and Orthopaedics Service,Ethnicity,F: White and Asian,Over 52 Weeks,65
Trauma and Orthopaedics Service,Ethnicity,F: White and Asian,Total,1850
Trauma and Orthopaedics Service,Ethnicity,G: Any other mixed background,Unknown Clock Start,20
Trauma and Orthopaedics Service,Ethnicity,G: Any other mixed background,01 To 18 Weeks,2705
Trauma and Orthopaedics Service,Ethnicity,G: Any other mixed background,18 To 52 Weeks,1890
Trauma and Orthopaedics Service,Ethnicity,G: Any other mixed background,Over 52 Weeks,155
Trauma and Orthopaedics Service,Ethnicity,G: Any other mixed background,Total,4765
Trauma and Orthopaedics Service,Ethnicity,H: Indian,Unknown Clock Start,35
Trauma and Orthopaedics Service,Ethnicity,H: Indian,01 To 18 Weeks,12425
Trauma and Orthopaedics Service,Ethnicity,H: Indian,18 To 52 Weeks,8250
Trauma and Orthopaedics Service,Ethnicity,H: Indian,Over 52 Weeks,635
Trauma and Orthopaedics Service,Ethnicity,H: Indian,Total,21350
Trauma and Orthopaedics Service,Ethnicity,J: Pakistani,Unknown Clock Start,60
Trauma and Orthopaedics Service,Ethnicity,J: Pakistani,01 To 18 Weeks,9045
Trauma and Orthopaedics Service,Ethnicity,J: Pakistani,18 To 52 Weeks,5880
Trauma and Orthopaedics Service,Ethnicity,J: Pakistani,Over 52 Weeks,425
Trauma and Orthopaedics Service,Ethnicity,J: Pakistani,Total,15410
Trauma and Orthopaedics Service,Ethnicity,K: Bangladeshi,Unknown Clock Start,20
Trauma and Orthopaedics Service,Ethnicity,K: Bangladeshi,01 To 18 Weeks,2975
Trauma and Orthopaedics Service,Ethnicity,K: Bangladeshi,18 To 52 Weeks,1665
Trauma and Orthopaedics Service,Ethnicity,K: Bangladeshi,Over 52 Weeks,125
Trauma and Orthopaedics Service,Ethnicity,K: Bangladeshi,Total,4785
Trauma and Orthopaedics Service,Ethnicity,L: Any other Asian background,Unknown Clock Start,65
Trauma and Orthopaedics Service,Ethnicity,L: Any other Asian background,01 To 18 Weeks,7930
Trauma and Orthopaedics Service,Ethnicity,L: Any other Asian background,18 To 52 Weeks,5585
Trauma and Orthopaedics Service,Ethnicity,L: Any other Asian background,Over 52 Weeks,380
Trauma and Orthopaedics Service,Ethnicity,L: Any other Asian background,Total,13960
Trauma and Orthopaedics Service,Ethnicity,M: Caribbean,Unknown Clock Start,15
Trauma and Orthopaedics Service,Ethnicity,M: Caribbean,01 To 18 Weeks,4810
Trauma and Orthopaedics Service,Ethnicity,M: Caribbean,18 To 52 Weeks,3430
Trauma and Orthopaedics Service,Ethnicity,M: Caribbean,Over 52 Weeks,285
Trauma and Orthopaedics Service,Ethnicity,M: Caribbean,Total,8545
Trauma and Orthopaedics Service,Ethnicity,N: African,Unknown Clock Start,30
Trauma and Orthopaedics Service,Ethnicity,N: African,01 To 18 Weeks,6480
Trauma and Orthopaedics Service,Ethnicity,N: African,18 To 52 Weeks,4350
Trauma and Orthopaedics Service,Ethnicity,N: African,Over 52 Weeks,410
Trauma and Orthopaedics Service,Ethnicity,N: African,Total,11265
Trauma and Orthopaedics Service,Ethnicity,P: Any other Black background,Unknown Clock Start,20
Trauma and Orthopaedics Service,Ethnicity,P: Any other Black background,01 To 18 Weeks,3410
Trauma and Orthopaedics Service,Ethnicity,P: Any other Black background,18 To 52 Weeks,2275
Trauma and Orthopaedics Service,Ethnicity,P: Any other Black background,Over 52 Weeks,175
Trauma and Orthopaedics Service,Ethnicity,P: Any other Black background,Total,5875
Trauma and Orthopaedics Service,Ethnicity,R: Chinese,Unknown Clock Start,*
Trauma and Orthopaedics Service,Ethnicity,R: Chinese,01 To 18 Weeks,1105
Trauma and Orthopaedics Service,Ethnicity,R: Chinese,18 To 52 Weeks,785
Trauma and Orthopaedics Service,Ethnicity,R: Chinese,Over 52 Weeks,65
Trauma and Orthopaedics Service,Ethnicity,R: Chinese,Total,1960
Trauma and Orthopaedics Service,Ethnicity,S: Any other ethnic group,Unknown Clock Start,30
Trauma and Orthopaedics Service,Ethnicity,S: Any other ethnic group,01 To 18 Weeks,3750
Trauma and Orthopaedics Service,Ethnicity,S: Any other ethnic group,18 To 52 Weeks,2515
Trauma and Orthopaedics Service,Ethnicity,S: Any other ethnic group,Over 52 Weeks,240
Trauma and Orthopaedics Service,Ethnicity,S: Any other ethnic group,Total,6530
Trauma and Orthopaedics Service,Ethnicity,Z: Not stated,Unknown Clock Start,120
Trauma and Orthopaedics Service,Ethnicity,Z: Not stated,01 To 18 Weeks,19315
Trauma and Orthopaedics Service,Ethnicity,Z: Not stated,18 To 52 Weeks,11130
Trauma and Orthopaedics Service,Ethnicity,Z: Not stated,Over 52 Weeks,850
Trauma and Orthopaedics Service,Ethnicity,Z: Not stated,Total,31410
Trauma and Orthopaedics Service,IMD,1,Unknown Clock Start,130
Trauma and Orthopaedics Service,IMD,1,01 To 18 Weeks,45090
Trauma and Orthopaedics Service,IMD,1,18 To 52 Weeks,29185
Trauma and Orthopaedics Service,IMD,1,Over 52 Weeks,2470
Trauma and Orthopaedics Service,IMD,1,Total,76880
Trauma and Orthopaedics Service,IMD,10,Unknown Clock Start,250
Trauma and Orthopaedics Service,IMD,10,01 To 18 Weeks,45595
Trauma and Orthopaedics Service,IMD,10,18 To 52 Weeks,30235
Trauma and Orthopaedics Service,IMD,10,Over 52 Weeks,2395
Trauma and Orthopaedics Service,IMD,10,Total,78475
Trauma and Orthopaedics Service,IMD,2,Unknown Clock Start,215
Trauma and Orthopaedics Service,IMD,2,01 To 18 Weeks,47105
Trauma and Orthopaedics Service,IMD,2,18 To 52 Weeks,31135
Trauma and Orthopaedics Service,IMD,2,Over 52 Weeks,2580
Trauma and Orthopaedics Service,IMD,2,Total,81035
Trauma and Orthopaedics Service,IMD,3,Unknown Clock Start,240
Trauma and Orthopaedics Service,IMD,3,01 To 18 Weeks,47260
Trauma and Orthopaedics Service,IMD,3,18 To 52 Weeks,32040
Trauma and Orthopaedics Service,IMD,3,Over 52 Weeks,2840
Trauma and Orthopaedics Service,IMD,3,Total,82380
Trauma and Orthopaedics Service,IMD,4,Unknown Clock Start,305
Trauma and Orthopaedics Service,IMD,4,01 To 18 Weeks,48670
Trauma and Orthopaedics Service,IMD,4,18 To 52 Weeks,33530
Trauma and Orthopaedics Service,IMD,4,Over 52 Weeks,3025
Trauma and Orthopaedics Service,IMD,4,Total,85530
Trauma and Orthopaedics Service,IMD,5,Unknown Clock Start,325
Trauma and Orthopaedics Service,IMD,5,01 To 18 Weeks,49210
Trauma and Orthopaedics Service,IMD,5,18 To 52 Weeks,34750
Trauma and Orthopaedics Service,IMD,5,Over 52 Weeks,3220
Trauma and Orthopaedics Service,IMD,5,Total,87500
Trauma and Orthopaedics Service,IMD,6,Unknown Clock Start,255
Trauma and Orthopaedics Service,IMD,6,01 To 18 Weeks,50645
Trauma and Orthopaedics Service,IMD,6,18 To 52 Weeks,35055
Trauma and Orthopaedics Service,IMD,6,Over 52 Weeks,2860
Trauma and Orthopaedics Service,IMD,6,Total,88815
Trauma and Orthopaedics Service,IMD,7,Unknown Clock Start,315
Trauma and Orthopaedics Service,IMD,7,01 To 18 Weeks,49725
Trauma and Orthopaedics Service,IMD,7,18 To 52 Weeks,33855
Trauma and Orthopaedics Service,IMD,7,Over 52 Weeks,3020
Trauma and Orthopaedics Service,IMD,7,Total,86915
Trauma and Orthopaedics Service,IMD,8,Unknown Clock Start,250
Trauma and Orthopaedics Service,IMD,8,01 To 18 Weeks,50000
Trauma and Orthopaedics Service,IMD,8,18 To 52 Weeks,33900
Trauma and Orthopaedics Service,IMD,8,Over 52 Weeks,2815
Trauma and Orthopaedics Service,IMD,8,Total,86965
Trauma and Orthopaedics Service,IMD,9,Unknown Clock Start,215
Trauma and Orthopaedics Service,IMD,9,01 To 18 Weeks,48320
Trauma and Orthopaedics Service,IMD,9,18 To 52 Weeks,32675
Trauma and Orthopaedics Service,IMD,9,Over 52 Weeks,2830
Trauma and Orthopaedics Service,IMD,9,Total,84040
Trauma and Orthopaedics Service,Sex,Female,Unknown Clock Start,1395
Trauma and Orthopaedics Service,Sex,Female,01 To 18 Weeks,267070
Trauma and Orthopaedics Service,Sex,Female,18 To 52 Weeks,182905
Trauma and Orthopaedics Service,Sex,Female,Over 52 Weeks,15495
Trauma and Orthopaedics Service,Sex,Female,Total,466865
Trauma and Orthopaedics Service,Sex,Male,Unknown Clock Start,1110
Trauma and Orthopaedics Service,Sex,Male,01 To 18 Weeks,210055
Trauma and Orthopaedics Service,Sex,Male,18 To 52 Weeks,144135
Trauma and Orthopaedics Service,Sex,Male,Over 52 Weeks,12560
Trauma and Orthopaedics Service,Sex,Male,Total,367855
Unknown,Age,0-18 Years,Unknown Clock Start,15
Unknown,Age,0-18 Years,01 To 18 Weeks,1095
Unknown,Age,0-18 Years,18 To 52 Weeks,1010
Unknown,Age,0-18 Years,Over 52 Weeks,25
Unknown,Age,0-18 Years,Total,2145
Unknown,Age,19-64 Years,Unknown Clock Start,95
Unknown,Age,19-64 Years,01 To 18 Weeks,2695
Unknown,Age,19-64 Years,18 To 52 Weeks,395
Unknown,Age,19-64 Years,Over 52 Weeks,20
Unknown,Age,19-64 Years,Total,3210
Unknown,Age,Over 65 Years,Unknown Clock Start,70
Unknown,Age,Over 65 Years,01 To 18 Weeks,1410
Unknown,Age,Over 65 Years,18 To 52 Weeks,195
Unknown,Age,Over 65 Years,Over 52 Weeks,*
Unknown,Age,Over 65 Years,Total,1680
Unknown,Ethnicity,99: Not known,Unknown Clock Start,*
Unknown,Ethnicity,99: Not known,01 To 18 Weeks,565
Unknown,Ethnicity,99: Not known,18 To 52 Weeks,45
Unknown,Ethnicity,99: Not known,Total,610
Unknown,Ethnicity,A: British,Unknown Clock Start,135
Unknown,Ethnicity,A: British,01 To 18 Weeks,4195
Unknown,Ethnicity,A: British,18 To 52 Weeks,1045
Unknown,Ethnicity,A: British,Over 52 Weeks,15
Unknown,Ethnicity,A: British,Total,5390
Unknown,Ethnicity,B: Irish,Unknown Clock Start,*
Unknown,Ethnicity,B: Irish,01 To 18 Weeks,35
Unknown,Ethnicity,B: Irish,18 To 52 Weeks,15
Unknown,Ethnicity,B: Irish,Total,55
Unknown,Ethnicity,C: Any other white background,Unknown Clock Start,20
Unknown,Ethnicity,C: Any other white background,01 To 18 Weeks,365
Unknown,Ethnicity,C: Any other white background,18 To 52 Weeks,145
Unknown,Ethnicity,C: Any other white background,Over 52 Weeks,10
Unknown,Ethnicity,C: Any other white background,Total,540
Unknown,Ethnicity,D: White and Black Caribbean,Unknown Clock Start,*
Unknown,Ethnicity,D: White and Black Caribbean,01 To 18 Weeks,20
Unknown,Ethnicity,D: White and Black Caribbean,18 To 52 Weeks,15
Unknown,Ethnicity,D: White and Black Caribbean,Over 52 Weeks,*
Unknown,Ethnicity,D: White and Black Caribbean,Total,40
Unknown,Ethnicity,E: White and Black African,01 To 18 Weeks,20
Unknown,Ethnicity,E: White and Black African,18 To 52 Weeks,10
Unknown,Ethnicity,E: White and Black African,Total,30
Unknown,Ethnicity,F: White and Asian,01 To 18 Weeks,30
Unknown,Ethnicity,F: White and Asian,18 To 52 Weeks,15
Unknown,Ethnicity,F: White and Asian,Total,40
Unknown,Ethnicity,G: Any other mixed background,Unknown Clock Start,*
Unknown,Ethnicity,G: Any other mixed background,01 To 18 Weeks,55
Unknown,Ethnicity,G: Any other mixed background,18 To 52 Weeks,30
Unknown,Ethnicity,G: Any other mixed background,Over 52 Weeks,*
Unknown,Ethnicity,G: Any other mixed background,Total,90
Unknown,Ethnicity,H: Indian,Unknown Clock Start,*
Unknown,Ethnicity,H: Indian,01 To 18 Weeks,70
Unknown,Ethnicity,H: Indian,18 To 52 Weeks,45
Unknown,Ethnicity,H: Indian,Over 52 Weeks,*
Unknown,Ethnicity,H: Indian,Total,120
Unknown,Ethnicity,J: Pakistani,Unknown Clock Start,*
Unknown,Ethnicity,J: Pakistani,01 To 18 Weeks,115
Unknown,Ethnicity,J: Pakistani,18 To 52 Weeks,45
Unknown,Ethnicity,J: Pakistani,Over 52 Weeks,*
Unknown,Ethnicity,J: Pakistani,Total,170
Unknown,Ethnicity,K: Bangladeshi,Unknown Clock Start,*
Unknown,Ethnicity,K: Bangladeshi,01 To 18 Weeks,50
Unknown,Ethnicity,K: Bangladeshi,18 To 52 Weeks,30
Unknown,Ethnicity,K: Bangladeshi,Over 52 Weeks,*
Unknown,Ethnicity,K: Bangladeshi,Total,85
Unknown,Ethnicity,L: Any other Asian background,Unknown Clock Start,*
Unknown,Ethnicity,L: Any other Asian background,01 To 18 Weeks,115
Unknown,Ethnicity,L: Any other Asian background,18 To 52 Weeks,35
Unknown,Ethnicity,L: Any other Asian background,Over 52 Weeks,*
Unknown,Ethnicity,L: Any other Asian background,Total,155
Unknown,Ethnicity,M: Caribbean,01 To 18 Weeks,80
Unknown,Ethnicity,M: Caribbean,18 To 52 Weeks,25
Unknown,Ethnicity,M: Caribbean,Total,100
Unknown,Ethnicity,N: African,Unknown Clock Start,*
Unknown,Ethnicity,N: African,01 To 18 Weeks,115
Unknown,Ethnicity,N: African,18 To 52 Weeks,40
Unknown,Ethnicity,N: African,Over 52 Weeks,*
Unknown,Ethnicity,N: African,Total,165
Unknown,Ethnicity,P: Any other Black background,Unknown Clock Start,*
Unknown,Ethnicity,P: Any other Black background,01 To 18 Weeks,45
Unknown,Ethnicity,P: Any other Black background,18 To 52 Weeks,20
Unknown,Ethnicity,P: Any other Black background,Total,65
Unknown,Ethnicity,R: Chinese,01 To 18 Weeks,25
Unknown,Ethnicity,R: Chinese,18 To 52 Weeks,*
Unknown,Ethnicity,R: Chinese,Total,25
Unknown,Ethnicity,S: Any other ethnic group,Unknown Clock Start,*
Unknown,Ethnicity,S: Any other ethnic group,01 To 18 Weeks,40
Unknown,Ethnicity,S: Any other ethnic group,18 To 52 Weeks,25
Unknown,Ethnicity,S: Any other ethnic group,Total,70
Unknown,Ethnicity,Z: Not stated,Unknown Clock Start,*
Unknown,Ethnicity,Z: Not stated,01 To 18 Weeks,200
Unknown,Ethnicity,Z: Not stated,18 To 52 Weeks,25
Unknown,Ethnicity,Z: Not stated,Over 52 Weeks,*
Unknown,Ethnicity,Z: Not stated,Total,230
Unknown,IMD,1,01 To 18 Weeks,665
Unknown,IMD,1,18 To 52 Weeks,150
Unknown,IMD,1,Over 52 Weeks,*
Unknown,IMD,1,Total,820
Unknown,IMD,10,Unknown Clock Start,50
Unknown,IMD,10,01 To 18 Weeks,475
Unknown,IMD,10,18 To 52 Weeks,195
Unknown,IMD,10,Over 52 Weeks,*
Unknown,IMD,10,Total,725
Unknown,IMD,2,Unknown Clock Start,*
Unknown,IMD,2,01 To 18 Weeks,540
Unknown,IMD,2,18 To 52 Weeks,130
Unknown,IMD,2,Over 52 Weeks,*
Unknown,IMD,2,Total,680
Unknown,IMD,3,Unknown Clock Start,*
Unknown,IMD,3,01 To 18 Weeks,625
Unknown,IMD,3,18 To 52 Weeks,170
Unknown,IMD,3,Over 52 Weeks,10
Unknown,IMD,3,Total,810
Unknown,IMD,4,Unknown Clock Start,15
Unknown,IMD,4,01 To 18 Weeks,660
Unknown,IMD,4,18 To 52 Weeks,180
Unknown,IMD,4,Over 52 Weeks,*
Unknown,IMD,4,Total,860
Unknown,IMD,5,Unknown Clock Start,10
Unknown,IMD,5,01 To 18 Weeks,530
Unknown,IMD,5,18 To 52 Weeks,160
Unknown,IMD,5,Over 52 Weeks,10
Unknown,IMD,5,Total,710
Unknown,IMD,6,Unknown Clock Start,15
Unknown,IMD,6,01 To 18 Weeks,600
Unknown,IMD,6,18 To 52 Weeks,165
Unknown,IMD,6,Over 52 Weeks,*
Unknown,IMD,6,Total,785
Unknown,IMD,7,Unknown Clock Start,25
Unknown,IMD,7,01 To 18 Weeks,540
Unknown,IMD,7,18 To 52 Weeks,120
Unknown,IMD,7,Over 52 Weeks,*
Unknown,IMD,7,Total,685
Unknown,IMD,8,Unknown Clock Start,30
Unknown,IMD,8,01 To 18 Weeks,500
Unknown,IMD,8,18 To 52 Weeks,135
Unknown,IMD,8,Over 52 Weeks,*
Unknown,IMD,8,Total,670
Unknown,IMD,9,Unknown Clock Start,25
Unknown,IMD,9,01 To 18 Weeks,450
Unknown,IMD,9,18 To 52 Weeks,150
Unknown,IMD,9,Over 52 Weeks,*
Unknown,IMD,9,Total,630
Unknown,Sex,Female,Unknown Clock Start,80
Unknown,Sex,Female,01 To 18 Weeks,2740
Unknown,Sex,Female,18 To 52 Weeks,735
Unknown,Sex,Female,Over 52 Weeks,30
Unknown,Sex,Female,Total,3585
Unknown,Sex,Male,Unknown Clock Start,80
Unknown,Sex,Male,01 To 18 Weeks,2550
Unknown,Sex,Male,18 To 52 Weeks,845
Unknown,Sex,Male,Over 52 Weeks,25
Unknown,Sex,Male,Total,3500
Urology Service,Age,0-18 Years,Unknown Clock Start,20
Urology Service,Age,0-18 Years,01 To 18 Weeks,5855
Urology Service,Age,0-18 Years,18 To 52 Weeks,4300
Urology Service,Age,0-18 Years,Over 52 Weeks,235
Urology Service,Age,0-18 Years,Total,10410
Urology Service,Age,19-64 Years,Unknown Clock Start,350
Urology Service,Age,19-64 Years,01 To 18 Weeks,121775
Urology Service,Age,19-64 Years,18 To 52 Weeks,87290
Urology Service,Age,19-64 Years,Over 52 Weeks,6380
Urology Service,Age,19-64 Years,Total,215795
Urology Service,Age,Over 65 Years,Unknown Clock Start,245
Urology Service,Age,Over 65 Years,01 To 18 Weeks,104530
Urology Service,Age,Over 65 Years,18 To 52 Weeks,57610
Urology Service,Age,Over 65 Years,Over 52 Weeks,3760
Urology Service,Age,Over 65 Years,Total,166145
Urology Service,Ethnicity,99: Not known,Unknown Clock Start,25
Urology Service,Ethnicity,99: Not known,01 To 18 Weeks,8880
Urology Service,Ethnicity,99: Not known,18 To 52 Weeks,4180
Urology Service,Ethnicity,99: Not known,Over 52 Weeks,255
Urology Service,Ethnicity,99: Not known,Total,13340
Urology Service,Ethnicity,A: British,Unknown Clock Start,400
Urology Service,Ethnicity,A: British,01 To 18 Weeks,169805
Urology Service,Ethnicity,A: British,18 To 52 Weeks,104970
Urology Service,Ethnicity,A: British,Over 52 Weeks,7345
Urology Service,Ethnicity,A: British,Total,282520
Urology Service,Ethnicity,B: Irish,Unknown Clock Start,*
Urology Service,Ethnicity,B: Irish,01 To 18 Weeks,1535
Urology Service,Ethnicity,B: Irish,18 To 52 Weeks,950
Urology Service,Ethnicity,B: Irish,Over 52 Weeks,55
Urology Service,Ethnicity,B: Irish,Total,2550
Urology Service,Ethnicity,C: Any other white background,Unknown Clock Start,40
Urology Service,Ethnicity,C: Any other white background,01 To 18 Weeks,12735
Urology Service,Ethnicity,C: Any other white background,18 To 52 Weeks,9375
Urology Service,Ethnicity,C: Any other white background,Over 52 Weeks,615
Urology Service,Ethnicity,C: Any other white background,Total,22770
Urology Service,Ethnicity,D: White and Black Caribbean,Unknown Clock Start,*
Urology Service,Ethnicity,D: White and Black Caribbean,01 To 18 Weeks,600
Urology Service,Ethnicity,D: White and Black Caribbean,18 To 52 Weeks,530
Urology Service,Ethnicity,D: White and Black Caribbean,Over 52 Weeks,25
Urology Service,Ethnicity,D: White and Black Caribbean,Total,1165
Urology Service,Ethnicity,E: White and Black African,01 To 18 Weeks,370
Urology Service,Ethnicity,E: White and Black African,18 To 52 Weeks,315
Urology Service,Ethnicity,E: White and Black African,Over 52 Weeks,25
Urology Service,Ethnicity,E: White and Black African,Total,705
Urology Service,Ethnicity,F: White and Asian,Unknown Clock Start,*
Urology Service,Ethnicity,F: White and Asian,01 To 18 Weeks,595
Urology Service,Ethnicity,F: White and Asian,18 To 52 Weeks,370
Urology Service,Ethnicity,F: White and Asian,Over 52 Weeks,30
Urology Service,Ethnicity,F: White and Asian,Total,995
Urology Service,Ethnicity,G: Any other mixed background,Unknown Clock Start,*
Urology Service,Ethnicity,G: Any other mixed background,01 To 18 Weeks,1370
Urology Service,Ethnicity,G: Any other mixed background,18 To 52 Weeks,1030
Urology Service,Ethnicity,G: Any other mixed background,Over 52 Weeks,85
Urology Service,Ethnicity,G: Any other mixed background,Total,2495
Urology Service,Ethnicity,H: Indian,Unknown Clock Start,10
Urology Service,Ethnicity,H: Indian,01 To 18 Weeks,5875
Urology Service,Ethnicity,H: Indian,18 To 52 Weeks,4095
Urology Service,Ethnicity,H: Indian,Over 52 Weeks,260
Urology Service,Ethnicity,H: Indian,Total,10245
Urology Service,Ethnicity,J: Pakistani,Unknown Clock Start,20
Urology Service,Ethnicity,J: Pakistani,01 To 18 Weeks,4640
Urology Service,Ethnicity,J: Pakistani,18 To 52 Weeks,3405
Urology Service,Ethnicity,J: Pakistani,Over 52 Weeks,235
Urology Service,Ethnicity,J: Pakistani,Total,8300
Urology Service,Ethnicity,K: Bangladeshi,Unknown Clock Start,*
Urology Service,Ethnicity,K: Bangladeshi,01 To 18 Weeks,1610
Urology Service,Ethnicity,K: Bangladeshi,18 To 52 Weeks,1220
Urology Service,Ethnicity,K: Bangladeshi,Over 52 Weeks,80
Urology Service,Ethnicity,K: Bangladeshi,Total,2915
Urology Service,Ethnicity,L: Any other Asian background,Unknown Clock Start,25
Urology Service,Ethnicity,L: Any other Asian background,01 To 18 Weeks,4775
Urology Service,Ethnicity,L: Any other Asian background,18 To 52 Weeks,3490
Urology Service,Ethnicity,L: Any other Asian background,Over 52 Weeks,245
Urology Service,Ethnicity,L: Any other Asian background,Total,8535
Urology Service,Ethnicity,M: Caribbean,Unknown Clock Start,10
Urology Service,Ethnicity,M: Caribbean,01 To 18 Weeks,2765
Urology Service,Ethnicity,M: Caribbean,18 To 52 Weeks,1900
Urology Service,Ethnicity,M: Caribbean,Over 52 Weeks,120
Urology Service,Ethnicity,M: Caribbean,Total,4795
Urology Service,Ethnicity,N: African,Unknown Clock Start,10
Urology Service,Ethnicity,N: African,01 To 18 Weeks,4050
Urology Service,Ethnicity,N: African,18 To 52 Weeks,2810
Urology Service,Ethnicity,N: African,Over 52 Weeks,215
Urology Service,Ethnicity,N: African,Total,7085
Urology Service,Ethnicity,P: Any other Black background,Unknown Clock Start,*
Urology Service,Ethnicity,P: Any other Black background,01 To 18 Weeks,2095
Urology Service,Ethnicity,P: Any other Black background,18 To 52 Weeks,1475
Urology Service,Ethnicity,P: Any other Black background,Over 52 Weeks,95
Urology Service,Ethnicity,P: Any other Black background,Total,3670
Urology Service,Ethnicity,R: Chinese,Unknown Clock Start,*
Urology Service,Ethnicity,R: Chinese,01 To 18 Weeks,750
Urology Service,Ethnicity,R: Chinese,18 To 52 Weeks,535
Urology Service,Ethnicity,R: Chinese,Over 52 Weeks,35
Urology Service,Ethnicity,R: Chinese,Total,1320
Urology Service,Ethnicity,S: Any other ethnic group,Unknown Clock Start,15
Urology Service,Ethnicity,S: Any other ethnic group,01 To 18 Weeks,2685
Urology Service,Ethnicity,S: Any other ethnic group,18 To 52 Weeks,1880
Urology Service,Ethnicity,S: Any other ethnic group,Over 52 Weeks,130
Urology Service,Ethnicity,S: Any other ethnic group,Total,4715
Urology Service,Ethnicity,Z: Not stated,Unknown Clock Start,30
Urology Service,Ethnicity,Z: Not stated,01 To 18 Weeks,11175
Urology Service,Ethnicity,Z: Not stated,18 To 52 Weeks,6940
Urology Service,Ethnicity,Z: Not stated,Over 52 Weeks,530
Urology Service,Ethnicity,Z: Not stated,Total,18675
Urology Service,IMD,1,Unknown Clock Start,35
Urology Service,IMD,1,01 To 18 Weeks,21775
Urology Service,IMD,1,18 To 52 Weeks,15125
Urology Service,IMD,1,Over 52 Weeks,1145
Urology Service,IMD,1,Total,38080
Urology Service,IMD,10,Unknown Clock Start,65
Urology Service,IMD,10,01 To 18 Weeks,21070
Urology Service,IMD,10,18 To 52 Weeks,12315
Urology Service,IMD,10,Over 52 Weeks,830
Urology Service,IMD,10,Total,34275
Urology Service,IMD,2,Unknown Clock Start,60
Urology Service,IMD,2,01 To 18 Weeks,22865
Urology Service,IMD,2,18 To 52 Weeks,15655
Urology Service,IMD,2,Over 52 Weeks,1125
Urology Service,IMD,2,Total,39705
Urology Service,IMD,3,Unknown Clock Start,70
Urology Service,IMD,3,01 To 18 Weeks,23505
Urology Service,IMD,3,18 To 52 Weeks,15760
Urology Service,IMD,3,Over 52 Weeks,1040
Urology Service,IMD,3,Total,40370
Urology Service,IMD,4,Unknown Clock Start,70
Urology Service,IMD,4,01 To 18 Weeks,23380
Urology Service,IMD,4,18 To 52 Weeks,15515
Urology Service,IMD,4,Over 52 Weeks,1055
Urology Service,IMD,4,Total,40015
Urology Service,IMD,5,Unknown Clock Start,65
Urology Service,IMD,5,01 To 18 Weeks,23710
Urology Service,IMD,5,18 To 52 Weeks,15015
Urology Service,IMD,5,Over 52 Weeks,1025
Urology Service,IMD,5,Total,39815
Urology Service,IMD,6,Unknown Clock Start,60
Urology Service,IMD,6,01 To 18 Weeks,23710
Urology Service,IMD,6,18 To 52 Weeks,14690
Urology Service,IMD,6,Over 52 Weeks,980
Urology Service,IMD,6,Total,39440
Urology Service,IMD,7,Unknown Clock Start,60
Urology Service,IMD,7,01 To 18 Weeks,23030
Urology Service,IMD,7,18 To 52 Weeks,13930
Urology Service,IMD,7,Over 52 Weeks,965
Urology Service,IMD,7,Total,37980
Urology Service,IMD,8,Unknown Clock Start,60
Urology Service,IMD,8,01 To 18 Weeks,23155
Urology Service,IMD,8,18 To 52 Weeks,14145
Urology Service,IMD,8,Over 52 Weeks,1010
Urology Service,IMD,8,Total,38370
Urology Service,IMD,9,Unknown Clock Start,65
Urology Service,IMD,9,01 To 18 Weeks,22325
Urology Service,IMD,9,18 To 52 Weeks,13445
Urology Service,IMD,9,Over 52 Weeks,970
Urology Service,IMD,9,Total,36810
Urology Service,Sex,Female,Unknown Clock Start,175
Urology Service,Sex,Female,01 To 18 Weeks,59715
Urology Service,Sex,Female,18 To 52 Weeks,38675
Urology Service,Sex,Female,Over 52 Weeks,2675
Urology Service,Sex,Female,Total,101245
Urology Service,Sex,Male,Unknown Clock Start,435
Urology Service,Sex,Male,01 To 18 Weeks,164265
Urology Service,Sex,Male,18 To 52 Weeks,104670
Urology Service,Sex,Male,Over 52 Weeks,7190
Urology Service,Sex,Male,Total,276565
