Treatment Function Code,Metric,Category,Waiting Bands,Count
Cardiology Service,Age,0-18 Years,Unknown Clock Start,*
Cardiology Service,Age,0-18 Years,01 To 18 Weeks,4815
Cardiology Service,Age,0-18 Years,18 To 52 Weeks,2430
Cardiology Service,Age,0-18 Years,Over 52 Weeks,100
Cardiology Service,Age,0-18 Years,Total,7345
Cardiology Service,Age,19-64 Years,Unknown Clock Start,85
Cardiology Service,Age,19-64 Years,01 To 18 Weeks,119275
Cardiology Service,Age,19-64 Years,18 To 52 Weeks,68935
Cardiology Service,Age,19-64 Years,Over 52 Weeks,2625
Cardiology Service,Age,19-64 Years,Total,190920
Cardiology Service,Age,Over 65 Years,Unknown Clock Start,95
Cardiology Service,Age,Over 65 Years,01 To 18 Weeks,120000
Cardiology Service,Age,Over 65 Years,18 To 52 Weeks,62340
Cardiology Service,Age,Over 65 Years,Over 52 Weeks,1870
Cardiology Service,Age,Over 65 Years,Total,184305
Cardiology Service,Ethnicity,99: Not known,Unknown Clock Start,*
Cardiology Service,Ethnicity,99: Not known,01 To 18 Weeks,8985
Cardiology Service,Ethnicity,99: Not known,18 To 52 Weeks,3720
Cardiology Service,Ethnicity,99: Not known,Over 52 Weeks,115
Cardiology Service,Ethnicity,99: Not known,Total,12825
Cardiology Service,Ethnicity,A: British,Unknown Clock Start,145
Cardiology Service,Ethnicity,A: British,01 To 18 Weeks,176425
Cardiology Service,Ethnicity,A: British,18 To 52 Weeks,95230
Cardiology Service,Ethnicity,A: British,Over 52 Weeks,3315
Cardiology Service,Ethnicity,A: British,Total,275115
Cardiology Service,Ethnicity,B: Irish,01 To 18 Weeks,1790
Cardiology Service,Ethnicity,B: Irish,18 To 52 Weeks,960
Cardiology Service,Ethnicity,B: Irish,Over 52 Weeks,30
Cardiology Service,Ethnicity,B: Irish,Total,2785
Cardiology Service,Ethnicity,C: Any other white background,Unknown Clock Start,10
Cardiology Service,Ethnicity,C: Any other white background,01 To 18 Weeks,14660
Cardiology Service,Ethnicity,C: Any other white background,18 To 52 Weeks,8140
Cardiology Service,Ethnicity,C: Any other white background,Over 52 Weeks,285
Cardiology Service,Ethnicity,C: Any other white background,Total,23100
Cardiology Service,Ethnicity,D: White and Black Caribbean,01 To 18 Weeks,635
Cardiology Service,Ethnicity,D: White and Black Caribbean,18 To 52 Weeks,380
Cardiology Service,Ethnicity,D: White and Black Caribbean,Over 52 Weeks,15
Cardiology Service,Ethnicity,D: White and Black Caribbean,Total,1025
Cardiology Service,Ethnicity,E: White and Black African,Unknown Clock Start,*
Cardiology Service,Ethnicity,E: White and Black African,01 To 18 Weeks,380
Cardiology Service,Ethnicity,E: White and Black African,18 To 52 Weeks,255
Cardiology Service,Ethnicity,E: White and Black African,Over 52 Weeks,10
Cardiology Service,Ethnicity,E: White and Black African,Total,645
Cardiology Service,Ethnicity,F: White and Asian,Unknown Clock Start,*
Cardiology Service,Ethnicity,F: White and Asian,01 To 18 Weeks,565
Cardiology Service,Ethnicity,F: White and Asian,18 To 52 Weeks,345
Cardiology Service,Ethnicity,F: White and Asian,Over 52 Weeks,10
Cardiology Service,Ethnicity,F: White and Asian,Total,920
Cardiology Service,Ethnicity,G: Any other mixed background,Unknown Clock Start,*
Cardiology Service,Ethnicity,G: Any other mixed background,01 To 18 Weeks,1370
Cardiology Service,Ethnicity,G: Any other mixed background,18 To 52 Weeks,770
Cardiology Service,Ethnicity,G: Any other mixed background,Over 52 Weeks,25
Cardiology Service,Ethnicity,G: Any other mixed background,Total,2165
Cardiology Service,Ethnicity,H: Indian,Unknown Clock Start,*
Cardiology Service,Ethnicity,H: Indian,01 To 18 Weeks,7115
Cardiology Service,Ethnicity,H: Indian,18 To 52 Weeks,4140
Cardiology Service,Ethnicity,H: Indian,Over 52 Weeks,120
Cardiology Service,Ethnicity,H: Indian,Total,11380
Cardiology Service,Ethnicity,J: Pakistani,01 To 18 Weeks,5390
Cardiology Service,Ethnicity,J: Pakistani,18 To 52 Weeks,2995
Cardiology Service,Ethnicity,J: Pakistani,Over 52 Weeks,75
Cardiology Service,Ethnicity,J: Pakistani,Total,8465
Cardiology Service,Ethnicity,K: Bangladeshi,Unknown Clock Start,*
Cardiology Service,Ethnicity,K: Bangladeshi,01 To 18 Weeks,2170
Cardiology Service,Ethnicity,K: Bangladeshi,18 To 52 Weeks,1110
Cardiology Service,Ethnicity,K: Bangladeshi,Over 52 Weeks,30
Cardiology Service,Ethnicity,K: Bangladeshi,Total,3310
Cardiology Service,Ethnicity,L: Any other Asian background,Unknown Clock Start,10
Cardiology Service,Ethnicity,L: Any other Asian background,01 To 18 Weeks,5600
Cardiology Service,Ethnicity,L: Any other Asian background,18 To 52 Weeks,3030
Cardiology Service,Ethnicity,L: Any other Asian background,Over 52 Weeks,110
Cardiology Service,Ethnicity,L: Any other Asian background,Total,8745
Cardiology Service,Ethnicity,M: Caribbean,Unknown Clock Start,*
Cardiology Service,Ethnicity,M: Caribbean,01 To 18 Weeks,2970
Cardiology Service,Ethnicity,M: Caribbean,18 To 52 Weeks,1655
Cardiology Service,Ethnicity,M: Caribbean,Over 52 Weeks,65
Cardiology Service,Ethnicity,M: Caribbean,Total,4695
Cardiology Service,Ethnicity,N: African,01 To 18 Weeks,4370
Cardiology Service,Ethnicity,N: African,18 To 52 Weeks,2590
Cardiology Service,Ethnicity,N: African,Over 52 Weeks,75
Cardiology Service,Ethnicity,N: African,Total,7035
Cardiology Service,Ethnicity,P: Any other Black background,Unknown Clock Start,*
Cardiology Service,Ethnicity,P: Any other Black background,01 To 18 Weeks,2055
Cardiology Service,Ethnicity,P: Any other Black background,18 To 52 Weeks,1230
Cardiology Service,Ethnicity,P: Any other Black background,Over 52 Weeks,35
Cardiology Service,Ethnicity,P: Any other Black background,Total,3320
Cardiology Service,Ethnicity,R: Chinese,Unknown Clock Start,*
Cardiology Service,Ethnicity,R: Chinese,01 To 18 Weeks,960
Cardiology Service,Ethnicity,R: Chinese,18 To 52 Weeks,565
Cardiology Service,Ethnicity,R: Chinese,Over 52 Weeks,20
Cardiology Service,Ethnicity,R: Chinese,Total,1545
Cardiology Service,Ethnicity,S: Any other ethnic group,Unknown Clock Start,10
Cardiology Service,Ethnicity,S: Any other ethnic group,01 To 18 Weeks,2665
Cardiology Service,Ethnicity,S: Any other ethnic group,18 To 52 Weeks,1435
Cardiology Service,Ethnicity,S: Any other ethnic group,Over 52 Weeks,60
Cardiology Service,Ethnicity,S: Any other ethnic group,Total,4170
Cardiology Service,Ethnicity,Z: Not stated,Unknown Clock Start,10
Cardiology Service,Ethnicity,Z: Not stated,01 To 18 Weeks,10430
Cardiology Service,Ethnicity,Z: Not stated,18 To 52 Weeks,5805
Cardiology Service,Ethnicity,Z: Not stated,Over 52 Weeks,200
Cardiology Service,Ethnicity,Z: Not stated,Total,16445
Cardiology Service,IMD,1,Unknown Clock Start,*
Cardiology Service,IMD,1,01 To 18 Weeks,20820
Cardiology Service,IMD,1,18 To 52 Weeks,11295
Cardiology Service,IMD,1,Over 52 Weeks,465
Cardiology Service,IMD,1,Total,32585
Cardiology Service,IMD,10,Unknown Clock Start,55
Cardiology Service,IMD,10,01 To 18 Weeks,24305
Cardiology Service,IMD,10,18 To 52 Weeks,12870
Cardiology Service,IMD,10,Over 52 Weeks,360
Cardiology Service,IMD,10,Total,37590
Cardiology Service,IMD,2,Unknown Clock Start,10
Cardiology Service,IMD,2,01 To 18 Weeks,22360
Cardiology Service,IMD,2,18 To 52 Weeks,12385
Cardiology Service,IMD,2,Over 52 Weeks,415
Cardiology Service,IMD,2,Total,35170
Cardiology Service,IMD,3,Unknown Clock Start,10
Cardiology Service,IMD,3,01 To 18 Weeks,23640
Cardiology Service,IMD,3,18 To 52 Weeks,12895
Cardiology Service,IMD,3,Over 52 Weeks,415
Cardiology Service,IMD,3,Total,36960
Cardiology Service,IMD,4,Unknown Clock Start,10
Cardiology Service,IMD,4,01 To 18 Weeks,24155
Cardiology Service,IMD,4,18 To 52 Weeks,13755
Cardiology Service,IMD,4,Over 52 Weeks,470
Cardiology Service,IMD,4,Total,38390
Cardiology Service,IMD,5,Unknown Clock Start,15
Cardiology Service,IMD,5,01 To 18 Weeks,24660
Cardiology Service,IMD,5,18 To 52 Weeks,13845
Cardiology Service,IMD,5,Over 52 Weeks,515
Cardiology Service,IMD,5,Total,39035
Cardiology Service,IMD,6,Unknown Clock Start,15
Cardiology Service,IMD,6,01 To 18 Weeks,25155
Cardiology Service,IMD,6,18 To 52 Weeks,13460
Cardiology Service,IMD,6,Over 52 Weeks,480
Cardiology Service,IMD,6,Total,39110
Cardiology Service,IMD,7,Unknown Clock Start,20
Cardiology Service,IMD,7,01 To 18 Weeks,25035
Cardiology Service,IMD,7,18 To 52 Weeks,13400
Cardiology Service,IMD,7,Over 52 Weeks,490
Cardiology Service,IMD,7,Total,38950
Cardiology Service,IMD,8,Unknown Clock Start,30
Cardiology Service,IMD,8,01 To 18 Weeks,24905
Cardiology Service,IMD,8,18 To 52 Weeks,13280
Cardiology Service,IMD,8,Over 52 Weeks,425
Cardiology Service,IMD,8,Total,38635
Cardiology Service,IMD,9,Unknown Clock Start,30
Cardiology Service,IMD,9,01 To 18 Weeks,25020
Cardiology Service,IMD,9,18 To 52 Weeks,13235
Cardiology Service,IMD,9,Over 52 Weeks,450
Cardiology Service,IMD,9,Total,38730
Cardiology Service,Sex,Female,Unknown Clock Start,90
Cardiology Service,Sex,Female,01 To 18 Weeks,109830
Cardiology Service,Sex,Female,18 To 52 Weeks,62290
Cardiology Service,Sex,Female,Over 52 Weeks,2150
Cardiology Service,Sex,Female,Total,174360
Cardiology Service,Sex,Male,Unknown Clock Start,95
Cardiology Service,Sex,Male,01 To 18 Weeks,118540
Cardiology Service,Sex,Male,18 To 52 Weeks,62235
Cardiology Service,Sex,Male,Over 52 Weeks,2180
Cardiology Service,Sex,Male,Total,183045
Cardiothoracic Surgery Service,Age,0-18 Years,01 To 18 Weeks,240
Cardiothoracic Surgery Service,Age,0-18 Years,18 To 52 Weeks,145
Cardiothoracic Surgery Service,Age,0-18 Years,Over 52 Weeks,10
Cardiothoracic Surgery Service,Age,0-18 Years,Total,395
Cardiothoracic Surgery Service,Age,19-64 Years,01 To 18 Weeks,4350
Cardiothoracic Surgery Service,Age,19-64 Years,18 To 52 Weeks,1845
Cardiothoracic Surgery Service,Age,19-64 Years,Over 52 Weeks,80
Cardiothoracic Surgery Service,Age,19-64 Years,Total,6275
Cardiothoracic Surgery Service,Age,Over 65 Years,01 To 18 Weeks,5445
Cardiothoracic Surgery Service,Age,Over 65 Years,18 To 52 Weeks,2160
Cardiothoracic Surgery Service,Age,Over 65 Years,Over 52 Weeks,100
Cardiothoracic Surgery Service,Age,Over 65 Years,Total,7705
Cardiothoracic Surgery Service,Ethnicity,99: Not known,01 To 18 Weeks,225
Cardiothoracic Surgery Service,Ethnicity,99: Not known,18 To 52 Weeks,65
Cardiothoracic Surgery Service,Ethnicity,99: Not known,Over 52 Weeks,*
Cardiothoracic Surgery Service,Ethnicity,99: Not known,Total,295
Cardiothoracic Surgery Service,Ethnicity,A: British,01 To 18 Weeks,7540
Cardiothoracic Surgery Service,Ethnicity,A: British,18 To 52 Weeks,3120
Cardiothoracic Surgery Service,Ethnicity,A: British,Over 52 Weeks,155
Cardiothoracic Surgery Service,Ethnicity,A: British,Total,10810
Cardiothoracic Surgery Service,Ethnicity,B: Irish,01 To 18 Weeks,85
Cardiothoracic Surgery Service,Ethnicity,B: Irish,18 To 52 Weeks,25
Cardiothoracic Surgery Service,Ethnicity,B: Irish,Over 52 Weeks,*
Cardiothoracic Surgery Service,Ethnicity,B: Irish,Total,110
Cardiothoracic Surgery Service,Ethnicity,C: Any other white background,01 To 18 Weeks,550
Cardiothoracic Surgery Service,Ethnicity,C: Any other white background,18 To 52 Weeks,225
Cardiothoracic Surgery Service,Ethnicity,C: Any other white background,Over 52 Weeks,10
Cardiothoracic Surgery Service,Ethnicity,C: Any other white background,Total,785
Cardiothoracic Surgery Service,Ethnicity,D: White and Black Caribbean,01 To 18 Weeks,20
Cardiothoracic Surgery Service,Ethnicity,D: White and Black Caribbean,18 To 52 Weeks,*
Cardiothoracic Surgery Service,Ethnicity,D: White and Black Caribbean,Total,30
Cardiothoracic Surgery Service,Ethnicity,E: White and Black African,01 To 18 Weeks,*
Cardiothoracic Surgery Service,Ethnicity,E: White and Black African,18 To 52 Weeks,10
Cardiothoracic Surgery Service,Ethnicity,E: White and Black African,Total,15
Cardiothoracic Surgery Service,Ethnicity,F: White and Asian,01 To 18 Weeks,25
Cardiothoracic Surgery Service,Ethnicity,F: White and Asian,18 To 52 Weeks,10
Cardiothoracic Surgery Service,Ethnicity,F: White and Asian,Total,40
Cardiothoracic Surgery Service,Ethnicity,G: Any other mixed background,01 To 18 Weeks,60
Cardiothoracic Surgery Service,Ethnicity,G: Any other mixed background,18 To 52 Weeks,15
Cardiothoracic Surgery Service,Ethnicity,G: Any other mixed background,Over 52 Weeks,*
Cardiothoracic Surgery Service,Ethnicity,G: Any other mixed background,Total,75
Cardiothoracic Surgery Service,Ethnicity,H: Indian,01 To 18 Weeks,250
Cardiothoracic Surgery Service,Ethnicity,H: Indian,18 To 52 Weeks,130
Cardiothoracic Surgery Service,Ethnicity,H: Indian,Over 52 Weeks,*
Cardiothoracic Surgery Service,Ethnicity,H: Indian,Total,380
Cardiothoracic Surgery Service,Ethnicity,J: Pakistani,01 To 18 Weeks,150
Cardiothoracic Surgery Service,Ethnicity,J: Pakistani,18 To 52 Weeks,85
Cardiothoracic Surgery Service,Ethnicity,J: Pakistani,Over 52 Weeks,*
Cardiothoracic Surgery Service,Ethnicity,J: Pakistani,Total,240
Cardiothoracic Surgery Service,Ethnicity,K: Bangladeshi,01 To 18 Weeks,90
Cardiothoracic Surgery Service,Ethnicity,K: Bangladeshi,18 To 52 Weeks,35
Cardiothoracic Surgery Service,Ethnicity,K: Bangladeshi,Over 52 Weeks,*
Cardiothoracic Surgery Service,Ethnicity,K: Bangladeshi,Total,125
Cardiothoracic Surgery Service,Ethnicity,L: Any other Asian background,01 To 18 Weeks,210
Cardiothoracic Surgery Service,Ethnicity,L: Any other Asian background,18 To 52 Weeks,95
Cardiothoracic Surgery Service,Ethnicity,L: Any other Asian background,Over 52 Weeks,*
Cardiothoracic Surgery Service,Ethnicity,L: Any other Asian background,Total,305
Cardiothoracic Surgery Service,Ethnicity,M: Caribbean,01 To 18 Weeks,80
Cardiothoracic Surgery Service,Ethnicity,M: Caribbean,18 To 52 Weeks,35
Cardiothoracic Surgery Service,Ethnicity,M: Caribbean,Over 52 Weeks,*
Cardiothoracic Surgery Service,Ethnicity,M: Caribbean,Total,120
Cardiothoracic Surgery Service,Ethnicity,N: African,01 To 18 Weeks,130
Cardiothoracic Surgery Service,Ethnicity,N: African,18 To 52 Weeks,60
Cardiothoracic Surgery Service,Ethnicity,N: African,Over 52 Weeks,*
Cardiothoracic Surgery Service,Ethnicity,N: African,Total,195
Cardiothoracic Surgery Service,Ethnicity,P: Any other Black background,01 To 18 Weeks,50
Cardiothoracic Surgery Service,Ethnicity,P: Any other Black background,18 To 52 Weeks,30
Cardiothoracic Surgery Service,Ethnicity,P: Any other Black background,Over 52 Weeks,*
Cardiothoracic Surgery Service,Ethnicity,P: Any other Black background,Total,85
Cardiothoracic Surgery Service,Ethnicity,R: Chinese,01 To 18 Weeks,60
Cardiothoracic Surgery Service,Ethnicity,R: Chinese,18 To 52 Weeks,15
Cardiothoracic Surgery Service,Ethnicity,R: Chinese,Over 52 Weeks,*
Cardiothoracic Surgery Service,Ethnicity,R: Chinese,Total,70
Cardiothoracic Surgery Service,Ethnicity,S: Any other ethnic group,01 To 18 Weeks,95
Cardiothoracic Surgery Service,Ethnicity,S: Any other ethnic group,18 To 52 Weeks,45
Cardiothoracic Surgery Service,Ethnicity,S: Any other ethnic group,Over 52 Weeks,*
Cardiothoracic Surgery Service,Ethnicity,S: Any other ethnic group,Total,140
Cardiothoracic Surgery Service,Ethnicity,Z: Not stated,01 To 18 Weeks,440
Cardiothoracic Surgery Service,Ethnicity,Z: Not stated,18 To 52 Weeks,150
Cardiothoracic Surgery Service,Ethnicity,Z: Not stated,Over 52 Weeks,*
Cardiothoracic Surgery Service,Ethnicity,Z: Not stated,Total,595
Cardiothoracic Surgery Service,IMD,1,01 To 18 Weeks,890
Cardiothoracic Surgery Service,IMD,1,18 To 52 Weeks,420
Cardiothoracic Surgery Service,IMD,1,Over 52 Weeks,30
Cardiothoracic Surgery Service,IMD,1,Total,1340
Cardiothoracic Surgery Service,IMD,10,01 To 18 Weeks,945
Cardiothoracic Surgery Service,IMD,10,18 To 52 Weeks,345
Cardiothoracic Surgery Service,IMD,10,Over 52 Weeks,15
Cardiothoracic Surgery Service,IMD,10,Total,1305
Cardiothoracic Surgery Service,IMD,2,01 To 18 Weeks,955
Cardiothoracic Surgery Service,IMD,2,18 To 52 Weeks,415
Cardiothoracic Surgery Service,IMD,2,Over 52 Weeks,20
Cardiothoracic Surgery Service,IMD,2,Total,1390
Cardiothoracic Surgery Service,IMD,3,01 To 18 Weeks,980
Cardiothoracic Surgery Service,IMD,3,18 To 52 Weeks,405
Cardiothoracic Surgery Service,IMD,3,Over 52 Weeks,10
Cardiothoracic Surgery Service,IMD,3,Total,1390
Cardiothoracic Surgery Service,IMD,4,01 To 18 Weeks,1025
Cardiothoracic Surgery Service,IMD,4,18 To 52 Weeks,415
Cardiothoracic Surgery Service,IMD,4,Over 52 Weeks,25
Cardiothoracic Surgery Service,IMD,4,Total,1465
Cardiothoracic Surgery Service,IMD,5,01 To 18 Weeks,985
Cardiothoracic Surgery Service,IMD,5,18 To 52 Weeks,430
Cardiothoracic Surgery Service,IMD,5,Over 52 Weeks,20
Cardiothoracic Surgery Service,IMD,5,Total,1435
Cardiothoracic Surgery Service,IMD,6,01 To 18 Weeks,1050
Cardiothoracic Surgery Service,IMD,6,18 To 52 Weeks,405
Cardiothoracic Surgery Service,IMD,6,Over 52 Weeks,20
Cardiothoracic Surgery Service,IMD,6,Total,1475
Cardiothoracic Surgery Service,IMD,7,01 To 18 Weeks,1035
Cardiothoracic Surgery Service,IMD,7,18 To 52 Weeks,425
Cardiothoracic Surgery Service,IMD,7,Over 52 Weeks,15
Cardiothoracic Surgery Service,IMD,7,Total,1475
Cardiothoracic Surgery Service,IMD,8,01 To 18 Weeks,1020
Cardiothoracic Surgery Service,IMD,8,18 To 52 Weeks,430
Cardiothoracic Surgery Service,IMD,8,Over 52 Weeks,15
Cardiothoracic Surgery Service,IMD,8,Total,1465
Cardiothoracic Surgery Service,IMD,9,01 To 18 Weeks,995
Cardiothoracic Surgery Service,IMD,9,18 To 52 Weeks,375
Cardiothoracic Surgery Service,IMD,9,Over 52 Weeks,20
Cardiothoracic Surgery Service,IMD,9,Total,1385
Cardiothoracic Surgery Service,Sex,Female,01 To 18 Weeks,3130
Cardiothoracic Surgery Service,Sex,Female,18 To 52 Weeks,1225
Cardiothoracic Surgery Service,Sex,Female,Over 52 Weeks,65
Cardiothoracic Surgery Service,Sex,Female,Total,4420
Cardiothoracic Surgery Service,Sex,Male,01 To 18 Weeks,5550
Cardiothoracic Surgery Service,Sex,Male,18 To 52 Weeks,2240
Cardiothoracic Surgery Service,Sex,Male,Over 52 Weeks,105
Cardiothoracic Surgery Service,Sex,Male,Total,7895
Dermatology Service,Age,0-18 Years,Unknown Clock Start,*
Dermatology Service,Age,0-18 Years,01 To 18 Weeks,15020
Dermatology Service,Age,0-18 Years,18 To 52 Weeks,12065
Dermatology Service,Age,0-18 Years,Over 52 Weeks,495
Dermatology Service,Age,0-18 Years,Total,27580
Dermatology Service,Age,19-64 Years,Unknown Clock Start,70
Dermatology Service,Age,19-64 Years,01 To 18 Weeks,115645
Dermatology Service,Age,19-64 Years,18 To 52 Weeks,83835
Dermatology Service,Age,19-64 Years,Over 52 Weeks,3260
Dermatology Service,Age,19-64 Years,Total,202815
Dermatology Service,Age,Over 65 Years,Unknown Clock Start,60
Dermatology Service,Age,Over 65 Years,01 To 18 Weeks,85105
Dermatology Service,Age,Over 65 Years,18 To 52 Weeks,46965
Dermatology Service,Age,Over 65 Years,Over 52 Weeks,1510
Dermatology Service,Age,Over 65 Years,Total,133640
Dermatology Service,Ethnicity,99: Not known,Unknown Clock Start,*
Dermatology Service,Ethnicity,99: Not known,01 To 18 Weeks,9450
Dermatology Service,Ethnicity,99: Not known,18 To 52 Weeks,5700
Dermatology Service,Ethnicity,99: Not known,Over 52 Weeks,240
Dermatology Service,Ethnicity,99: Not known,Total,15395
Dermatology Service,Ethnicity,A: British,Unknown Clock Start,115
Dermatology Service,Ethnicity,A: British,01 To 18 Weeks,160810
Dermatology Service,Ethnicity,A: British,18 To 52 Weeks,102105
Dermatology Service,Ethnicity,A: British,Over 52 Weeks,4305
Dermatology Service,Ethnicity,A: British,Total,267330
Dermatology Service,Ethnicity,B: Irish,Unknown Clock Start,*
Dermatology Service,Ethnicity,B: Irish,01 To 18 Weeks,1635
Dermatology Service,Ethnicity,B: Irish,18 To 52 Weeks,985
Dermatology Service,Ethnicity,B: Irish,Over 52 Weeks,30
Dermatology Service,Ethnicity,B: Irish,Total,2650
Dermatology Service,Ethnicity,C: Any other white background,Unknown Clock Start,*
Dermatology Service,Ethnicity,C: Any other white background,01 To 18 Weeks,13095
Dermatology Service,Ethnicity,C: Any other white background,18 To 52 Weeks,8885
Dermatology Service,Ethnicity,C: Any other white background,Over 52 Weeks,310
Dermatology Service,Ethnicity,C: Any other white background,Total,22295
Dermatology Service,Ethnicity,D: White and Black Caribbean,01 To 18 Weeks,740
Dermatology Service,Ethnicity,D: White and Black Caribbean,18 To 52 Weeks,570
Dermatology Service,Ethnicity,D: White and Black Caribbean,Over 52 Weeks,20
Dermatology Service,Ethnicity,D: White and Black Caribbean,Total,1330
Dermatology Service,Ethnicity,E: White and Black African,01 To 18 Weeks,380
Dermatology Service,Ethnicity,E: White and Black African,18 To 52 Weeks,340
Dermatology Service,Ethnicity,E: White and Black African,Over 52 Weeks,20
Dermatology Service,Ethnicity,E: White and Black African,Total,740
Dermatology Service,Ethnicity,F: White and Asian,01 To 18 Weeks,625
Dermatology Service,Ethnicity,F: White and Asian,18 To 52 Weeks,515
Dermatology Service,Ethnicity,F: White and Asian,Over 52 Weeks,20
Dermatology Service,Ethnicity,F: White and Asian,Total,1155
Dermatology Service,Ethnicity,G: Any other mixed background,01 To 18 Weeks,1505
Dermatology Service,Ethnicity,G: Any other mixed background,18 To 52 Weeks,1245
Dermatology Service,Ethnicity,G: Any other mixed background,Over 52 Weeks,50
Dermatology Service,Ethnicity,G: Any other mixed background,Total,2800
Dermatology Service,Ethnicity,H: Indian,Unknown Clock Start,*
Dermatology Service,Ethnicity,H: Indian,01 To 18 Weeks,4305
Dermatology Service,Ethnicity,H: Indian,18 To 52 Weeks,3810
Dermatology Service,Ethnicity,H: Indian,Over 52 Weeks,105
Dermatology Service,Ethnicity,H: Indian,Total,8225
Dermatology Service,Ethnicity,J: Pakistani,Unknown Clock Start,*
Dermatology Service,Ethnicity,J: Pakistani,01 To 18 Weeks,3845
Dermatology Service,Ethnicity,J: Pakistani,18 To 52 Weeks,3495
Dermatology Service,Ethnicity,J: Pakistani,Over 52 Weeks,90
Dermatology Service,Ethnicity,J: Pakistani,Total,7435
Dermatology Service,Ethnicity,K: Bangladeshi,01 To 18 Weeks,1690
Dermatology Service,Ethnicity,K: Bangladeshi,18 To 52 Weeks,1815
Dermatology Service,Ethnicity,K: Bangladeshi,Over 52 Weeks,55
Dermatology Service,Ethnicity,K: Bangladeshi,Total,3555
Dermatology Service,Ethnicity,L: Any other Asian background,Unknown Clock Start,*
Dermatology Service,Ethnicity,L: Any other Asian background,01 To 18 Weeks,3635
Dermatology Service,Ethnicity,L: Any other Asian background,18 To 52 Weeks,3395
Dermatology Service,Ethnicity,L: Any other Asian background,Over 52 Weeks,95
Dermatology Service,Ethnicity,L: Any other Asian background,Total,7125
Dermatology Service,Ethnicity,M: Caribbean,01 To 18 Weeks,1840
Dermatology Service,Ethnicity,M: Caribbean,18 To 52 Weeks,1465
Dermatology Service,Ethnicity,M: Caribbean,Over 52 Weeks,50
Dermatology Service,Ethnicity,M: Caribbean,Total,3355
Dermatology Service,Ethnicity,N: African,Unknown Clock Start,*
Dermatology Service,Ethnicity,N: African,01 To 18 Weeks,2935
Dermatology Service,Ethnicity,N: African,18 To 52 Weeks,2430
Dermatology Service,Ethnicity,N: African,Over 52 Weeks,90
Dermatology Service,Ethnicity,N: African,Total,5460
Dermatology Service,Ethnicity,P: Any other Black background,Unknown Clock Start,*
Dermatology Service,Ethnicity,P: Any other Black background,01 To 18 Weeks,1570
Dermatology Service,Ethnicity,P: Any other Black background,18 To 52 Weeks,1295
Dermatology Service,Ethnicity,P: Any other Black background,Over 52 Weeks,35
Dermatology Service,Ethnicity,P: Any other Black background,Total,2900
Dermatology Service,Ethnicity,R: Chinese,Unknown Clock Start,*
Dermatology Service,Ethnicity,R: Chinese,01 To 18 Weeks,795
Dermatology Service,Ethnicity,R: Chinese,18 To 52 Weeks,660
Dermatology Service,Ethnicity,R: Chinese,Over 52 Weeks,20
Dermatology Service,Ethnicity,R: Chinese,Total,1475
Dermatology Service,Ethnicity,S: Any other ethnic group,01 To 18 Weeks,2230
Dermatology Service,Ethnicity,S: Any other ethnic group,18 To 52 Weeks,1645
Dermatology Service,Ethnicity,S: Any other ethnic group,Over 52 Weeks,50
Dermatology Service,Ethnicity,S: Any other ethnic group,Total,3925
Dermatology Service,Ethnicity,Z: Not stated,Unknown Clock Start,10
Dermatology Service,Ethnicity,Z: Not stated,01 To 18 Weeks,11620
Dermatology Service,Ethnicity,Z: Not stated,18 To 52 Weeks,8075
Dermatology Service,Ethnicity,Z: Not stated,Over 52 Weeks,375
Dermatology Service,Ethnicity,Z: Not stated,Total,20080
Dermatology Service,IMD,1,Unknown Clock Start,*
Dermatology Service,IMD,1,01 To 18 Weeks,14605
Dermatology Service,IMD,1,18 To 52 Weeks,12045
Dermatology Service,IMD,1,Over 52 Weeks,550
Dermatology Service,IMD,1,Total,27205
Dermatology Service,IMD,10,Unknown Clock Start,20
Dermatology Service,IMD,10,01 To 18 Weeks,24740
Dermatology Service,IMD,10,18 To 52 Weeks,16135
Dermatology Service,IMD,10,Over 52 Weeks,670
Dermatology Service,IMD,10,Total,41560
Dermatology Service,IMD,2,Unknown Clock Start,10
Dermatology Service,IMD,2,01 To 18 Weeks,17665
Dermatology Service,IMD,2,18 To 52 Weeks,12740
Dermatology Service,IMD,2,Over 52 Weeks,475
Dermatology Service,IMD,2,Total,30895
Dermatology Service,IMD,3,Unknown Clock Start,*
Dermatology Service,IMD,3,01 To 18 Weeks,19605
Dermatology Service,IMD,3,18 To 52 Weeks,13735
Dermatology Service,IMD,3,Over 52 Weeks,535
Dermatology Service,IMD,3,Total,33880
Dermatology Service,IMD,4,Unknown Clock Start,*
Dermatology Service,IMD,4,01 To 18 Weeks,20815
Dermatology Service,IMD,4,18 To 52 Weeks,14065
Dermatology Service,IMD,4,Over 52 Weeks,505
Dermatology Service,IMD,4,Total,35395
Dermatology Service,IMD,5,Unknown Clock Start,15
Dermatology Service,IMD,5,01 To 18 Weeks,21840
Dermatology Service,IMD,5,18 To 52 Weeks,14095
Dermatology Service,IMD,5,Over 52 Weeks,565
Dermatology Service,IMD,5,Total,36515
Dermatology Service,IMD,6,Unknown Clock Start,15
Dermatology Service,IMD,6,01 To 18 Weeks,23495
Dermatology Service,IMD,6,18 To 52 Weeks,14930
Dermatology Service,IMD,6,Over 52 Weeks,610
Dermatology Service,IMD,6,Total,39050
Dermatology Service,IMD,7,Unknown Clock Start,15
Dermatology Service,IMD,7,01 To 18 Weeks,23530
Dermatology Service,IMD,7,18 To 52 Weeks,14935
Dermatology Service,IMD,7,Over 52 Weeks,595
Dermatology Service,IMD,7,Total,39075
Dermatology Service,IMD,8,Unknown Clock Start,20
Dermatology Service,IMD,8,01 To 18 Weeks,24215
Dermatology Service,IMD,8,18 To 52 Weeks,15380
Dermatology Service,IMD,8,Over 52 Weeks,660
Dermatology Service,IMD,8,Total,40270
Dermatology Service,IMD,9,Unknown Clock Start,25
Dermatology Service,IMD,9,01 To 18 Weeks,24610
Dermatology Service,IMD,9,18 To 52 Weeks,15975
Dermatology Service,IMD,9,Over 52 Weeks,640
Dermatology Service,IMD,9,Total,41250
Dermatology Service,Sex,Female,Unknown Clock Start,85
Dermatology Service,Sex,Female,01 To 18 Weeks,112705
Dermatology Service,Sex,Female,18 To 52 Weeks,79725
Dermatology Service,Sex,Female,Over 52 Weeks,2990
Dermatology Service,Sex,Female,Total,195510
Dermatology Service,Sex,Male,Unknown Clock Start,45
Dermatology Service,Sex,Male,01 To 18 Weeks,86120
Dermatology Service,Sex,Male,18 To 52 Weeks,56845
Dermatology Service,Sex,Male,Over 52 Weeks,2070
Dermatology Service,Sex,Male,Total,145080
Ear Nose and Throat Service,Age,0-18 Years,Unknown Clock Start,35
Ear Nose and Throat Service,Age,0-18 Years,01 To 18 Weeks,43045
Ear Nose and Throat Service,Age,0-18 Years,18 To 52 Weeks,39765
Ear Nose and Throat Service,Age,0-18 Years,Over 52 Weeks,2900
Ear Nose and Throat Service,Age,0-18 Years,Total,85745
Ear Nose and Throat Service,Age,19-64 Years,Unknown Clock Start,200
Ear Nose and Throat Service,Age,19-64 Years,01 To 18 Weeks,171775
Ear Nose and Throat Service,Age,19-64 Years,18 To 52 Weeks,143040
Ear Nose and Throat Service,Age,19-64 Years,Over 52 Weeks,10145
Ear Nose and Throat Service,Age,19-64 Years,Total,325160
Ear Nose and Throat Service,Age,Over 65 Years,Unknown Clock Start,100
Ear Nose and Throat Service,Age,Over 65 Years,01 To 18 Weeks,80750
Ear Nose and Throat Service,Age,Over 65 Years,18 To 52 Weeks,62920
Ear Nose and Throat Service,Age,Over 65 Years,Over 52 Weeks,3595
Ear Nose and Throat Service,Age,Over 65 Years,Total,147365
Ear Nose and Throat Service,Ethnicity,99: Not known,Unknown Clock Start,*
Ear Nose and Throat Service,Ethnicity,99: Not known,01 To 18 Weeks,11730
Ear Nose and Throat Service,Ethnicity,99: Not known,18 To 52 Weeks,8680
Ear Nose and Throat Service,Ethnicity,99: Not known,Over 52 Weeks,520
Ear Nose and Throat Service,Ethnicity,99: Not known,Total,20940
Ear Nose and Throat Service,Ethnicity,A: British,Unknown Clock Start,285
Ear Nose and Throat Service,Ethnicity,A: British,01 To 18 Weeks,207710
Ear Nose and Throat Service,Ethnicity,A: British,18 To 52 Weeks,165355
Ear Nose and Throat Service,Ethnicity,A: British,Over 52 Weeks,11260
Ear Nose and Throat Service,Ethnicity,A: British,Total,384605
Ear Nose and Throat Service,Ethnicity,B: Irish,Unknown Clock Start,*
Ear Nose and Throat Service,Ethnicity,B: Irish,01 To 18 Weeks,1605
Ear Nose and Throat Service,Ethnicity,B: Irish,18 To 52 Weeks,1260
Ear Nose and Throat Service,Ethnicity,B: Irish,Over 52 Weeks,85
Ear Nose and Throat Service,Ethnicity,B: Irish,Total,2950
Ear Nose and Throat Service,Ethnicity,C: Any other white background,Unknown Clock Start,20
Ear Nose and Throat Service,Ethnicity,C: Any other white background,01 To 18 Weeks,20645
Ear Nose and Throat Service,Ethnicity,C: Any other white background,18 To 52 Weeks,17070
Ear Nose and Throat Service,Ethnicity,C: Any other white background,Over 52 Weeks,1255
Ear Nose and Throat Service,Ethnicity,C: Any other white background,Total,38995
Ear Nose and Throat Service,Ethnicity,D: White and Black Caribbean,01 To 18 Weeks,1275
Ear Nose and Throat Service,Ethnicity,D: White and Black Caribbean,18 To 52 Weeks,1095
Ear Nose and Throat Service,Ethnicity,D: White and Black Caribbean,Over 52 Weeks,85
Ear Nose and Throat Service,Ethnicity,D: White and Black Caribbean,Total,2455
Ear Nose and Throat Service,Ethnicity,E: White and Black African,Unknown Clock Start,*
Ear Nose and Throat Service,Ethnicity,E: White and Black African,01 To 18 Weeks,690
Ear Nose and Throat Service,Ethnicity,E: White and Black African,18 To 52 Weeks,645
Ear Nose and Throat Service,Ethnicity,E: White and Black African,Over 52 Weeks,40
Ear Nose and Throat Service,Ethnicity,E: White and Black African,Total,1375
Ear Nose and Throat Service,Ethnicity,F: White and Asian,Unknown Clock Start,*
Ear Nose and Throat Service,Ethnicity,F: White and Asian,01 To 18 Weeks,1200
Ear Nose and Throat Service,Ethnicity,F: White and Asian,18 To 52 Weeks,990
Ear Nose and Throat Service,Ethnicity,F: White and Asian,Over 52 Weeks,80
Ear Nose and Throat Service,Ethnicity,F: White and Asian,Total,2265
Ear Nose and Throat Service,Ethnicity,G: Any other mixed background,Unknown Clock Start,*
Ear Nose and Throat Service,Ethnicity,G: Any other mixed background,01 To 18 Weeks,2790
Ear Nose and Throat Service,Ethnicity,G: Any other mixed background,18 To 52 Weeks,2435
Ear Nose and Throat Service,Ethnicity,G: Any other mixed background,Over 52 Weeks,150
Ear Nose and Throat Service,Ethnicity,G: Any other mixed background,Total,5380
Ear Nose and Throat Service,Ethnicity,H: Indian,Unknown Clock Start,10
Ear Nose and Throat Service,Ethnicity,H: Indian,01 To 18 Weeks,8250
Ear Nose and Throat Service,Ethnicity,H: Indian,18 To 52 Weeks,8415
Ear Nose and Throat Service,Ethnicity,H: Indian,Over 52 Weeks,550
Ear Nose and Throat Service,Ethnicity,H: Indian,Total,17220
Ear Nose and Throat Service,Ethnicity,J: Pakistani,Unknown Clock Start,*
Ear Nose and Throat Service,Ethnicity,J: Pakistani,01 To 18 Weeks,8560
Ear Nose and Throat Service,Ethnicity,J: Pakistani,18 To 52 Weeks,7255
Ear Nose and Throat Service,Ethnicity,J: Pakistani,Over 52 Weeks,390
Ear Nose and Throat Service,Ethnicity,J: Pakistani,Total,16210
Ear Nose and Throat Service,Ethnicity,K: Bangladeshi,Unknown Clock Start,*
Ear Nose and Throat Service,Ethnicity,K: Bangladeshi,01 To 18 Weeks,3135
Ear Nose and Throat Service,Ethnicity,K: Bangladeshi,18 To 52 Weeks,2920
Ear Nose and Throat Service,Ethnicity,K: Bangladeshi,Over 52 Weeks,200
Ear Nose and Throat Service,Ethnicity,K: Bangladeshi,Total,6260
Ear Nose and Throat Service,Ethnicity,L: Any other Asian background,Unknown Clock Start,*
Ear Nose and Throat Service,Ethnicity,L: Any other Asian background,01 To 18 Weeks,7030
Ear Nose and Throat Service,Ethnicity,L: Any other Asian background,18 To 52 Weeks,6600
Ear Nose and Throat Service,Ethnicity,L: Any other Asian background,Over 52 Weeks,470
Ear Nose and Throat Service,Ethnicity,L: Any other Asian background,Total,14105
Ear Nose and Throat Service,Ethnicity,M: Caribbean,Unknown Clock Start,*
Ear Nose and Throat Service,Ethnicity,M: Caribbean,01 To 18 Weeks,2695
Ear Nose and Throat Service,Ethnicity,M: Caribbean,18 To 52 Weeks,2340
Ear Nose and Throat Service,Ethnicity,M: Caribbean,Over 52 Weeks,140
Ear Nose and Throat Service,Ethnicity,M: Caribbean,Total,5175
Ear Nose and Throat Service,Ethnicity,N: African,Unknown Clock Start,*
Ear Nose and Throat Service,Ethnicity,N: African,01 To 18 Weeks,5115
Ear Nose and Throat Service,Ethnicity,N: African,18 To 52 Weeks,4435
Ear Nose and Throat Service,Ethnicity,N: African,Over 52 Weeks,310
Ear Nose and Throat Service,Ethnicity,N: African,Total,9860
Ear Nose and Throat Service,Ethnicity,P: Any other Black background,Unknown Clock Start,*
Ear Nose and Throat Service,Ethnicity,P: Any other Black background,01 To 18 Weeks,2300
Ear Nose and Throat Service,Ethnicity,P: Any other Black background,18 To 52 Weeks,1990
Ear Nose and Throat Service,Ethnicity,P: Any other Black background,Over 52 Weeks,140
Ear Nose and Throat Service,Ethnicity,P: Any other Black background,Total,4430
Ear Nose and Throat Service,Ethnicity,R: Chinese,01 To 18 Weeks,1320
Ear Nose and Throat Service,Ethnicity,R: Chinese,18 To 52 Weeks,1050
Ear Nose and Throat Service,Ethnicity,R: Chinese,Over 52 Weeks,45
Ear Nose and Throat Service,Ethnicity,R: Chinese,Total,2415
Ear Nose and Throat Service,Ethnicity,S: Any other ethnic group,Unknown Clock Start,*
Ear Nose and Throat Service,Ethnicity,S: Any other ethnic group,01 To 18 Weeks,3880
Ear Nose and Throat Service,Ethnicity,S: Any other ethnic group,18 To 52 Weeks,3205
Ear Nose and Throat Service,Ethnicity,S: Any other ethnic group,Over 52 Weeks,215
Ear Nose and Throat Service,Ethnicity,S: Any other ethnic group,Total,7305
Ear Nose and Throat Service,Ethnicity,Z: Not stated,Unknown Clock Start,15
Ear Nose and Throat Service,Ethnicity,Z: Not stated,01 To 18 Weeks,13975
Ear Nose and Throat Service,Ethnicity,Z: Not stated,18 To 52 Weeks,11045
Ear Nose and Throat Service,Ethnicity,Z: Not stated,Over 52 Weeks,715
Ear Nose and Throat Service,Ethnicity,Z: Not stated,Total,25750
Ear Nose and Throat Service,IMD,1,Unknown Clock Start,35
Ear Nose and Throat Service,IMD,1,01 To 18 Weeks,29420
Ear Nose and Throat Service,IMD,1,18 To 52 Weeks,24560
Ear Nose and Throat Service,IMD,1,Over 52 Weeks,1705
Ear Nose and Throat Service,IMD,1,Total,55720
Ear Nose and Throat Service,IMD,10,Unknown Clock Start,35
Ear Nose and Throat Service,IMD,10,01 To 18 Weeks,25880
Ear Nose and Throat Service,IMD,10,18 To 52 Weeks,20480
Ear Nose and Throat Service,IMD,10,Over 52 Weeks,1300
Ear Nose and Throat Service,IMD,10,Total,47690
Ear Nose and Throat Service,IMD,2,Unknown Clock Start,30
Ear Nose and Throat Service,IMD,2,01 To 18 Weeks,31205
Ear Nose and Throat Service,IMD,2,18 To 52 Weeks,25390
Ear Nose and Throat Service,IMD,2,Over 52 Weeks,1660
Ear Nose and Throat Service,IMD,2,Total,58280
Ear Nose and Throat Service,IMD,3,Unknown Clock Start,30
Ear Nose and Throat Service,IMD,3,01 To 18 Weeks,30220
Ear Nose and Throat Service,IMD,3,18 To 52 Weeks,25105
Ear Nose and Throat Service,IMD,3,Over 52 Weeks,1740
Ear Nose and Throat Service,IMD,3,Total,57095
Ear Nose and Throat Service,IMD,4,Unknown Clock Start,30
Ear Nose and Throat Service,IMD,4,01 To 18 Weeks,30315
Ear Nose and Throat Service,IMD,4,18 To 52 Weeks,25105
Ear Nose and Throat Service,IMD,4,Over 52 Weeks,1720
Ear Nose and Throat Service,IMD,4,Total,57170
Ear Nose and Throat Service,IMD,5,Unknown Clock Start,35
Ear Nose and Throat Service,IMD,5,01 To 18 Weeks,29540
Ear Nose and Throat Service,IMD,5,18 To 52 Weeks,24535
Ear Nose and Throat Service,IMD,5,Over 52 Weeks,1705
Ear Nose and Throat Service,IMD,5,Total,55820
Ear Nose and Throat Service,IMD,6,Unknown Clock Start,40
Ear Nose and Throat Service,IMD,6,01 To 18 Weeks,29855
Ear Nose and Throat Service,IMD,6,18 To 52 Weeks,24650
Ear Nose and Throat Service,IMD,6,Over 52 Weeks,1680
Ear Nose and Throat Service,IMD,6,Total,56230
Ear Nose and Throat Service,IMD,7,Unknown Clock Start,35
Ear Nose and Throat Service,IMD,7,01 To 18 Weeks,28900
Ear Nose and Throat Service,IMD,7,18 To 52 Weeks,23325
Ear Nose and Throat Service,IMD,7,Over 52 Weeks,1550
Ear Nose and Throat Service,IMD,7,Total,53815
Ear Nose and Throat Service,IMD,8,Unknown Clock Start,50
Ear Nose and Throat Service,IMD,8,01 To 18 Weeks,28895
Ear Nose and Throat Service,IMD,8,18 To 52 Weeks,23190
Ear Nose and Throat Service,IMD,8,Over 52 Weeks,1545
Ear Nose and Throat Service,IMD,8,Total,53680
Ear Nose and Throat Service,IMD,9,Unknown Clock Start,40
Ear Nose and Throat Service,IMD,9,01 To 18 Weeks,28125
Ear Nose and Throat Service,IMD,9,18 To 52 Weeks,22645
Ear Nose and Throat Service,IMD,9,Over 52 Weeks,1605
Ear Nose and Throat Service,IMD,9,Total,52410
Ear Nose and Throat Service,Sex,Female,Unknown Clock Start,190
Ear Nose and Throat Service,Sex,Female,01 To 18 Weeks,151380
Ear Nose and Throat Service,Sex,Female,18 To 52 Weeks,125985
Ear Nose and Throat Service,Sex,Female,Over 52 Weeks,8490
Ear Nose and Throat Service,Sex,Female,Total,286050
Ear Nose and Throat Service,Sex,Male,Unknown Clock Start,140
Ear Nose and Throat Service,Sex,Male,01 To 18 Weeks,126580
Ear Nose and Throat Service,Sex,Male,18 To 52 Weeks,106165
Ear Nose and Throat Service,Sex,Male,Over 52 Weeks,7515
Ear Nose and Throat Service,Sex,Male,Total,240400
Elderly Medicine Service,Age,0-18 Years,01 To 18 Weeks,65
Elderly Medicine Service,Age,0-18 Years,18 To 52 Weeks,20
Elderly Medicine Service,Age,0-18 Years,Total,90
Elderly Medicine Service,Age,19-64 Years,Unknown Clock Start,*
Elderly Medicine Service,Age,19-64 Years,01 To 18 Weeks,2570
Elderly Medicine Service,Age,19-64 Years,18 To 52 Weeks,765
Elderly Medicine Service,Age,19-64 Years,Over 52 Weeks,10
Elderly Medicine Service,Age,19-64 Years,Total,3350
Elderly Medicine Service,Age,Over 65 Years,Unknown Clock Start,25
Elderly Medicine Service,Age,Over 65 Years,01 To 18 Weeks,18035
Elderly Medicine Service,Age,Over 65 Years,18 To 52 Weeks,4545
Elderly Medicine Service,Age,Over 65 Years,Over 52 Weeks,185
Elderly Medicine Service,Age,Over 65 Years,Total,22790
Elderly Medicine Service,Ethnicity,99: Not known,01 To 18 Weeks,275
Elderly Medicine Service,Ethnicity,99: Not known,18 To 52 Weeks,125
Elderly Medicine Service,Ethnicity,99: Not known,Over 52 Weeks,15
Elderly Medicine Service,Ethnicity,99: Not known,Total,415
Elderly Medicine Service,Ethnicity,A: British,Unknown Clock Start,25
Elderly Medicine Service,Ethnicity,A: British,01 To 18 Weeks,17310
Elderly Medicine Service,Ethnicity,A: British,18 To 52 Weeks,4600
Elderly Medicine Service,Ethnicity,A: British,Over 52 Weeks,165
Elderly Medicine Service,Ethnicity,A: British,Total,22100
Elderly Medicine Service,Ethnicity,B: Irish,01 To 18 Weeks,215
Elderly Medicine Service,Ethnicity,B: Irish,18 To 52 Weeks,45
Elderly Medicine Service,Ethnicity,B: Irish,Over 52 Weeks,*
Elderly Medicine Service,Ethnicity,B: Irish,Total,265
Elderly Medicine Service,Ethnicity,C: Any other white background,Unknown Clock Start,*
Elderly Medicine Service,Ethnicity,C: Any other white background,01 To 18 Weeks,730
Elderly Medicine Service,Ethnicity,C: Any other white background,18 To 52 Weeks,145
Elderly Medicine Service,Ethnicity,C: Any other white background,Over 52 Weeks,*
Elderly Medicine Service,Ethnicity,C: Any other white background,Total,875
Elderly Medicine Service,Ethnicity,D: White and Black Caribbean,01 To 18 Weeks,15
Elderly Medicine Service,Ethnicity,D: White and Black Caribbean,18 To 52 Weeks,*
Elderly Medicine Service,Ethnicity,D: White and Black Caribbean,Total,15
Elderly Medicine Service,Ethnicity,E: White and Black African,01 To 18 Weeks,15
Elderly Medicine Service,Ethnicity,E: White and Black African,Total,15
Elderly Medicine Service,Ethnicity,F: White and Asian,01 To 18 Weeks,25
Elderly Medicine Service,Ethnicity,F: White and Asian,18 To 52 Weeks,*
Elderly Medicine Service,Ethnicity,F: White and Asian,Total,35
Elderly Medicine Service,Ethnicity,G: Any other mixed background,Unknown Clock Start,*
Elderly Medicine Service,Ethnicity,G: Any other mixed background,01 To 18 Weeks,35
Elderly Medicine Service,Ethnicity,G: Any other mixed background,18 To 52 Weeks,10
Elderly Medicine Service,Ethnicity,G: Any other mixed background,Total,45
Elderly Medicine Service,Ethnicity,H: Indian,01 To 18 Weeks,425
Elderly Medicine Service,Ethnicity,H: Indian,18 To 52 Weeks,75
Elderly Medicine Service,Ethnicity,H: Indian,Over 52 Weeks,*
Elderly Medicine Service,Ethnicity,H: Indian,Total,500
Elderly Medicine Service,Ethnicity,J: Pakistani,01 To 18 Weeks,210
Elderly Medicine Service,Ethnicity,J: Pakistani,18 To 52 Weeks,30
Elderly Medicine Service,Ethnicity,J: Pakistani,Total,240
Elderly Medicine Service,Ethnicity,K: Bangladeshi,01 To 18 Weeks,85
Elderly Medicine Service,Ethnicity,K: Bangladeshi,18 To 52 Weeks,15
Elderly Medicine Service,Ethnicity,K: Bangladeshi,Over 52 Weeks,*
Elderly Medicine Service,Ethnicity,K: Bangladeshi,Total,100
Elderly Medicine Service,Ethnicity,L: Any other Asian background,Unknown Clock Start,*
Elderly Medicine Service,Ethnicity,L: Any other Asian background,01 To 18 Weeks,195
Elderly Medicine Service,Ethnicity,L: Any other Asian background,18 To 52 Weeks,45
Elderly Medicine Service,Ethnicity,L: Any other Asian background,Over 52 Weeks,*
Elderly Medicine Service,Ethnicity,L: Any other Asian background,Total,240
Elderly Medicine Service,Ethnicity,M: Caribbean,01 To 18 Weeks,280
Elderly Medicine Service,Ethnicity,M: Caribbean,18 To 52 Weeks,40
Elderly Medicine Service,Ethnicity,M: Caribbean,Total,315
Elderly Medicine Service,Ethnicity,N: African,01 To 18 Weeks,205
Elderly Medicine Service,Ethnicity,N: African,18 To 52 Weeks,35
Elderly Medicine Service,Ethnicity,N: African,Total,245
Elderly Medicine Service,Ethnicity,P: Any other Black background,01 To 18 Weeks,105
Elderly Medicine Service,Ethnicity,P: Any other Black background,18 To 52 Weeks,10
Elderly Medicine Service,Ethnicity,P: Any other Black background,Total,115
Elderly Medicine Service,Ethnicity,R: Chinese,01 To 18 Weeks,55
Elderly Medicine Service,Ethnicity,R: Chinese,18 To 52 Weeks,15
Elderly Medicine Service,Ethnicity,R: Chinese,Total,70
Elderly Medicine Service,Ethnicity,S: Any other ethnic group,01 To 18 Weeks,115
Elderly Medicine Service,Ethnicity,S: Any other ethnic group,18 To 52 Weeks,25
Elderly Medicine Service,Ethnicity,S: Any other ethnic group,Over 52 Weeks,*
Elderly Medicine Service,Ethnicity,S: Any other ethnic group,Total,145
Elderly Medicine Service,Ethnicity,Z: Not stated,01 To 18 Weeks,605
Elderly Medicine Service,Ethnicity,Z: Not stated,18 To 52 Weeks,115
Elderly Medicine Service,Ethnicity,Z: Not stated,Total,725
Elderly Medicine Service,IMD,1,01 To 18 Weeks,1890
Elderly Medicine Service,IMD,1,18 To 52 Weeks,545
Elderly Medicine Service,IMD,1,Over 52 Weeks,*
Elderly Medicine Service,IMD,1,Total,2445
Elderly Medicine Service,IMD,10,Unknown Clock Start,10
Elderly Medicine Service,IMD,10,01 To 18 Weeks,1940
Elderly Medicine Service,IMD,10,18 To 52 Weeks,525
Elderly Medicine Service,IMD,10,Over 52 Weeks,40
Elderly Medicine Service,IMD,10,Total,2520
Elderly Medicine Service,IMD,2,01 To 18 Weeks,2170
Elderly Medicine Service,IMD,2,18 To 52 Weeks,540
Elderly Medicine Service,IMD,2,Over 52 Weeks,15
Elderly Medicine Service,IMD,2,Total,2720
Elderly Medicine Service,IMD,3,Unknown Clock Start,*
Elderly Medicine Service,IMD,3,01 To 18 Weeks,2070
Elderly Medicine Service,IMD,3,18 To 52 Weeks,490
Elderly Medicine Service,IMD,3,Over 52 Weeks,10
Elderly Medicine Service,IMD,3,Total,2570
Elderly Medicine Service,IMD,4,01 To 18 Weeks,2120
Elderly Medicine Service,IMD,4,18 To 52 Weeks,520
Elderly Medicine Service,IMD,4,Over 52 Weeks,10
Elderly Medicine Service,IMD,4,Total,2655
Elderly Medicine Service,IMD,5,Unknown Clock Start,*
Elderly Medicine Service,IMD,5,01 To 18 Weeks,2025
Elderly Medicine Service,IMD,5,18 To 52 Weeks,515
Elderly Medicine Service,IMD,5,Over 52 Weeks,10
Elderly Medicine Service,IMD,5,Total,2555
Elderly Medicine Service,IMD,6,Unknown Clock Start,*
Elderly Medicine Service,IMD,6,01 To 18 Weeks,2120
Elderly Medicine Service,IMD,6,18 To 52 Weeks,475
Elderly Medicine Service,IMD,6,Over 52 Weeks,15
Elderly Medicine Service,IMD,6,Total,2610
Elderly Medicine Service,IMD,7,Unknown Clock Start,*
Elderly Medicine Service,IMD,7,01 To 18 Weeks,2075
Elderly Medicine Service,IMD,7,18 To 52 Weeks,540
Elderly Medicine Service,IMD,7,Over 52 Weeks,20
Elderly Medicine Service,IMD,7,Total,2640
Elderly Medicine Service,IMD,8,Unknown Clock Start,*
Elderly Medicine Service,IMD,8,01 To 18 Weeks,2140
Elderly Medicine Service,IMD,8,18 To 52 Weeks,570
Elderly Medicine Service,IMD,8,Over 52 Weeks,25
Elderly Medicine Service,IMD,8,Total,2735
Elderly Medicine Service,IMD,9,Unknown Clock Start,*
Elderly Medicine Service,IMD,9,01 To 18 Weeks,2125
Elderly Medicine Service,IMD,9,18 To 52 Weeks,535
Elderly Medicine Service,IMD,9,Over 52 Weeks,35
Elderly Medicine Service,IMD,9,Total,2700
Elderly Medicine Service,Sex,Female,Unknown Clock Start,20
Elderly Medicine Service,Sex,Female,01 To 18 Weeks,11325
Elderly Medicine Service,Sex,Female,18 To 52 Weeks,3220
Elderly Medicine Service,Sex,Female,Over 52 Weeks,145
Elderly Medicine Service,Sex,Female,Total,14710
Elderly Medicine Service,Sex,Male,Unknown Clock Start,10
Elderly Medicine Service,Sex,Male,01 To 18 Weeks,8640
Elderly Medicine Service,Sex,Male,18 To 52 Weeks,1955
Elderly Medicine Service,Sex,Male,Over 52 Weeks,45
Elderly Medicine Service,Sex,Male,Total,10645
Gastroenterology Service,Age,0-18 Years,Unknown Clock Start,*
Gastroenterology Service,Age,0-18 Years,01 To 18 Weeks,4410
Gastroenterology Service,Age,0-18 Years,18 To 52 Weeks,2595
Gastroenterology Service,Age,0-18 Years,Over 52 Weeks,90
Gastroenterology Service,Age,0-18 Years,Total,7100
Gastroenterology Service,Age,19-64 Years,Unknown Clock Start,200
Gastroenterology Service,Age,19-64 Years,01 To 18 Weeks,150300
Gastroenterology Service,Age,19-64 Years,18 To 52 Weeks,88855
Gastroenterology Service,Age,19-64 Years,Over 52 Weeks,3435
Gastroenterology Service,Age,19-64 Years,Total,242790
Gastroenterology Service,Age,Over 65 Years,Unknown Clock Start,135
Gastroenterology Service,Age,Over 65 Years,01 To 18 Weeks,83100
Gastroenterology Service,Age,Over 65 Years,18 To 52 Weeks,40075
Gastroenterology Service,Age,Over 65 Years,Over 52 Weeks,1200
Gastroenterology Service,Age,Over 65 Years,Total,124510
Gastroenterology Service,Ethnicity,99: Not known,Unknown Clock Start,*
Gastroenterology Service,Ethnicity,99: Not known,01 To 18 Weeks,9165
Gastroenterology Service,Ethnicity,99: Not known,18 To 52 Weeks,3740
Gastroenterology Service,Ethnicity,99: Not known,Over 52 Weeks,90
Gastroenterology Service,Ethnicity,99: Not known,Total,12995
Gastroenterology Service,Ethnicity,A: British,Unknown Clock Start,250
Gastroenterology Service,Ethnicity,A: British,01 To 18 Weeks,171810
Gastroenterology Service,Ethnicity,A: British,18 To 52 Weeks,93700
Gastroenterology Service,Ethnicity,A: British,Over 52 Weeks,3535
Gastroenterology Service,Ethnicity,A: British,Total,269295
Gastroenterology Service,Ethnicity,B: Irish,Unknown Clock Start,*
Gastroenterology Service,Ethnicity,B: Irish,01 To 18 Weeks,1580
Gastroenterology Service,Ethnicity,B: Irish,18 To 52 Weeks,770
Gastroenterology Service,Ethnicity,B: Irish,Over 52 Weeks,25
Gastroenterology Service,Ethnicity,B: Irish,Total,2375
Gastroenterology Service,Ethnicity,C: Any other white background,Unknown Clock Start,30
Gastroenterology Service,Ethnicity,C: Any other white background,01 To 18 Weeks,15025
Gastroenterology Service,Ethnicity,C: Any other white background,18 To 52 Weeks,8060
Gastroenterology Service,Ethnicity,C: Any other white background,Over 52 Weeks,295
Gastroenterology Service,Ethnicity,C: Any other white background,Total,23415
Gastroenterology Service,Ethnicity,D: White and Black Caribbean,Unknown Clock Start,*
Gastroenterology Service,Ethnicity,D: White and Black Caribbean,01 To 18 Weeks,680
Gastroenterology Service,Ethnicity,D: White and Black Caribbean,18 To 52 Weeks,440
Gastroenterology Service,Ethnicity,D: White and Black Caribbean,Over 52 Weeks,10
Gastroenterology Service,Ethnicity,D: White and Black Caribbean,Total,1135
Gastroenterology Service,Ethnicity,E: White and Black African,Unknown Clock Start,*
Gastroenterology Service,Ethnicity,E: White and Black African,01 To 18 Weeks,460
Gastroenterology Service,Ethnicity,E: White and Black African,18 To 52 Weeks,265
Gastroenterology Service,Ethnicity,E: White and Black African,Over 52 Weeks,*
Gastroenterology Service,Ethnicity,E: White and Black African,Total,730
Gastroenterology Service,Ethnicity,F: White and Asian,Unknown Clock Start,*
Gastroenterology Service,Ethnicity,F: White and Asian,01 To 18 Weeks,610
Gastroenterology Service,Ethnicity,F: White and Asian,18 To 52 Weeks,370
Gastroenterology Service,Ethnicity,F: White and Asian,Over 52 Weeks,10
Gastroenterology Service,Ethnicity,F: White and Asian,Total,995
Gastroenterology Service,Ethnicity,G: Any other mixed background,Unknown Clock Start,*
Gastroenterology Service,Ethnicity,G: Any other mixed background,01 To 18 Weeks,1575
Gastroenterology Service,Ethnicity,G: Any other mixed background,18 To 52 Weeks,925
Gastroenterology Service,Ethnicity,G: Any other mixed background,Over 52 Weeks,40
Gastroenterology Service,Ethnicity,G: Any other mixed background,Total,2540
Gastroenterology Service,Ethnicity,H: Indian,Unknown Clock Start,*
Gastroenterology Service,Ethnicity,H: Indian,01 To 18 Weeks,6395
Gastroenterology Service,Ethnicity,H: Indian,18 To 52 Weeks,3745
Gastroenterology Service,Ethnicity,H: Indian,Over 52 Weeks,100
Gastroenterology Service,Ethnicity,H: Indian,Total,10245
Gastroenterology Service,Ethnicity,J: Pakistani,Unknown Clock Start,*
Gastroenterology Service,Ethnicity,J: Pakistani,01 To 18 Weeks,5910
Gastroenterology Service,Ethnicity,J: Pakistani,18 To 52 Weeks,3735
Gastroenterology Service,Ethnicity,J: Pakistani,Over 52 Weeks,90
Gastroenterology Service,Ethnicity,J: Pakistani,Total,9740
Gastroenterology Service,Ethnicity,K: Bangladeshi,Unknown Clock Start,*
Gastroenterology Service,Ethnicity,K: Bangladeshi,01 To 18 Weeks,2485
Gastroenterology Service,Ethnicity,K: Bangladeshi,18 To 52 Weeks,1535
Gastroenterology Service,Ethnicity,K: Bangladeshi,Over 52 Weeks,35
Gastroenterology Service,Ethnicity,K: Bangladeshi,Total,4060
Gastroenterology Service,Ethnicity,L: Any other Asian background,Unknown Clock Start,10
Gastroenterology Service,Ethnicity,L: Any other Asian background,01 To 18 Weeks,5500
Gastroenterology Service,Ethnicity,L: Any other Asian background,18 To 52 Weeks,2990
Gastroenterology Service,Ethnicity,L: Any other Asian background,Over 52 Weeks,95
Gastroenterology Service,Ethnicity,L: Any other Asian background,Total,8595
Gastroenterology Service,Ethnicity,M: Caribbean,Unknown Clock Start,*
Gastroenterology Service,Ethnicity,M: Caribbean,01 To 18 Weeks,2605
Gastroenterology Service,Ethnicity,M: Caribbean,18 To 52 Weeks,1385
Gastroenterology Service,Ethnicity,M: Caribbean,Over 52 Weeks,30
Gastroenterology Service,Ethnicity,M: Caribbean,Total,4025
Gastroenterology Service,Ethnicity,N: African,Unknown Clock Start,*
Gastroenterology Service,Ethnicity,N: African,01 To 18 Weeks,4180
Gastroenterology Service,Ethnicity,N: African,18 To 52 Weeks,2365
Gastroenterology Service,Ethnicity,N: African,Over 52 Weeks,85
Gastroenterology Service,Ethnicity,N: African,Total,6625
Gastroenterology Service,Ethnicity,P: Any other Black background,Unknown Clock Start,*
Gastroenterology Service,Ethnicity,P: Any other Black background,01 To 18 Weeks,1965
Gastroenterology Service,Ethnicity,P: Any other Black background,18 To 52 Weeks,1140
Gastroenterology Service,Ethnicity,P: Any other Black background,Over 52 Weeks,40
Gastroenterology Service,Ethnicity,P: Any other Black background,Total,3150
Gastroenterology Service,Ethnicity,R: Chinese,Unknown Clock Start,*
Gastroenterology Service,Ethnicity,R: Chinese,01 To 18 Weeks,1105
Gastroenterology Service,Ethnicity,R: Chinese,18 To 52 Weeks,615
Gastroenterology Service,Ethnicity,R: Chinese,Over 52 Weeks,20
Gastroenterology Service,Ethnicity,R: Chinese,Total,1745
Gastroenterology Service,Ethnicity,S: Any other ethnic group,Unknown Clock Start,*
Gastroenterology Service,Ethnicity,S: Any other ethnic group,01 To 18 Weeks,2915
Gastroenterology Service,Ethnicity,S: Any other ethnic group,18 To 52 Weeks,1435
Gastroenterology Service,Ethnicity,S: Any other ethnic group,Over 52 Weeks,35
Gastroenterology Service,Ethnicity,S: Any other ethnic group,Total,4390
Gastroenterology Service,Ethnicity,Z: Not stated,Unknown Clock Start,15
Gastroenterology Service,Ethnicity,Z: Not stated,01 To 18 Weeks,9920
Gastroenterology Service,Ethnicity,Z: Not stated,18 To 52 Weeks,5010
Gastroenterology Service,Ethnicity,Z: Not stated,Over 52 Weeks,190
Gastroenterology Service,Ethnicity,Z: Not stated,Total,15135
Gastroenterology Service,IMD,1,Unknown Clock Start,10
Gastroenterology Service,IMD,1,01 To 18 Weeks,24905
Gastroenterology Service,IMD,1,18 To 52 Weeks,14785
Gastroenterology Service,IMD,1,Over 52 Weeks,520
Gastroenterology Service,IMD,1,Total,40215
Gastroenterology Service,IMD,10,Unknown Clock Start,90
Gastroenterology Service,IMD,10,01 To 18 Weeks,20275
Gastroenterology Service,IMD,10,18 To 52 Weeks,10790
Gastroenterology Service,IMD,10,Over 52 Weeks,390
Gastroenterology Service,IMD,10,Total,31545
Gastroenterology Service,IMD,2,Unknown Clock Start,15
Gastroenterology Service,IMD,2,01 To 18 Weeks,25000
Gastroenterology Service,IMD,2,18 To 52 Weeks,14350
Gastroenterology Service,IMD,2,Over 52 Weeks,455
Gastroenterology Service,IMD,2,Total,39815
Gastroenterology Service,IMD,3,Unknown Clock Start,20
Gastroenterology Service,IMD,3,01 To 18 Weeks,24705
Gastroenterology Service,IMD,3,18 To 52 Weeks,14015
Gastroenterology Service,IMD,3,Over 52 Weeks,520
Gastroenterology Service,IMD,3,Total,39260
Gastroenterology Service,IMD,4,Unknown Clock Start,30
Gastroenterology Service,IMD,4,01 To 18 Weeks,24230
Gastroenterology Service,IMD,4,18 To 52 Weeks,13145
Gastroenterology Service,IMD,4,Over 52 Weeks,470
Gastroenterology Service,IMD,4,Total,37875
Gastroenterology Service,IMD,5,Unknown Clock Start,20
Gastroenterology Service,IMD,5,01 To 18 Weeks,23630
Gastroenterology Service,IMD,5,18 To 52 Weeks,12590
Gastroenterology Service,IMD,5,Over 52 Weeks,425
Gastroenterology Service,IMD,5,Total,36665
Gastroenterology Service,IMD,6,Unknown Clock Start,30
Gastroenterology Service,IMD,6,01 To 18 Weeks,23825
Gastroenterology Service,IMD,6,18 To 52 Weeks,12430
Gastroenterology Service,IMD,6,Over 52 Weeks,460
Gastroenterology Service,IMD,6,Total,36740
Gastroenterology Service,IMD,7,Unknown Clock Start,35
Gastroenterology Service,IMD,7,01 To 18 Weeks,22785
Gastroenterology Service,IMD,7,18 To 52 Weeks,12275
Gastroenterology Service,IMD,7,Over 52 Weeks,465
Gastroenterology Service,IMD,7,Total,35565
Gastroenterology Service,IMD,8,Unknown Clock Start,40
Gastroenterology Service,IMD,8,01 To 18 Weeks,22995
Gastroenterology Service,IMD,8,18 To 52 Weeks,12135
Gastroenterology Service,IMD,8,Over 52 Weeks,455
Gastroenterology Service,IMD,8,Total,35630
Gastroenterology Service,IMD,9,Unknown Clock Start,55
Gastroenterology Service,IMD,9,01 To 18 Weeks,21965
Gastroenterology Service,IMD,9,18 To 52 Weeks,11760
Gastroenterology Service,IMD,9,Over 52 Weeks,445
Gastroenterology Service,IMD,9,Total,34230
Gastroenterology Service,Sex,Female,Unknown Clock Start,200
Gastroenterology Service,Sex,Female,01 To 18 Weeks,127565
Gastroenterology Service,Sex,Female,18 To 52 Weeks,74280
Gastroenterology Service,Sex,Female,Over 52 Weeks,2600
Gastroenterology Service,Sex,Female,Total,204645
Gastroenterology Service,Sex,Male,Unknown Clock Start,140
Gastroenterology Service,Sex,Male,01 To 18 Weeks,97170
Gastroenterology Service,Sex,Male,18 To 52 Weeks,51115
Gastroenterology Service,Sex,Male,Over 52 Weeks,1660
Gastroenterology Service,Sex,Male,Total,150080
General Internal Medicine Service,Age,0-18 Years,01 To 18 Weeks,290
General Internal Medicine Service,Age,0-18 Years,18 To 52 Weeks,115
General Internal Medicine Service,Age,0-18 Years,Over 52 Weeks,*
General Internal Medicine Service,Age,0-18 Years,Total,415
General Internal Medicine Service,Age,19-64 Years,Unknown Clock Start,20
General Internal Medicine Service,Age,19-64 Years,01 To 18 Weeks,10095
General Internal Medicine Service,Age,19-64 Years,18 To 52 Weeks,5585
General Internal Medicine Service,Age,19-64 Years,Over 52 Weeks,235
General Internal Medicine Service,Age,19-64 Years,Total,15930
General Internal Medicine Service,Age,Over 65 Years,Unknown Clock Start,20
General Internal Medicine Service,Age,Over 65 Years,01 To 18 Weeks,7885
General Internal Medicine Service,Age,Over 65 Years,18 To 52 Weeks,3340
General Internal Medicine Service,Age,Over 65 Years,Over 52 Weeks,90
General Internal Medicine Service,Age,Over 65 Years,Total,11335
General Internal Medicine Service,Ethnicity,99: Not known,Unknown Clock Start,*
General Internal Medicine Service,Ethnicity,99: Not known,01 To 18 Weeks,545
General Internal Medicine Service,Ethnicity,99: Not known,18 To 52 Weeks,420
General Internal Medicine Service,Ethnicity,99: Not known,Over 52 Weeks,15
General Internal Medicine Service,Ethnicity,99: Not known,Total,980
General Internal Medicine Service,Ethnicity,A: British,Unknown Clock Start,35
General Internal Medicine Service,Ethnicity,A: British,01 To 18 Weeks,13250
General Internal Medicine Service,Ethnicity,A: British,18 To 52 Weeks,6000
General Internal Medicine Service,Ethnicity,A: British,Over 52 Weeks,220
General Internal Medicine Service,Ethnicity,A: British,Total,19500
General Internal Medicine Service,Ethnicity,B: Irish,01 To 18 Weeks,120
General Internal Medicine Service,Ethnicity,B: Irish,18 To 52 Weeks,55
General Internal Medicine Service,Ethnicity,B: Irish,Total,175
General Internal Medicine Service,Ethnicity,C: Any other white background,Unknown Clock Start,*
General Internal Medicine Service,Ethnicity,C: Any other white background,01 To 18 Weeks,1125
General Internal Medicine Service,Ethnicity,C: Any other white background,18 To 52 Weeks,810
General Internal Medicine Service,Ethnicity,C: Any other white background,Over 52 Weeks,35
General Internal Medicine Service,Ethnicity,C: Any other white background,Total,1980
General Internal Medicine Service,Ethnicity,D: White and Black Caribbean,01 To 18 Weeks,65
General Internal Medicine Service,Ethnicity,D: White and Black Caribbean,18 To 52 Weeks,50
General Internal Medicine Service,Ethnicity,D: White and Black Caribbean,Over 52 Weeks,*
General Internal Medicine Service,Ethnicity,D: White and Black Caribbean,Total,115
General Internal Medicine Service,Ethnicity,E: White and Black African,01 To 18 Weeks,40
General Internal Medicine Service,Ethnicity,E: White and Black African,18 To 52 Weeks,25
General Internal Medicine Service,Ethnicity,E: White and Black African,Over 52 Weeks,*
General Internal Medicine Service,Ethnicity,E: White and Black African,Total,70
General Internal Medicine Service,Ethnicity,F: White and Asian,01 To 18 Weeks,45
General Internal Medicine Service,Ethnicity,F: White and Asian,18 To 52 Weeks,30
General Internal Medicine Service,Ethnicity,F: White and Asian,Over 52 Weeks,*
General Internal Medicine Service,Ethnicity,F: White and Asian,Total,75
General Internal Medicine Service,Ethnicity,G: Any other mixed background,01 To 18 Weeks,120
General Internal Medicine Service,Ethnicity,G: Any other mixed background,18 To 52 Weeks,85
General Internal Medicine Service,Ethnicity,G: Any other mixed background,Over 52 Weeks,*
General Internal Medicine Service,Ethnicity,G: Any other mixed background,Total,205
General Internal Medicine Service,Ethnicity,H: Indian,01 To 18 Weeks,435
General Internal Medicine Service,Ethnicity,H: Indian,18 To 52 Weeks,205
General Internal Medicine Service,Ethnicity,H: Indian,Over 52 Weeks,*
General Internal Medicine Service,Ethnicity,H: Indian,Total,645
General Internal Medicine Service,Ethnicity,J: Pakistani,01 To 18 Weeks,295
General Internal Medicine Service,Ethnicity,J: Pakistani,18 To 52 Weeks,110
General Internal Medicine Service,Ethnicity,J: Pakistani,Over 52 Weeks,*
General Internal Medicine Service,Ethnicity,J: Pakistani,Total,405
General Internal Medicine Service,Ethnicity,K: Bangladeshi,01 To 18 Weeks,155
General Internal Medicine Service,Ethnicity,K: Bangladeshi,18 To 52 Weeks,90
General Internal Medicine Service,Ethnicity,K: Bangladeshi,Over 52 Weeks,*
General Internal Medicine Service,Ethnicity,K: Bangladeshi,Total,250
General Internal Medicine Service,Ethnicity,L: Any other Asian background,01 To 18 Weeks,410
General Internal Medicine Service,Ethnicity,L: Any other Asian background,18 To 52 Weeks,240
General Internal Medicine Service,Ethnicity,L: Any other Asian background,Over 52 Weeks,10
General Internal Medicine Service,Ethnicity,L: Any other Asian background,Total,655
General Internal Medicine Service,Ethnicity,M: Caribbean,Unknown Clock Start,*
General Internal Medicine Service,Ethnicity,M: Caribbean,01 To 18 Weeks,255
General Internal Medicine Service,Ethnicity,M: Caribbean,18 To 52 Weeks,170
General Internal Medicine Service,Ethnicity,M: Caribbean,Over 52 Weeks,*
General Internal Medicine Service,Ethnicity,M: Caribbean,Total,430
General Internal Medicine Service,Ethnicity,N: African,Unknown Clock Start,*
General Internal Medicine Service,Ethnicity,N: African,01 To 18 Weeks,400
General Internal Medicine Service,Ethnicity,N: African,18 To 52 Weeks,195
General Internal Medicine Service,Ethnicity,N: African,Over 52 Weeks,*
General Internal Medicine Service,Ethnicity,N: African,Total,600
General Internal Medicine Service,Ethnicity,P: Any other Black background,01 To 18 Weeks,200
General Internal Medicine Service,Ethnicity,P: Any other Black background,18 To 52 Weeks,120
General Internal Medicine Service,Ethnicity,P: Any other Black background,Over 52 Weeks,*
General Internal Medicine Service,Ethnicity,P: Any other Black background,Total,320
General Internal Medicine Service,Ethnicity,R: Chinese,01 To 18 Weeks,65
General Internal Medicine Service,Ethnicity,R: Chinese,18 To 52 Weeks,60
General Internal Medicine Service,Ethnicity,R: Chinese,Over 52 Weeks,*
General Internal Medicine Service,Ethnicity,R: Chinese,Total,130
General Internal Medicine Service,Ethnicity,S: Any other ethnic group,01 To 18 Weeks,215
General Internal Medicine Service,Ethnicity,S: Any other ethnic group,18 To 52 Weeks,120
General Internal Medicine Service,Ethnicity,S: Any other ethnic group,Over 52 Weeks,*
General Internal Medicine Service,Ethnicity,S: Any other ethnic group,Total,340
General Internal Medicine Service,Ethnicity,Z: Not stated,Unknown Clock Start,*
General Internal Medicine Service,Ethnicity,Z: Not stated,01 To 18 Weeks,645
General Internal Medicine Service,Ethnicity,Z: Not stated,18 To 52 Weeks,265
General Internal Medicine Service,Ethnicity,Z: Not stated,Over 52 Weeks,15
General Internal Medicine Service,Ethnicity,Z: Not stated,Total,925
General Internal Medicine Service,IMD,1,01 To 18 Weeks,1435
General Internal Medicine Service,IMD,1,18 To 52 Weeks,445
General Internal Medicine Service,IMD,1,Over 52 Weeks,10
General Internal Medicine Service,IMD,1,Total,1885
General Internal Medicine Service,IMD,10,Unknown Clock Start,10
General Internal Medicine Service,IMD,10,01 To 18 Weeks,1645
General Internal Medicine Service,IMD,10,18 To 52 Weeks,790
General Internal Medicine Service,IMD,10,Over 52 Weeks,40
General Internal Medicine Service,IMD,10,Total,2485
General Internal Medicine Service,IMD,2,01 To 18 Weeks,1675
General Internal Medicine Service,IMD,2,18 To 52 Weeks,870
General Internal Medicine Service,IMD,2,Over 52 Weeks,25
General Internal Medicine Service,IMD,2,Total,2570
General Internal Medicine Service,IMD,3,Unknown Clock Start,*
General Internal Medicine Service,IMD,3,01 To 18 Weeks,1810
General Internal Medicine Service,IMD,3,18 To 52 Weeks,1015
General Internal Medicine Service,IMD,3,Over 52 Weeks,40
General Internal Medicine Service,IMD,3,Total,2860
General Internal Medicine Service,IMD,4,Unknown Clock Start,*
General Internal Medicine Service,IMD,4,01 To 18 Weeks,1950
General Internal Medicine Service,IMD,4,18 To 52 Weeks,1060
General Internal Medicine Service,IMD,4,Over 52 Weeks,35
General Internal Medicine Service,IMD,4,Total,3050
General Internal Medicine Service,IMD,5,Unknown Clock Start,*
General Internal Medicine Service,IMD,5,01 To 18 Weeks,1950
General Internal Medicine Service,IMD,5,18 To 52 Weeks,1030
General Internal Medicine Service,IMD,5,Over 52 Weeks,30
General Internal Medicine Service,IMD,5,Total,3010
General Internal Medicine Service,IMD,6,Unknown Clock Start,*
General Internal Medicine Service,IMD,6,01 To 18 Weeks,1930
General Internal Medicine Service,IMD,6,18 To 52 Weeks,960
General Internal Medicine Service,IMD,6,Over 52 Weeks,25
General Internal Medicine Service,IMD,6,Total,2920
General Internal Medicine Service,IMD,7,Unknown Clock Start,*
General Internal Medicine Service,IMD,7,01 To 18 Weeks,1930
General Internal Medicine Service,IMD,7,18 To 52 Weeks,885
General Internal Medicine Service,IMD,7,Over 52 Weeks,35
General Internal Medicine Service,IMD,7,Total,2850
General Internal Medicine Service,IMD,8,Unknown Clock Start,10
General Internal Medicine Service,IMD,8,01 To 18 Weeks,1840
General Internal Medicine Service,IMD,8,18 To 52 Weeks,885
General Internal Medicine Service,IMD,8,Over 52 Weeks,40
General Internal Medicine Service,IMD,8,Total,2775
General Internal Medicine Service,IMD,9,Unknown Clock Start,*
General Internal Medicine Service,IMD,9,01 To 18 Weeks,1765
General Internal Medicine Service,IMD,9,18 To 52 Weeks,890
General Internal Medicine Service,IMD,9,Over 52 Weeks,40
General Internal Medicine Service,IMD,9,Total,2695
General Internal Medicine Service,Sex,Female,Unknown Clock Start,25
General Internal Medicine Service,Sex,Female,01 To 18 Weeks,9445
General Internal Medicine Service,Sex,Female,18 To 52 Weeks,3945
General Internal Medicine Service,Sex,Female,Over 52 Weeks,165
General Internal Medicine Service,Sex,Female,Total,13580
General Internal Medicine Service,Sex,Male,Unknown Clock Start,15
General Internal Medicine Service,Sex,Male,01 To 18 Weeks,6050
General Internal Medicine Service,Sex,Male,18 To 52 Weeks,2375
General Internal Medicine Service,Sex,Male,Over 52 Weeks,120
General Internal Medicine Service,Sex,Male,Total,8555
General Surgery Service,Age,0-18 Years,Unknown Clock Start,*
General Surgery Service,Age,0-18 Years,01 To 18 Weeks,2225
General Surgery Service,Age,0-18 Years,18 To 52 Weeks,1420
General Surgery Service,Age,0-18 Years,Over 52 Weeks,95
General Surgery Service,Age,0-18 Years,Total,3735
General Surgery Service,Age,19-64 Years,Unknown Clock Start,190
General Surgery Service,Age,19-64 Years,01 To 18 Weeks,112515
General Surgery Service,Age,19-64 Years,18 To 52 Weeks,84160
General Surgery Service,Age,19-64 Years,Over 52 Weeks,5350
General Surgery Service,Age,19-64 Years,Total,202215
General Surgery Service,Age,Over 65 Years,Unknown Clock Start,125
General Surgery Service,Age,Over 65 Years,01 To 18 Weeks,62125
General Surgery Service,Age,Over 65 Years,18 To 52 Weeks,41945
General Surgery Service,Age,Over 65 Years,Over 52 Weeks,2610
General Surgery Service,Age,Over 65 Years,Total,106810
General Surgery Service,Ethnicity,99: Not known,Unknown Clock Start,*
General Surgery Service,Ethnicity,99: Not known,01 To 18 Weeks,4155
General Surgery Service,Ethnicity,99: Not known,18 To 52 Weeks,2980
General Surgery Service,Ethnicity,99: Not known,Over 52 Weeks,160
General Surgery Service,Ethnicity,99: Not known,Total,7300
General Surgery Service,Ethnicity,A: British,Unknown Clock Start,235
General Surgery Service,Ethnicity,A: British,01 To 18 Weeks,128025
General Surgery Service,Ethnicity,A: British,18 To 52 Weeks,89355
General Surgery Service,Ethnicity,A: British,Over 52 Weeks,5665
General Surgery Service,Ethnicity,A: British,Total,223275
General Surgery Service,Ethnicity,B: Irish,Unknown Clock Start,*
General Surgery Service,Ethnicity,B: Irish,01 To 18 Weeks,1065
General Surgery Service,Ethnicity,B: Irish,18 To 52 Weeks,700
General Surgery Service,Ethnicity,B: Irish,Over 52 Weeks,50
General Surgery Service,Ethnicity,B: Irish,Total,1820
General Surgery Service,Ethnicity,C: Any other white background,Unknown Clock Start,20
General Surgery Service,Ethnicity,C: Any other white background,01 To 18 Weeks,11730
General Surgery Service,Ethnicity,C: Any other white background,18 To 52 Weeks,9045
General Surgery Service,Ethnicity,C: Any other white background,Over 52 Weeks,620
General Surgery Service,Ethnicity,C: Any other white background,Total,21420
General Surgery Service,Ethnicity,D: White and Black Caribbean,01 To 18 Weeks,535
General Surgery Service,Ethnicity,D: White and Black Caribbean,18 To 52 Weeks,450
General Surgery Service,Ethnicity,D: White and Black Caribbean,Over 52 Weeks,25
General Surgery Service,Ethnicity,D: White and Black Caribbean,Total,1010
General Surgery Service,Ethnicity,E: White and Black African,Unknown Clock Start,*
General Surgery Service,Ethnicity,E: White and Black African,01 To 18 Weeks,320
General Surgery Service,Ethnicity,E: White and Black African,18 To 52 Weeks,255
General Surgery Service,Ethnicity,E: White and Black African,Over 52 Weeks,10
General Surgery Service,Ethnicity,E: White and Black African,Total,590
General Surgery Service,Ethnicity,F: White and Asian,01 To 18 Weeks,410
General Surgery Service,Ethnicity,F: White and Asian,18 To 52 Weeks,300
General Surgery Service,Ethnicity,F: White and Asian,Over 52 Weeks,15
General Surgery Service,Ethnicity,F: White and Asian,Total,720
General Surgery Service,Ethnicity,G: Any other mixed background,Unknown Clock Start,*
General Surgery Service,Ethnicity,G: Any other mixed background,01 To 18 Weeks,1115
General Surgery Service,Ethnicity,G: Any other mixed background,18 To 52 Weeks,915
General Surgery Service,Ethnicity,G: Any other mixed background,Over 52 Weeks,55
General Surgery Service,Ethnicity,G: Any other mixed background,Total,2080
General Surgery Service,Ethnicity,H: Indian,Unknown Clock Start,*
General Surgery Service,Ethnicity,H: Indian,01 To 18 Weeks,4655
General Surgery Service,Ethnicity,H: Indian,18 To 52 Weeks,3635
General Surgery Service,Ethnicity,H: Indian,Over 52 Weeks,215
General Surgery Service,Ethnicity,H: Indian,Total,8510
General Surgery Service,Ethnicity,J: Pakistani,Unknown Clock Start,*
General Surgery Service,Ethnicity,J: Pakistani,01 To 18 Weeks,3855
General Surgery Service,Ethnicity,J: Pakistani,18 To 52 Weeks,2970
General Surgery Service,Ethnicity,J: Pakistani,Over 52 Weeks,125
General Surgery Service,Ethnicity,J: Pakistani,Total,6955
General Surgery Service,Ethnicity,K: Bangladeshi,01 To 18 Weeks,1600
General Surgery Service,Ethnicity,K: Bangladeshi,18 To 52 Weeks,1355
General Surgery Service,Ethnicity,K: Bangladeshi,Over 52 Weeks,85
General Surgery Service,Ethnicity,K: Bangladeshi,Total,3040
General Surgery Service,Ethnicity,L: Any other Asian background,Unknown Clock Start,*
General Surgery Service,Ethnicity,L: Any other Asian background,01 To 18 Weeks,3635
General Surgery Service,Ethnicity,L: Any other Asian background,18 To 52 Weeks,2860
General Surgery Service,Ethnicity,L: Any other Asian background,Over 52 Weeks,195
General Surgery Service,Ethnicity,L: Any other Asian background,Total,6695
General Surgery Service,Ethnicity,M: Caribbean,01 To 18 Weeks,2005
General Surgery Service,Ethnicity,M: Caribbean,18 To 52 Weeks,1650
General Surgery Service,Ethnicity,M: Caribbean,Over 52 Weeks,115
General Surgery Service,Ethnicity,M: Caribbean,Total,3775
General Surgery Service,Ethnicity,N: African,Unknown Clock Start,*
General Surgery Service,Ethnicity,N: African,01 To 18 Weeks,3210
General Surgery Service,Ethnicity,N: African,18 To 52 Weeks,2735
General Surgery Service,Ethnicity,N: African,Over 52 Weeks,190
General Surgery Service,Ethnicity,N: African,Total,6140
General Surgery Service,Ethnicity,P: Any other Black background,Unknown Clock Start,*
General Surgery Service,Ethnicity,P: Any other Black background,01 To 18 Weeks,1560
General Surgery Service,Ethnicity,P: Any other Black background,18 To 52 Weeks,1305
General Surgery Service,Ethnicity,P: Any other Black background,Over 52 Weeks,85
General Surgery Service,Ethnicity,P: Any other Black background,Total,2955
General Surgery Service,Ethnicity,R: Chinese,Unknown Clock Start,*
General Surgery Service,Ethnicity,R: Chinese,01 To 18 Weeks,640
General Surgery Service,Ethnicity,R: Chinese,18 To 52 Weeks,475
General Surgery Service,Ethnicity,R: Chinese,Over 52 Weeks,40
General Surgery Service,Ethnicity,R: Chinese,Total,1155
General Surgery Service,Ethnicity,S: Any other ethnic group,01 To 18 Weeks,1970
General Surgery Service,Ethnicity,S: Any other ethnic group,18 To 52 Weeks,1540
General Surgery Service,Ethnicity,S: Any other ethnic group,Over 52 Weeks,105
General Surgery Service,Ethnicity,S: Any other ethnic group,Total,3610
General Surgery Service,Ethnicity,Z: Not stated,Unknown Clock Start,35
General Surgery Service,Ethnicity,Z: Not stated,01 To 18 Weeks,8240
General Surgery Service,Ethnicity,Z: Not stated,18 To 52 Weeks,5450
General Surgery Service,Ethnicity,Z: Not stated,Over 52 Weeks,310
General Surgery Service,Ethnicity,Z: Not stated,Total,14035
General Surgery Service,IMD,1,Unknown Clock Start,20
General Surgery Service,IMD,1,01 To 18 Weeks,16730
General Surgery Service,IMD,1,18 To 52 Weeks,12345
General Surgery Service,IMD,1,Over 52 Weeks,655
General Surgery Service,IMD,1,Total,29745
General Surgery Service,IMD,10,Unknown Clock Start,30
General Surgery Service,IMD,10,01 To 18 Weeks,15350
General Surgery Service,IMD,10,18 To 52 Weeks,9880
General Surgery Service,IMD,10,Over 52 Weeks,565
General Surgery Service,IMD,10,Total,25830
General Surgery Service,IMD,2,Unknown Clock Start,25
General Surgery Service,IMD,2,01 To 18 Weeks,18525
General Surgery Service,IMD,2,18 To 52 Weeks,14450
General Surgery Service,IMD,2,Over 52 Weeks,930
General Surgery Service,IMD,2,Total,33930
General Surgery Service,IMD,3,Unknown Clock Start,30
General Surgery Service,IMD,3,01 To 18 Weeks,18660
General Surgery Service,IMD,3,18 To 52 Weeks,14260
General Surgery Service,IMD,3,Over 52 Weeks,965
General Surgery Service,IMD,3,Total,33920
General Surgery Service,IMD,4,Unknown Clock Start,40
General Surgery Service,IMD,4,01 To 18 Weeks,17850
General Surgery Service,IMD,4,18 To 52 Weeks,13065
General Surgery Service,IMD,4,Over 52 Weeks,905
General Surgery Service,IMD,4,Total,31860
General Surgery Service,IMD,5,Unknown Clock Start,40
General Surgery Service,IMD,5,01 To 18 Weeks,18100
General Surgery Service,IMD,5,18 To 52 Weeks,13140
General Surgery Service,IMD,5,Over 52 Weeks,865
General Surgery Service,IMD,5,Total,32145
General Surgery Service,IMD,6,Unknown Clock Start,25
General Surgery Service,IMD,6,01 To 18 Weeks,17750
General Surgery Service,IMD,6,18 To 52 Weeks,12645
General Surgery Service,IMD,6,Over 52 Weeks,760
General Surgery Service,IMD,6,Total,31180
General Surgery Service,IMD,7,Unknown Clock Start,45
General Surgery Service,IMD,7,01 To 18 Weeks,17330
General Surgery Service,IMD,7,18 To 52 Weeks,12130
General Surgery Service,IMD,7,Over 52 Weeks,720
General Surgery Service,IMD,7,Total,30220
General Surgery Service,IMD,8,Unknown Clock Start,30
General Surgery Service,IMD,8,01 To 18 Weeks,17540
General Surgery Service,IMD,8,18 To 52 Weeks,11925
General Surgery Service,IMD,8,Over 52 Weeks,765
General Surgery Service,IMD,8,Total,30260
General Surgery Service,IMD,9,Unknown Clock Start,20
General Surgery Service,IMD,9,01 To 18 Weeks,16255
General Surgery Service,IMD,9,18 To 52 Weeks,10985
General Surgery Service,IMD,9,Over 52 Weeks,770
General Surgery Service,IMD,9,Total,28030
General Surgery Service,Sex,Female,Unknown Clock Start,130
General Surgery Service,Sex,Female,01 To 18 Weeks,84055
General Surgery Service,Sex,Female,18 To 52 Weeks,58055
General Surgery Service,Sex,Female,Over 52 Weeks,3605
General Surgery Service,Sex,Female,Total,145850
General Surgery Service,Sex,Male,Unknown Clock Start,185
General Surgery Service,Sex,Male,01 To 18 Weeks,87425
General Surgery Service,Sex,Male,18 To 52 Weeks,62930
General Surgery Service,Sex,Male,Over 52 Weeks,3835
General Surgery Service,Sex,Male,Total,154375
Gynaecology Service,Age,0-18 Years,Unknown Clock Start,*
Gynaecology Service,Age,0-18 Years,01 To 18 Weeks,7830
Gynaecology Service,Age,0-18 Years,18 To 52 Weeks,6020
Gynaecology Service,Age,0-18 Years,Over 52 Weeks,285
Gynaecology Service,Age,0-18 Years,Total,14140
Gynaecology Service,Age,19-64 Years,Unknown Clock Start,850
Gynaecology Service,Age,19-64 Years,01 To 18 Weeks,264485
Gynaecology Service,Age,19-64 Years,18 To 52 Weeks,194900
Gynaecology Service,Age,19-64 Years,Over 52 Weeks,12640
Gynaecology Service,Age,19-64 Years,Total,472875
Gynaecology Service,Age,Over 65 Years,Unknown Clock Start,95
Gynaecology Service,Age,Over 65 Years,01 To 18 Weeks,34730
Gynaecology Service,Age,Over 65 Years,18 To 52 Weeks,23840
Gynaecology Service,Age,Over 65 Years,Over 52 Weeks,1485
Gynaecology Service,Age,Over 65 Years,Total,60155
Gynaecology Service,Ethnicity,99: Not known,Unknown Clock Start,*
Gynaecology Service,Ethnicity,99: Not known,01 To 18 Weeks,12675
Gynaecology Service,Ethnicity,99: Not known,18 To 52 Weeks,7270
Gynaecology Service,Ethnicity,99: Not known,Over 52 Weeks,335
Gynaecology Service,Ethnicity,99: Not known,Total,20290
Gynaecology Service,Ethnicity,A: British,Unknown Clock Start,795
Gynaecology Service,Ethnicity,A: British,01 To 18 Weeks,204565
Gynaecology Service,Ethnicity,A: British,18 To 52 Weeks,148490
Gynaecology Service,Ethnicity,A: British,Over 52 Weeks,9890
Gynaecology Service,Ethnicity,A: British,Total,363745
Gynaecology Service,Ethnicity,B: Irish,Unknown Clock Start,*
Gynaecology Service,Ethnicity,B: Irish,01 To 18 Weeks,1555
Gynaecology Service,Ethnicity,B: Irish,18 To 52 Weeks,975
Gynaecology Service,Ethnicity,B: Irish,Over 52 Weeks,60
Gynaecology Service,Ethnicity,B: Irish,Total,2595
Gynaecology Service,Ethnicity,C: Any other white background,Unknown Clock Start,50
Gynaecology Service,Ethnicity,C: Any other white background,01 To 18 Weeks,23880
Gynaecology Service,Ethnicity,C: Any other white background,18 To 52 Weeks,16615
Gynaecology Service,Ethnicity,C: Any other white background,Over 52 Weeks,1005
Gynaecology Service,Ethnicity,C: Any other white background,Total,41545
Gynaecology Service,Ethnicity,D: White and Black Caribbean,Unknown Clock Start,*
Gynaecology Service,Ethnicity,D: White and Black Caribbean,01 To 18 Weeks,1775
Gynaecology Service,Ethnicity,D: White and Black Caribbean,18 To 52 Weeks,1440
Gynaecology Service,Ethnicity,D: White and Black Caribbean,Over 52 Weeks,80
Gynaecology Service,Ethnicity,D: White and Black Caribbean,Total,3295
Gynaecology Service,Ethnicity,E: White and Black African,Unknown Clock Start,*
Gynaecology Service,Ethnicity,E: White and Black African,01 To 18 Weeks,930
Gynaecology Service,Ethnicity,E: White and Black African,18 To 52 Weeks,765
Gynaecology Service,Ethnicity,E: White and Black African,Over 52 Weeks,50
Gynaecology Service,Ethnicity,E: White and Black African,Total,1745
Gynaecology Service,Ethnicity,F: White and Asian,01 To 18 Weeks,1080
Gynaecology Service,Ethnicity,F: White and Asian,18 To 52 Weeks,795
Gynaecology Service,Ethnicity,F: White and Asian,Over 52 Weeks,55
Gynaecology Service,Ethnicity,F: White and Asian,Total,1930
Gynaecology Service,Ethnicity,G: Any other mixed background,Unknown Clock Start,*
Gynaecology Service,Ethnicity,G: Any other mixed background,01 To 18 Weeks,2890
Gynaecology Service,Ethnicity,G: Any other mixed background,18 To 52 Weeks,2070
Gynaecology Service,Ethnicity,G: Any other mixed background,Over 52 Weeks,105
Gynaecology Service,Ethnicity,G: Any other mixed background,Total,5065
Gynaecology Service,Ethnicity,H: Indian,Unknown Clock Start,10
Gynaecology Service,Ethnicity,H: Indian,01 To 18 Weeks,9335
Gynaecology Service,Ethnicity,H: Indian,18 To 52 Weeks,6700
Gynaecology Service,Ethnicity,H: Indian,Over 52 Weeks,380
Gynaecology Service,Ethnicity,H: Indian,Total,16425
Gynaecology Service,Ethnicity,J: Pakistani,Unknown Clock Start,*
Gynaecology Service,Ethnicity,J: Pakistani,01 To 18 Weeks,9700
Gynaecology Service,Ethnicity,J: Pakistani,18 To 52 Weeks,7200
Gynaecology Service,Ethnicity,J: Pakistani,Over 52 Weeks,345
Gynaecology Service,Ethnicity,J: Pakistani,Total,17250
Gynaecology Service,Ethnicity,K: Bangladeshi,01 To 18 Weeks,3735
Gynaecology Service,Ethnicity,K: Bangladeshi,18 To 52 Weeks,2610
Gynaecology Service,Ethnicity,K: Bangladeshi,Over 52 Weeks,165
Gynaecology Service,Ethnicity,K: Bangladeshi,Total,6515
Gynaecology Service,Ethnicity,L: Any other Asian background,Unknown Clock Start,10
Gynaecology Service,Ethnicity,L: Any other Asian background,01 To 18 Weeks,7805
Gynaecology Service,Ethnicity,L: Any other Asian background,18 To 52 Weeks,5465
Gynaecology Service,Ethnicity,L: Any other Asian background,Over 52 Weeks,310
Gynaecology Service,Ethnicity,L: Any other Asian background,Total,13595
Gynaecology Service,Ethnicity,M: Caribbean,Unknown Clock Start,*
Gynaecology Service,Ethnicity,M: Caribbean,01 To 18 Weeks,4505
Gynaecology Service,Ethnicity,M: Caribbean,18 To 52 Weeks,3535
Gynaecology Service,Ethnicity,M: Caribbean,Over 52 Weeks,195
Gynaecology Service,Ethnicity,M: Caribbean,Total,8240
Gynaecology Service,Ethnicity,N: African,Unknown Clock Start,10
Gynaecology Service,Ethnicity,N: African,01 To 18 Weeks,9965
Gynaecology Service,Ethnicity,N: African,18 To 52 Weeks,8090
Gynaecology Service,Ethnicity,N: African,Over 52 Weeks,480
Gynaecology Service,Ethnicity,N: African,Total,18545
Gynaecology Service,Ethnicity,P: Any other Black background,Unknown Clock Start,*
Gynaecology Service,Ethnicity,P: Any other Black background,01 To 18 Weeks,4200
Gynaecology Service,Ethnicity,P: Any other Black background,18 To 52 Weeks,3180
Gynaecology Service,Ethnicity,P: Any other Black background,Over 52 Weeks,180
Gynaecology Service,Ethnicity,P: Any other Black background,Total,7565
Gynaecology Service,Ethnicity,R: Chinese,Unknown Clock Start,*
Gynaecology Service,Ethnicity,R: Chinese,01 To 18 Weeks,1555
Gynaecology Service,Ethnicity,R: Chinese,18 To 52 Weeks,1120
Gynaecology Service,Ethnicity,R: Chinese,Over 52 Weeks,60
Gynaecology Service,Ethnicity,R: Chinese,Total,2735
Gynaecology Service,Ethnicity,S: Any other ethnic group,Unknown Clock Start,*
Gynaecology Service,Ethnicity,S: Any other ethnic group,01 To 18 Weeks,4460
Gynaecology Service,Ethnicity,S: Any other ethnic group,18 To 52 Weeks,2915
Gynaecology Service,Ethnicity,S: Any other ethnic group,Over 52 Weeks,180
Gynaecology Service,Ethnicity,S: Any other ethnic group,Total,7565
Gynaecology Service,Ethnicity,Z: Not stated,Unknown Clock Start,60
Gynaecology Service,Ethnicity,Z: Not stated,01 To 18 Weeks,15455
Gynaecology Service,Ethnicity,Z: Not stated,18 To 52 Weeks,10190
Gynaecology Service,Ethnicity,Z: Not stated,Over 52 Weeks,570
Gynaecology Service,Ethnicity,Z: Not stated,Total,26275
Gynaecology Service,IMD,1,Unknown Clock Start,110
Gynaecology Service,IMD,1,01 To 18 Weeks,34230
Gynaecology Service,IMD,1,18 To 52 Weeks,26545
Gynaecology Service,IMD,1,Over 52 Weeks,1795
Gynaecology Service,IMD,1,Total,62685
Gynaecology Service,IMD,10,Unknown Clock Start,40
Gynaecology Service,IMD,10,01 To 18 Weeks,25155
Gynaecology Service,IMD,10,18 To 52 Weeks,17040
Gynaecology Service,IMD,10,Over 52 Weeks,1040
Gynaecology Service,IMD,10,Total,43270
Gynaecology Service,IMD,2,Unknown Clock Start,115
Gynaecology Service,IMD,2,01 To 18 Weeks,34525
Gynaecology Service,IMD,2,18 To 52 Weeks,25925
Gynaecology Service,IMD,2,Over 52 Weeks,1605
Gynaecology Service,IMD,2,Total,62170
Gynaecology Service,IMD,3,Unknown Clock Start,90
Gynaecology Service,IMD,3,01 To 18 Weeks,34115
Gynaecology Service,IMD,3,18 To 52 Weeks,25020
Gynaecology Service,IMD,3,Over 52 Weeks,1535
Gynaecology Service,IMD,3,Total,60760
Gynaecology Service,IMD,4,Unknown Clock Start,120
Gynaecology Service,IMD,4,01 To 18 Weeks,32465
Gynaecology Service,IMD,4,18 To 52 Weeks,23415
Gynaecology Service,IMD,4,Over 52 Weeks,1475
Gynaecology Service,IMD,4,Total,57475
Gynaecology Service,IMD,5,Unknown Clock Start,120
Gynaecology Service,IMD,5,01 To 18 Weeks,31120
Gynaecology Service,IMD,5,18 To 52 Weeks,22170
Gynaecology Service,IMD,5,Over 52 Weeks,1435
Gynaecology Service,IMD,5,Total,54845
Gynaecology Service,IMD,6,Unknown Clock Start,75
Gynaecology Service,IMD,6,01 To 18 Weeks,30495
Gynaecology Service,IMD,6,18 To 52 Weeks,21605
Gynaecology Service,IMD,6,Over 52 Weeks,1375
Gynaecology Service,IMD,6,Total,53550
Gynaecology Service,IMD,7,Unknown Clock Start,130
Gynaecology Service,IMD,7,01 To 18 Weeks,29175
Gynaecology Service,IMD,7,18 To 52 Weeks,20635
Gynaecology Service,IMD,7,Over 52 Weeks,1265
Gynaecology Service,IMD,7,Total,51205
Gynaecology Service,IMD,8,Unknown Clock Start,85
Gynaecology Service,IMD,8,01 To 18 Weeks,28780
Gynaecology Service,IMD,8,18 To 52 Weeks,20245
Gynaecology Service,IMD,8,Over 52 Weeks,1285
Gynaecology Service,IMD,8,Total,50390
Gynaecology Service,IMD,9,Unknown Clock Start,55
Gynaecology Service,IMD,9,01 To 18 Weeks,27290
Gynaecology Service,IMD,9,18 To 52 Weeks,19050
Gynaecology Service,IMD,9,Over 52 Weeks,1185
Gynaecology Service,IMD,9,Total,47575
Gynaecology Service,Sex,Female,Unknown Clock Start,935
Gynaecology Service,Sex,Female,01 To 18 Weeks,286140
Gynaecology Service,Sex,Female,18 To 52 Weeks,206990
Gynaecology Service,Sex,Female,Over 52 Weeks,13185
Gynaecology Service,Sex,Female,Total,507250
Gynaecology Service,Sex,Male,Unknown Clock Start,10
Gynaecology Service,Sex,Male,01 To 18 Weeks,3075
Gynaecology Service,Sex,Male,18 To 52 Weeks,1165
Gynaecology Service,Sex,Male,Over 52 Weeks,60
Gynaecology Service,Sex,Male,Total,4305
Neurology Service,Age,0-18 Years,Unknown Clock Start,*
Neurology Service,Age,0-18 Years,01 To 18 Weeks,4705
Neurology Service,Age,0-18 Years,18 To 52 Weeks,2350
Neurology Service,Age,0-18 Years,Over 52 Weeks,85
Neurology Service,Age,0-18 Years,Total,7140
Neurology Service,Age,19-64 Years,Unknown Clock Start,15
Neurology Service,Age,19-64 Years,01 To 18 Weeks,82280
Neurology Service,Age,19-64 Years,18 To 52 Weeks,61185
Neurology Service,Age,19-64 Years,Over 52 Weeks,2435
Neurology Service,Age,19-64 Years,Total,145915
Neurology Service,Age,Over 65 Years,Unknown Clock Start,10
Neurology Service,Age,Over 65 Years,01 To 18 Weeks,32855
Neurology Service,Age,Over 65 Years,18 To 52 Weeks,26395
Neurology Service,Age,Over 65 Years,Over 52 Weeks,940
Neurology Service,Age,Over 65 Years,Total,60195
Neurology Service,Ethnicity,99: Not known,Unknown Clock Start,*
Neurology Service,Ethnicity,99: Not known,01 To 18 Weeks,3835
Neurology Service,Ethnicity,99: Not known,18 To 52 Weeks,2295
Neurology Service,Ethnicity,99: Not known,Over 52 Weeks,80
Neurology Service,Ethnicity,99: Not known,Total,6210
Neurology Service,Ethnicity,A: British,Unknown Clock Start,30
Neurology Service,Ethnicity,A: British,01 To 18 Weeks,86425
Neurology Service,Ethnicity,A: British,18 To 52 Weeks,64500
Neurology Service,Ethnicity,A: British,Over 52 Weeks,2605
Neurology Service,Ethnicity,A: British,Total,153560
Neurology Service,Ethnicity,B: Irish,Unknown Clock Start,*
Neurology Service,Ethnicity,B: Irish,01 To 18 Weeks,740
Neurology Service,Ethnicity,B: Irish,18 To 52 Weeks,520
Neurology Service,Ethnicity,B: Irish,Over 52 Weeks,15
Neurology Service,Ethnicity,B: Irish,Total,1280
Neurology Service,Ethnicity,C: Any other white background,Unknown Clock Start,*
Neurology Service,Ethnicity,C: Any other white background,01 To 18 Weeks,7745
Neurology Service,Ethnicity,C: Any other white background,18 To 52 Weeks,5640
Neurology Service,Ethnicity,C: Any other white background,Over 52 Weeks,165
Neurology Service,Ethnicity,C: Any other white background,Total,13555
Neurology Service,Ethnicity,D: White and Black Caribbean,01 To 18 Weeks,560
Neurology Service,Ethnicity,D: White and Black Caribbean,18 To 52 Weeks,430
Neurology Service,Ethnicity,D: White and Black Caribbean,Over 52 Weeks,10
Neurology Service,Ethnicity,D: White and Black Caribbean,Total,1000
Neurology Service,Ethnicity,E: White and Black African,01 To 18 Weeks,245
Neurology Service,Ethnicity,E: White and Black African,18 To 52 Weeks,185
Neurology Service,Ethnicity,E: White and Black African,Over 52 Weeks,*
Neurology Service,Ethnicity,E: White and Black African,Total,435
Neurology Service,Ethnicity,F: White and Asian,01 To 18 Weeks,385
Neurology Service,Ethnicity,F: White and Asian,18 To 52 Weeks,240
Neurology Service,Ethnicity,F: White and Asian,Over 52 Weeks,10
Neurology Service,Ethnicity,F: White and Asian,Total,635
Neurology Service,Ethnicity,G: Any other mixed background,01 To 18 Weeks,920
Neurology Service,Ethnicity,G: Any other mixed background,18 To 52 Weeks,630
Neurology Service,Ethnicity,G: Any other mixed background,Over 52 Weeks,20
Neurology Service,Ethnicity,G: Any other mixed background,Total,1570
Neurology Service,Ethnicity,H: Indian,Unknown Clock Start,*
Neurology Service,Ethnicity,H: Indian,01 To 18 Weeks,3020
Neurology Service,Ethnicity,H: Indian,18 To 52 Weeks,2460
Neurology Service,Ethnicity,H: Indian,Over 52 Weeks,65
Neurology Service,Ethnicity,H: Indian,Total,5550
Neurology Service,Ethnicity,J: Pakistani,01 To 18 Weeks,3010
Neurology Service,Ethnicity,J: Pakistani,18 To 52 Weeks,2340
Neurology Service,Ethnicity,J: Pakistani,Over 52 Weeks,110
Neurology Service,Ethnicity,J: Pakistani,Total,5465
Neurology Service,Ethnicity,K: Bangladeshi,01 To 18 Weeks,1035
Neurology Service,Ethnicity,K: Bangladeshi,18 To 52 Weeks,895
Neurology Service,Ethnicity,K: Bangladeshi,Over 52 Weeks,55
Neurology Service,Ethnicity,K: Bangladeshi,Total,1985
Neurology Service,Ethnicity,L: Any other Asian background,Unknown Clock Start,*
Neurology Service,Ethnicity,L: Any other Asian background,01 To 18 Weeks,2790
Neurology Service,Ethnicity,L: Any other Asian background,18 To 52 Weeks,1950
Neurology Service,Ethnicity,L: Any other Asian background,Over 52 Weeks,60
Neurology Service,Ethnicity,L: Any other Asian background,Total,4800
Neurology Service,Ethnicity,M: Caribbean,01 To 18 Weeks,1560
Neurology Service,Ethnicity,M: Caribbean,18 To 52 Weeks,1130
Neurology Service,Ethnicity,M: Caribbean,Over 52 Weeks,25
Neurology Service,Ethnicity,M: Caribbean,Total,2720
Neurology Service,Ethnicity,N: African,01 To 18 Weeks,2375
Neurology Service,Ethnicity,N: African,18 To 52 Weeks,1700
Neurology Service,Ethnicity,N: African,Over 52 Weeks,55
Neurology Service,Ethnicity,N: African,Total,4130
Neurology Service,Ethnicity,P: Any other Black background,01 To 18 Weeks,1240
Neurology Service,Ethnicity,P: Any other Black background,18 To 52 Weeks,840
Neurology Service,Ethnicity,P: Any other Black background,Over 52 Weeks,15
Neurology Service,Ethnicity,P: Any other Black background,Total,2090
Neurology Service,Ethnicity,R: Chinese,01 To 18 Weeks,355
Neurology Service,Ethnicity,R: Chinese,18 To 52 Weeks,300
Neurology Service,Ethnicity,R: Chinese,Over 52 Weeks,10
Neurology Service,Ethnicity,R: Chinese,Total,665
Neurology Service,Ethnicity,S: Any other ethnic group,01 To 18 Weeks,1380
Neurology Service,Ethnicity,S: Any other ethnic group,18 To 52 Weeks,975
Neurology Service,Ethnicity,S: Any other ethnic group,Over 52 Weeks,25
Neurology Service,Ethnicity,S: Any other ethnic group,Total,2380
Neurology Service,Ethnicity,Z: Not stated,Unknown Clock Start,*
Neurology Service,Ethnicity,Z: Not stated,01 To 18 Weeks,5085
Neurology Service,Ethnicity,Z: Not stated,18 To 52 Weeks,3690
Neurology Service,Ethnicity,Z: Not stated,Over 52 Weeks,125
Neurology Service,Ethnicity,Z: Not stated,Total,8900
Neurology Service,IMD,1,01 To 18 Weeks,12740
Neurology Service,IMD,1,18 To 52 Weeks,9570
Neurology Service,IMD,1,Over 52 Weeks,495
Neurology Service,IMD,1,Total,22805
Neurology Service,IMD,10,Unknown Clock Start,15
Neurology Service,IMD,10,01 To 18 Weeks,10065
Neurology Service,IMD,10,18 To 52 Weeks,7695
Neurology Service,IMD,10,Over 52 Weeks,275
Neurology Service,IMD,10,Total,18050
Neurology Service,IMD,2,Unknown Clock Start,*
Neurology Service,IMD,2,01 To 18 Weeks,12875
Neurology Service,IMD,2,18 To 52 Weeks,9515
Neurology Service,IMD,2,Over 52 Weeks,395
Neurology Service,IMD,2,Total,22785
Neurology Service,IMD,3,Unknown Clock Start,*
Neurology Service,IMD,3,01 To 18 Weeks,12675
Neurology Service,IMD,3,18 To 52 Weeks,9535
Neurology Service,IMD,3,Over 52 Weeks,350
Neurology Service,IMD,3,Total,22565
Neurology Service,IMD,4,Unknown Clock Start,*
Neurology Service,IMD,4,01 To 18 Weeks,12630
Neurology Service,IMD,4,18 To 52 Weeks,9605
Neurology Service,IMD,4,Over 52 Weeks,345
Neurology Service,IMD,4,Total,22585
Neurology Service,IMD,5,Unknown Clock Start,*
Neurology Service,IMD,5,01 To 18 Weeks,12155
Neurology Service,IMD,5,18 To 52 Weeks,8870
Neurology Service,IMD,5,Over 52 Weeks,320
Neurology Service,IMD,5,Total,21350
Neurology Service,IMD,6,Unknown Clock Start,*
Neurology Service,IMD,6,01 To 18 Weeks,11940
Neurology Service,IMD,6,18 To 52 Weeks,8730
Neurology Service,IMD,6,Over 52 Weeks,310
Neurology Service,IMD,6,Total,20985
Neurology Service,IMD,7,Unknown Clock Start,10
Neurology Service,IMD,7,01 To 18 Weeks,11195
Neurology Service,IMD,7,18 To 52 Weeks,8460
Neurology Service,IMD,7,Over 52 Weeks,275
Neurology Service,IMD,7,Total,19935
Neurology Service,IMD,8,Unknown Clock Start,*
Neurology Service,IMD,8,01 To 18 Weeks,11225
Neurology Service,IMD,8,18 To 52 Weeks,8260
Neurology Service,IMD,8,Over 52 Weeks,320
Neurology Service,IMD,8,Total,19805
Neurology Service,IMD,9,Unknown Clock Start,*
Neurology Service,IMD,9,01 To 18 Weeks,10825
Neurology Service,IMD,9,18 To 52 Weeks,7830
Neurology Service,IMD,9,Over 52 Weeks,285
Neurology Service,IMD,9,Total,18945
Neurology Service,Sex,Female,Unknown Clock Start,25
Neurology Service,Sex,Female,01 To 18 Weeks,65170
Neurology Service,Sex,Female,18 To 52 Weeks,49285
Neurology Service,Sex,Female,Over 52 Weeks,1980
Neurology Service,Sex,Female,Total,116460
Neurology Service,Sex,Male,Unknown Clock Start,10
Neurology Service,Sex,Male,01 To 18 Weeks,45835
Neurology Service,Sex,Male,18 To 52 Weeks,33765
Neurology Service,Sex,Male,Over 52 Weeks,1355
Neurology Service,Sex,Male,Total,80965
Neurosurgical Service,Age,0-18 Years,01 To 18 Weeks,795
Neurosurgical Service,Age,0-18 Years,18 To 52 Weeks,485
Neurosurgical Service,Age,0-18 Years,Over 52 Weeks,15
Neurosurgical Service,Age,0-18 Years,Total,1295
Neurosurgical Service,Age,19-64 Years,01 To 18 Weeks,19375
Neurosurgical Service,Age,19-64 Years,18 To 52 Weeks,13090
Neurosurgical Service,Age,19-64 Years,Over 52 Weeks,635
Neurosurgical Service,Age,19-64 Years,Total,33105
Neurosurgical Service,Age,Over 65 Years,01 To 18 Weeks,11105
Neurosurgical Service,Age,Over 65 Years,18 To 52 Weeks,7335
Neurosurgical Service,Age,Over 65 Years,Over 52 Weeks,295
Neurosurgical Service,Age,Over 65 Years,Total,18730
Neurosurgical Service,Ethnicity,99: Not known,01 To 18 Weeks,960
Neurosurgical Service,Ethnicity,99: Not known,18 To 52 Weeks,425
Neurosurgical Service,Ethnicity,99: Not known,Over 52 Weeks,20
Neurosurgical Service,Ethnicity,99: Not known,Total,1410
Neurosurgical Service,Ethnicity,A: British,01 To 18 Weeks,22330
Neurosurgical Service,Ethnicity,A: British,18 To 52 Weeks,14290
Neurosurgical Service,Ethnicity,A: British,Over 52 Weeks,640
Neurosurgical Service,Ethnicity,A: British,Total,37260
Neurosurgical Service,Ethnicity,B: Irish,01 To 18 Weeks,195
Neurosurgical Service,Ethnicity,B: Irish,18 To 52 Weeks,155
Neurosurgical Service,Ethnicity,B: Irish,Over 52 Weeks,*
Neurosurgical Service,Ethnicity,B: Irish,Total,355
Neurosurgical Service,Ethnicity,C: Any other white background,01 To 18 Weeks,2225
Neurosurgical Service,Ethnicity,C: Any other white background,18 To 52 Weeks,1590
Neurosurgical Service,Ethnicity,C: Any other white background,Over 52 Weeks,85
Neurosurgical Service,Ethnicity,C: Any other white background,Total,3900
Neurosurgical Service,Ethnicity,D: White and Black Caribbean,01 To 18 Weeks,110
Neurosurgical Service,Ethnicity,D: White and Black Caribbean,18 To 52 Weeks,65
Neurosurgical Service,Ethnicity,D: White and Black Caribbean,Over 52 Weeks,*
Neurosurgical Service,Ethnicity,D: White and Black Caribbean,Total,180
Neurosurgical Service,Ethnicity,E: White and Black African,01 To 18 Weeks,50
Neurosurgical Service,Ethnicity,E: White and Black African,18 To 52 Weeks,45
Neurosurgical Service,Ethnicity,E: White and Black African,Over 52 Weeks,*
Neurosurgical Service,Ethnicity,E: White and Black African,Total,95
Neurosurgical Service,Ethnicity,F: White and Asian,01 To 18 Weeks,90
Neurosurgical Service,Ethnicity,F: White and Asian,18 To 52 Weeks,55
Neurosurgical Service,Ethnicity,F: White and Asian,Over 52 Weeks,*
Neurosurgical Service,Ethnicity,F: White and Asian,Total,150
Neurosurgical Service,Ethnicity,G: Any other mixed background,01 To 18 Weeks,205
Neurosurgical Service,Ethnicity,G: Any other mixed background,18 To 52 Weeks,150
Neurosurgical Service,Ethnicity,G: Any other mixed background,Over 52 Weeks,*
Neurosurgical Service,Ethnicity,G: Any other mixed background,Total,360
Neurosurgical Service,Ethnicity,H: Indian,01 To 18 Weeks,890
Neurosurgical Service,Ethnicity,H: Indian,18 To 52 Weeks,675
Neurosurgical Service,Ethnicity,H: Indian,Over 52 Weeks,20
Neurosurgical Service,Ethnicity,H: Indian,Total,1590
Neurosurgical Service,Ethnicity,J: Pakistani,01 To 18 Weeks,700
Neurosurgical Service,Ethnicity,J: Pakistani,18 To 52 Weeks,545
Neurosurgical Service,Ethnicity,J: Pakistani,Over 52 Weeks,30
Neurosurgical Service,Ethnicity,J: Pakistani,Total,1280
Neurosurgical Service,Ethnicity,K: Bangladeshi,01 To 18 Weeks,355
Neurosurgical Service,Ethnicity,K: Bangladeshi,18 To 52 Weeks,270
Neurosurgical Service,Ethnicity,K: Bangladeshi,Over 52 Weeks,10
Neurosurgical Service,Ethnicity,K: Bangladeshi,Total,635
Neurosurgical Service,Ethnicity,L: Any other Asian background,01 To 18 Weeks,860
Neurosurgical Service,Ethnicity,L: Any other Asian background,18 To 52 Weeks,685
Neurosurgical Service,Ethnicity,L: Any other Asian background,Over 52 Weeks,30
Neurosurgical Service,Ethnicity,L: Any other Asian background,Total,1575
Neurosurgical Service,Ethnicity,M: Caribbean,01 To 18 Weeks,450
Neurosurgical Service,Ethnicity,M: Caribbean,18 To 52 Weeks,365
Neurosurgical Service,Ethnicity,M: Caribbean,Over 52 Weeks,10
Neurosurgical Service,Ethnicity,M: Caribbean,Total,830
Neurosurgical Service,Ethnicity,N: African,01 To 18 Weeks,705
Neurosurgical Service,Ethnicity,N: African,18 To 52 Weeks,515
Neurosurgical Service,Ethnicity,N: African,Over 52 Weeks,20
Neurosurgical Service,Ethnicity,N: African,Total,1240
Neurosurgical Service,Ethnicity,P: Any other Black background,01 To 18 Weeks,330
Neurosurgical Service,Ethnicity,P: Any other Black background,18 To 52 Weeks,230
Neurosurgical Service,Ethnicity,P: Any other Black background,Over 52 Weeks,15
Neurosurgical Service,Ethnicity,P: Any other Black background,Total,575
Neurosurgical Service,Ethnicity,R: Chinese,01 To 18 Weeks,145
Neurosurgical Service,Ethnicity,R: Chinese,18 To 52 Weeks,105
Neurosurgical Service,Ethnicity,R: Chinese,Over 52 Weeks,*
Neurosurgical Service,Ethnicity,R: Chinese,Total,250
Neurosurgical Service,Ethnicity,S: Any other ethnic group,01 To 18 Weeks,355
Neurosurgical Service,Ethnicity,S: Any other ethnic group,18 To 52 Weeks,255
Neurosurgical Service,Ethnicity,S: Any other ethnic group,Over 52 Weeks,15
Neurosurgical Service,Ethnicity,S: Any other ethnic group,Total,625
Neurosurgical Service,Ethnicity,Z: Not stated,01 To 18 Weeks,1225
Neurosurgical Service,Ethnicity,Z: Not stated,18 To 52 Weeks,680
Neurosurgical Service,Ethnicity,Z: Not stated,Over 52 Weeks,30
Neurosurgical Service,Ethnicity,Z: Not stated,Total,1930
Neurosurgical Service,IMD,1,01 To 18 Weeks,3570
Neurosurgical Service,IMD,1,18 To 52 Weeks,2325
Neurosurgical Service,IMD,1,Over 52 Weeks,125
Neurosurgical Service,IMD,1,Total,6020
Neurosurgical Service,IMD,10,01 To 18 Weeks,2500
Neurosurgical Service,IMD,10,18 To 52 Weeks,1600
Neurosurgical Service,IMD,10,Over 52 Weeks,55
Neurosurgical Service,IMD,10,Total,4160
Neurosurgical Service,IMD,2,01 To 18 Weeks,3385
Neurosurgical Service,IMD,2,18 To 52 Weeks,2285
Neurosurgical Service,IMD,2,Over 52 Weeks,105
Neurosurgical Service,IMD,2,Total,5775
Neurosurgical Service,IMD,3,01 To 18 Weeks,3440
Neurosurgical Service,IMD,3,18 To 52 Weeks,2395
Neurosurgical Service,IMD,3,Over 52 Weeks,115
Neurosurgical Service,IMD,3,Total,5950
Neurosurgical Service,IMD,4,01 To 18 Weeks,3210
Neurosurgical Service,IMD,4,18 To 52 Weeks,2115
Neurosurgical Service,IMD,4,Over 52 Weeks,100
Neurosurgical Service,IMD,4,Total,5425
Neurosurgical Service,IMD,5,01 To 18 Weeks,3120
Neurosurgical Service,IMD,5,18 To 52 Weeks,2060
Neurosurgical Service,IMD,5,Over 52 Weeks,80
Neurosurgical Service,IMD,5,Total,5260
Neurosurgical Service,IMD,6,01 To 18 Weeks,3115
Neurosurgical Service,IMD,6,18 To 52 Weeks,2075
Neurosurgical Service,IMD,6,Over 52 Weeks,85
Neurosurgical Service,IMD,6,Total,5280
Neurosurgical Service,IMD,7,01 To 18 Weeks,3090
Neurosurgical Service,IMD,7,18 To 52 Weeks,1995
Neurosurgical Service,IMD,7,Over 52 Weeks,80
Neurosurgical Service,IMD,7,Total,5170
Neurosurgical Service,IMD,8,01 To 18 Weeks,2940
Neurosurgical Service,IMD,8,18 To 52 Weeks,1955
Neurosurgical Service,IMD,8,Over 52 Weeks,85
Neurosurgical Service,IMD,8,Total,4980
Neurosurgical Service,IMD,9,01 To 18 Weeks,2920
Neurosurgical Service,IMD,9,18 To 52 Weeks,1830
Neurosurgical Service,IMD,9,Over 52 Weeks,90
Neurosurgical Service,IMD,9,Total,4835
Neurosurgical Service,Sex,Female,01 To 18 Weeks,15555
Neurosurgical Service,Sex,Female,18 To 52 Weeks,10395
Neurosurgical Service,Sex,Female,Over 52 Weeks,440
Neurosurgical Service,Sex,Female,Total,26390
Neurosurgical Service,Sex,Male,01 To 18 Weeks,12430
Neurosurgical Service,Sex,Male,18 To 52 Weeks,8245
Neurosurgical Service,Sex,Male,Over 52 Weeks,385
Neurosurgical Service,Sex,Male,Total,21060
Ophthalmology Service,Age,0-18 Years,Unknown Clock Start,*
Ophthalmology Service,Age,0-18 Years,01 To 18 Weeks,18985
Ophthalmology Service,Age,0-18 Years,18 To 52 Weeks,9270
Ophthalmology Service,Age,0-18 Years,Over 52 Weeks,245
Ophthalmology Service,Age,0-18 Years,Total,28505
Ophthalmology Service,Age,19-64 Years,Unknown Clock Start,50
Ophthalmology Service,Age,19-64 Years,01 To 18 Weeks,140165
Ophthalmology Service,Age,19-64 Years,18 To 52 Weeks,64705
Ophthalmology Service,Age,19-64 Years,Over 52 Weeks,2170
Ophthalmology Service,Age,19-64 Years,Total,207095
Ophthalmology Service,Age,Over 65 Years,Unknown Clock Start,135
Ophthalmology Service,Age,Over 65 Years,01 To 18 Weeks,249290
Ophthalmology Service,Age,Over 65 Years,18 To 52 Weeks,101830
Ophthalmology Service,Age,Over 65 Years,Over 52 Weeks,3185
Ophthalmology Service,Age,Over 65 Years,Total,354435
Ophthalmology Service,Ethnicity,99: Not known,Unknown Clock Start,*
Ophthalmology Service,Ethnicity,99: Not known,01 To 18 Weeks,15155
Ophthalmology Service,Ethnicity,99: Not known,18 To 52 Weeks,5860
Ophthalmology Service,Ethnicity,99: Not known,Over 52 Weeks,140
Ophthalmology Service,Ethnicity,99: Not known,Total,21155
Ophthalmology Service,Ethnicity,A: British,Unknown Clock Start,165
Ophthalmology Service,Ethnicity,A: British,01 To 18 Weeks,293115
Ophthalmology Service,Ethnicity,A: British,18 To 52 Weeks,126330
Ophthalmology Service,Ethnicity,A: British,Over 52 Weeks,4195
Ophthalmology Service,Ethnicity,A: British,Total,423810
Ophthalmology Service,Ethnicity,B: Irish,Unknown Clock Start,*
Ophthalmology Service,Ethnicity,B: Irish,01 To 18 Weeks,2840
Ophthalmology Service,Ethnicity,B: Irish,18 To 52 Weeks,1110
Ophthalmology Service,Ethnicity,B: Irish,Over 52 Weeks,30
Ophthalmology Service,Ethnicity,B: Irish,Total,3980
Ophthalmology Service,Ethnicity,C: Any other white background,Unknown Clock Start,10
Ophthalmology Service,Ethnicity,C: Any other white background,01 To 18 Weeks,18160
Ophthalmology Service,Ethnicity,C: Any other white background,18 To 52 Weeks,7535
Ophthalmology Service,Ethnicity,C: Any other white background,Over 52 Weeks,200
Ophthalmology Service,Ethnicity,C: Any other white background,Total,25900
Ophthalmology Service,Ethnicity,D: White and Black Caribbean,01 To 18 Weeks,1020
Ophthalmology Service,Ethnicity,D: White and Black Caribbean,18 To 52 Weeks,480
Ophthalmology Service,Ethnicity,D: White and Black Caribbean,Over 52 Weeks,25
Ophthalmology Service,Ethnicity,D: White and Black Caribbean,Total,1520
Ophthalmology Service,Ethnicity,E: White and Black African,01 To 18 Weeks,770
Ophthalmology Service,Ethnicity,E: White and Black African,18 To 52 Weeks,305
Ophthalmology Service,Ethnicity,E: White and Black African,Over 52 Weeks,10
Ophthalmology Service,Ethnicity,E: White and Black African,Total,1090
Ophthalmology Service,Ethnicity,F: White and Asian,01 To 18 Weeks,965
Ophthalmology Service,Ethnicity,F: White and Asian,18 To 52 Weeks,435
Ophthalmology Service,Ethnicity,F: White and Asian,Over 52 Weeks,10
Ophthalmology Service,Ethnicity,F: White and Asian,Total,1415
Ophthalmology Service,Ethnicity,G: Any other mixed background,01 To 18 Weeks,2115
Ophthalmology Service,Ethnicity,G: Any other mixed background,18 To 52 Weeks,1000
Ophthalmology Service,Ethnicity,G: Any other mixed background,Over 52 Weeks,35
Ophthalmology Service,Ethnicity,G: Any other mixed background,Total,3150
Ophthalmology Service,Ethnicity,H: Indian,Unknown Clock Start,*
Ophthalmology Service,Ethnicity,H: Indian,01 To 18 Weeks,12455
Ophthalmology Service,Ethnicity,H: Indian,18 To 52 Weeks,5355
Ophthalmology Service,Ethnicity,H: Indian,Over 52 Weeks,120
Ophthalmology Service,Ethnicity,H: Indian,Total,17935
Ophthalmology Service,Ethnicity,J: Pakistani,Unknown Clock Start,*
Ophthalmology Service,Ethnicity,J: Pakistani,01 To 18 Weeks,9230
Ophthalmology Service,Ethnicity,J: Pakistani,18 To 52 Weeks,4565
Ophthalmology Service,Ethnicity,J: Pakistani,Over 52 Weeks,135
Ophthalmology Service,Ethnicity,J: Pakistani,Total,13935
Ophthalmology Service,Ethnicity,K: Bangladeshi,01 To 18 Weeks,3375
Ophthalmology Service,Ethnicity,K: Bangladeshi,18 To 52 Weeks,1425
Ophthalmology Service,Ethnicity,K: Bangladeshi,Over 52 Weeks,40
Ophthalmology Service,Ethnicity,K: Bangladeshi,Total,4840
Ophthalmology Service,Ethnicity,L: Any other Asian background,Unknown Clock Start,*
Ophthalmology Service,Ethnicity,L: Any other Asian background,01 To 18 Weeks,8365
Ophthalmology Service,Ethnicity,L: Any other Asian background,18 To 52 Weeks,3440
Ophthalmology Service,Ethnicity,L: Any other Asian background,Over 52 Weeks,105
Ophthalmology Service,Ethnicity,L: Any other Asian background,Total,11915
Ophthalmology Service,Ethnicity,M: Caribbean,Unknown Clock Start,*
Ophthalmology Service,Ethnicity,M: Caribbean,01 To 18 Weeks,5660
Ophthalmology Service,Ethnicity,M: Caribbean,18 To 52 Weeks,2155
Ophthalmology Service,Ethnicity,M: Caribbean,Over 52 Weeks,65
Ophthalmology Service,Ethnicity,M: Caribbean,Total,7885
Ophthalmology Service,Ethnicity,N: African,Unknown Clock Start,*
Ophthalmology Service,Ethnicity,N: African,01 To 18 Weeks,8715
Ophthalmology Service,Ethnicity,N: African,18 To 52 Weeks,3670
Ophthalmology Service,Ethnicity,N: African,Over 52 Weeks,115
Ophthalmology Service,Ethnicity,N: African,Total,12505
Ophthalmology Service,Ethnicity,P: Any other Black background,Unknown Clock Start,*
Ophthalmology Service,Ethnicity,P: Any other Black background,01 To 18 Weeks,3725
Ophthalmology Service,Ethnicity,P: Any other Black background,18 To 52 Weeks,1525
Ophthalmology Service,Ethnicity,P: Any other Black background,Over 52 Weeks,40
Ophthalmology Service,Ethnicity,P: Any other Black background,Total,5295
Ophthalmology Service,Ethnicity,R: Chinese,Unknown Clock Start,*
Ophthalmology Service,Ethnicity,R: Chinese,01 To 18 Weeks,1985
Ophthalmology Service,Ethnicity,R: Chinese,18 To 52 Weeks,935
Ophthalmology Service,Ethnicity,R: Chinese,Over 52 Weeks,25
Ophthalmology Service,Ethnicity,R: Chinese,Total,2945
Ophthalmology Service,Ethnicity,S: Any other ethnic group,01 To 18 Weeks,3740
Ophthalmology Service,Ethnicity,S: Any other ethnic group,18 To 52 Weeks,1570
Ophthalmology Service,Ethnicity,S: Any other ethnic group,Over 52 Weeks,40
Ophthalmology Service,Ethnicity,S: Any other ethnic group,Total,5355
Ophthalmology Service,Ethnicity,Z: Not stated,Unknown Clock Start,10
Ophthalmology Service,Ethnicity,Z: Not stated,01 To 18 Weeks,21280
Ophthalmology Service,Ethnicity,Z: Not stated,18 To 52 Weeks,8495
Ophthalmology Service,Ethnicity,Z: Not stated,Over 52 Weeks,265
Ophthalmology Service,Ethnicity,Z: Not stated,Total,30055
Ophthalmology Service,IMD,1,Unknown Clock Start,15
Ophthalmology Service,IMD,1,01 To 18 Weeks,35590
Ophthalmology Service,IMD,1,18 To 52 Weeks,16835
Ophthalmology Service,IMD,1,Over 52 Weeks,590
Ophthalmology Service,IMD,1,Total,53030
Ophthalmology Service,IMD,10,Unknown Clock Start,20
Ophthalmology Service,IMD,10,01 To 18 Weeks,40145
Ophthalmology Service,IMD,10,18 To 52 Weeks,16360
Ophthalmology Service,IMD,10,Over 52 Weeks,490
Ophthalmology Service,IMD,10,Total,57020
Ophthalmology Service,IMD,2,Unknown Clock Start,20
Ophthalmology Service,IMD,2,01 To 18 Weeks,38285
Ophthalmology Service,IMD,2,18 To 52 Weeks,16420
Ophthalmology Service,IMD,2,Over 52 Weeks,535
Ophthalmology Service,IMD,2,Total,55255
Ophthalmology Service,IMD,3,Unknown Clock Start,15
Ophthalmology Service,IMD,3,01 To 18 Weeks,39145
Ophthalmology Service,IMD,3,18 To 52 Weeks,16900
Ophthalmology Service,IMD,3,Over 52 Weeks,505
Ophthalmology Service,IMD,3,Total,56565
Ophthalmology Service,IMD,4,Unknown Clock Start,25
Ophthalmology Service,IMD,4,01 To 18 Weeks,40560
Ophthalmology Service,IMD,4,18 To 52 Weeks,17620
Ophthalmology Service,IMD,4,Over 52 Weeks,595
Ophthalmology Service,IMD,4,Total,58795
Ophthalmology Service,IMD,5,Unknown Clock Start,20
Ophthalmology Service,IMD,5,01 To 18 Weeks,40915
Ophthalmology Service,IMD,5,18 To 52 Weeks,17865
Ophthalmology Service,IMD,5,Over 52 Weeks,540
Ophthalmology Service,IMD,5,Total,59340
Ophthalmology Service,IMD,6,Unknown Clock Start,15
Ophthalmology Service,IMD,6,01 To 18 Weeks,41735
Ophthalmology Service,IMD,6,18 To 52 Weeks,17625
Ophthalmology Service,IMD,6,Over 52 Weeks,525
Ophthalmology Service,IMD,6,Total,59900
Ophthalmology Service,IMD,7,Unknown Clock Start,20
Ophthalmology Service,IMD,7,01 To 18 Weeks,41155
Ophthalmology Service,IMD,7,18 To 52 Weeks,17325
Ophthalmology Service,IMD,7,Over 52 Weeks,550
Ophthalmology Service,IMD,7,Total,59050
Ophthalmology Service,IMD,8,Unknown Clock Start,30
Ophthalmology Service,IMD,8,01 To 18 Weeks,41960
Ophthalmology Service,IMD,8,18 To 52 Weeks,17690
Ophthalmology Service,IMD,8,Over 52 Weeks,595
Ophthalmology Service,IMD,8,Total,60275
Ophthalmology Service,IMD,9,Unknown Clock Start,25
Ophthalmology Service,IMD,9,01 To 18 Weeks,41880
Ophthalmology Service,IMD,9,18 To 52 Weeks,17165
Ophthalmology Service,IMD,9,Over 52 Weeks,550
Ophthalmology Service,IMD,9,Total,59620
Ophthalmology Service,Sex,Female,Unknown Clock Start,100
Ophthalmology Service,Sex,Female,01 To 18 Weeks,212730
Ophthalmology Service,Sex,Female,18 To 52 Weeks,91535
Ophthalmology Service,Sex,Female,Over 52 Weeks,2865
Ophthalmology Service,Sex,Female,Total,307225
Ophthalmology Service,Sex,Male,Unknown Clock Start,90
Ophthalmology Service,Sex,Male,01 To 18 Weeks,173835
Ophthalmology Service,Sex,Male,18 To 52 Weeks,71525
Ophthalmology Service,Sex,Male,Over 52 Weeks,2235
Ophthalmology Service,Sex,Male,Total,247685
Oral Surgery Service,Age,0-18 Years,Unknown Clock Start,*
Oral Surgery Service,Age,0-18 Years,01 To 18 Weeks,18025
Oral Surgery Service,Age,0-18 Years,18 To 52 Weeks,17315
Oral Surgery Service,Age,0-18 Years,Over 52 Weeks,1485
Oral Surgery Service,Age,0-18 Years,Total,36830
Oral Surgery Service,Age,19-64 Years,Unknown Clock Start,15
Oral Surgery Service,Age,19-64 Years,01 To 18 Weeks,103190
Oral Surgery Service,Age,19-64 Years,18 To 52 Weeks,91645
Oral Surgery Service,Age,19-64 Years,Over 52 Weeks,7140
Oral Surgery Service,Age,19-64 Years,Total,201995
Oral Surgery Service,Age,Over 65 Years,Unknown Clock Start,10
Oral Surgery Service,Age,Over 65 Years,01 To 18 Weeks,35840
Oral Surgery Service,Age,Over 65 Years,18 To 52 Weeks,27355
Oral Surgery Service,Age,Over 65 Years,Over 52 Weeks,1550
Oral Surgery Service,Age,Over 65 Years,Total,64755
Oral Surgery Service,Ethnicity,99: Not known,Unknown Clock Start,*
Oral Surgery Service,Ethnicity,99: Not known,01 To 18 Weeks,4795
Oral Surgery Service,Ethnicity,99: Not known,18 To 52 Weeks,3730
Oral Surgery Service,Ethnicity,99: Not known,Over 52 Weeks,275
Oral Surgery Service,Ethnicity,99: Not known,Total,8805
Oral Surgery Service,Ethnicity,A: British,Unknown Clock Start,30
Oral Surgery Service,Ethnicity,A: British,01 To 18 Weeks,108080
Oral Surgery Service,Ethnicity,A: British,18 To 52 Weeks,96025
Oral Surgery Service,Ethnicity,A: British,Over 52 Weeks,7480
Oral Surgery Service,Ethnicity,A: British,Total,211615
Oral Surgery Service,Ethnicity,B: Irish,01 To 18 Weeks,805
Oral Surgery Service,Ethnicity,B: Irish,18 To 52 Weeks,590
Oral Surgery Service,Ethnicity,B: Irish,Over 52 Weeks,30
Oral Surgery Service,Ethnicity,B: Irish,Total,1430
Oral Surgery Service,Ethnicity,C: Any other white background,Unknown Clock Start,*
Oral Surgery Service,Ethnicity,C: Any other white background,01 To 18 Weeks,8590
Oral Surgery Service,Ethnicity,C: Any other white background,18 To 52 Weeks,6825
Oral Surgery Service,Ethnicity,C: Any other white background,Over 52 Weeks,500
Oral Surgery Service,Ethnicity,C: Any other white background,Total,15915
Oral Surgery Service,Ethnicity,D: White and Black Caribbean,01 To 18 Weeks,830
Oral Surgery Service,Ethnicity,D: White and Black Caribbean,18 To 52 Weeks,720
Oral Surgery Service,Ethnicity,D: White and Black Caribbean,Over 52 Weeks,55
Oral Surgery Service,Ethnicity,D: White and Black Caribbean,Total,1605
Oral Surgery Service,Ethnicity,E: White and Black African,01 To 18 Weeks,400
Oral Surgery Service,Ethnicity,E: White and Black African,18 To 52 Weeks,345
Oral Surgery Service,Ethnicity,E: White and Black African,Over 52 Weeks,40
Oral Surgery Service,Ethnicity,E: White and Black African,Total,780
Oral Surgery Service,Ethnicity,F: White and Asian,01 To 18 Weeks,600
Oral Surgery Service,Ethnicity,F: White and Asian,18 To 52 Weeks,500
Oral Surgery Service,Ethnicity,F: White and Asian,Over 52 Weeks,40
Oral Surgery Service,Ethnicity,F: White and Asian,Total,1140
Oral Surgery Service,Ethnicity,G: Any other mixed background,01 To 18 Weeks,1325
Oral Surgery Service,Ethnicity,G: Any other mixed background,18 To 52 Weeks,1125
Oral Surgery Service,Ethnicity,G: Any other mixed background,Over 52 Weeks,90
Oral Surgery Service,Ethnicity,G: Any other mixed background,Total,2540
Oral Surgery Service,Ethnicity,H: Indian,01 To 18 Weeks,4870
Oral Surgery Service,Ethnicity,H: Indian,18 To 52 Weeks,4305
Oral Surgery Service,Ethnicity,H: Indian,Over 52 Weeks,275
Oral Surgery Service,Ethnicity,H: Indian,Total,9450
Oral Surgery Service,Ethnicity,J: Pakistani,01 To 18 Weeks,4165
Oral Surgery Service,Ethnicity,J: Pakistani,18 To 52 Weeks,3605
Oral Surgery Service,Ethnicity,J: Pakistani,Over 52 Weeks,230
Oral Surgery Service,Ethnicity,J: Pakistani,Total,8000
Oral Surgery Service,Ethnicity,K: Bangladeshi,Unknown Clock Start,*
Oral Surgery Service,Ethnicity,K: Bangladeshi,01 To 18 Weeks,1750
Oral Surgery Service,Ethnicity,K: Bangladeshi,18 To 52 Weeks,1345
Oral Surgery Service,Ethnicity,K: Bangladeshi,Over 52 Weeks,100
Oral Surgery Service,Ethnicity,K: Bangladeshi,Total,3200
Oral Surgery Service,Ethnicity,L: Any other Asian background,Unknown Clock Start,*
Oral Surgery Service,Ethnicity,L: Any other Asian background,01 To 18 Weeks,3520
Oral Surgery Service,Ethnicity,L: Any other Asian background,18 To 52 Weeks,2755
Oral Surgery Service,Ethnicity,L: Any other Asian background,Over 52 Weeks,135
Oral Surgery Service,Ethnicity,L: Any other Asian background,Total,6410
Oral Surgery Service,Ethnicity,M: Caribbean,01 To 18 Weeks,2270
Oral Surgery Service,Ethnicity,M: Caribbean,18 To 52 Weeks,1700
Oral Surgery Service,Ethnicity,M: Caribbean,Over 52 Weeks,100
Oral Surgery Service,Ethnicity,M: Caribbean,Total,4070
Oral Surgery Service,Ethnicity,N: African,01 To 18 Weeks,3340
Oral Surgery Service,Ethnicity,N: African,18 To 52 Weeks,2510
Oral Surgery Service,Ethnicity,N: African,Over 52 Weeks,165
Oral Surgery Service,Ethnicity,N: African,Total,6020
Oral Surgery Service,Ethnicity,P: Any other Black background,01 To 18 Weeks,1815
Oral Surgery Service,Ethnicity,P: Any other Black background,18 To 52 Weeks,1425
Oral Surgery Service,Ethnicity,P: Any other Black background,Over 52 Weeks,90
Oral Surgery Service,Ethnicity,P: Any other Black background,Total,3325
Oral Surgery Service,Ethnicity,R: Chinese,01 To 18 Weeks,710
Oral Surgery Service,Ethnicity,R: Chinese,18 To 52 Weeks,610
Oral Surgery Service,Ethnicity,R: Chinese,Over 52 Weeks,35
Oral Surgery Service,Ethnicity,R: Chinese,Total,1350
Oral Surgery Service,Ethnicity,S: Any other ethnic group,01 To 18 Weeks,1780
Oral Surgery Service,Ethnicity,S: Any other ethnic group,18 To 52 Weeks,1370
Oral Surgery Service,Ethnicity,S: Any other ethnic group,Over 52 Weeks,70
Oral Surgery Service,Ethnicity,S: Any other ethnic group,Total,3225
Oral Surgery Service,Ethnicity,Z: Not stated,01 To 18 Weeks,8540
Oral Surgery Service,Ethnicity,Z: Not stated,18 To 52 Weeks,7140
Oral Surgery Service,Ethnicity,Z: Not stated,Over 52 Weeks,465
Oral Surgery Service,Ethnicity,Z: Not stated,Total,16140
Oral Surgery Service,IMD,1,Unknown Clock Start,*
Oral Surgery Service,IMD,1,01 To 18 Weeks,16350
Oral Surgery Service,IMD,1,18 To 52 Weeks,15010
Oral Surgery Service,IMD,1,Over 52 Weeks,1090
Oral Surgery Service,IMD,1,Total,32460
Oral Surgery Service,IMD,10,Unknown Clock Start,*
Oral Surgery Service,IMD,10,01 To 18 Weeks,12900
Oral Surgery Service,IMD,10,18 To 52 Weeks,11485
Oral Surgery Service,IMD,10,Over 52 Weeks,920
Oral Surgery Service,IMD,10,Total,25310
Oral Surgery Service,IMD,2,Unknown Clock Start,*
Oral Surgery Service,IMD,2,01 To 18 Weeks,16640
Oral Surgery Service,IMD,2,18 To 52 Weeks,13985
Oral Surgery Service,IMD,2,Over 52 Weeks,960
Oral Surgery Service,IMD,2,Total,31590
Oral Surgery Service,IMD,3,Unknown Clock Start,*
Oral Surgery Service,IMD,3,01 To 18 Weeks,16435
Oral Surgery Service,IMD,3,18 To 52 Weeks,13785
Oral Surgery Service,IMD,3,Over 52 Weeks,1025
Oral Surgery Service,IMD,3,Total,31245
Oral Surgery Service,IMD,4,Unknown Clock Start,*
Oral Surgery Service,IMD,4,01 To 18 Weeks,15630
Oral Surgery Service,IMD,4,18 To 52 Weeks,13175
Oral Surgery Service,IMD,4,Over 52 Weeks,1005
Oral Surgery Service,IMD,4,Total,29815
Oral Surgery Service,IMD,5,Unknown Clock Start,*
Oral Surgery Service,IMD,5,01 To 18 Weeks,15255
Oral Surgery Service,IMD,5,18 To 52 Weeks,13270
Oral Surgery Service,IMD,5,Over 52 Weeks,990
Oral Surgery Service,IMD,5,Total,29515
Oral Surgery Service,IMD,6,Unknown Clock Start,*
Oral Surgery Service,IMD,6,01 To 18 Weeks,15460
Oral Surgery Service,IMD,6,18 To 52 Weeks,12975
Oral Surgery Service,IMD,6,Over 52 Weeks,935
Oral Surgery Service,IMD,6,Total,29375
Oral Surgery Service,IMD,7,Unknown Clock Start,*
Oral Surgery Service,IMD,7,01 To 18 Weeks,15015
Oral Surgery Service,IMD,7,18 To 52 Weeks,12925
Oral Surgery Service,IMD,7,Over 52 Weeks,970
Oral Surgery Service,IMD,7,Total,28915
Oral Surgery Service,IMD,8,Unknown Clock Start,*
Oral Surgery Service,IMD,8,01 To 18 Weeks,14880
Oral Surgery Service,IMD,8,18 To 52 Weeks,12820
Oral Surgery Service,IMD,8,Over 52 Weeks,1025
Oral Surgery Service,IMD,8,Total,28725
Oral Surgery Service,IMD,9,Unknown Clock Start,*
Oral Surgery Service,IMD,9,01 To 18 Weeks,13815
Oral Surgery Service,IMD,9,18 To 52 Weeks,12415
Oral Surgery Service,IMD,9,Over 52 Weeks,935
Oral Surgery Service,IMD,9,Total,27170
Oral Surgery Service,Sex,Female,Unknown Clock Start,15
Oral Surgery Service,Sex,Female,01 To 18 Weeks,83205
Oral Surgery Service,Sex,Female,18 To 52 Weeks,75600
Oral Surgery Service,Sex,Female,Over 52 Weeks,5705
Oral Surgery Service,Sex,Female,Total,164525
Oral Surgery Service,Sex,Male,Unknown Clock Start,10
Oral Surgery Service,Sex,Male,01 To 18 Weeks,59420
Oral Surgery Service,Sex,Male,18 To 52 Weeks,50790
Oral Surgery Service,Sex,Male,Over 52 Weeks,3680
Oral Surgery Service,Sex,Male,Total,113895
Other - Medical Services,Age,0-18 Years,Unknown Clock Start,40
Other - Medical Services,Age,0-18 Years,01 To 18 Weeks,116725
Other - Medical Services,Age,0-18 Years,18 To 52 Weeks,38175
Other - Medical Services,Age,0-18 Years,Over 52 Weeks,890
Other - Medical Services,Age,0-18 Years,Total,155830
Other - Medical Services,Age,19-64 Years,Unknown Clock Start,425
Other - Medical Services,Age,19-64 Years,01 To 18 Weeks,251545
Other - Medical Services,Age,19-64 Years,18 To 52 Weeks,143635
Other - Medical Services,Age,19-64 Years,Over 52 Weeks,4960
Other - Medical Services,Age,19-64 Years,Total,400570
Other - Medical Services,Age,Over 65 Years,Unknown Clock Start,360
Other - Medical Services,Age,Over 65 Years,01 To 18 Weeks,118395
Other - Medical Services,Age,Over 65 Years,18 To 52 Weeks,60315
Other - Medical Services,Age,Over 65 Years,Over 52 Weeks,2200
Other - Medical Services,Age,Over 65 Years,Total,181275
Other - Medical Services,Ethnicity,99: Not known,Unknown Clock Start,15
Other - Medical Services,Ethnicity,99: Not known,01 To 18 Weeks,18665
Other - Medical Services,Ethnicity,99: Not known,18 To 52 Weeks,6825
Other - Medical Services,Ethnicity,99: Not known,Over 52 Weeks,270
Other - Medical Services,Ethnicity,99: Not known,Total,25775
Other - Medical Services,Ethnicity,A: British,Unknown Clock Start,690
Other - Medical Services,Ethnicity,A: British,01 To 18 Weeks,325285
Other - Medical Services,Ethnicity,A: British,18 To 52 Weeks,162725
Other - Medical Services,Ethnicity,A: British,Over 52 Weeks,5595
Other - Medical Services,Ethnicity,A: British,Total,494295
Other - Medical Services,Ethnicity,B: Irish,Unknown Clock Start,10
Other - Medical Services,Ethnicity,B: Irish,01 To 18 Weeks,2840
Other - Medical Services,Ethnicity,B: Irish,18 To 52 Weeks,1430
Other - Medical Services,Ethnicity,B: Irish,Over 52 Weeks,45
Other - Medical Services,Ethnicity,B: Irish,Total,4320
Other - Medical Services,Ethnicity,C: Any other white background,Unknown Clock Start,50
Other - Medical Services,Ethnicity,C: Any other white background,01 To 18 Weeks,35205
Other - Medical Services,Ethnicity,C: Any other white background,18 To 52 Weeks,16805
Other - Medical Services,Ethnicity,C: Any other white background,Over 52 Weeks,615
Other - Medical Services,Ethnicity,C: Any other white background,Total,52670
Other - Medical Services,Ethnicity,D: White and Black Caribbean,Unknown Clock Start,*
Other - Medical Services,Ethnicity,D: White and Black Caribbean,01 To 18 Weeks,3075
Other - Medical Services,Ethnicity,D: White and Black Caribbean,18 To 52 Weeks,1320
Other - Medical Services,Ethnicity,D: White and Black Caribbean,Over 52 Weeks,35
Other - Medical Services,Ethnicity,D: White and Black Caribbean,Total,4430
Other - Medical Services,Ethnicity,E: White and Black African,Unknown Clock Start,*
Other - Medical Services,Ethnicity,E: White and Black African,01 To 18 Weeks,1700
Other - Medical Services,Ethnicity,E: White and Black African,18 To 52 Weeks,740
Other - Medical Services,Ethnicity,E: White and Black African,Over 52 Weeks,15
Other - Medical Services,Ethnicity,E: White and Black African,Total,2455
Other - Medical Services,Ethnicity,F: White and Asian,Unknown Clock Start,*
Other - Medical Services,Ethnicity,F: White and Asian,01 To 18 Weeks,2320
Other - Medical Services,Ethnicity,F: White and Asian,18 To 52 Weeks,1035
Other - Medical Services,Ethnicity,F: White and Asian,Over 52 Weeks,20
Other - Medical Services,Ethnicity,F: White and Asian,Total,3380
Other - Medical Services,Ethnicity,G: Any other mixed background,Unknown Clock Start,*
Other - Medical Services,Ethnicity,G: Any other mixed background,01 To 18 Weeks,5650
Other - Medical Services,Ethnicity,G: Any other mixed background,18 To 52 Weeks,2410
Other - Medical Services,Ethnicity,G: Any other mixed background,Over 52 Weeks,60
Other - Medical Services,Ethnicity,G: Any other mixed background,Total,8120
Other - Medical Services,Ethnicity,H: Indian,Unknown Clock Start,15
Other - Medical Services,Ethnicity,H: Indian,01 To 18 Weeks,15205
Other - Medical Services,Ethnicity,H: Indian,18 To 52 Weeks,7835
Other - Medical Services,Ethnicity,H: Indian,Over 52 Weeks,205
Other - Medical Services,Ethnicity,H: Indian,Total,23255
Other - Medical Services,Ethnicity,J: Pakistani,Unknown Clock Start,10
Other - Medical Services,Ethnicity,J: Pakistani,01 To 18 Weeks,14565
Other - Medical Services,Ethnicity,J: Pakistani,18 To 52 Weeks,7165
Other - Medical Services,Ethnicity,J: Pakistani,Over 52 Weeks,165
Other - Medical Services,Ethnicity,J: Pakistani,Total,21905
Other - Medical Services,Ethnicity,K: Bangladeshi,Unknown Clock Start,*
Other - Medical Services,Ethnicity,K: Bangladeshi,01 To 18 Weeks,5975
Other - Medical Services,Ethnicity,K: Bangladeshi,18 To 52 Weeks,2865
Other - Medical Services,Ethnicity,K: Bangladeshi,Over 52 Weeks,80
Other - Medical Services,Ethnicity,K: Bangladeshi,Total,8920
Other - Medical Services,Ethnicity,L: Any other Asian background,Unknown Clock Start,20
Other - Medical Services,Ethnicity,L: Any other Asian background,01 To 18 Weeks,13000
Other - Medical Services,Ethnicity,L: Any other Asian background,18 To 52 Weeks,6515
Other - Medical Services,Ethnicity,L: Any other Asian background,Over 52 Weeks,175
Other - Medical Services,Ethnicity,L: Any other Asian background,Total,19705
Other - Medical Services,Ethnicity,M: Caribbean,Unknown Clock Start,*
Other - Medical Services,Ethnicity,M: Caribbean,01 To 18 Weeks,7455
Other - Medical Services,Ethnicity,M: Caribbean,18 To 52 Weeks,3590
Other - Medical Services,Ethnicity,M: Caribbean,Over 52 Weeks,95
Other - Medical Services,Ethnicity,M: Caribbean,Total,11140
Other - Medical Services,Ethnicity,N: African,Unknown Clock Start,10
Other - Medical Services,Ethnicity,N: African,01 To 18 Weeks,13940
Other - Medical Services,Ethnicity,N: African,18 To 52 Weeks,5970
Other - Medical Services,Ethnicity,N: African,Over 52 Weeks,160
Other - Medical Services,Ethnicity,N: African,Total,20075
Other - Medical Services,Ethnicity,P: Any other Black background,Unknown Clock Start,10
Other - Medical Services,Ethnicity,P: Any other Black background,01 To 18 Weeks,5935
Other - Medical Services,Ethnicity,P: Any other Black background,18 To 52 Weeks,2755
Other - Medical Services,Ethnicity,P: Any other Black background,Over 52 Weeks,85
Other - Medical Services,Ethnicity,P: Any other Black background,Total,8785
Other - Medical Services,Ethnicity,R: Chinese,Unknown Clock Start,*
Other - Medical Services,Ethnicity,R: Chinese,01 To 18 Weeks,2255
Other - Medical Services,Ethnicity,R: Chinese,18 To 52 Weeks,1085
Other - Medical Services,Ethnicity,R: Chinese,Over 52 Weeks,20
Other - Medical Services,Ethnicity,R: Chinese,Total,3360
Other - Medical Services,Ethnicity,S: Any other ethnic group,Unknown Clock Start,*
Other - Medical Services,Ethnicity,S: Any other ethnic group,01 To 18 Weeks,7035
Other - Medical Services,Ethnicity,S: Any other ethnic group,18 To 52 Weeks,3155
Other - Medical Services,Ethnicity,S: Any other ethnic group,Over 52 Weeks,115
Other - Medical Services,Ethnicity,S: Any other ethnic group,Total,10315
Other - Medical Services,Ethnicity,Z: Not stated,Unknown Clock Start,35
Other - Medical Services,Ethnicity,Z: Not stated,01 To 18 Weeks,21620
Other - Medical Services,Ethnicity,Z: Not stated,18 To 52 Weeks,9950
Other - Medical Services,Ethnicity,Z: Not stated,Over 52 Weeks,315
Other - Medical Services,Ethnicity,Z: Not stated,Total,31920
Other - Medical Services,IMD,1,Unknown Clock Start,40
Other - Medical Services,IMD,1,01 To 18 Weeks,54880
Other - Medical Services,IMD,1,18 To 52 Weeks,27605
Other - Medical Services,IMD,1,Over 52 Weeks,790
Other - Medical Services,IMD,1,Total,83320
Other - Medical Services,IMD,10,Unknown Clock Start,125
Other - Medical Services,IMD,10,01 To 18 Weeks,39165
Other - Medical Services,IMD,10,18 To 52 Weeks,19230
Other - Medical Services,IMD,10,Over 52 Weeks,745
Other - Medical Services,IMD,10,Total,59265
Other - Medical Services,IMD,2,Unknown Clock Start,60
Other - Medical Services,IMD,2,01 To 18 Weeks,55365
Other - Medical Services,IMD,2,18 To 52 Weeks,27170
Other - Medical Services,IMD,2,Over 52 Weeks,775
Other - Medical Services,IMD,2,Total,83375
Other - Medical Services,IMD,3,Unknown Clock Start,85
Other - Medical Services,IMD,3,01 To 18 Weeks,54235
Other - Medical Services,IMD,3,18 To 52 Weeks,26405
Other - Medical Services,IMD,3,Over 52 Weeks,825
Other - Medical Services,IMD,3,Total,81550
Other - Medical Services,IMD,4,Unknown Clock Start,90
Other - Medical Services,IMD,4,01 To 18 Weeks,51365
Other - Medical Services,IMD,4,18 To 52 Weeks,24850
Other - Medical Services,IMD,4,Over 52 Weeks,790
Other - Medical Services,IMD,4,Total,77095
Other - Medical Services,IMD,5,Unknown Clock Start,90
Other - Medical Services,IMD,5,01 To 18 Weeks,48460
Other - Medical Services,IMD,5,18 To 52 Weeks,23495
Other - Medical Services,IMD,5,Over 52 Weeks,790
Other - Medical Services,IMD,5,Total,72830
Other - Medical Services,IMD,6,Unknown Clock Start,85
Other - Medical Services,IMD,6,01 To 18 Weeks,47515
Other - Medical Services,IMD,6,18 To 52 Weeks,23290
Other - Medical Services,IMD,6,Over 52 Weeks,770
Other - Medical Services,IMD,6,Total,71665
Other - Medical Services,IMD,7,Unknown Clock Start,125
Other - Medical Services,IMD,7,01 To 18 Weeks,44515
Other - Medical Services,IMD,7,18 To 52 Weeks,22010
Other - Medical Services,IMD,7,Over 52 Weeks,785
Other - Medical Services,IMD,7,Total,67430
Other - Medical Services,IMD,8,Unknown Clock Start,85
Other - Medical Services,IMD,8,01 To 18 Weeks,44390
Other - Medical Services,IMD,8,18 To 52 Weeks,22045
Other - Medical Services,IMD,8,Over 52 Weeks,790
Other - Medical Services,IMD,8,Total,67310
Other - Medical Services,IMD,9,Unknown Clock Start,90
Other - Medical Services,IMD,9,01 To 18 Weeks,42805
Other - Medical Services,IMD,9,18 To 52 Weeks,21075
Other - Medical Services,IMD,9,Over 52 Weeks,805
Other - Medical Services,IMD,9,Total,64780
Other - Medical Services,Sex,Female,Unknown Clock Start,460
Other - Medical Services,Sex,Female,01 To 18 Weeks,252580
Other - Medical Services,Sex,Female,18 To 52 Weeks,132975
Other - Medical Services,Sex,Female,Over 52 Weeks,4480
Other - Medical Services,Sex,Female,Total,390495
Other - Medical Services,Sex,Male,Unknown Clock Start,360
Other - Medical Services,Sex,Male,01 To 18 Weeks,200835
Other - Medical Services,Sex,Male,18 To 52 Weeks,91815
Other - Medical Services,Sex,Male,Over 52 Weeks,2965
Other - Medical Services,Sex,Male,Total,295975
Other - Mental Health Services,Age,0-18 Years,01 To 18 Weeks,250
Other - Mental Health Services,Age,0-18 Years,18 To 52 Weeks,110
Other - Mental Health Services,Age,0-18 Years,Over 52 Weeks,*
Other - Mental Health Services,Age,0-18 Years,Total,365
Other - Mental Health Services,Age,19-64 Years,01 To 18 Weeks,780
Other - Mental Health Services,Age,19-64 Years,18 To 52 Weeks,330
Other - Mental Health Services,Age,19-64 Years,Over 52 Weeks,*
Other - Mental Health Services,Age,19-64 Years,Total,1110
Other - Mental Health Services,Age,Over 65 Years,01 To 18 Weeks,345
Other - Mental Health Services,Age,Over 65 Years,18 To 52 Weeks,50
Other - Mental Health Services,Age,Over 65 Years,Total,400
Other - Mental Health Services,Ethnicity,99: Not known,01 To 18 Weeks,55
Other - Mental Health Services,Ethnicity,99: Not known,18 To 52 Weeks,10
Other - Mental Health Services,Ethnicity,99: Not known,Total,65
Other - Mental Health Services,Ethnicity,A: British,01 To 18 Weeks,1135
Other - Mental Health Services,Ethnicity,A: British,18 To 52 Weeks,445
Other - Mental Health Services,Ethnicity,A: British,Over 52 Weeks,*
Other - Mental Health Services,Ethnicity,A: British,Total,1585
Other - Mental Health Services,Ethnicity,B: Irish,01 To 18 Weeks,20
Other - Mental Health Services,Ethnicity,B: Irish,18 To 52 Weeks,*
Other - Mental Health Services,Ethnicity,B: Irish,Total,20
Other - Mental Health Services,Ethnicity,C: Any other white background,01 To 18 Weeks,85
Other - Mental Health Services,Ethnicity,C: Any other white background,18 To 52 Weeks,40
Other - Mental Health Services,Ethnicity,C: Any other white background,Total,125
Other - Mental Health Services,Ethnicity,D: White and Black Caribbean,01 To 18 Weeks,10
Other - Mental Health Services,Ethnicity,D: White and Black Caribbean,18 To 52 Weeks,*
Other - Mental Health Services,Ethnicity,D: White and Black Caribbean,Total,15
Other - Mental Health Services,Ethnicity,E: White and Black African,01 To 18 Weeks,*
Other - Mental Health Services,Ethnicity,E: White and Black African,Total,*
Other - Mental Health Services,Ethnicity,F: White and Asian,01 To 18 Weeks,10
Other - Mental Health Services,Ethnicity,F: White and Asian,18 To 52 Weeks,*
Other - Mental Health Services,Ethnicity,F: White and Asian,Total,15
Other - Mental Health Services,Ethnicity,G: Any other mixed background,01 To 18 Weeks,15
Other - Mental Health Services,Ethnicity,G: Any other mixed background,18 To 52 Weeks,*
Other - Mental Health Services,Ethnicity,G: Any other mixed background,Total,20
Other - Mental Health Services,Ethnicity,H: Indian,01 To 18 Weeks,25
Other - Mental Health Services,Ethnicity,H: Indian,18 To 52 Weeks,10
Other - Mental Health Services,Ethnicity,H: Indian,Total,40
Other - Mental Health Services,Ethnicity,J: Pakistani,01 To 18 Weeks,20
Other - Mental Health Services,Ethnicity,J: Pakistani,18 To 52 Weeks,10
Other - Mental Health Services,Ethnicity,J: Pakistani,Total,30
Other - Mental Health Services,Ethnicity,K: Bangladeshi,01 To 18 Weeks,15
Other - Mental Health Services,Ethnicity,K: Bangladeshi,18 To 52 Weeks,*
Other - Mental Health Services,Ethnicity,K: Bangladeshi,Total,20
Other - Mental Health Services,Ethnicity,L: Any other Asian background,01 To 18 Weeks,40
Other - Mental Health Services,Ethnicity,L: Any other Asian background,18 To 52 Weeks,10
Other - Mental Health Services,Ethnicity,L: Any other Asian background,Total,45
Other - Mental Health Services,Ethnicity,M: Caribbean,01 To 18 Weeks,25
Other - Mental Health Services,Ethnicity,M: Caribbean,18 To 52 Weeks,10
Other - Mental Health Services,Ethnicity,M: Caribbean,Over 52 Weeks,*
Other - Mental Health Services,Ethnicity,M: Caribbean,Total,35
Other - Mental Health Services,Ethnicity,N: African,01 To 18 Weeks,20
Other - Mental Health Services,Ethnicity,N: African,18 To 52 Weeks,10
Other - Mental Health Services,Ethnicity,N: African,Total,35
Other - Mental Health Services,Ethnicity,P: Any other Black background,01 To 18 Weeks,15
Other - Mental Health Services,Ethnicity,P: Any other Black background,18 To 52 Weeks,*
Other - Mental Health Services,Ethnicity,P: Any other Black background,Total,20
Other - Mental Health Services,Ethnicity,R: Chinese,01 To 18 Weeks,*
Other - Mental Health Services,Ethnicity,R: Chinese,18 To 52 Weeks,*
Other - Mental Health Services,Ethnicity,R: Chinese,Total,10
Other - Mental Health Services,Ethnicity,S: Any other ethnic group,01 To 18 Weeks,15
Other - Mental Health Services,Ethnicity,S: Any other ethnic group,18 To 52 Weeks,*
Other - Mental Health Services,Ethnicity,S: Any other ethnic group,Total,20
Other - Mental Health Services,Ethnicity,Z: Not stated,01 To 18 Weeks,30
Other - Mental Health Services,Ethnicity,Z: Not stated,18 To 52 Weeks,15
Other - Mental Health Services,Ethnicity,Z: Not stated,Total,45
Other - Mental Health Services,IMD,1,01 To 18 Weeks,125
Other - Mental Health Services,IMD,1,18 To 52 Weeks,40
Other - Mental Health Services,IMD,1,Total,170
Other - Mental Health Services,IMD,10,01 To 18 Weeks,145
Other - Mental Health Services,IMD,10,18 To 52 Weeks,60
Other - Mental Health Services,IMD,10,Over 52 Weeks,*
Other - Mental Health Services,IMD,10,Total,205
Other - Mental Health Services,IMD,2,01 To 18 Weeks,170
Other - Mental Health Services,IMD,2,18 To 52 Weeks,55
Other - Mental Health Services,IMD,2,Total,220
Other - Mental Health Services,IMD,3,01 To 18 Weeks,180
Other - Mental Health Services,IMD,3,18 To 52 Weeks,65
Other - Mental Health Services,IMD,3,Over 52 Weeks,*
Other - Mental Health Services,IMD,3,Total,250
Other - Mental Health Services,IMD,4,01 To 18 Weeks,170
Other - Mental Health Services,IMD,4,18 To 52 Weeks,55
Other - Mental Health Services,IMD,4,Total,225
Other - Mental Health Services,IMD,5,01 To 18 Weeks,135
Other - Mental Health Services,IMD,5,18 To 52 Weeks,55
Other - Mental Health Services,IMD,5,Total,195
Other - Mental Health Services,IMD,6,01 To 18 Weeks,130
Other - Mental Health Services,IMD,6,18 To 52 Weeks,60
Other - Mental Health Services,IMD,6,Total,190
Other - Mental Health Services,IMD,7,01 To 18 Weeks,145
Other - Mental Health Services,IMD,7,18 To 52 Weeks,65
Other - Mental Health Services,IMD,7,Total,210
Other - Mental Health Services,IMD,8,01 To 18 Weeks,130
Other - Mental Health Services,IMD,8,18 To 52 Weeks,55
Other - Mental Health Services,IMD,8,Total,185
Other - Mental Health Services,IMD,9,01 To 18 Weeks,135
Other - Mental Health Services,IMD,9,18 To 52 Weeks,65
Other - Mental Health Services,IMD,9,Total,205
Other - Mental Health Services,Sex,Female,01 To 18 Weeks,595
Other - Mental Health Services,Sex,Female,18 To 52 Weeks,190
Other - Mental Health Services,Sex,Female,Total,785
Other - Mental Health Services,Sex,Male,01 To 18 Weeks,355
Other - Mental Health Services,Sex,Male,18 To 52 Weeks,140
Other - Mental Health Services,Sex,Male,Over 52 Weeks,*
Other - Mental Health Services,Sex,Male,Total,495
Other - Other Services,Age,0-18 Years,Unknown Clock Start,*
Other - Other Services,Age,0-18 Years,01 To 18 Weeks,5520
Other - Other Services,Age,0-18 Years,18 To 52 Weeks,1500
Other - Other Services,Age,0-18 Years,Over 52 Weeks,65
Other - Other Services,Age,0-18 Years,Total,7085
Other - Other Services,Age,19-64 Years,Unknown Clock Start,80
Other - Other Services,Age,19-64 Years,01 To 18 Weeks,41380
Other - Other Services,Age,19-64 Years,18 To 52 Weeks,14615
Other - Other Services,Age,19-64 Years,Over 52 Weeks,525
Other - Other Services,Age,19-64 Years,Total,56600
Other - Other Services,Age,Over 65 Years,Unknown Clock Start,15
Other - Other Services,Age,Over 65 Years,01 To 18 Weeks,28380
Other - Other Services,Age,Over 65 Years,18 To 52 Weeks,7140
Other - Other Services,Age,Over 65 Years,Over 52 Weeks,190
Other - Other Services,Age,Over 65 Years,Total,35725
Other - Other Services,Ethnicity,99: Not known,01 To 18 Weeks,2150
Other - Other Services,Ethnicity,99: Not known,18 To 52 Weeks,595
Other - Other Services,Ethnicity,99: Not known,Over 52 Weeks,15
Other - Other Services,Ethnicity,99: Not known,Total,2760
Other - Other Services,Ethnicity,A: British,Unknown Clock Start,60
Other - Other Services,Ethnicity,A: British,01 To 18 Weeks,53960
Other - Other Services,Ethnicity,A: British,18 To 52 Weeks,16765
Other - Other Services,Ethnicity,A: British,Over 52 Weeks,585
Other - Other Services,Ethnicity,A: British,Total,71370
Other - Other Services,Ethnicity,B: Irish,Unknown Clock Start,*
Other - Other Services,Ethnicity,B: Irish,01 To 18 Weeks,475
Other - Other Services,Ethnicity,B: Irish,18 To 52 Weeks,115
Other - Other Services,Ethnicity,B: Irish,Over 52 Weeks,*
Other - Other Services,Ethnicity,B: Irish,Total,600
Other - Other Services,Ethnicity,C: Any other white background,Unknown Clock Start,*
Other - Other Services,Ethnicity,C: Any other white background,01 To 18 Weeks,5075
Other - Other Services,Ethnicity,C: Any other white background,18 To 52 Weeks,1420
Other - Other Services,Ethnicity,C: Any other white background,Over 52 Weeks,50
Other - Other Services,Ethnicity,C: Any other white background,Total,6555
Other - Other Services,Ethnicity,D: White and Black Caribbean,01 To 18 Weeks,295
Other - Other Services,Ethnicity,D: White and Black Caribbean,18 To 52 Weeks,105
Other - Other Services,Ethnicity,D: White and Black Caribbean,Over 52 Weeks,*
Other - Other Services,Ethnicity,D: White and Black Caribbean,Total,405
Other - Other Services,Ethnicity,E: White and Black African,Unknown Clock Start,*
Other - Other Services,Ethnicity,E: White and Black African,01 To 18 Weeks,150
Other - Other Services,Ethnicity,E: White and Black African,18 To 52 Weeks,50
Other - Other Services,Ethnicity,E: White and Black African,Total,200
Other - Other Services,Ethnicity,F: White and Asian,Unknown Clock Start,*
Other - Other Services,Ethnicity,F: White and Asian,01 To 18 Weeks,200
Other - Other Services,Ethnicity,F: White and Asian,18 To 52 Weeks,85
Other - Other Services,Ethnicity,F: White and Asian,Over 52 Weeks,*
Other - Other Services,Ethnicity,F: White and Asian,Total,295
Other - Other Services,Ethnicity,G: Any other mixed background,Unknown Clock Start,*
Other - Other Services,Ethnicity,G: Any other mixed background,01 To 18 Weeks,520
Other - Other Services,Ethnicity,G: Any other mixed background,18 To 52 Weeks,155
Other - Other Services,Ethnicity,G: Any other mixed background,Over 52 Weeks,*
Other - Other Services,Ethnicity,G: Any other mixed background,Total,685
Other - Other Services,Ethnicity,H: Indian,Unknown Clock Start,*
Other - Other Services,Ethnicity,H: Indian,01 To 18 Weeks,1495
Other - Other Services,Ethnicity,H: Indian,18 To 52 Weeks,645
Other - Other Services,Ethnicity,H: Indian,Over 52 Weeks,15
Other - Other Services,Ethnicity,H: Indian,Total,2165
Other - Other Services,Ethnicity,J: Pakistani,Unknown Clock Start,*
Other - Other Services,Ethnicity,J: Pakistani,01 To 18 Weeks,1405
Other - Other Services,Ethnicity,J: Pakistani,18 To 52 Weeks,550
Other - Other Services,Ethnicity,J: Pakistani,Over 52 Weeks,10
Other - Other Services,Ethnicity,J: Pakistani,Total,1970
Other - Other Services,Ethnicity,K: Bangladeshi,Unknown Clock Start,*
Other - Other Services,Ethnicity,K: Bangladeshi,01 To 18 Weeks,575
Other - Other Services,Ethnicity,K: Bangladeshi,18 To 52 Weeks,160
Other - Other Services,Ethnicity,K: Bangladeshi,Over 52 Weeks,*
Other - Other Services,Ethnicity,K: Bangladeshi,Total,745
Other - Other Services,Ethnicity,L: Any other Asian background,Unknown Clock Start,10
Other - Other Services,Ethnicity,L: Any other Asian background,01 To 18 Weeks,1500
Other - Other Services,Ethnicity,L: Any other Asian background,18 To 52 Weeks,445
Other - Other Services,Ethnicity,L: Any other Asian background,Over 52 Weeks,10
Other - Other Services,Ethnicity,L: Any other Asian background,Total,1965
Other - Other Services,Ethnicity,M: Caribbean,Unknown Clock Start,*
Other - Other Services,Ethnicity,M: Caribbean,01 To 18 Weeks,860
Other - Other Services,Ethnicity,M: Caribbean,18 To 52 Weeks,245
Other - Other Services,Ethnicity,M: Caribbean,Over 52 Weeks,*
Other - Other Services,Ethnicity,M: Caribbean,Total,1110
Other - Other Services,Ethnicity,N: African,Unknown Clock Start,*
Other - Other Services,Ethnicity,N: African,01 To 18 Weeks,1415
Other - Other Services,Ethnicity,N: African,18 To 52 Weeks,400
Other - Other Services,Ethnicity,N: African,Over 52 Weeks,10
Other - Other Services,Ethnicity,N: African,Total,1830
Other - Other Services,Ethnicity,P: Any other Black background,Unknown Clock Start,*
Other - Other Services,Ethnicity,P: Any other Black background,01 To 18 Weeks,600
Other - Other Services,Ethnicity,P: Any other Black background,18 To 52 Weeks,190
Other - Other Services,Ethnicity,P: Any other Black background,Over 52 Weeks,10
Other - Other Services,Ethnicity,P: Any other Black background,Total,800
Other - Other Services,Ethnicity,R: Chinese,01 To 18 Weeks,305
Other - Other Services,Ethnicity,R: Chinese,18 To 52 Weeks,75
Other - Other Services,Ethnicity,R: Chinese,Over 52 Weeks,*
Other - Other Services,Ethnicity,R: Chinese,Total,385
Other - Other Services,Ethnicity,S: Any other ethnic group,Unknown Clock Start,*
Other - Other Services,Ethnicity,S: Any other ethnic group,01 To 18 Weeks,705
Other - Other Services,Ethnicity,S: Any other ethnic group,18 To 52 Weeks,210
Other - Other Services,Ethnicity,S: Any other ethnic group,Over 52 Weeks,*
Other - Other Services,Ethnicity,S: Any other ethnic group,Total,925
Other - Other Services,Ethnicity,Z: Not stated,Unknown Clock Start,*
Other - Other Services,Ethnicity,Z: Not stated,01 To 18 Weeks,4135
Other - Other Services,Ethnicity,Z: Not stated,18 To 52 Weeks,1120
Other - Other Services,Ethnicity,Z: Not stated,Over 52 Weeks,40
Other - Other Services,Ethnicity,Z: Not stated,Total,5295
Other - Other Services,IMD,1,Unknown Clock Start,*
Other - Other Services,IMD,1,01 To 18 Weeks,8040
Other - Other Services,IMD,1,18 To 52 Weeks,2960
Other - Other Services,IMD,1,Over 52 Weeks,90
Other - Other Services,IMD,1,Total,11100
Other - Other Services,IMD,10,Unknown Clock Start,20
Other - Other Services,IMD,10,01 To 18 Weeks,6585
Other - Other Services,IMD,10,18 To 52 Weeks,2005
Other - Other Services,IMD,10,Over 52 Weeks,75
Other - Other Services,IMD,10,Total,8685
Other - Other Services,IMD,2,Unknown Clock Start,*
Other - Other Services,IMD,2,01 To 18 Weeks,7795
Other - Other Services,IMD,2,18 To 52 Weeks,2635
Other - Other Services,IMD,2,Over 52 Weeks,75
Other - Other Services,IMD,2,Total,10510
Other - Other Services,IMD,3,Unknown Clock Start,*
Other - Other Services,IMD,3,01 To 18 Weeks,7465
Other - Other Services,IMD,3,18 To 52 Weeks,2265
Other - Other Services,IMD,3,Over 52 Weeks,75
Other - Other Services,IMD,3,Total,9815
Other - Other Services,IMD,4,Unknown Clock Start,15
Other - Other Services,IMD,4,01 To 18 Weeks,7835
Other - Other Services,IMD,4,18 To 52 Weeks,2385
Other - Other Services,IMD,4,Over 52 Weeks,85
Other - Other Services,IMD,4,Total,10315
Other - Other Services,IMD,5,Unknown Clock Start,10
Other - Other Services,IMD,5,01 To 18 Weeks,7200
Other - Other Services,IMD,5,18 To 52 Weeks,2230
Other - Other Services,IMD,5,Over 52 Weeks,65
Other - Other Services,IMD,5,Total,9505
Other - Other Services,IMD,6,Unknown Clock Start,*
Other - Other Services,IMD,6,01 To 18 Weeks,7300
Other - Other Services,IMD,6,18 To 52 Weeks,2135
Other - Other Services,IMD,6,Over 52 Weeks,70
Other - Other Services,IMD,6,Total,9510
Other - Other Services,IMD,7,Unknown Clock Start,10
Other - Other Services,IMD,7,01 To 18 Weeks,7600
Other - Other Services,IMD,7,18 To 52 Weeks,2165
Other - Other Services,IMD,7,Over 52 Weeks,65
Other - Other Services,IMD,7,Total,9840
Other - Other Services,IMD,8,Unknown Clock Start,10
Other - Other Services,IMD,8,01 To 18 Weeks,7425
Other - Other Services,IMD,8,18 To 52 Weeks,2085
Other - Other Services,IMD,8,Over 52 Weeks,85
Other - Other Services,IMD,8,Total,9605
Other - Other Services,IMD,9,Unknown Clock Start,10
Other - Other Services,IMD,9,01 To 18 Weeks,6755
Other - Other Services,IMD,9,18 To 52 Weeks,1925
Other - Other Services,IMD,9,Over 52 Weeks,80
Other - Other Services,IMD,9,Total,8770
Other - Other Services,Sex,Female,Unknown Clock Start,75
Other - Other Services,Sex,Female,01 To 18 Weeks,40650
Other - Other Services,Sex,Female,18 To 52 Weeks,12775
Other - Other Services,Sex,Female,Over 52 Weeks,460
Other - Other Services,Sex,Female,Total,53960
Other - Other Services,Sex,Male,Unknown Clock Start,20
Other - Other Services,Sex,Male,01 To 18 Weeks,31645
Other - Other Services,Sex,Male,18 To 52 Weeks,8865
Other - Other Services,Sex,Male,Over 52 Weeks,310
Other - Other Services,Sex,Male,Total,40845
Other - Paediatric Services,Age,0-18 Years,Unknown Clock Start,80
Other - Paediatric Services,Age,0-18 Years,01 To 18 Weeks,166900
Other - Paediatric Services,Age,0-18 Years,18 To 52 Weeks,103445
Other - Paediatric Services,Age,0-18 Years,Over 52 Weeks,5025
Other - Paediatric Services,Age,0-18 Years,Total,275450
Other - Paediatric Services,Age,19-64 Years,Unknown Clock Start,*
Other - Paediatric Services,Age,19-64 Years,01 To 18 Weeks,815
Other - Paediatric Services,Age,19-64 Years,18 To 52 Weeks,430
Other - Paediatric Services,Age,19-64 Years,Over 52 Weeks,20
Other - Paediatric Services,Age,19-64 Years,Total,1265
Other - Paediatric Services,Age,Over 65 Years,Unknown Clock Start,*
Other - Paediatric Services,Age,Over 65 Years,01 To 18 Weeks,145
Other - Paediatric Services,Age,Over 65 Years,18 To 52 Weeks,75
Other - Paediatric Services,Age,Over 65 Years,Over 52 Weeks,*
Other - Paediatric Services,Age,Over 65 Years,Total,225
Other - Paediatric Services,Ethnicity,99: Not known,Unknown Clock Start,*
Other - Paediatric Services,Ethnicity,99: Not known,01 To 18 Weeks,7030
Other - Paediatric Services,Ethnicity,99: Not known,18 To 52 Weeks,3410
Other - Paediatric Services,Ethnicity,99: Not known,Over 52 Weeks,145
Other - Paediatric Services,Ethnicity,99: Not known,Total,10585
Other - Paediatric Services,Ethnicity,A: British,Unknown Clock Start,45
Other - Paediatric Services,Ethnicity,A: British,01 To 18 Weeks,90920
Other - Paediatric Services,Ethnicity,A: British,18 To 52 Weeks,56185
Other - Paediatric Services,Ethnicity,A: British,Over 52 Weeks,2950
Other - Paediatric Services,Ethnicity,A: British,Total,150105
Other - Paediatric Services,Ethnicity,B: Irish,01 To 18 Weeks,475
Other - Paediatric Services,Ethnicity,B: Irish,18 To 52 Weeks,280
Other - Paediatric Services,Ethnicity,B: Irish,Over 52 Weeks,10
Other - Paediatric Services,Ethnicity,B: Irish,Total,765
Other - Paediatric Services,Ethnicity,C: Any other white background,Unknown Clock Start,*
Other - Paediatric Services,Ethnicity,C: Any other white background,01 To 18 Weeks,14870
Other - Paediatric Services,Ethnicity,C: Any other white background,18 To 52 Weeks,9110
Other - Paediatric Services,Ethnicity,C: Any other white background,Over 52 Weeks,440
Other - Paediatric Services,Ethnicity,C: Any other white background,Total,24425
Other - Paediatric Services,Ethnicity,D: White and Black Caribbean,Unknown Clock Start,*
Other - Paediatric Services,Ethnicity,D: White and Black Caribbean,01 To 18 Weeks,2145
Other - Paediatric Services,Ethnicity,D: White and Black Caribbean,18 To 52 Weeks,1380
Other - Paediatric Services,Ethnicity,D: White and Black Caribbean,Over 52 Weeks,75
Other - Paediatric Services,Ethnicity,D: White and Black Caribbean,Total,3605
Other - Paediatric Services,Ethnicity,E: White and Black African,Unknown Clock Start,*
Other - Paediatric Services,Ethnicity,E: White and Black African,01 To 18 Weeks,1370
Other - Paediatric Services,Ethnicity,E: White and Black African,18 To 52 Weeks,795
Other - Paediatric Services,Ethnicity,E: White and Black African,Over 52 Weeks,35
Other - Paediatric Services,Ethnicity,E: White and Black African,Total,2200
Other - Paediatric Services,Ethnicity,F: White and Asian,01 To 18 Weeks,1990
Other - Paediatric Services,Ethnicity,F: White and Asian,18 To 52 Weeks,1255
Other - Paediatric Services,Ethnicity,F: White and Asian,Over 52 Weeks,55
Other - Paediatric Services,Ethnicity,F: White and Asian,Total,3300
Other - Paediatric Services,Ethnicity,G: Any other mixed background,Unknown Clock Start,*
Other - Paediatric Services,Ethnicity,G: Any other mixed background,01 To 18 Weeks,4910
Other - Paediatric Services,Ethnicity,G: Any other mixed background,18 To 52 Weeks,2790
Other - Paediatric Services,Ethnicity,G: Any other mixed background,Over 52 Weeks,115
Other - Paediatric Services,Ethnicity,G: Any other mixed background,Total,7815
Other - Paediatric Services,Ethnicity,H: Indian,Unknown Clock Start,*
Other - Paediatric Services,Ethnicity,H: Indian,01 To 18 Weeks,6045
Other - Paediatric Services,Ethnicity,H: Indian,18 To 52 Weeks,3975
Other - Paediatric Services,Ethnicity,H: Indian,Over 52 Weeks,150
Other - Paediatric Services,Ethnicity,H: Indian,Total,10175
Other - Paediatric Services,Ethnicity,J: Pakistani,Unknown Clock Start,*
Other - Paediatric Services,Ethnicity,J: Pakistani,01 To 18 Weeks,8170
Other - Paediatric Services,Ethnicity,J: Pakistani,18 To 52 Weeks,5580
Other - Paediatric Services,Ethnicity,J: Pakistani,Over 52 Weeks,220
Other - Paediatric Services,Ethnicity,J: Pakistani,Total,13970
Other - Paediatric Services,Ethnicity,K: Bangladeshi,Unknown Clock Start,*
Other - Paediatric Services,Ethnicity,K: Bangladeshi,01 To 18 Weeks,3445
Other - Paediatric Services,Ethnicity,K: Bangladeshi,18 To 52 Weeks,2765
Other - Paediatric Services,Ethnicity,K: Bangladeshi,Over 52 Weeks,165
Other - Paediatric Services,Ethnicity,K: Bangladeshi,Total,6380
Other - Paediatric Services,Ethnicity,L: Any other Asian background,Unknown Clock Start,*
Other - Paediatric Services,Ethnicity,L: Any other Asian background,01 To 18 Weeks,6135
Other - Paediatric Services,Ethnicity,L: Any other Asian background,18 To 52 Weeks,3895
Other - Paediatric Services,Ethnicity,L: Any other Asian background,Over 52 Weeks,170
Other - Paediatric Services,Ethnicity,L: Any other Asian background,Total,10210
Other - Paediatric Services,Ethnicity,M: Caribbean,Unknown Clock Start,*
Other - Paediatric Services,Ethnicity,M: Caribbean,01 To 18 Weeks,1990
Other - Paediatric Services,Ethnicity,M: Caribbean,18 To 52 Weeks,1210
Other - Paediatric Services,Ethnicity,M: Caribbean,Over 52 Weeks,50
Other - Paediatric Services,Ethnicity,M: Caribbean,Total,3255
Other - Paediatric Services,Ethnicity,N: African,Unknown Clock Start,*
Other - Paediatric Services,Ethnicity,N: African,01 To 18 Weeks,7240
Other - Paediatric Services,Ethnicity,N: African,18 To 52 Weeks,4470
Other - Paediatric Services,Ethnicity,N: African,Over 52 Weeks,220
Other - Paediatric Services,Ethnicity,N: African,Total,11930
Other - Paediatric Services,Ethnicity,P: Any other Black background,Unknown Clock Start,*
Other - Paediatric Services,Ethnicity,P: Any other Black background,01 To 18 Weeks,2170
Other - Paediatric Services,Ethnicity,P: Any other Black background,18 To 52 Weeks,1380
Other - Paediatric Services,Ethnicity,P: Any other Black background,Over 52 Weeks,60
Other - Paediatric Services,Ethnicity,P: Any other Black background,Total,3615
Other - Paediatric Services,Ethnicity,R: Chinese,01 To 18 Weeks,850
Other - Paediatric Services,Ethnicity,R: Chinese,18 To 52 Weeks,595
Other - Paediatric Services,Ethnicity,R: Chinese,Over 52 Weeks,30
Other - Paediatric Services,Ethnicity,R: Chinese,Total,1475
Other - Paediatric Services,Ethnicity,S: Any other ethnic group,01 To 18 Weeks,3595
Other - Paediatric Services,Ethnicity,S: Any other ethnic group,18 To 52 Weeks,2135
Other - Paediatric Services,Ethnicity,S: Any other ethnic group,Over 52 Weeks,105
Other - Paediatric Services,Ethnicity,S: Any other ethnic group,Total,5830
Other - Paediatric Services,Ethnicity,Z: Not stated,Unknown Clock Start,*
Other - Paediatric Services,Ethnicity,Z: Not stated,01 To 18 Weeks,7295
Other - Paediatric Services,Ethnicity,Z: Not stated,18 To 52 Weeks,3730
Other - Paediatric Services,Ethnicity,Z: Not stated,Over 52 Weeks,155
Other - Paediatric Services,Ethnicity,Z: Not stated,Total,11180
Other - Paediatric Services,IMD,1,Unknown Clock Start,*
Other - Paediatric Services,IMD,1,01 To 18 Weeks,24520
Other - Paediatric Services,IMD,1,18 To 52 Weeks,15555
Other - Paediatric Services,IMD,1,Over 52 Weeks,725
Other - Paediatric Services,IMD,1,Total,40805
Other - Paediatric Services,IMD,10,Unknown Clock Start,15
Other - Paediatric Services,IMD,10,01 To 18 Weeks,12050
Other - Paediatric Services,IMD,10,18 To 52 Weeks,7515
Other - Paediatric Services,IMD,10,Over 52 Weeks,395
Other - Paediatric Services,IMD,10,Total,19970
Other - Paediatric Services,IMD,2,Unknown Clock Start,10
Other - Paediatric Services,IMD,2,01 To 18 Weeks,20350
Other - Paediatric Services,IMD,2,18 To 52 Weeks,12990
Other - Paediatric Services,IMD,2,Over 52 Weeks,675
Other - Paediatric Services,IMD,2,Total,34020
Other - Paediatric Services,IMD,3,Unknown Clock Start,*
Other - Paediatric Services,IMD,3,01 To 18 Weeks,19160
Other - Paediatric Services,IMD,3,18 To 52 Weeks,12205
Other - Paediatric Services,IMD,3,Over 52 Weeks,595
Other - Paediatric Services,IMD,3,Total,31960
Other - Paediatric Services,IMD,4,Unknown Clock Start,10
Other - Paediatric Services,IMD,4,01 To 18 Weeks,16735
Other - Paediatric Services,IMD,4,18 To 52 Weeks,10370
Other - Paediatric Services,IMD,4,Over 52 Weeks,505
Other - Paediatric Services,IMD,4,Total,27620
Other - Paediatric Services,IMD,5,Unknown Clock Start,*
Other - Paediatric Services,IMD,5,01 To 18 Weeks,14970
Other - Paediatric Services,IMD,5,18 To 52 Weeks,9230
Other - Paediatric Services,IMD,5,Over 52 Weeks,435
Other - Paediatric Services,IMD,5,Total,24640
Other - Paediatric Services,IMD,6,Unknown Clock Start,*
Other - Paediatric Services,IMD,6,01 To 18 Weeks,15035
Other - Paediatric Services,IMD,6,18 To 52 Weeks,8965
Other - Paediatric Services,IMD,6,Over 52 Weeks,440
Other - Paediatric Services,IMD,6,Total,24445
Other - Paediatric Services,IMD,7,Unknown Clock Start,10
Other - Paediatric Services,IMD,7,01 To 18 Weeks,13500
Other - Paediatric Services,IMD,7,18 To 52 Weeks,8210
Other - Paediatric Services,IMD,7,Over 52 Weeks,385
Other - Paediatric Services,IMD,7,Total,22105
Other - Paediatric Services,IMD,8,Unknown Clock Start,*
Other - Paediatric Services,IMD,8,01 To 18 Weeks,13390
Other - Paediatric Services,IMD,8,18 To 52 Weeks,8130
Other - Paediatric Services,IMD,8,Over 52 Weeks,440
Other - Paediatric Services,IMD,8,Total,21965
Other - Paediatric Services,IMD,9,Unknown Clock Start,25
Other - Paediatric Services,IMD,9,01 To 18 Weeks,12725
Other - Paediatric Services,IMD,9,18 To 52 Weeks,7600
Other - Paediatric Services,IMD,9,Over 52 Weeks,380
Other - Paediatric Services,IMD,9,Total,20725
Other - Paediatric Services,Sex,Female,Unknown Clock Start,35
Other - Paediatric Services,Sex,Female,01 To 18 Weeks,67265
Other - Paediatric Services,Sex,Female,18 To 52 Weeks,42375
Other - Paediatric Services,Sex,Female,Over 52 Weeks,2055
Other - Paediatric Services,Sex,Female,Total,111730
Other - Paediatric Services,Sex,Male,Unknown Clock Start,50
Other - Paediatric Services,Sex,Male,01 To 18 Weeks,83100
Other - Paediatric Services,Sex,Male,18 To 52 Weeks,53330
Other - Paediatric Services,Sex,Male,Over 52 Weeks,2745
Other - Paediatric Services,Sex,Male,Total,139225
Other - Surgical Services,Age,0-18 Years,Unknown Clock Start,10
Other - Surgical Services,Age,0-18 Years,01 To 18 Weeks,15800
Other - Surgical Services,Age,0-18 Years,18 To 52 Weeks,10705
Other - Surgical Services,Age,0-18 Years,Over 52 Weeks,495
Other - Surgical Services,Age,0-18 Years,Total,27010
Other - Surgical Services,Age,19-64 Years,Unknown Clock Start,50
Other - Surgical Services,Age,19-64 Years,01 To 18 Weeks,187825
Other - Surgical Services,Age,19-64 Years,18 To 52 Weeks,104995
Other - Surgical Services,Age,19-64 Years,Over 52 Weeks,6255
Other - Surgical Services,Age,19-64 Years,Total,299125
Other - Surgical Services,Age,Over 65 Years,Unknown Clock Start,40
Other - Surgical Services,Age,Over 65 Years,01 To 18 Weeks,114285
Other - Surgical Services,Age,Over 65 Years,18 To 52 Weeks,57500
Other - Surgical Services,Age,Over 65 Years,Over 52 Weeks,2675
Other - Surgical Services,Age,Over 65 Years,Total,174500
Other - Surgical Services,Ethnicity,99: Not known,Unknown Clock Start,*
Other - Surgical Services,Ethnicity,99: Not known,01 To 18 Weeks,10125
Other - Surgical Services,Ethnicity,99: Not known,18 To 52 Weeks,4390
Other - Surgical Services,Ethnicity,99: Not known,Over 52 Weeks,205
Other - Surgical Services,Ethnicity,99: Not known,Total,14730
Other - Surgical Services,Ethnicity,A: British,Unknown Clock Start,105
Other - Surgical Services,Ethnicity,A: British,01 To 18 Weeks,226835
Other - Surgical Services,Ethnicity,A: British,18 To 52 Weeks,121490
Other - Surgical Services,Ethnicity,A: British,Over 52 Weeks,6975
Other - Surgical Services,Ethnicity,A: British,Total,355410
Other - Surgical Services,Ethnicity,B: Irish,01 To 18 Weeks,2130
Other - Surgical Services,Ethnicity,B: Irish,18 To 52 Weeks,1080
Other - Surgical Services,Ethnicity,B: Irish,Over 52 Weeks,45
Other - Surgical Services,Ethnicity,B: Irish,Total,3260
Other - Surgical Services,Ethnicity,C: Any other white background,Unknown Clock Start,*
Other - Surgical Services,Ethnicity,C: Any other white background,01 To 18 Weeks,21995
Other - Surgical Services,Ethnicity,C: Any other white background,18 To 52 Weeks,13595
Other - Surgical Services,Ethnicity,C: Any other white background,Over 52 Weeks,710
Other - Surgical Services,Ethnicity,C: Any other white background,Total,36305
Other - Surgical Services,Ethnicity,D: White and Black Caribbean,01 To 18 Weeks,1125
Other - Surgical Services,Ethnicity,D: White and Black Caribbean,18 To 52 Weeks,555
Other - Surgical Services,Ethnicity,D: White and Black Caribbean,Over 52 Weeks,35
Other - Surgical Services,Ethnicity,D: White and Black Caribbean,Total,1715
Other - Surgical Services,Ethnicity,E: White and Black African,01 To 18 Weeks,595
Other - Surgical Services,Ethnicity,E: White and Black African,18 To 52 Weeks,355
Other - Surgical Services,Ethnicity,E: White and Black African,Over 52 Weeks,15
Other - Surgical Services,Ethnicity,E: White and Black African,Total,965
Other - Surgical Services,Ethnicity,F: White and Asian,01 To 18 Weeks,890
Other - Surgical Services,Ethnicity,F: White and Asian,18 To 52 Weeks,515
Other - Surgical Services,Ethnicity,F: White and Asian,Over 52 Weeks,35
Other - Surgical Services,Ethnicity,F: White and Asian,Total,1440
Other - Surgical Services,Ethnicity,G: Any other mixed background,Unknown Clock Start,*
Other - Surgical Services,Ethnicity,G: Any other mixed background,01 To 18 Weeks,2275
Other - Surgical Services,Ethnicity,G: Any other mixed background,18 To 52 Weeks,1350
Other - Surgical Services,Ethnicity,G: Any other mixed background,Over 52 Weeks,75
Other - Surgical Services,Ethnicity,G: Any other mixed background,Total,3700
Other - Surgical Services,Ethnicity,H: Indian,Unknown Clock Start,*
Other - Surgical Services,Ethnicity,H: Indian,01 To 18 Weeks,7980
Other - Surgical Services,Ethnicity,H: Indian,18 To 52 Weeks,4685
Other - Surgical Services,Ethnicity,H: Indian,Over 52 Weeks,145
Other - Surgical Services,Ethnicity,H: Indian,Total,12815
Other - Surgical Services,Ethnicity,J: Pakistani,Unknown Clock Start,*
Other - Surgical Services,Ethnicity,J: Pakistani,01 To 18 Weeks,6520
Other - Surgical Services,Ethnicity,J: Pakistani,18 To 52 Weeks,3755
Other - Surgical Services,Ethnicity,J: Pakistani,Over 52 Weeks,135
Other - Surgical Services,Ethnicity,J: Pakistani,Total,10415
Other - Surgical Services,Ethnicity,K: Bangladeshi,01 To 18 Weeks,2550
Other - Surgical Services,Ethnicity,K: Bangladeshi,18 To 52 Weeks,1535
Other - Surgical Services,Ethnicity,K: Bangladeshi,Over 52 Weeks,80
Other - Surgical Services,Ethnicity,K: Bangladeshi,Total,4165
Other - Surgical Services,Ethnicity,L: Any other Asian background,Unknown Clock Start,*
Other - Surgical Services,Ethnicity,L: Any other Asian background,01 To 18 Weeks,6990
Other - Surgical Services,Ethnicity,L: Any other Asian background,18 To 52 Weeks,4170
Other - Surgical Services,Ethnicity,L: Any other Asian background,Over 52 Weeks,195
Other - Surgical Services,Ethnicity,L: Any other Asian background,Total,11360
Other - Surgical Services,Ethnicity,M: Caribbean,Unknown Clock Start,*
Other - Surgical Services,Ethnicity,M: Caribbean,01 To 18 Weeks,3845
Other - Surgical Services,Ethnicity,M: Caribbean,18 To 52 Weeks,2010
Other - Surgical Services,Ethnicity,M: Caribbean,Over 52 Weeks,105
Other - Surgical Services,Ethnicity,M: Caribbean,Total,5965
Other - Surgical Services,Ethnicity,N: African,Unknown Clock Start,*
Other - Surgical Services,Ethnicity,N: African,01 To 18 Weeks,5855
Other - Surgical Services,Ethnicity,N: African,18 To 52 Weeks,3260
Other - Surgical Services,Ethnicity,N: African,Over 52 Weeks,180
Other - Surgical Services,Ethnicity,N: African,Total,9295
Other - Surgical Services,Ethnicity,P: Any other Black background,Unknown Clock Start,*
Other - Surgical Services,Ethnicity,P: Any other Black background,01 To 18 Weeks,3015
Other - Surgical Services,Ethnicity,P: Any other Black background,18 To 52 Weeks,1625
Other - Surgical Services,Ethnicity,P: Any other Black background,Over 52 Weeks,85
Other - Surgical Services,Ethnicity,P: Any other Black background,Total,4730
Other - Surgical Services,Ethnicity,R: Chinese,01 To 18 Weeks,1435
Other - Surgical Services,Ethnicity,R: Chinese,18 To 52 Weeks,770
Other - Surgical Services,Ethnicity,R: Chinese,Over 52 Weeks,25
Other - Surgical Services,Ethnicity,R: Chinese,Total,2230
Other - Surgical Services,Ethnicity,S: Any other ethnic group,Unknown Clock Start,*
Other - Surgical Services,Ethnicity,S: Any other ethnic group,01 To 18 Weeks,4005
Other - Surgical Services,Ethnicity,S: Any other ethnic group,18 To 52 Weeks,2285
Other - Surgical Services,Ethnicity,S: Any other ethnic group,Over 52 Weeks,130
Other - Surgical Services,Ethnicity,S: Any other ethnic group,Total,6420
Other - Surgical Services,Ethnicity,Z: Not stated,Unknown Clock Start,*
Other - Surgical Services,Ethnicity,Z: Not stated,01 To 18 Weeks,14255
Other - Surgical Services,Ethnicity,Z: Not stated,18 To 52 Weeks,7650
Other - Surgical Services,Ethnicity,Z: Not stated,Over 52 Weeks,390
Other - Surgical Services,Ethnicity,Z: Not stated,Total,22300
Other - Surgical Services,IMD,1,Unknown Clock Start,10
Other - Surgical Services,IMD,1,01 To 18 Weeks,30600
Other - Surgical Services,IMD,1,18 To 52 Weeks,16995
Other - Surgical Services,IMD,1,Over 52 Weeks,785
Other - Surgical Services,IMD,1,Total,48395
Other - Surgical Services,IMD,10,Unknown Clock Start,25
Other - Surgical Services,IMD,10,01 To 18 Weeks,27075
Other - Surgical Services,IMD,10,18 To 52 Weeks,14430
Other - Surgical Services,IMD,10,Over 52 Weeks,805
Other - Surgical Services,IMD,10,Total,42335
Other - Surgical Services,IMD,2,Unknown Clock Start,10
Other - Surgical Services,IMD,2,01 To 18 Weeks,32695
Other - Surgical Services,IMD,2,18 To 52 Weeks,18030
Other - Surgical Services,IMD,2,Over 52 Weeks,970
Other - Surgical Services,IMD,2,Total,51700
Other - Surgical Services,IMD,3,Unknown Clock Start,15
Other - Surgical Services,IMD,3,01 To 18 Weeks,33005
Other - Surgical Services,IMD,3,18 To 52 Weeks,18510
Other - Surgical Services,IMD,3,Over 52 Weeks,970
Other - Surgical Services,IMD,3,Total,52495
Other - Surgical Services,IMD,4,Unknown Clock Start,15
Other - Surgical Services,IMD,4,01 To 18 Weeks,33305
Other - Surgical Services,IMD,4,18 To 52 Weeks,18090
Other - Surgical Services,IMD,4,Over 52 Weeks,955
Other - Surgical Services,IMD,4,Total,52365
Other - Surgical Services,IMD,5,Unknown Clock Start,10
Other - Surgical Services,IMD,5,01 To 18 Weeks,32295
Other - Surgical Services,IMD,5,18 To 52 Weeks,17580
Other - Surgical Services,IMD,5,Over 52 Weeks,995
Other - Surgical Services,IMD,5,Total,50880
Other - Surgical Services,IMD,6,Unknown Clock Start,10
Other - Surgical Services,IMD,6,01 To 18 Weeks,32205
Other - Surgical Services,IMD,6,18 To 52 Weeks,17865
Other - Surgical Services,IMD,6,Over 52 Weeks,1080
Other - Surgical Services,IMD,6,Total,51165
Other - Surgical Services,IMD,7,Unknown Clock Start,15
Other - Surgical Services,IMD,7,01 To 18 Weeks,31220
Other - Surgical Services,IMD,7,18 To 52 Weeks,17000
Other - Surgical Services,IMD,7,Over 52 Weeks,975
Other - Surgical Services,IMD,7,Total,49210
Other - Surgical Services,IMD,8,Unknown Clock Start,20
Other - Surgical Services,IMD,8,01 To 18 Weeks,30315
Other - Surgical Services,IMD,8,18 To 52 Weeks,16170
Other - Surgical Services,IMD,8,Over 52 Weeks,920
Other - Surgical Services,IMD,8,Total,47425
Other - Surgical Services,IMD,9,Unknown Clock Start,10
Other - Surgical Services,IMD,9,01 To 18 Weeks,29275
Other - Surgical Services,IMD,9,18 To 52 Weeks,15935
Other - Surgical Services,IMD,9,Over 52 Weeks,875
Other - Surgical Services,IMD,9,Total,46100
Other - Surgical Services,Sex,Female,Unknown Clock Start,45
Other - Surgical Services,Sex,Female,01 To 18 Weeks,179645
Other - Surgical Services,Sex,Female,18 To 52 Weeks,87660
Other - Surgical Services,Sex,Female,Over 52 Weeks,4530
Other - Surgical Services,Sex,Female,Total,271880
Other - Surgical Services,Sex,Male,Unknown Clock Start,50
Other - Surgical Services,Sex,Male,01 To 18 Weeks,111230
Other - Surgical Services,Sex,Male,18 To 52 Weeks,68980
Other - Surgical Services,Sex,Male,Over 52 Weeks,3645
Other - Surgical Services,Sex,Male,Total,183905
Plastic Surgery Service,Age,0-18 Years,Unknown Clock Start,*
Plastic Surgery Service,Age,0-18 Years,01 To 18 Weeks,3230
Plastic Surgery Service,Age,0-18 Years,18 To 52 Weeks,2350
Plastic Surgery Service,Age,0-18 Years,Over 52 Weeks,200
Plastic Surgery Service,Age,0-18 Years,Total,5785
Plastic Surgery Service,Age,19-64 Years,Unknown Clock Start,*
Plastic Surgery Service,Age,19-64 Years,01 To 18 Weeks,28800
Plastic Surgery Service,Age,19-64 Years,18 To 52 Weeks,25570
Plastic Surgery Service,Age,19-64 Years,Over 52 Weeks,2190
Plastic Surgery Service,Age,19-64 Years,Total,56565
Plastic Surgery Service,Age,Over 65 Years,Unknown Clock Start,*
Plastic Surgery Service,Age,Over 65 Years,01 To 18 Weeks,22340
Plastic Surgery Service,Age,Over 65 Years,18 To 52 Weeks,16085
Plastic Surgery Service,Age,Over 65 Years,Over 52 Weeks,935
Plastic Surgery Service,Age,Over 65 Years,Total,39360
Plastic Surgery Service,Ethnicity,99: Not known,01 To 18 Weeks,1715
Plastic Surgery Service,Ethnicity,99: Not known,18 To 52 Weeks,1170
Plastic Surgery Service,Ethnicity,99: Not known,Over 52 Weeks,90
Plastic Surgery Service,Ethnicity,99: Not known,Total,2975
Plastic Surgery Service,Ethnicity,A: British,Unknown Clock Start,*
Plastic Surgery Service,Ethnicity,A: British,01 To 18 Weeks,41225
Plastic Surgery Service,Ethnicity,A: British,18 To 52 Weeks,32385
Plastic Surgery Service,Ethnicity,A: British,Over 52 Weeks,2415
Plastic Surgery Service,Ethnicity,A: British,Total,76035
Plastic Surgery Service,Ethnicity,B: Irish,Unknown Clock Start,*
Plastic Surgery Service,Ethnicity,B: Irish,01 To 18 Weeks,365
Plastic Surgery Service,Ethnicity,B: Irish,18 To 52 Weeks,265
Plastic Surgery Service,Ethnicity,B: Irish,Over 52 Weeks,25
Plastic Surgery Service,Ethnicity,B: Irish,Total,655
Plastic Surgery Service,Ethnicity,C: Any other white background,01 To 18 Weeks,2935
Plastic Surgery Service,Ethnicity,C: Any other white background,18 To 52 Weeks,2645
Plastic Surgery Service,Ethnicity,C: Any other white background,Over 52 Weeks,220
Plastic Surgery Service,Ethnicity,C: Any other white background,Total,5805
Plastic Surgery Service,Ethnicity,D: White and Black Caribbean,01 To 18 Weeks,195
Plastic Surgery Service,Ethnicity,D: White and Black Caribbean,18 To 52 Weeks,195
Plastic Surgery Service,Ethnicity,D: White and Black Caribbean,Over 52 Weeks,10
Plastic Surgery Service,Ethnicity,D: White and Black Caribbean,Total,405
Plastic Surgery Service,Ethnicity,E: White and Black African,01 To 18 Weeks,125
Plastic Surgery Service,Ethnicity,E: White and Black African,18 To 52 Weeks,110
Plastic Surgery Service,Ethnicity,E: White and Black African,Over 52 Weeks,*
Plastic Surgery Service,Ethnicity,E: White and Black African,Total,240
Plastic Surgery Service,Ethnicity,F: White and Asian,01 To 18 Weeks,140
Plastic Surgery Service,Ethnicity,F: White and Asian,18 To 52 Weeks,140
Plastic Surgery Service,Ethnicity,F: White and Asian,Over 52 Weeks,10
Plastic Surgery Service,Ethnicity,F: White and Asian,Total,295
Plastic Surgery Service,Ethnicity,G: Any other mixed background,01 To 18 Weeks,355
Plastic Surgery Service,Ethnicity,G: Any other mixed background,18 To 52 Weeks,330
Plastic Surgery Service,Ethnicity,G: Any other mixed background,Over 52 Weeks,25
Plastic Surgery Service,Ethnicity,G: Any other mixed background,Total,705
Plastic Surgery Service,Ethnicity,H: Indian,01 To 18 Weeks,925
Plastic Surgery Service,Ethnicity,H: Indian,18 To 52 Weeks,885
Plastic Surgery Service,Ethnicity,H: Indian,Over 52 Weeks,65
Plastic Surgery Service,Ethnicity,H: Indian,Total,1875
Plastic Surgery Service,Ethnicity,J: Pakistani,01 To 18 Weeks,915
Plastic Surgery Service,Ethnicity,J: Pakistani,18 To 52 Weeks,865
Plastic Surgery Service,Ethnicity,J: Pakistani,Over 52 Weeks,60
Plastic Surgery Service,Ethnicity,J: Pakistani,Total,1840
Plastic Surgery Service,Ethnicity,K: Bangladeshi,01 To 18 Weeks,320
Plastic Surgery Service,Ethnicity,K: Bangladeshi,18 To 52 Weeks,280
Plastic Surgery Service,Ethnicity,K: Bangladeshi,Over 52 Weeks,20
Plastic Surgery Service,Ethnicity,K: Bangladeshi,Total,620
Plastic Surgery Service,Ethnicity,L: Any other Asian background,01 To 18 Weeks,915
Plastic Surgery Service,Ethnicity,L: Any other Asian background,18 To 52 Weeks,845
Plastic Surgery Service,Ethnicity,L: Any other Asian background,Over 52 Weeks,60
Plastic Surgery Service,Ethnicity,L: Any other Asian background,Total,1825
Plastic Surgery Service,Ethnicity,M: Caribbean,Unknown Clock Start,*
Plastic Surgery Service,Ethnicity,M: Caribbean,01 To 18 Weeks,610
Plastic Surgery Service,Ethnicity,M: Caribbean,18 To 52 Weeks,580
Plastic Surgery Service,Ethnicity,M: Caribbean,Over 52 Weeks,40
Plastic Surgery Service,Ethnicity,M: Caribbean,Total,1230
Plastic Surgery Service,Ethnicity,N: African,01 To 18 Weeks,1015
Plastic Surgery Service,Ethnicity,N: African,18 To 52 Weeks,965
Plastic Surgery Service,Ethnicity,N: African,Over 52 Weeks,85
Plastic Surgery Service,Ethnicity,N: African,Total,2065
Plastic Surgery Service,Ethnicity,P: Any other Black background,01 To 18 Weeks,525
Plastic Surgery Service,Ethnicity,P: Any other Black background,18 To 52 Weeks,495
Plastic Surgery Service,Ethnicity,P: Any other Black background,Over 52 Weeks,40
Plastic Surgery Service,Ethnicity,P: Any other Black background,Total,1055
Plastic Surgery Service,Ethnicity,R: Chinese,01 To 18 Weeks,160
Plastic Surgery Service,Ethnicity,R: Chinese,18 To 52 Weeks,165
Plastic Surgery Service,Ethnicity,R: Chinese,Over 52 Weeks,10
Plastic Surgery Service,Ethnicity,R: Chinese,Total,340
Plastic Surgery Service,Ethnicity,S: Any other ethnic group,01 To 18 Weeks,520
Plastic Surgery Service,Ethnicity,S: Any other ethnic group,18 To 52 Weeks,435
Plastic Surgery Service,Ethnicity,S: Any other ethnic group,Over 52 Weeks,25
Plastic Surgery Service,Ethnicity,S: Any other ethnic group,Total,975
Plastic Surgery Service,Ethnicity,Z: Not stated,01 To 18 Weeks,2135
Plastic Surgery Service,Ethnicity,Z: Not stated,18 To 52 Weeks,1480
Plastic Surgery Service,Ethnicity,Z: Not stated,Over 52 Weeks,120
Plastic Surgery Service,Ethnicity,Z: Not stated,Total,3740
Plastic Surgery Service,IMD,1,01 To 18 Weeks,4495
Plastic Surgery Service,IMD,1,18 To 52 Weeks,4250
Plastic Surgery Service,IMD,1,Over 52 Weeks,385
Plastic Surgery Service,IMD,1,Total,9130
Plastic Surgery Service,IMD,10,Unknown Clock Start,*
Plastic Surgery Service,IMD,10,01 To 18 Weeks,6190
Plastic Surgery Service,IMD,10,18 To 52 Weeks,4395
Plastic Surgery Service,IMD,10,Over 52 Weeks,335
Plastic Surgery Service,IMD,10,Total,10920
Plastic Surgery Service,IMD,2,Unknown Clock Start,*
Plastic Surgery Service,IMD,2,01 To 18 Weeks,4790
Plastic Surgery Service,IMD,2,18 To 52 Weeks,4080
Plastic Surgery Service,IMD,2,Over 52 Weeks,305
Plastic Surgery Service,IMD,2,Total,9175
Plastic Surgery Service,IMD,3,Unknown Clock Start,*
Plastic Surgery Service,IMD,3,01 To 18 Weeks,4775
Plastic Surgery Service,IMD,3,18 To 52 Weeks,4305
Plastic Surgery Service,IMD,3,Over 52 Weeks,300
Plastic Surgery Service,IMD,3,Total,9380
Plastic Surgery Service,IMD,4,01 To 18 Weeks,5105
Plastic Surgery Service,IMD,4,18 To 52 Weeks,4355
Plastic Surgery Service,IMD,4,Over 52 Weeks,330
Plastic Surgery Service,IMD,4,Total,9785
Plastic Surgery Service,IMD,5,01 To 18 Weeks,5190
Plastic Surgery Service,IMD,5,18 To 52 Weeks,4125
Plastic Surgery Service,IMD,5,Over 52 Weeks,305
Plastic Surgery Service,IMD,5,Total,9620
Plastic Surgery Service,IMD,6,01 To 18 Weeks,5530
Plastic Surgery Service,IMD,6,18 To 52 Weeks,4355
Plastic Surgery Service,IMD,6,Over 52 Weeks,335
Plastic Surgery Service,IMD,6,Total,10220
Plastic Surgery Service,IMD,7,01 To 18 Weeks,5575
Plastic Surgery Service,IMD,7,18 To 52 Weeks,4255
Plastic Surgery Service,IMD,7,Over 52 Weeks,325
Plastic Surgery Service,IMD,7,Total,10155
Plastic Surgery Service,IMD,8,Unknown Clock Start,*
Plastic Surgery Service,IMD,8,01 To 18 Weeks,5720
Plastic Surgery Service,IMD,8,18 To 52 Weeks,4515
Plastic Surgery Service,IMD,8,Over 52 Weeks,315
Plastic Surgery Service,IMD,8,Total,10550
Plastic Surgery Service,IMD,9,Unknown Clock Start,*
Plastic Surgery Service,IMD,9,01 To 18 Weeks,5890
Plastic Surgery Service,IMD,9,18 To 52 Weeks,4385
Plastic Surgery Service,IMD,9,Over 52 Weeks,305
Plastic Surgery Service,IMD,9,Total,10585
Plastic Surgery Service,Sex,Female,Unknown Clock Start,*
Plastic Surgery Service,Sex,Female,01 To 18 Weeks,27685
Plastic Surgery Service,Sex,Female,18 To 52 Weeks,23645
Plastic Surgery Service,Sex,Female,Over 52 Weeks,1925
Plastic Surgery Service,Sex,Female,Total,53255
Plastic Surgery Service,Sex,Male,Unknown Clock Start,*
Plastic Surgery Service,Sex,Male,01 To 18 Weeks,24510
Plastic Surgery Service,Sex,Male,18 To 52 Weeks,18970
Plastic Surgery Service,Sex,Male,Over 52 Weeks,1345
Plastic Surgery Service,Sex,Male,Total,44830
Respiratory Medicine Service,Age,0-18 Years,Unknown Clock Start,*
Respiratory Medicine Service,Age,0-18 Years,01 To 18 Weeks,1550
Respiratory Medicine Service,Age,0-18 Years,18 To 52 Weeks,530
Respiratory Medicine Service,Age,0-18 Years,Over 52 Weeks,15
Respiratory Medicine Service,Age,0-18 Years,Total,2100
Respiratory Medicine Service,Age,19-64 Years,Unknown Clock Start,55
Respiratory Medicine Service,Age,19-64 Years,01 To 18 Weeks,70670
Respiratory Medicine Service,Age,19-64 Years,18 To 52 Weeks,32715
Respiratory Medicine Service,Age,19-64 Years,Over 52 Weeks,765
Respiratory Medicine Service,Age,19-64 Years,Total,104205
Respiratory Medicine Service,Age,Over 65 Years,Unknown Clock Start,60
Respiratory Medicine Service,Age,Over 65 Years,01 To 18 Weeks,54720
Respiratory Medicine Service,Age,Over 65 Years,18 To 52 Weeks,21745
Respiratory Medicine Service,Age,Over 65 Years,Over 52 Weeks,540
Respiratory Medicine Service,Age,Over 65 Years,Total,77065
Respiratory Medicine Service,Ethnicity,99: Not known,Unknown Clock Start,*
Respiratory Medicine Service,Ethnicity,99: Not known,01 To 18 Weeks,4805
Respiratory Medicine Service,Ethnicity,99: Not known,18 To 52 Weeks,1595
Respiratory Medicine Service,Ethnicity,99: Not known,Over 52 Weeks,35
Respiratory Medicine Service,Ethnicity,99: Not known,Total,6440
Respiratory Medicine Service,Ethnicity,A: British,Unknown Clock Start,120
Respiratory Medicine Service,Ethnicity,A: British,01 To 18 Weeks,90530
Respiratory Medicine Service,Ethnicity,A: British,18 To 52 Weeks,38890
Respiratory Medicine Service,Ethnicity,A: British,Over 52 Weeks,965
Respiratory Medicine Service,Ethnicity,A: British,Total,130500
Respiratory Medicine Service,Ethnicity,B: Irish,Unknown Clock Start,*
Respiratory Medicine Service,Ethnicity,B: Irish,01 To 18 Weeks,975
Respiratory Medicine Service,Ethnicity,B: Irish,18 To 52 Weeks,345
Respiratory Medicine Service,Ethnicity,B: Irish,Over 52 Weeks,10
Respiratory Medicine Service,Ethnicity,B: Irish,Total,1335
Respiratory Medicine Service,Ethnicity,C: Any other white background,Unknown Clock Start,*
Respiratory Medicine Service,Ethnicity,C: Any other white background,01 To 18 Weeks,6905
Respiratory Medicine Service,Ethnicity,C: Any other white background,18 To 52 Weeks,3230
Respiratory Medicine Service,Ethnicity,C: Any other white background,Over 52 Weeks,80
Respiratory Medicine Service,Ethnicity,C: Any other white background,Total,10220
Respiratory Medicine Service,Ethnicity,D: White and Black Caribbean,01 To 18 Weeks,415
Respiratory Medicine Service,Ethnicity,D: White and Black Caribbean,18 To 52 Weeks,135
Respiratory Medicine Service,Ethnicity,D: White and Black Caribbean,Over 52 Weeks,*
Respiratory Medicine Service,Ethnicity,D: White and Black Caribbean,Total,555
Respiratory Medicine Service,Ethnicity,E: White and Black African,01 To 18 Weeks,230
Respiratory Medicine Service,Ethnicity,E: White and Black African,18 To 52 Weeks,80
Respiratory Medicine Service,Ethnicity,E: White and Black African,Over 52 Weeks,*
Respiratory Medicine Service,Ethnicity,E: White and Black African,Total,315
Respiratory Medicine Service,Ethnicity,F: White and Asian,01 To 18 Weeks,295
Respiratory Medicine Service,Ethnicity,F: White and Asian,18 To 52 Weeks,150
Respiratory Medicine Service,Ethnicity,F: White and Asian,Over 52 Weeks,*
Respiratory Medicine Service,Ethnicity,F: White and Asian,Total,455
Respiratory Medicine Service,Ethnicity,G: Any other mixed background,Unknown Clock Start,*
Respiratory Medicine Service,Ethnicity,G: Any other mixed background,01 To 18 Weeks,780
Respiratory Medicine Service,Ethnicity,G: Any other mixed background,18 To 52 Weeks,365
Respiratory Medicine Service,Ethnicity,G: Any other mixed background,Over 52 Weeks,15
Respiratory Medicine Service,Ethnicity,G: Any other mixed background,Total,1160
Respiratory Medicine Service,Ethnicity,H: Indian,Unknown Clock Start,*
Respiratory Medicine Service,Ethnicity,H: Indian,01 To 18 Weeks,3825
Respiratory Medicine Service,Ethnicity,H: Indian,18 To 52 Weeks,1615
Respiratory Medicine Service,Ethnicity,H: Indian,Over 52 Weeks,20
Respiratory Medicine Service,Ethnicity,H: Indian,Total,5465
Respiratory Medicine Service,Ethnicity,J: Pakistani,Unknown Clock Start,*
Respiratory Medicine Service,Ethnicity,J: Pakistani,01 To 18 Weeks,2765
Respiratory Medicine Service,Ethnicity,J: Pakistani,18 To 52 Weeks,1225
Respiratory Medicine Service,Ethnicity,J: Pakistani,Over 52 Weeks,15
Respiratory Medicine Service,Ethnicity,J: Pakistani,Total,4010
Respiratory Medicine Service,Ethnicity,K: Bangladeshi,01 To 18 Weeks,1305
Respiratory Medicine Service,Ethnicity,K: Bangladeshi,18 To 52 Weeks,750
Respiratory Medicine Service,Ethnicity,K: Bangladeshi,Over 52 Weeks,15
Respiratory Medicine Service,Ethnicity,K: Bangladeshi,Total,2070
Respiratory Medicine Service,Ethnicity,L: Any other Asian background,Unknown Clock Start,*
Respiratory Medicine Service,Ethnicity,L: Any other Asian background,01 To 18 Weeks,2980
Respiratory Medicine Service,Ethnicity,L: Any other Asian background,18 To 52 Weeks,1470
Respiratory Medicine Service,Ethnicity,L: Any other Asian background,Over 52 Weeks,30
Respiratory Medicine Service,Ethnicity,L: Any other Asian background,Total,4485
Respiratory Medicine Service,Ethnicity,M: Caribbean,Unknown Clock Start,*
Respiratory Medicine Service,Ethnicity,M: Caribbean,01 To 18 Weeks,1620
Respiratory Medicine Service,Ethnicity,M: Caribbean,18 To 52 Weeks,695
Respiratory Medicine Service,Ethnicity,M: Caribbean,Over 52 Weeks,15
Respiratory Medicine Service,Ethnicity,M: Caribbean,Total,2330
Respiratory Medicine Service,Ethnicity,N: African,Unknown Clock Start,*
Respiratory Medicine Service,Ethnicity,N: African,01 To 18 Weeks,2385
Respiratory Medicine Service,Ethnicity,N: African,18 To 52 Weeks,960
Respiratory Medicine Service,Ethnicity,N: African,Over 52 Weeks,30
Respiratory Medicine Service,Ethnicity,N: African,Total,3370
Respiratory Medicine Service,Ethnicity,P: Any other Black background,01 To 18 Weeks,1240
Respiratory Medicine Service,Ethnicity,P: Any other Black background,18 To 52 Weeks,470
Respiratory Medicine Service,Ethnicity,P: Any other Black background,Over 52 Weeks,10
Respiratory Medicine Service,Ethnicity,P: Any other Black background,Total,1725
Respiratory Medicine Service,Ethnicity,R: Chinese,Unknown Clock Start,*
Respiratory Medicine Service,Ethnicity,R: Chinese,01 To 18 Weeks,540
Respiratory Medicine Service,Ethnicity,R: Chinese,18 To 52 Weeks,255
Respiratory Medicine Service,Ethnicity,R: Chinese,Over 52 Weeks,10
Respiratory Medicine Service,Ethnicity,R: Chinese,Total,805
Respiratory Medicine Service,Ethnicity,S: Any other ethnic group,Unknown Clock Start,*
Respiratory Medicine Service,Ethnicity,S: Any other ethnic group,01 To 18 Weeks,1470
Respiratory Medicine Service,Ethnicity,S: Any other ethnic group,18 To 52 Weeks,600
Respiratory Medicine Service,Ethnicity,S: Any other ethnic group,Over 52 Weeks,15
Respiratory Medicine Service,Ethnicity,S: Any other ethnic group,Total,2085
Respiratory Medicine Service,Ethnicity,Z: Not stated,Unknown Clock Start,*
Respiratory Medicine Service,Ethnicity,Z: Not stated,01 To 18 Weeks,5555
Respiratory Medicine Service,Ethnicity,Z: Not stated,18 To 52 Weeks,2270
Respiratory Medicine Service,Ethnicity,Z: Not stated,Over 52 Weeks,50
Respiratory Medicine Service,Ethnicity,Z: Not stated,Total,7875
Respiratory Medicine Service,IMD,1,Unknown Clock Start,10
Respiratory Medicine Service,IMD,1,01 To 18 Weeks,14145
Respiratory Medicine Service,IMD,1,18 To 52 Weeks,5590
Respiratory Medicine Service,IMD,1,Over 52 Weeks,120
Respiratory Medicine Service,IMD,1,Total,19865
Respiratory Medicine Service,IMD,10,Unknown Clock Start,30
Respiratory Medicine Service,IMD,10,01 To 18 Weeks,9615
Respiratory Medicine Service,IMD,10,18 To 52 Weeks,4170
Respiratory Medicine Service,IMD,10,Over 52 Weeks,125
Respiratory Medicine Service,IMD,10,Total,13940
Respiratory Medicine Service,IMD,2,Unknown Clock Start,10
Respiratory Medicine Service,IMD,2,01 To 18 Weeks,14200
Respiratory Medicine Service,IMD,2,18 To 52 Weeks,5950
Respiratory Medicine Service,IMD,2,Over 52 Weeks,120
Respiratory Medicine Service,IMD,2,Total,20280
Respiratory Medicine Service,IMD,3,Unknown Clock Start,*
Respiratory Medicine Service,IMD,3,01 To 18 Weeks,14100
Respiratory Medicine Service,IMD,3,18 To 52 Weeks,6050
Respiratory Medicine Service,IMD,3,Over 52 Weeks,140
Respiratory Medicine Service,IMD,3,Total,20295
Respiratory Medicine Service,IMD,4,Unknown Clock Start,10
Respiratory Medicine Service,IMD,4,01 To 18 Weeks,13260
Respiratory Medicine Service,IMD,4,18 To 52 Weeks,5970
Respiratory Medicine Service,IMD,4,Over 52 Weeks,160
Respiratory Medicine Service,IMD,4,Total,19400
Respiratory Medicine Service,IMD,5,Unknown Clock Start,10
Respiratory Medicine Service,IMD,5,01 To 18 Weeks,12805
Respiratory Medicine Service,IMD,5,18 To 52 Weeks,5765
Respiratory Medicine Service,IMD,5,Over 52 Weeks,135
Respiratory Medicine Service,IMD,5,Total,18715
Respiratory Medicine Service,IMD,6,Unknown Clock Start,10
Respiratory Medicine Service,IMD,6,01 To 18 Weeks,12170
Respiratory Medicine Service,IMD,6,18 To 52 Weeks,5460
Respiratory Medicine Service,IMD,6,Over 52 Weeks,125
Respiratory Medicine Service,IMD,6,Total,17765
Respiratory Medicine Service,IMD,7,Unknown Clock Start,15
Respiratory Medicine Service,IMD,7,01 To 18 Weeks,11795
Respiratory Medicine Service,IMD,7,18 To 52 Weeks,5175
Respiratory Medicine Service,IMD,7,Over 52 Weeks,135
Respiratory Medicine Service,IMD,7,Total,17115
Respiratory Medicine Service,IMD,8,Unknown Clock Start,20
Respiratory Medicine Service,IMD,8,01 To 18 Weeks,11635
Respiratory Medicine Service,IMD,8,18 To 52 Weeks,4835
Respiratory Medicine Service,IMD,8,Over 52 Weeks,125
Respiratory Medicine Service,IMD,8,Total,16615
Respiratory Medicine Service,IMD,9,Unknown Clock Start,20
Respiratory Medicine Service,IMD,9,01 To 18 Weeks,10750
Respiratory Medicine Service,IMD,9,18 To 52 Weeks,4765
Respiratory Medicine Service,IMD,9,Over 52 Weeks,105
Respiratory Medicine Service,IMD,9,Total,15645
Respiratory Medicine Service,Sex,Female,Unknown Clock Start,60
Respiratory Medicine Service,Sex,Female,01 To 18 Weeks,57640
Respiratory Medicine Service,Sex,Female,18 To 52 Weeks,25580
Respiratory Medicine Service,Sex,Female,Over 52 Weeks,585
Respiratory Medicine Service,Sex,Female,Total,83870
Respiratory Medicine Service,Sex,Male,Unknown Clock Start,55
Respiratory Medicine Service,Sex,Male,01 To 18 Weeks,61735
Respiratory Medicine Service,Sex,Male,18 To 52 Weeks,26330
Respiratory Medicine Service,Sex,Male,Over 52 Weeks,580
Respiratory Medicine Service,Sex,Male,Total,88695
Rheumatology Service,Age,0-18 Years,01 To 18 Weeks,1675
Rheumatology Service,Age,0-18 Years,18 To 52 Weeks,690
Rheumatology Service,Age,0-18 Years,Over 52 Weeks,15
Rheumatology Service,Age,0-18 Years,Total,2380
Rheumatology Service,Age,19-64 Years,Unknown Clock Start,20
Rheumatology Service,Age,19-64 Years,01 To 18 Weeks,48805
Rheumatology Service,Age,19-64 Years,18 To 52 Weeks,24715
Rheumatology Service,Age,19-64 Years,Over 52 Weeks,580
Rheumatology Service,Age,19-64 Years,Total,74120
Rheumatology Service,Age,Over 65 Years,Unknown Clock Start,30
Rheumatology Service,Age,Over 65 Years,01 To 18 Weeks,27955
Rheumatology Service,Age,Over 65 Years,18 To 52 Weeks,12950
Rheumatology Service,Age,Over 65 Years,Over 52 Weeks,270
Rheumatology Service,Age,Over 65 Years,Total,41210
Rheumatology Service,Ethnicity,99: Not known,01 To 18 Weeks,2625
Rheumatology Service,Ethnicity,99: Not known,18 To 52 Weeks,1015
Rheumatology Service,Ethnicity,99: Not known,Over 52 Weeks,30
Rheumatology Service,Ethnicity,99: Not known,Total,3665
Rheumatology Service,Ethnicity,A: British,Unknown Clock Start,40
Rheumatology Service,Ethnicity,A: British,01 To 18 Weeks,59230
Rheumatology Service,Ethnicity,A: British,18 To 52 Weeks,28920
Rheumatology Service,Ethnicity,A: British,Over 52 Weeks,685
Rheumatology Service,Ethnicity,A: British,Total,88875
Rheumatology Service,Ethnicity,B: Irish,Unknown Clock Start,*
Rheumatology Service,Ethnicity,B: Irish,01 To 18 Weeks,460
Rheumatology Service,Ethnicity,B: Irish,18 To 52 Weeks,235
Rheumatology Service,Ethnicity,B: Irish,Over 52 Weeks,*
Rheumatology Service,Ethnicity,B: Irish,Total,700
Rheumatology Service,Ethnicity,C: Any other white background,Unknown Clock Start,*
Rheumatology Service,Ethnicity,C: Any other white background,01 To 18 Weeks,4170
Rheumatology Service,Ethnicity,C: Any other white background,18 To 52 Weeks,2105
Rheumatology Service,Ethnicity,C: Any other white background,Over 52 Weeks,40
Rheumatology Service,Ethnicity,C: Any other white background,Total,6315
Rheumatology Service,Ethnicity,D: White and Black Caribbean,01 To 18 Weeks,235
Rheumatology Service,Ethnicity,D: White and Black Caribbean,18 To 52 Weeks,120
Rheumatology Service,Ethnicity,D: White and Black Caribbean,Over 52 Weeks,*
Rheumatology Service,Ethnicity,D: White and Black Caribbean,Total,360
Rheumatology Service,Ethnicity,E: White and Black African,01 To 18 Weeks,120
Rheumatology Service,Ethnicity,E: White and Black African,18 To 52 Weeks,50
Rheumatology Service,Ethnicity,E: White and Black African,Over 52 Weeks,*
Rheumatology Service,Ethnicity,E: White and Black African,Total,170
Rheumatology Service,Ethnicity,F: White and Asian,01 To 18 Weeks,200
Rheumatology Service,Ethnicity,F: White and Asian,18 To 52 Weeks,120
Rheumatology Service,Ethnicity,F: White and Asian,Over 52 Weeks,*
Rheumatology Service,Ethnicity,F: White and Asian,Total,320
Rheumatology Service,Ethnicity,G: Any other mixed background,01 To 18 Weeks,505
Rheumatology Service,Ethnicity,G: Any other mixed background,18 To 52 Weeks,255
Rheumatology Service,Ethnicity,G: Any other mixed background,Over 52 Weeks,*
Rheumatology Service,Ethnicity,G: Any other mixed background,Total,765
Rheumatology Service,Ethnicity,H: Indian,Unknown Clock Start,*
Rheumatology Service,Ethnicity,H: Indian,01 To 18 Weeks,2240
Rheumatology Service,Ethnicity,H: Indian,18 To 52 Weeks,1215
Rheumatology Service,Ethnicity,H: Indian,Over 52 Weeks,15
Rheumatology Service,Ethnicity,H: Indian,Total,3480
Rheumatology Service,Ethnicity,J: Pakistani,01 To 18 Weeks,1730
Rheumatology Service,Ethnicity,J: Pakistani,18 To 52 Weeks,725
Rheumatology Service,Ethnicity,J: Pakistani,Over 52 Weeks,10
Rheumatology Service,Ethnicity,J: Pakistani,Total,2470
Rheumatology Service,Ethnicity,K: Bangladeshi,01 To 18 Weeks,580
Rheumatology Service,Ethnicity,K: Bangladeshi,18 To 52 Weeks,245
Rheumatology Service,Ethnicity,K: Bangladeshi,Over 52 Weeks,*
Rheumatology Service,Ethnicity,K: Bangladeshi,Total,825
Rheumatology Service,Ethnicity,L: Any other Asian background,Unknown Clock Start,*
Rheumatology Service,Ethnicity,L: Any other Asian background,01 To 18 Weeks,1480
Rheumatology Service,Ethnicity,L: Any other Asian background,18 To 52 Weeks,750
Rheumatology Service,Ethnicity,L: Any other Asian background,Over 52 Weeks,10
Rheumatology Service,Ethnicity,L: Any other Asian background,Total,2245
Rheumatology Service,Ethnicity,M: Caribbean,01 To 18 Weeks,725
Rheumatology Service,Ethnicity,M: Caribbean,18 To 52 Weeks,340
Rheumatology Service,Ethnicity,M: Caribbean,Over 52 Weeks,*
Rheumatology Service,Ethnicity,M: Caribbean,Total,1070
Rheumatology Service,Ethnicity,N: African,01 To 18 Weeks,1005
Rheumatology Service,Ethnicity,N: African,18 To 52 Weeks,510
Rheumatology Service,Ethnicity,N: African,Over 52 Weeks,10
Rheumatology Service,Ethnicity,N: African,Total,1525
Rheumatology Service,Ethnicity,P: Any other Black background,Unknown Clock Start,*
Rheumatology Service,Ethnicity,P: Any other Black background,01 To 18 Weeks,500
Rheumatology Service,Ethnicity,P: Any other Black background,18 To 52 Weeks,255
Rheumatology Service,Ethnicity,P: Any other Black background,Over 52 Weeks,*
Rheumatology Service,Ethnicity,P: Any other Black background,Total,760
Rheumatology Service,Ethnicity,R: Chinese,01 To 18 Weeks,295
Rheumatology Service,Ethnicity,R: Chinese,18 To 52 Weeks,115
Rheumatology Service,Ethnicity,R: Chinese,Over 52 Weeks,*
Rheumatology Service,Ethnicity,R: Chinese,Total,415
Rheumatology Service,Ethnicity,S: Any other ethnic group,Unknown Clock Start,*
Rheumatology Service,Ethnicity,S: Any other ethnic group,01 To 18 Weeks,760
Rheumatology Service,Ethnicity,S: Any other ethnic group,18 To 52 Weeks,315
Rheumatology Service,Ethnicity,S: Any other ethnic group,Over 52 Weeks,*
Rheumatology Service,Ethnicity,S: Any other ethnic group,Total,1085
Rheumatology Service,Ethnicity,Z: Not stated,Unknown Clock Start,*
Rheumatology Service,Ethnicity,Z: Not stated,01 To 18 Weeks,3005
Rheumatology Service,Ethnicity,Z: Not stated,18 To 52 Weeks,1400
Rheumatology Service,Ethnicity,Z: Not stated,Over 52 Weeks,40
Rheumatology Service,Ethnicity,Z: Not stated,Total,4445
Rheumatology Service,IMD,1,Unknown Clock Start,*
Rheumatology Service,IMD,1,01 To 18 Weeks,7065
Rheumatology Service,IMD,1,18 To 52 Weeks,3430
Rheumatology Service,IMD,1,Over 52 Weeks,55
Rheumatology Service,IMD,1,Total,10550
Rheumatology Service,IMD,10,Unknown Clock Start,10
Rheumatology Service,IMD,10,01 To 18 Weeks,6940
Rheumatology Service,IMD,10,18 To 52 Weeks,3155
Rheumatology Service,IMD,10,Over 52 Weeks,85
Rheumatology Service,IMD,10,Total,10185
Rheumatology Service,IMD,2,Unknown Clock Start,*
Rheumatology Service,IMD,2,01 To 18 Weeks,7530
Rheumatology Service,IMD,2,18 To 52 Weeks,3590
Rheumatology Service,IMD,2,Over 52 Weeks,70
Rheumatology Service,IMD,2,Total,11195
Rheumatology Service,IMD,3,Unknown Clock Start,*
Rheumatology Service,IMD,3,01 To 18 Weeks,7690
Rheumatology Service,IMD,3,18 To 52 Weeks,3835
Rheumatology Service,IMD,3,Over 52 Weeks,95
Rheumatology Service,IMD,3,Total,11625
Rheumatology Service,IMD,4,Unknown Clock Start,10
Rheumatology Service,IMD,4,01 To 18 Weeks,7830
Rheumatology Service,IMD,4,18 To 52 Weeks,3965
Rheumatology Service,IMD,4,Over 52 Weeks,75
Rheumatology Service,IMD,4,Total,11880
Rheumatology Service,IMD,5,Unknown Clock Start,*
Rheumatology Service,IMD,5,01 To 18 Weeks,8125
Rheumatology Service,IMD,5,18 To 52 Weeks,4025
Rheumatology Service,IMD,5,Over 52 Weeks,90
Rheumatology Service,IMD,5,Total,12245
Rheumatology Service,IMD,6,Unknown Clock Start,10
Rheumatology Service,IMD,6,01 To 18 Weeks,8045
Rheumatology Service,IMD,6,18 To 52 Weeks,4030
Rheumatology Service,IMD,6,Over 52 Weeks,95
Rheumatology Service,IMD,6,Total,12180
Rheumatology Service,IMD,7,Unknown Clock Start,*
Rheumatology Service,IMD,7,01 To 18 Weeks,8190
Rheumatology Service,IMD,7,18 To 52 Weeks,3960
Rheumatology Service,IMD,7,Over 52 Weeks,100
Rheumatology Service,IMD,7,Total,12255
Rheumatology Service,IMD,8,Unknown Clock Start,*
Rheumatology Service,IMD,8,01 To 18 Weeks,8120
Rheumatology Service,IMD,8,18 To 52 Weeks,3960
Rheumatology Service,IMD,8,Over 52 Weeks,95
Rheumatology Service,IMD,8,Total,12180
Rheumatology Service,IMD,9,Unknown Clock Start,*
Rheumatology Service,IMD,9,01 To 18 Weeks,7810
Rheumatology Service,IMD,9,18 To 52 Weeks,3715
Rheumatology Service,IMD,9,Over 52 Weeks,85
Rheumatology Service,IMD,9,Total,11615
Rheumatology Service,Sex,Female,Unknown Clock Start,35
Rheumatology Service,Sex,Female,01 To 18 Weeks,52950
Rheumatology Service,Sex,Female,18 To 52 Weeks,27050
Rheumatology Service,Sex,Female,Over 52 Weeks,640
Rheumatology Service,Sex,Female,Total,80680
Rheumatology Service,Sex,Male,Unknown Clock Start,15
Rheumatology Service,Sex,Male,01 To 18 Weeks,21560
Rheumatology Service,Sex,Male,18 To 52 Weeks,9155
Rheumatology Service,Sex,Male,Over 52 Weeks,220
Rheumatology Service,Sex,Male,Total,30955
Trauma and Orthopaedics Service,Age,0-18 Years,Unknown Clock Start,*
Trauma and Orthopaedics Service,Age,0-18 Years,01 To 18 Weeks,19335
Trauma and Orthopaedics Service,Age,0-18 Years,18 To 52 Weeks,12325
Trauma and Orthopaedics Service,Age,0-18 Years,Over 52 Weeks,800
Trauma and Orthopaedics Service,Age,0-18 Years,Total,32465
Trauma and Orthopaedics Service,Age,19-64 Years,Unknown Clock Start,715
Trauma and Orthopaedics Service,Age,19-64 Years,01 To 18 Weeks,260075
Trauma and Orthopaedics Service,Age,19-64 Years,18 To 52 Weeks,182395
Trauma and Orthopaedics Service,Age,19-64 Years,Over 52 Weeks,12080
Trauma and Orthopaedics Service,Age,19-64 Years,Total,455265
Trauma and Orthopaedics Service,Age,Over 65 Years,Unknown Clock Start,645
Trauma and Orthopaedics Service,Age,Over 65 Years,01 To 18 Weeks,181340
Trauma and Orthopaedics Service,Age,Over 65 Years,18 To 52 Weeks,142595
Trauma and Orthopaedics Service,Age,Over 65 Years,Over 52 Weeks,9915
Trauma and Orthopaedics Service,Age,Over 65 Years,Total,334500
Trauma and Orthopaedics Service,Ethnicity,99: Not known,Unknown Clock Start,10
Trauma and Orthopaedics Service,Ethnicity,99: Not known,01 To 18 Weeks,10710
Trauma and Orthopaedics Service,Ethnicity,99: Not known,18 To 52 Weeks,5895
Trauma and Orthopaedics Service,Ethnicity,99: Not known,Over 52 Weeks,385
Trauma and Orthopaedics Service,Ethnicity,99: Not known,Total,17000
Trauma and Orthopaedics Service,Ethnicity,A: British,Unknown Clock Start,1220
Trauma and Orthopaedics Service,Ethnicity,A: British,01 To 18 Weeks,355500
Trauma and Orthopaedics Service,Ethnicity,A: British,18 To 52 Weeks,260650
Trauma and Orthopaedics Service,Ethnicity,A: British,Over 52 Weeks,18160
Trauma and Orthopaedics Service,Ethnicity,A: British,Total,635530
Trauma and Orthopaedics Service,Ethnicity,B: Irish,Unknown Clock Start,10
Trauma and Orthopaedics Service,Ethnicity,B: Irish,01 To 18 Weeks,2590
Trauma and Orthopaedics Service,Ethnicity,B: Irish,18 To 52 Weeks,1900
Trauma and Orthopaedics Service,Ethnicity,B: Irish,Over 52 Weeks,115
Trauma and Orthopaedics Service,Ethnicity,B: Irish,Total,4615
Trauma and Orthopaedics Service,Ethnicity,C: Any other white background,Unknown Clock Start,55
Trauma and Orthopaedics Service,Ethnicity,C: Any other white background,01 To 18 Weeks,24180
Trauma and Orthopaedics Service,Ethnicity,C: Any other white background,18 To 52 Weeks,17600
Trauma and Orthopaedics Service,Ethnicity,C: Any other white background,Over 52 Weeks,1120
Trauma and Orthopaedics Service,Ethnicity,C: Any other white background,Total,42955
Trauma and Orthopaedics Service,Ethnicity,D: White and Black Caribbean,01 To 18 Weeks,1430
Trauma and Orthopaedics Service,Ethnicity,D: White and Black Caribbean,18 To 52 Weeks,1060
Trauma and Orthopaedics Service,Ethnicity,D: White and Black Caribbean,Over 52 Weeks,75
Trauma and Orthopaedics Service,Ethnicity,D: White and Black Caribbean,Total,2565
Trauma and Orthopaedics Service,Ethnicity,E: White and Black African,Unknown Clock Start,*
Trauma and Orthopaedics Service,Ethnicity,E: White and Black African,01 To 18 Weeks,705
Trauma and Orthopaedics Service,Ethnicity,E: White and Black African,18 To 52 Weeks,565
Trauma and Orthopaedics Service,Ethnicity,E: White and Black African,Over 52 Weeks,30
Trauma and Orthopaedics Service,Ethnicity,E: White and Black African,Total,1300
Trauma and Orthopaedics Service,Ethnicity,F: White and Asian,Unknown Clock Start,*
Trauma and Orthopaedics Service,Ethnicity,F: White and Asian,01 To 18 Weeks,1140
Trauma and Orthopaedics Service,Ethnicity,F: White and Asian,18 To 52 Weeks,790
Trauma and Orthopaedics Service,Ethnicity,F: White and Asian,Over 52 Weeks,40
Trauma and Orthopaedics Service,Ethnicity,F: White and Asian,Total,1970
Trauma and Orthopaedics Service,Ethnicity,G: Any other mixed background,Unknown Clock Start,*
Trauma and Orthopaedics Service,Ethnicity,G: Any other mixed background,01 To 18 Weeks,2700
Trauma and Orthopaedics Service,Ethnicity,G: Any other mixed background,18 To 52 Weeks,1930
Trauma and Orthopaedics Service,Ethnicity,G: Any other mixed background,Over 52 Weeks,130
Trauma and Orthopaedics Service,Ethnicity,G: Any other mixed background,Total,4770
Trauma and Orthopaedics Service,Ethnicity,H: Indian,Unknown Clock Start,10
Trauma and Orthopaedics Service,Ethnicity,H: Indian,01 To 18 Weeks,11480
Trauma and Orthopaedics Service,Ethnicity,H: Indian,18 To 52 Weeks,8880
Trauma and Orthopaedics Service,Ethnicity,H: Indian,Over 52 Weeks,470
Trauma and Orthopaedics Service,Ethnicity,H: Indian,Total,20845
Trauma and Orthopaedics Service,Ethnicity,J: Pakistani,Unknown Clock Start,*
Trauma and Orthopaedics Service,Ethnicity,J: Pakistani,01 To 18 Weeks,8580
Trauma and Orthopaedics Service,Ethnicity,J: Pakistani,18 To 52 Weeks,5985
Trauma and Orthopaedics Service,Ethnicity,J: Pakistani,Over 52 Weeks,295
Trauma and Orthopaedics Service,Ethnicity,J: Pakistani,Total,14865
Trauma and Orthopaedics Service,Ethnicity,K: Bangladeshi,01 To 18 Weeks,2640
Trauma and Orthopaedics Service,Ethnicity,K: Bangladeshi,18 To 52 Weeks,1890
Trauma and Orthopaedics Service,Ethnicity,K: Bangladeshi,Over 52 Weeks,90
Trauma and Orthopaedics Service,Ethnicity,K: Bangladeshi,Total,4615
Trauma and Orthopaedics Service,Ethnicity,L: Any other Asian background,Unknown Clock Start,10
Trauma and Orthopaedics Service,Ethnicity,L: Any other Asian background,01 To 18 Weeks,7680
Trauma and Orthopaedics Service,Ethnicity,L: Any other Asian background,18 To 52 Weeks,5645
Trauma and Orthopaedics Service,Ethnicity,L: Any other Asian background,Over 52 Weeks,355
Trauma and Orthopaedics Service,Ethnicity,L: Any other Asian background,Total,13690
Trauma and Orthopaedics Service,Ethnicity,M: Caribbean,Unknown Clock Start,*
Trauma and Orthopaedics Service,Ethnicity,M: Caribbean,01 To 18 Weeks,4700
Trauma and Orthopaedics Service,Ethnicity,M: Caribbean,18 To 52 Weeks,3325
Trauma and Orthopaedics Service,Ethnicity,M: Caribbean,Over 52 Weeks,220
Trauma and Orthopaedics Service,Ethnicity,M: Caribbean,Total,8250
Trauma and Orthopaedics Service,Ethnicity,N: African,Unknown Clock Start,*
Trauma and Orthopaedics Service,Ethnicity,N: African,01 To 18 Weeks,6380
Trauma and Orthopaedics Service,Ethnicity,N: African,18 To 52 Weeks,4480
Trauma and Orthopaedics Service,Ethnicity,N: African,Over 52 Weeks,280
Trauma and Orthopaedics Service,Ethnicity,N: African,Total,11145
Trauma and Orthopaedics Service,Ethnicity,P: Any other Black background,Unknown Clock Start,*
Trauma and Orthopaedics Service,Ethnicity,P: Any other Black background,01 To 18 Weeks,3290
Trauma and Orthopaedics Service,Ethnicity,P: Any other Black background,18 To 52 Weeks,2380
Trauma and Orthopaedics Service,Ethnicity,P: Any other Black background,Over 52 Weeks,155
Trauma and Orthopaedics Service,Ethnicity,P: Any other Black background,Total,5830
Trauma and Orthopaedics Service,Ethnicity,R: Chinese,Unknown Clock Start,*
Trauma and Orthopaedics Service,Ethnicity,R: Chinese,01 To 18 Weeks,1075
Trauma and Orthopaedics Service,Ethnicity,R: Chinese,18 To 52 Weeks,800
Trauma and Orthopaedics Service,Ethnicity,R: Chinese,Over 52 Weeks,45
Trauma and Orthopaedics Service,Ethnicity,R: Chinese,Total,1920
Trauma and Orthopaedics Service,Ethnicity,S: Any other ethnic group,Unknown Clock Start,*
Trauma and Orthopaedics Service,Ethnicity,S: Any other ethnic group,01 To 18 Weeks,3640
Trauma and Orthopaedics Service,Ethnicity,S: Any other ethnic group,18 To 52 Weeks,2580
Trauma and Orthopaedics Service,Ethnicity,S: Any other ethnic group,Over 52 Weeks,150
Trauma and Orthopaedics Service,Ethnicity,S: Any other ethnic group,Total,6370
Trauma and Orthopaedics Service,Ethnicity,Z: Not stated,Unknown Clock Start,70
Trauma and Orthopaedics Service,Ethnicity,Z: Not stated,01 To 18 Weeks,18760
Trauma and Orthopaedics Service,Ethnicity,Z: Not stated,18 To 52 Weeks,11635
Trauma and Orthopaedics Service,Ethnicity,Z: Not stated,Over 52 Weeks,690
Trauma and Orthopaedics Service,Ethnicity,Z: Not stated,Total,31150
Trauma and Orthopaedics Service,IMD,1,Unknown Clock Start,135
Trauma and Orthopaedics Service,IMD,1,01 To 18 Weeks,42165
Trauma and Orthopaedics Service,IMD,1,18 To 52 Weeks,29650
Trauma and Orthopaedics Service,IMD,1,Over 52 Weeks,1925
Trauma and Orthopaedics Service,IMD,1,Total,73875
Trauma and Orthopaedics Service,IMD,10,Unknown Clock Start,75
Trauma and Orthopaedics Service,IMD,10,01 To 18 Weeks,43755
Trauma and Orthopaedics Service,IMD,10,18 To 52 Weeks,30645
Trauma and Orthopaedics Service,IMD,10,Over 52 Weeks,1935
Trauma and Orthopaedics Service,IMD,10,Total,76410
Trauma and Orthopaedics Service,IMD,2,Unknown Clock Start,115
Trauma and Orthopaedics Service,IMD,2,01 To 18 Weeks,43930
Trauma and Orthopaedics Service,IMD,2,18 To 52 Weeks,31550
Trauma and Orthopaedics Service,IMD,2,Over 52 Weeks,2045
Trauma and Orthopaedics Service,IMD,2,Total,77640
Trauma and Orthopaedics Service,IMD,3,Unknown Clock Start,120
Trauma and Orthopaedics Service,IMD,3,01 To 18 Weeks,43925
Trauma and Orthopaedics Service,IMD,3,18 To 52 Weeks,32490
Trauma and Orthopaedics Service,IMD,3,Over 52 Weeks,2250
Trauma and Orthopaedics Service,IMD,3,Total,78780
Trauma and Orthopaedics Service,IMD,4,Unknown Clock Start,175
Trauma and Orthopaedics Service,IMD,4,01 To 18 Weeks,45365
Trauma and Orthopaedics Service,IMD,4,18 To 52 Weeks,33925
Trauma and Orthopaedics Service,IMD,4,Over 52 Weeks,2400
Trauma and Orthopaedics Service,IMD,4,Total,81865
Trauma and Orthopaedics Service,IMD,5,Unknown Clock Start,215
Trauma and Orthopaedics Service,IMD,5,01 To 18 Weeks,45995
Trauma and Orthopaedics Service,IMD,5,18 To 52 Weeks,34830
Trauma and Orthopaedics Service,IMD,5,Over 52 Weeks,2470
Trauma and Orthopaedics Service,IMD,5,Total,83505
Trauma and Orthopaedics Service,IMD,6,Unknown Clock Start,140
Trauma and Orthopaedics Service,IMD,6,01 To 18 Weeks,47340
Trauma and Orthopaedics Service,IMD,6,18 To 52 Weeks,35560
Trauma and Orthopaedics Service,IMD,6,Over 52 Weeks,2455
Trauma and Orthopaedics Service,IMD,6,Total,85495
Trauma and Orthopaedics Service,IMD,7,Unknown Clock Start,190
Trauma and Orthopaedics Service,IMD,7,01 To 18 Weeks,47490
Trauma and Orthopaedics Service,IMD,7,18 To 52 Weeks,34330
Trauma and Orthopaedics Service,IMD,7,Over 52 Weeks,2390
Trauma and Orthopaedics Service,IMD,7,Total,84400
Trauma and Orthopaedics Service,IMD,8,Unknown Clock Start,160
Trauma and Orthopaedics Service,IMD,8,01 To 18 Weeks,47345
Trauma and Orthopaedics Service,IMD,8,18 To 52 Weeks,34150
Trauma and Orthopaedics Service,IMD,8,Over 52 Weeks,2265
Trauma and Orthopaedics Service,IMD,8,Total,83915
Trauma and Orthopaedics Service,IMD,9,Unknown Clock Start,75
Trauma and Orthopaedics Service,IMD,9,01 To 18 Weeks,46020
Trauma and Orthopaedics Service,IMD,9,18 To 52 Weeks,33200
Trauma and Orthopaedics Service,IMD,9,Over 52 Weeks,2185
Trauma and Orthopaedics Service,IMD,9,Total,81485
Trauma and Orthopaedics Service,Sex,Female,Unknown Clock Start,795
Trauma and Orthopaedics Service,Sex,Female,01 To 18 Weeks,247280
Trauma and Orthopaedics Service,Sex,Female,18 To 52 Weeks,181685
Trauma and Orthopaedics Service,Sex,Female,Over 52 Weeks,12335
Trauma and Orthopaedics Service,Sex,Female,Total,442095
Trauma and Orthopaedics Service,Sex,Male,Unknown Clock Start,570
Trauma and Orthopaedics Service,Sex,Male,01 To 18 Weeks,193980
Trauma and Orthopaedics Service,Sex,Male,18 To 52 Weeks,141565
Trauma and Orthopaedics Service,Sex,Male,Over 52 Weeks,9875
Trauma and Orthopaedics Service,Sex,Male,Total,345990
Unknown,Age,0-18 Years,Unknown Clock Start,*
Unknown,Age,0-18 Years,01 To 18 Weeks,455
Unknown,Age,0-18 Years,18 To 52 Weeks,160
Unknown,Age,0-18 Years,Over 52 Weeks,10
Unknown,Age,0-18 Years,Total,630
Unknown,Age,19-64 Years,Unknown Clock Start,50
Unknown,Age,19-64 Years,01 To 18 Weeks,2865
Unknown,Age,19-64 Years,18 To 52 Weeks,300
Unknown,Age,19-64 Years,Over 52 Weeks,20
Unknown,Age,19-64 Years,Total,3240
Unknown,Age,Over 65 Years,Unknown Clock Start,40
Unknown,Age,Over 65 Years,01 To 18 Weeks,1660
Unknown,Age,Over 65 Years,18 To 52 Weeks,160
Unknown,Age,Over 65 Years,Over 52 Weeks,10
Unknown,Age,Over 65 Years,Total,1870
Unknown,Ethnicity,99: Not known,01 To 18 Weeks,290
Unknown,Ethnicity,99: Not known,18 To 52 Weeks,20
Unknown,Ethnicity,99: Not known,Over 52 Weeks,*
Unknown,Ethnicity,99: Not known,Total,310
Unknown,Ethnicity,A: British,Unknown Clock Start,80
Unknown,Ethnicity,A: British,01 To 18 Weeks,4065
Unknown,Ethnicity,A: British,18 To 52 Weeks,380
Unknown,Ethnicity,A: British,Over 52 Weeks,20
Unknown,Ethnicity,A: British,Total,4550
Unknown,Ethnicity,B: Irish,Unknown Clock Start,*
Unknown,Ethnicity,B: Irish,01 To 18 Weeks,50
Unknown,Ethnicity,B: Irish,18 To 52 Weeks,*
Unknown,Ethnicity,B: Irish,Over 52 Weeks,*
Unknown,Ethnicity,B: Irish,Total,55
Unknown,Ethnicity,C: Any other white background,Unknown Clock Start,10
Unknown,Ethnicity,C: Any other white background,01 To 18 Weeks,375
Unknown,Ethnicity,C: Any other white background,18 To 52 Weeks,45
Unknown,Ethnicity,C: Any other white background,Over 52 Weeks,*
Unknown,Ethnicity,C: Any other white background,Total,435
Unknown,Ethnicity,D: White and Black Caribbean,01 To 18 Weeks,25
Unknown,Ethnicity,D: White and Black Caribbean,18 To 52 Weeks,*
Unknown,Ethnicity,D: White and Black Caribbean,Total,30
Unknown,Ethnicity,E: White and Black African,01 To 18 Weeks,10
Unknown,Ethnicity,E: White and Black African,18 To 52 Weeks,*
Unknown,Ethnicity,E: White and Black African,Total,15
Unknown,Ethnicity,F: White and Asian,01 To 18 Weeks,20
Unknown,Ethnicity,F: White and Asian,18 To 52 Weeks,*
Unknown,Ethnicity,F: White and Asian,Total,20
Unknown,Ethnicity,G: Any other mixed background,Unknown Clock Start,*
Unknown,Ethnicity,G: Any other mixed background,01 To 18 Weeks,55
Unknown,Ethnicity,G: Any other mixed background,18 To 52 Weeks,10
Unknown,Ethnicity,G: Any other mixed background,Over 52 Weeks,*
Unknown,Ethnicity,G: Any other mixed background,Total,70
Unknown,Ethnicity,H: Indian,01 To 18 Weeks,120
Unknown,Ethnicity,H: Indian,18 To 52 Weeks,20
Unknown,Ethnicity,H: Indian,Over 52 Weeks,*
Unknown,Ethnicity,H: Indian,Total,145
Unknown,Ethnicity,J: Pakistani,Unknown Clock Start,*
Unknown,Ethnicity,J: Pakistani,01 To 18 Weeks,165
Unknown,Ethnicity,J: Pakistani,18 To 52 Weeks,30
Unknown,Ethnicity,J: Pakistani,Over 52 Weeks,*
Unknown,Ethnicity,J: Pakistani,Total,200
Unknown,Ethnicity,K: Bangladeshi,Unknown Clock Start,*
Unknown,Ethnicity,K: Bangladeshi,01 To 18 Weeks,60
Unknown,Ethnicity,K: Bangladeshi,18 To 52 Weeks,15
Unknown,Ethnicity,K: Bangladeshi,Total,80
Unknown,Ethnicity,L: Any other Asian background,Unknown Clock Start,*
Unknown,Ethnicity,L: Any other Asian background,01 To 18 Weeks,130
Unknown,Ethnicity,L: Any other Asian background,18 To 52 Weeks,20
Unknown,Ethnicity,L: Any other Asian background,Over 52 Weeks,*
Unknown,Ethnicity,L: Any other Asian background,Total,150
Unknown,Ethnicity,M: Caribbean,01 To 18 Weeks,80
Unknown,Ethnicity,M: Caribbean,18 To 52 Weeks,20
Unknown,Ethnicity,M: Caribbean,Total,100
Unknown,Ethnicity,N: African,Unknown Clock Start,*
Unknown,Ethnicity,N: African,01 To 18 Weeks,125
Unknown,Ethnicity,N: African,18 To 52 Weeks,25
Unknown,Ethnicity,N: African,Over 52 Weeks,*
Unknown,Ethnicity,N: African,Total,155
Unknown,Ethnicity,P: Any other Black background,01 To 18 Weeks,60
Unknown,Ethnicity,P: Any other Black background,18 To 52 Weeks,10
Unknown,Ethnicity,P: Any other Black background,Over 52 Weeks,*
Unknown,Ethnicity,P: Any other Black background,Total,75
Unknown,Ethnicity,R: Chinese,01 To 18 Weeks,30
Unknown,Ethnicity,R: Chinese,18 To 52 Weeks,*
Unknown,Ethnicity,R: Chinese,Total,30
Unknown,Ethnicity,S: Any other ethnic group,01 To 18 Weeks,65
Unknown,Ethnicity,S: Any other ethnic group,18 To 52 Weeks,10
Unknown,Ethnicity,S: Any other ethnic group,Over 52 Weeks,*
Unknown,Ethnicity,S: Any other ethnic group,Total,75
Unknown,Ethnicity,Z: Not stated,Unknown Clock Start,*
Unknown,Ethnicity,Z: Not stated,01 To 18 Weeks,210
Unknown,Ethnicity,Z: Not stated,18 To 52 Weeks,20
Unknown,Ethnicity,Z: Not stated,Over 52 Weeks,*
Unknown,Ethnicity,Z: Not stated,Total,235
Unknown,IMD,1,01 To 18 Weeks,540
Unknown,IMD,1,18 To 52 Weeks,75
Unknown,IMD,1,Total,615
Unknown,IMD,10,Unknown Clock Start,30
Unknown,IMD,10,01 To 18 Weeks,535
Unknown,IMD,10,18 To 52 Weeks,45
Unknown,IMD,10,Over 52 Weeks,*
Unknown,IMD,10,Total,615
Unknown,IMD,2,Unknown Clock Start,*
Unknown,IMD,2,01 To 18 Weeks,580
Unknown,IMD,2,18 To 52 Weeks,70
Unknown,IMD,2,Over 52 Weeks,*
Unknown,IMD,2,Total,655
Unknown,IMD,3,Unknown Clock Start,*
Unknown,IMD,3,01 To 18 Weeks,590
Unknown,IMD,3,18 To 52 Weeks,80
Unknown,IMD,3,Over 52 Weeks,*
Unknown,IMD,3,Total,680
Unknown,IMD,4,Unknown Clock Start,*
Unknown,IMD,4,01 To 18 Weeks,770
Unknown,IMD,4,18 To 52 Weeks,75
Unknown,IMD,4,Over 52 Weeks,*
Unknown,IMD,4,Total,850
Unknown,IMD,5,Unknown Clock Start,*
Unknown,IMD,5,01 To 18 Weeks,565
Unknown,IMD,5,18 To 52 Weeks,65
Unknown,IMD,5,Over 52 Weeks,*
Unknown,IMD,5,Total,635
Unknown,IMD,6,Unknown Clock Start,10
Unknown,IMD,6,01 To 18 Weeks,525
Unknown,IMD,6,18 To 52 Weeks,60
Unknown,IMD,6,Over 52 Weeks,*
Unknown,IMD,6,Total,590
Unknown,IMD,7,Unknown Clock Start,15
Unknown,IMD,7,01 To 18 Weeks,570
Unknown,IMD,7,18 To 52 Weeks,45
Unknown,IMD,7,Over 52 Weeks,*
Unknown,IMD,7,Total,640
Unknown,IMD,8,Unknown Clock Start,20
Unknown,IMD,8,01 To 18 Weeks,520
Unknown,IMD,8,18 To 52 Weeks,60
Unknown,IMD,8,Over 52 Weeks,*
Unknown,IMD,8,Total,605
Unknown,IMD,9,Unknown Clock Start,15
Unknown,IMD,9,01 To 18 Weeks,505
Unknown,IMD,9,18 To 52 Weeks,45
Unknown,IMD,9,Over 52 Weeks,*
Unknown,IMD,9,Total,570
Unknown,Sex,Female,Unknown Clock Start,35
Unknown,Sex,Female,01 To 18 Weeks,2630
Unknown,Sex,Female,18 To 52 Weeks,330
Unknown,Sex,Female,Over 52 Weeks,25
Unknown,Sex,Female,Total,3020
Unknown,Sex,Male,Unknown Clock Start,50
Unknown,Sex,Male,01 To 18 Weeks,1940
Unknown,Sex,Male,18 To 52 Weeks,250
Unknown,Sex,Male,Over 52 Weeks,15
Unknown,Sex,Male,Total,2255
Urology Service,Age,0-18 Years,Unknown Clock Start,*
Urology Service,Age,0-18 Years,01 To 18 Weeks,6465
Urology Service,Age,0-18 Years,18 To 52 Weeks,4380
Urology Service,Age,0-18 Years,Over 52 Weeks,160
Urology Service,Age,0-18 Years,Total,11010
Urology Service,Age,19-64 Years,Unknown Clock Start,150
Urology Service,Age,19-64 Years,01 To 18 Weeks,125095
Urology Service,Age,19-64 Years,18 To 52 Weeks,80055
Urology Service,Age,19-64 Years,Over 52 Weeks,4710
Urology Service,Age,19-64 Years,Total,210010
Urology Service,Age,Over 65 Years,Unknown Clock Start,125
Urology Service,Age,Over 65 Years,01 To 18 Weeks,107765
Urology Service,Age,Over 65 Years,18 To 52 Weeks,53500
Urology Service,Age,Over 65 Years,Over 52 Weeks,2940
Urology Service,Age,Over 65 Years,Total,164325
Urology Service,Ethnicity,99: Not known,Unknown Clock Start,*
Urology Service,Ethnicity,99: Not known,01 To 18 Weeks,8720
Urology Service,Ethnicity,99: Not known,18 To 52 Weeks,4065
Urology Service,Ethnicity,99: Not known,Over 52 Weeks,175
Urology Service,Ethnicity,99: Not known,Total,12965
Urology Service,Ethnicity,A: British,Unknown Clock Start,215
Urology Service,Ethnicity,A: British,01 To 18 Weeks,173995
Urology Service,Ethnicity,A: British,18 To 52 Weeks,96865
Urology Service,Ethnicity,A: British,Over 52 Weeks,5730
Urology Service,Ethnicity,A: British,Total,276805
Urology Service,Ethnicity,B: Irish,Unknown Clock Start,*
Urology Service,Ethnicity,B: Irish,01 To 18 Weeks,1575
Urology Service,Ethnicity,B: Irish,18 To 52 Weeks,880
Urology Service,Ethnicity,B: Irish,Over 52 Weeks,35
Urology Service,Ethnicity,B: Irish,Total,2490
Urology Service,Ethnicity,C: Any other white background,Unknown Clock Start,25
Urology Service,Ethnicity,C: Any other white background,01 To 18 Weeks,13640
Urology Service,Ethnicity,C: Any other white background,18 To 52 Weeks,8565
Urology Service,Ethnicity,C: Any other white background,Over 52 Weeks,480
Urology Service,Ethnicity,C: Any other white background,Total,22705
Urology Service,Ethnicity,D: White and Black Caribbean,01 To 18 Weeks,680
Urology Service,Ethnicity,D: White and Black Caribbean,18 To 52 Weeks,440
Urology Service,Ethnicity,D: White and Black Caribbean,Over 52 Weeks,25
Urology Service,Ethnicity,D: White and Black Caribbean,Total,1145
Urology Service,Ethnicity,E: White and Black African,01 To 18 Weeks,385
Urology Service,Ethnicity,E: White and Black African,18 To 52 Weeks,275
Urology Service,Ethnicity,E: White and Black African,Over 52 Weeks,15
Urology Service,Ethnicity,E: White and Black African,Total,670
Urology Service,Ethnicity,F: White and Asian,01 To 18 Weeks,530
Urology Service,Ethnicity,F: White and Asian,18 To 52 Weeks,370
Urology Service,Ethnicity,F: White and Asian,Over 52 Weeks,15
Urology Service,Ethnicity,F: White and Asian,Total,915
Urology Service,Ethnicity,G: Any other mixed background,Unknown Clock Start,*
Urology Service,Ethnicity,G: Any other mixed background,01 To 18 Weeks,1525
Urology Service,Ethnicity,G: Any other mixed background,18 To 52 Weeks,980
Urology Service,Ethnicity,G: Any other mixed background,Over 52 Weeks,65
Urology Service,Ethnicity,G: Any other mixed background,Total,2570
Urology Service,Ethnicity,H: Indian,Unknown Clock Start,*
Urology Service,Ethnicity,H: Indian,01 To 18 Weeks,5745
Urology Service,Ethnicity,H: Indian,18 To 52 Weeks,3930
Urology Service,Ethnicity,H: Indian,Over 52 Weeks,180
Urology Service,Ethnicity,H: Indian,Total,9855
Urology Service,Ethnicity,J: Pakistani,Unknown Clock Start,*
Urology Service,Ethnicity,J: Pakistani,01 To 18 Weeks,4650
Urology Service,Ethnicity,J: Pakistani,18 To 52 Weeks,3070
Urology Service,Ethnicity,J: Pakistani,Over 52 Weeks,115
Urology Service,Ethnicity,J: Pakistani,Total,7840
Urology Service,Ethnicity,K: Bangladeshi,01 To 18 Weeks,1720
Urology Service,Ethnicity,K: Bangladeshi,18 To 52 Weeks,1205
Urology Service,Ethnicity,K: Bangladeshi,Over 52 Weeks,55
Urology Service,Ethnicity,K: Bangladeshi,Total,2980
Urology Service,Ethnicity,L: Any other Asian background,Unknown Clock Start,10
Urology Service,Ethnicity,L: Any other Asian background,01 To 18 Weeks,5005
Urology Service,Ethnicity,L: Any other Asian background,18 To 52 Weeks,3265
Urology Service,Ethnicity,L: Any other Asian background,Over 52 Weeks,160
Urology Service,Ethnicity,L: Any other Asian background,Total,8435
Urology Service,Ethnicity,M: Caribbean,Unknown Clock Start,*
Urology Service,Ethnicity,M: Caribbean,01 To 18 Weeks,2950
Urology Service,Ethnicity,M: Caribbean,18 To 52 Weeks,1835
Urology Service,Ethnicity,M: Caribbean,Over 52 Weeks,80
Urology Service,Ethnicity,M: Caribbean,Total,4870
Urology Service,Ethnicity,N: African,Unknown Clock Start,*
Urology Service,Ethnicity,N: African,01 To 18 Weeks,4240
Urology Service,Ethnicity,N: African,18 To 52 Weeks,2750
Urology Service,Ethnicity,N: African,Over 52 Weeks,135
Urology Service,Ethnicity,N: African,Total,7130
Urology Service,Ethnicity,P: Any other Black background,01 To 18 Weeks,2150
Urology Service,Ethnicity,P: Any other Black background,18 To 52 Weeks,1325
Urology Service,Ethnicity,P: Any other Black background,Over 52 Weeks,55
Urology Service,Ethnicity,P: Any other Black background,Total,3530
Urology Service,Ethnicity,R: Chinese,01 To 18 Weeks,710
Urology Service,Ethnicity,R: Chinese,18 To 52 Weeks,470
Urology Service,Ethnicity,R: Chinese,Over 52 Weeks,30
Urology Service,Ethnicity,R: Chinese,Total,1210
Urology Service,Ethnicity,S: Any other ethnic group,Unknown Clock Start,*
Urology Service,Ethnicity,S: Any other ethnic group,01 To 18 Weeks,2835
Urology Service,Ethnicity,S: Any other ethnic group,18 To 52 Weeks,1725
Urology Service,Ethnicity,S: Any other ethnic group,Over 52 Weeks,95
Urology Service,Ethnicity,S: Any other ethnic group,Total,4660
Urology Service,Ethnicity,Z: Not stated,Unknown Clock Start,20
Urology Service,Ethnicity,Z: Not stated,01 To 18 Weeks,11580
Urology Service,Ethnicity,Z: Not stated,18 To 52 Weeks,6115
Urology Service,Ethnicity,Z: Not stated,Over 52 Weeks,365
Urology Service,Ethnicity,Z: Not stated,Total,18080
Urology Service,IMD,1,Unknown Clock Start,25
Urology Service,IMD,1,01 To 18 Weeks,21415
Urology Service,IMD,1,18 To 52 Weeks,13550
Urology Service,IMD,1,Over 52 Weeks,740
Urology Service,IMD,1,Total,35730
Urology Service,IMD,10,Unknown Clock Start,35
Urology Service,IMD,10,01 To 18 Weeks,21890
Urology Service,IMD,10,18 To 52 Weeks,11170
Urology Service,IMD,10,Over 52 Weeks,720
Urology Service,IMD,10,Total,33815
Urology Service,IMD,2,Unknown Clock Start,15
Urology Service,IMD,2,01 To 18 Weeks,23200
Urology Service,IMD,2,18 To 52 Weeks,14345
Urology Service,IMD,2,Over 52 Weeks,835
Urology Service,IMD,2,Total,38400
Urology Service,IMD,3,Unknown Clock Start,25
Urology Service,IMD,3,01 To 18 Weeks,23480
Urology Service,IMD,3,18 To 52 Weeks,14780
Urology Service,IMD,3,Over 52 Weeks,760
Urology Service,IMD,3,Total,39045
Urology Service,IMD,4,Unknown Clock Start,25
Urology Service,IMD,4,01 To 18 Weeks,23950
Urology Service,IMD,4,18 To 52 Weeks,14460
Urology Service,IMD,4,Over 52 Weeks,785
Urology Service,IMD,4,Total,39225
Urology Service,IMD,5,Unknown Clock Start,30
Urology Service,IMD,5,01 To 18 Weeks,24390
Urology Service,IMD,5,18 To 52 Weeks,14080
Urology Service,IMD,5,Over 52 Weeks,790
Urology Service,IMD,5,Total,39290
Urology Service,IMD,6,Unknown Clock Start,30
Urology Service,IMD,6,01 To 18 Weeks,24700
Urology Service,IMD,6,18 To 52 Weeks,13680
Urology Service,IMD,6,Over 52 Weeks,800
Urology Service,IMD,6,Total,39210
Urology Service,IMD,7,Unknown Clock Start,40
Urology Service,IMD,7,01 To 18 Weeks,23895
Urology Service,IMD,7,18 To 52 Weeks,12820
Urology Service,IMD,7,Over 52 Weeks,695
Urology Service,IMD,7,Total,37445
Urology Service,IMD,8,Unknown Clock Start,35
Urology Service,IMD,8,01 To 18 Weeks,24020
Urology Service,IMD,8,18 To 52 Weeks,12935
Urology Service,IMD,8,Over 52 Weeks,755
Urology Service,IMD,8,Total,37740
Urology Service,IMD,9,Unknown Clock Start,25
Urology Service,IMD,9,01 To 18 Weeks,23560
Urology Service,IMD,9,18 To 52 Weeks,12535
Urology Service,IMD,9,Over 52 Weeks,735
Urology Service,IMD,9,Total,36855
Urology Service,Sex,Female,Unknown Clock Start,70
Urology Service,Sex,Female,01 To 18 Weeks,60850
Urology Service,Sex,Female,18 To 52 Weeks,34150
Urology Service,Sex,Female,Over 52 Weeks,1835
Urology Service,Sex,Female,Total,96910
Urology Service,Sex,Male,Unknown Clock Start,205
Urology Service,Sex,Male,01 To 18 Weeks,164285
Urology Service,Sex,Male,18 To 52 Weeks,94000
Urology Service,Sex,Male,Over 52 Weeks,5170
Urology Service,Sex,Male,Total,263655
