Treatment Function Code,Metric,Category,Waiting Bands,Count
Cardiology Service,Age,0-18 Years,Unknown Clock Start,*
Cardiology Service,Age,0-18 Years,01 To 18 Weeks,4230
Cardiology Service,Age,0-18 Years,18 To 52 Weeks,2630
Cardiology Service,Age,0-18 Years,Over 52 Weeks,110
Cardiology Service,Age,0-18 Years,Total,6975
Cardiology Service,Age,19-64 Years,Unknown Clock Start,100
Cardiology Service,Age,19-64 Years,01 To 18 Weeks,113525
Cardiology Service,Age,19-64 Years,18 To 52 Weeks,71655
Cardiology Service,Age,19-64 Years,Over 52 Weeks,3195
Cardiology Service,Age,19-64 Years,Total,188475
Cardiology Service,Age,Over 65 Years,Unknown Clock Start,125
Cardiology Service,Age,Over 65 Years,01 To 18 Weeks,116475
Cardiology Service,Age,Over 65 Years,18 To 52 Weeks,64780
Cardiology Service,Age,Over 65 Years,Over 52 Weeks,2485
Cardiology Service,Age,Over 65 Years,Total,183865
Cardiology Service,Ethnicity,99: Not known,Unknown Clock Start,*
Cardiology Service,Ethnicity,99: Not known,01 To 18 Weeks,8980
Cardiology Service,Ethnicity,99: Not known,18 To 52 Weeks,3900
Cardiology Service,Ethnicity,99: Not known,Over 52 Weeks,135
Cardiology Service,Ethnicity,99: Not known,Total,13015
Cardiology Service,Ethnicity,A: British,Unknown Clock Start,175
Cardiology Service,Ethnicity,A: British,01 To 18 Weeks,171280
Cardiology Service,Ethnicity,A: British,18 To 52 Weeks,99350
Cardiology Service,Ethnicity,A: British,Over 52 Weeks,4285
Cardiology Service,Ethnicity,A: British,Total,275090
Cardiology Service,Ethnicity,B: Irish,Unknown Clock Start,*
Cardiology Service,Ethnicity,B: Irish,01 To 18 Weeks,1675
Cardiology Service,Ethnicity,B: Irish,18 To 52 Weeks,1045
Cardiology Service,Ethnicity,B: Irish,Over 52 Weeks,25
Cardiology Service,Ethnicity,B: Irish,Total,2750
Cardiology Service,Ethnicity,C: Any other white background,Unknown Clock Start,10
Cardiology Service,Ethnicity,C: Any other white background,01 To 18 Weeks,13355
Cardiology Service,Ethnicity,C: Any other white background,18 To 52 Weeks,8775
Cardiology Service,Ethnicity,C: Any other white background,Over 52 Weeks,320
Cardiology Service,Ethnicity,C: Any other white background,Total,22465
Cardiology Service,Ethnicity,D: White and Black Caribbean,01 To 18 Weeks,600
Cardiology Service,Ethnicity,D: White and Black Caribbean,18 To 52 Weeks,385
Cardiology Service,Ethnicity,D: White and Black Caribbean,Over 52 Weeks,10
Cardiology Service,Ethnicity,D: White and Black Caribbean,Total,1000
Cardiology Service,Ethnicity,E: White and Black African,01 To 18 Weeks,400
Cardiology Service,Ethnicity,E: White and Black African,18 To 52 Weeks,255
Cardiology Service,Ethnicity,E: White and Black African,Over 52 Weeks,*
Cardiology Service,Ethnicity,E: White and Black African,Total,660
Cardiology Service,Ethnicity,F: White and Asian,Unknown Clock Start,*
Cardiology Service,Ethnicity,F: White and Asian,01 To 18 Weeks,565
Cardiology Service,Ethnicity,F: White and Asian,18 To 52 Weeks,325
Cardiology Service,Ethnicity,F: White and Asian,Over 52 Weeks,10
Cardiology Service,Ethnicity,F: White and Asian,Total,900
Cardiology Service,Ethnicity,G: Any other mixed background,Unknown Clock Start,*
Cardiology Service,Ethnicity,G: Any other mixed background,01 To 18 Weeks,1280
Cardiology Service,Ethnicity,G: Any other mixed background,18 To 52 Weeks,775
Cardiology Service,Ethnicity,G: Any other mixed background,Over 52 Weeks,30
Cardiology Service,Ethnicity,G: Any other mixed background,Total,2085
Cardiology Service,Ethnicity,H: Indian,Unknown Clock Start,*
Cardiology Service,Ethnicity,H: Indian,01 To 18 Weeks,6830
Cardiology Service,Ethnicity,H: Indian,18 To 52 Weeks,4465
Cardiology Service,Ethnicity,H: Indian,Over 52 Weeks,175
Cardiology Service,Ethnicity,H: Indian,Total,11475
Cardiology Service,Ethnicity,J: Pakistani,Unknown Clock Start,*
Cardiology Service,Ethnicity,J: Pakistani,01 To 18 Weeks,5040
Cardiology Service,Ethnicity,J: Pakistani,18 To 52 Weeks,2995
Cardiology Service,Ethnicity,J: Pakistani,Over 52 Weeks,125
Cardiology Service,Ethnicity,J: Pakistani,Total,8165
Cardiology Service,Ethnicity,K: Bangladeshi,Unknown Clock Start,*
Cardiology Service,Ethnicity,K: Bangladeshi,01 To 18 Weeks,1925
Cardiology Service,Ethnicity,K: Bangladeshi,18 To 52 Weeks,1035
Cardiology Service,Ethnicity,K: Bangladeshi,Over 52 Weeks,40
Cardiology Service,Ethnicity,K: Bangladeshi,Total,3000
Cardiology Service,Ethnicity,L: Any other Asian background,Unknown Clock Start,10
Cardiology Service,Ethnicity,L: Any other Asian background,01 To 18 Weeks,5210
Cardiology Service,Ethnicity,L: Any other Asian background,18 To 52 Weeks,3115
Cardiology Service,Ethnicity,L: Any other Asian background,Over 52 Weeks,120
Cardiology Service,Ethnicity,L: Any other Asian background,Total,8455
Cardiology Service,Ethnicity,M: Caribbean,Unknown Clock Start,*
Cardiology Service,Ethnicity,M: Caribbean,01 To 18 Weeks,2735
Cardiology Service,Ethnicity,M: Caribbean,18 To 52 Weeks,1745
Cardiology Service,Ethnicity,M: Caribbean,Over 52 Weeks,60
Cardiology Service,Ethnicity,M: Caribbean,Total,4545
Cardiology Service,Ethnicity,N: African,Unknown Clock Start,*
Cardiology Service,Ethnicity,N: African,01 To 18 Weeks,3915
Cardiology Service,Ethnicity,N: African,18 To 52 Weeks,2600
Cardiology Service,Ethnicity,N: African,Over 52 Weeks,95
Cardiology Service,Ethnicity,N: African,Total,6615
Cardiology Service,Ethnicity,P: Any other Black background,Unknown Clock Start,*
Cardiology Service,Ethnicity,P: Any other Black background,01 To 18 Weeks,1945
Cardiology Service,Ethnicity,P: Any other Black background,18 To 52 Weeks,1265
Cardiology Service,Ethnicity,P: Any other Black background,Over 52 Weeks,40
Cardiology Service,Ethnicity,P: Any other Black background,Total,3255
Cardiology Service,Ethnicity,R: Chinese,Unknown Clock Start,*
Cardiology Service,Ethnicity,R: Chinese,01 To 18 Weeks,860
Cardiology Service,Ethnicity,R: Chinese,18 To 52 Weeks,580
Cardiology Service,Ethnicity,R: Chinese,Over 52 Weeks,30
Cardiology Service,Ethnicity,R: Chinese,Total,1465
Cardiology Service,Ethnicity,S: Any other ethnic group,Unknown Clock Start,*
Cardiology Service,Ethnicity,S: Any other ethnic group,01 To 18 Weeks,2415
Cardiology Service,Ethnicity,S: Any other ethnic group,18 To 52 Weeks,1525
Cardiology Service,Ethnicity,S: Any other ethnic group,Over 52 Weeks,55
Cardiology Service,Ethnicity,S: Any other ethnic group,Total,4000
Cardiology Service,Ethnicity,Z: Not stated,Unknown Clock Start,*
Cardiology Service,Ethnicity,Z: Not stated,01 To 18 Weeks,9780
Cardiology Service,Ethnicity,Z: Not stated,18 To 52 Weeks,5715
Cardiology Service,Ethnicity,Z: Not stated,Over 52 Weeks,235
Cardiology Service,Ethnicity,Z: Not stated,Total,15735
Cardiology Service,IMD,1,Unknown Clock Start,*
Cardiology Service,IMD,1,01 To 18 Weeks,20765
Cardiology Service,IMD,1,18 To 52 Weeks,12140
Cardiology Service,IMD,1,Over 52 Weeks,515
Cardiology Service,IMD,1,Total,33420
Cardiology Service,IMD,10,Unknown Clock Start,70
Cardiology Service,IMD,10,01 To 18 Weeks,23530
Cardiology Service,IMD,10,18 To 52 Weeks,13220
Cardiology Service,IMD,10,Over 52 Weeks,500
Cardiology Service,IMD,10,Total,37320
Cardiology Service,IMD,2,Unknown Clock Start,*
Cardiology Service,IMD,2,01 To 18 Weeks,21715
Cardiology Service,IMD,2,18 To 52 Weeks,12815
Cardiology Service,IMD,2,Over 52 Weeks,550
Cardiology Service,IMD,2,Total,35085
Cardiology Service,IMD,3,Unknown Clock Start,10
Cardiology Service,IMD,3,01 To 18 Weeks,22500
Cardiology Service,IMD,3,18 To 52 Weeks,13600
Cardiology Service,IMD,3,Over 52 Weeks,545
Cardiology Service,IMD,3,Total,36650
Cardiology Service,IMD,4,Unknown Clock Start,20
Cardiology Service,IMD,4,01 To 18 Weeks,23565
Cardiology Service,IMD,4,18 To 52 Weeks,14180
Cardiology Service,IMD,4,Over 52 Weeks,610
Cardiology Service,IMD,4,Total,38370
Cardiology Service,IMD,5,Unknown Clock Start,10
Cardiology Service,IMD,5,01 To 18 Weeks,23930
Cardiology Service,IMD,5,18 To 52 Weeks,14490
Cardiology Service,IMD,5,Over 52 Weeks,610
Cardiology Service,IMD,5,Total,39040
Cardiology Service,IMD,6,Unknown Clock Start,15
Cardiology Service,IMD,6,01 To 18 Weeks,23665
Cardiology Service,IMD,6,18 To 52 Weeks,14180
Cardiology Service,IMD,6,Over 52 Weeks,580
Cardiology Service,IMD,6,Total,38435
Cardiology Service,IMD,7,Unknown Clock Start,20
Cardiology Service,IMD,7,01 To 18 Weeks,23495
Cardiology Service,IMD,7,18 To 52 Weeks,14070
Cardiology Service,IMD,7,Over 52 Weeks,600
Cardiology Service,IMD,7,Total,38190
Cardiology Service,IMD,8,Unknown Clock Start,30
Cardiology Service,IMD,8,01 To 18 Weeks,23605
Cardiology Service,IMD,8,18 To 52 Weeks,13780
Cardiology Service,IMD,8,Over 52 Weeks,540
Cardiology Service,IMD,8,Total,37955
Cardiology Service,IMD,9,Unknown Clock Start,45
Cardiology Service,IMD,9,01 To 18 Weeks,23880
Cardiology Service,IMD,9,18 To 52 Weeks,13595
Cardiology Service,IMD,9,Over 52 Weeks,610
Cardiology Service,IMD,9,Total,38125
Cardiology Service,Sex,Female,Unknown Clock Start,110
Cardiology Service,Sex,Female,01 To 18 Weeks,106870
Cardiology Service,Sex,Female,18 To 52 Weeks,65615
Cardiology Service,Sex,Female,Over 52 Weeks,2835
Cardiology Service,Sex,Female,Total,175435
Cardiology Service,Sex,Male,Unknown Clock Start,110
Cardiology Service,Sex,Male,01 To 18 Weeks,113095
Cardiology Service,Sex,Male,18 To 52 Weeks,65560
Cardiology Service,Sex,Male,Over 52 Weeks,2585
Cardiology Service,Sex,Male,Total,181355
Cardiothoracic Surgery Service,Age,0-18 Years,01 To 18 Weeks,230
Cardiothoracic Surgery Service,Age,0-18 Years,18 To 52 Weeks,160
Cardiothoracic Surgery Service,Age,0-18 Years,Over 52 Weeks,*
Cardiothoracic Surgery Service,Age,0-18 Years,Total,395
Cardiothoracic Surgery Service,Age,19-64 Years,01 To 18 Weeks,4315
Cardiothoracic Surgery Service,Age,19-64 Years,18 To 52 Weeks,1745
Cardiothoracic Surgery Service,Age,19-64 Years,Over 52 Weeks,70
Cardiothoracic Surgery Service,Age,19-64 Years,Total,6125
Cardiothoracic Surgery Service,Age,Over 65 Years,01 To 18 Weeks,5345
Cardiothoracic Surgery Service,Age,Over 65 Years,18 To 52 Weeks,2080
Cardiothoracic Surgery Service,Age,Over 65 Years,Over 52 Weeks,105
Cardiothoracic Surgery Service,Age,Over 65 Years,Total,7530
Cardiothoracic Surgery Service,Ethnicity,99: Not known,01 To 18 Weeks,220
Cardiothoracic Surgery Service,Ethnicity,99: Not known,18 To 52 Weeks,75
Cardiothoracic Surgery Service,Ethnicity,99: Not known,Over 52 Weeks,*
Cardiothoracic Surgery Service,Ethnicity,99: Not known,Total,300
Cardiothoracic Surgery Service,Ethnicity,A: British,01 To 18 Weeks,7480
Cardiothoracic Surgery Service,Ethnicity,A: British,18 To 52 Weeks,2960
Cardiothoracic Surgery Service,Ethnicity,A: British,Over 52 Weeks,140
Cardiothoracic Surgery Service,Ethnicity,A: British,Total,10585
Cardiothoracic Surgery Service,Ethnicity,B: Irish,01 To 18 Weeks,65
Cardiothoracic Surgery Service,Ethnicity,B: Irish,18 To 52 Weeks,20
Cardiothoracic Surgery Service,Ethnicity,B: Irish,Over 52 Weeks,*
Cardiothoracic Surgery Service,Ethnicity,B: Irish,Total,85
Cardiothoracic Surgery Service,Ethnicity,C: Any other white background,01 To 18 Weeks,535
Cardiothoracic Surgery Service,Ethnicity,C: Any other white background,18 To 52 Weeks,235
Cardiothoracic Surgery Service,Ethnicity,C: Any other white background,Over 52 Weeks,10
Cardiothoracic Surgery Service,Ethnicity,C: Any other white background,Total,780
Cardiothoracic Surgery Service,Ethnicity,D: White and Black Caribbean,01 To 18 Weeks,25
Cardiothoracic Surgery Service,Ethnicity,D: White and Black Caribbean,18 To 52 Weeks,*
Cardiothoracic Surgery Service,Ethnicity,D: White and Black Caribbean,Total,25
Cardiothoracic Surgery Service,Ethnicity,E: White and Black African,01 To 18 Weeks,10
Cardiothoracic Surgery Service,Ethnicity,E: White and Black African,18 To 52 Weeks,10
Cardiothoracic Surgery Service,Ethnicity,E: White and Black African,Total,20
Cardiothoracic Surgery Service,Ethnicity,F: White and Asian,01 To 18 Weeks,30
Cardiothoracic Surgery Service,Ethnicity,F: White and Asian,18 To 52 Weeks,10
Cardiothoracic Surgery Service,Ethnicity,F: White and Asian,Total,35
Cardiothoracic Surgery Service,Ethnicity,G: Any other mixed background,01 To 18 Weeks,55
Cardiothoracic Surgery Service,Ethnicity,G: Any other mixed background,18 To 52 Weeks,15
Cardiothoracic Surgery Service,Ethnicity,G: Any other mixed background,Over 52 Weeks,*
Cardiothoracic Surgery Service,Ethnicity,G: Any other mixed background,Total,70
Cardiothoracic Surgery Service,Ethnicity,H: Indian,01 To 18 Weeks,230
Cardiothoracic Surgery Service,Ethnicity,H: Indian,18 To 52 Weeks,130
Cardiothoracic Surgery Service,Ethnicity,H: Indian,Over 52 Weeks,*
Cardiothoracic Surgery Service,Ethnicity,H: Indian,Total,365
Cardiothoracic Surgery Service,Ethnicity,J: Pakistani,01 To 18 Weeks,180
Cardiothoracic Surgery Service,Ethnicity,J: Pakistani,18 To 52 Weeks,80
Cardiothoracic Surgery Service,Ethnicity,J: Pakistani,Over 52 Weeks,*
Cardiothoracic Surgery Service,Ethnicity,J: Pakistani,Total,265
Cardiothoracic Surgery Service,Ethnicity,K: Bangladeshi,01 To 18 Weeks,85
Cardiothoracic Surgery Service,Ethnicity,K: Bangladeshi,18 To 52 Weeks,35
Cardiothoracic Surgery Service,Ethnicity,K: Bangladeshi,Over 52 Weeks,*
Cardiothoracic Surgery Service,Ethnicity,K: Bangladeshi,Total,120
Cardiothoracic Surgery Service,Ethnicity,L: Any other Asian background,01 To 18 Weeks,200
Cardiothoracic Surgery Service,Ethnicity,L: Any other Asian background,18 To 52 Weeks,105
Cardiothoracic Surgery Service,Ethnicity,L: Any other Asian background,Over 52 Weeks,*
Cardiothoracic Surgery Service,Ethnicity,L: Any other Asian background,Total,310
Cardiothoracic Surgery Service,Ethnicity,M: Caribbean,01 To 18 Weeks,70
Cardiothoracic Surgery Service,Ethnicity,M: Caribbean,18 To 52 Weeks,30
Cardiothoracic Surgery Service,Ethnicity,M: Caribbean,Over 52 Weeks,*
Cardiothoracic Surgery Service,Ethnicity,M: Caribbean,Total,105
Cardiothoracic Surgery Service,Ethnicity,N: African,01 To 18 Weeks,125
Cardiothoracic Surgery Service,Ethnicity,N: African,18 To 52 Weeks,65
Cardiothoracic Surgery Service,Ethnicity,N: African,Over 52 Weeks,*
Cardiothoracic Surgery Service,Ethnicity,N: African,Total,190
Cardiothoracic Surgery Service,Ethnicity,P: Any other Black background,01 To 18 Weeks,50
Cardiothoracic Surgery Service,Ethnicity,P: Any other Black background,18 To 52 Weeks,35
Cardiothoracic Surgery Service,Ethnicity,P: Any other Black background,Over 52 Weeks,*
Cardiothoracic Surgery Service,Ethnicity,P: Any other Black background,Total,85
Cardiothoracic Surgery Service,Ethnicity,R: Chinese,01 To 18 Weeks,40
Cardiothoracic Surgery Service,Ethnicity,R: Chinese,18 To 52 Weeks,25
Cardiothoracic Surgery Service,Ethnicity,R: Chinese,Total,65
Cardiothoracic Surgery Service,Ethnicity,S: Any other ethnic group,01 To 18 Weeks,95
Cardiothoracic Surgery Service,Ethnicity,S: Any other ethnic group,18 To 52 Weeks,40
Cardiothoracic Surgery Service,Ethnicity,S: Any other ethnic group,Over 52 Weeks,*
Cardiothoracic Surgery Service,Ethnicity,S: Any other ethnic group,Total,135
Cardiothoracic Surgery Service,Ethnicity,Z: Not stated,01 To 18 Weeks,405
Cardiothoracic Surgery Service,Ethnicity,Z: Not stated,18 To 52 Weeks,115
Cardiothoracic Surgery Service,Ethnicity,Z: Not stated,Over 52 Weeks,*
Cardiothoracic Surgery Service,Ethnicity,Z: Not stated,Total,525
Cardiothoracic Surgery Service,IMD,1,01 To 18 Weeks,885
Cardiothoracic Surgery Service,IMD,1,18 To 52 Weeks,400
Cardiothoracic Surgery Service,IMD,1,Over 52 Weeks,25
Cardiothoracic Surgery Service,IMD,1,Total,1310
Cardiothoracic Surgery Service,IMD,10,01 To 18 Weeks,950
Cardiothoracic Surgery Service,IMD,10,18 To 52 Weeks,325
Cardiothoracic Surgery Service,IMD,10,Over 52 Weeks,15
Cardiothoracic Surgery Service,IMD,10,Total,1295
Cardiothoracic Surgery Service,IMD,2,01 To 18 Weeks,895
Cardiothoracic Surgery Service,IMD,2,18 To 52 Weeks,380
Cardiothoracic Surgery Service,IMD,2,Over 52 Weeks,20
Cardiothoracic Surgery Service,IMD,2,Total,1295
Cardiothoracic Surgery Service,IMD,3,01 To 18 Weeks,955
Cardiothoracic Surgery Service,IMD,3,18 To 52 Weeks,400
Cardiothoracic Surgery Service,IMD,3,Over 52 Weeks,15
Cardiothoracic Surgery Service,IMD,3,Total,1370
Cardiothoracic Surgery Service,IMD,4,01 To 18 Weeks,955
Cardiothoracic Surgery Service,IMD,4,18 To 52 Weeks,425
Cardiothoracic Surgery Service,IMD,4,Over 52 Weeks,20
Cardiothoracic Surgery Service,IMD,4,Total,1400
Cardiothoracic Surgery Service,IMD,5,01 To 18 Weeks,975
Cardiothoracic Surgery Service,IMD,5,18 To 52 Weeks,435
Cardiothoracic Surgery Service,IMD,5,Over 52 Weeks,10
Cardiothoracic Surgery Service,IMD,5,Total,1425
Cardiothoracic Surgery Service,IMD,6,01 To 18 Weeks,1025
Cardiothoracic Surgery Service,IMD,6,18 To 52 Weeks,405
Cardiothoracic Surgery Service,IMD,6,Over 52 Weeks,10
Cardiothoracic Surgery Service,IMD,6,Total,1440
Cardiothoracic Surgery Service,IMD,7,01 To 18 Weeks,1075
Cardiothoracic Surgery Service,IMD,7,18 To 52 Weeks,365
Cardiothoracic Surgery Service,IMD,7,Over 52 Weeks,20
Cardiothoracic Surgery Service,IMD,7,Total,1460
Cardiothoracic Surgery Service,IMD,8,01 To 18 Weeks,1060
Cardiothoracic Surgery Service,IMD,8,18 To 52 Weeks,400
Cardiothoracic Surgery Service,IMD,8,Over 52 Weeks,20
Cardiothoracic Surgery Service,IMD,8,Total,1480
Cardiothoracic Surgery Service,IMD,9,01 To 18 Weeks,950
Cardiothoracic Surgery Service,IMD,9,18 To 52 Weeks,370
Cardiothoracic Surgery Service,IMD,9,Over 52 Weeks,20
Cardiothoracic Surgery Service,IMD,9,Total,1340
Cardiothoracic Surgery Service,Sex,Female,01 To 18 Weeks,3055
Cardiothoracic Surgery Service,Sex,Female,18 To 52 Weeks,1210
Cardiothoracic Surgery Service,Sex,Female,Over 52 Weeks,55
Cardiothoracic Surgery Service,Sex,Female,Total,4315
Cardiothoracic Surgery Service,Sex,Male,01 To 18 Weeks,5470
Cardiothoracic Surgery Service,Sex,Male,18 To 52 Weeks,2110
Cardiothoracic Surgery Service,Sex,Male,Over 52 Weeks,105
Cardiothoracic Surgery Service,Sex,Male,Total,7685
Dermatology Service,Age,0-18 Years,Unknown Clock Start,*
Dermatology Service,Age,0-18 Years,01 To 18 Weeks,14630
Dermatology Service,Age,0-18 Years,18 To 52 Weeks,12580
Dermatology Service,Age,0-18 Years,Over 52 Weeks,645
Dermatology Service,Age,0-18 Years,Total,27850
Dermatology Service,Age,19-64 Years,Unknown Clock Start,60
Dermatology Service,Age,19-64 Years,01 To 18 Weeks,123640
Dermatology Service,Age,19-64 Years,18 To 52 Weeks,86470
Dermatology Service,Age,19-64 Years,Over 52 Weeks,5255
Dermatology Service,Age,19-64 Years,Total,215425
Dermatology Service,Age,Over 65 Years,Unknown Clock Start,55
Dermatology Service,Age,Over 65 Years,01 To 18 Weeks,95560
Dermatology Service,Age,Over 65 Years,18 To 52 Weeks,44745
Dermatology Service,Age,Over 65 Years,Over 52 Weeks,2505
Dermatology Service,Age,Over 65 Years,Total,142865
Dermatology Service,Ethnicity,99: Not known,01 To 18 Weeks,10040
Dermatology Service,Ethnicity,99: Not known,18 To 52 Weeks,5610
Dermatology Service,Ethnicity,99: Not known,Over 52 Weeks,445
Dermatology Service,Ethnicity,99: Not known,Total,16095
Dermatology Service,Ethnicity,A: British,Unknown Clock Start,95
Dermatology Service,Ethnicity,A: British,01 To 18 Weeks,174130
Dermatology Service,Ethnicity,A: British,18 To 52 Weeks,101310
Dermatology Service,Ethnicity,A: British,Over 52 Weeks,6165
Dermatology Service,Ethnicity,A: British,Total,281700
Dermatology Service,Ethnicity,B: Irish,Unknown Clock Start,*
Dermatology Service,Ethnicity,B: Irish,01 To 18 Weeks,1675
Dermatology Service,Ethnicity,B: Irish,18 To 52 Weeks,985
Dermatology Service,Ethnicity,B: Irish,Over 52 Weeks,45
Dermatology Service,Ethnicity,B: Irish,Total,2705
Dermatology Service,Ethnicity,C: Any other white background,Unknown Clock Start,*
Dermatology Service,Ethnicity,C: Any other white background,01 To 18 Weeks,13355
Dermatology Service,Ethnicity,C: Any other white background,18 To 52 Weeks,9015
Dermatology Service,Ethnicity,C: Any other white background,Over 52 Weeks,495
Dermatology Service,Ethnicity,C: Any other white background,Total,22870
Dermatology Service,Ethnicity,D: White and Black Caribbean,01 To 18 Weeks,710
Dermatology Service,Ethnicity,D: White and Black Caribbean,18 To 52 Weeks,555
Dermatology Service,Ethnicity,D: White and Black Caribbean,Over 52 Weeks,30
Dermatology Service,Ethnicity,D: White and Black Caribbean,Total,1295
Dermatology Service,Ethnicity,E: White and Black African,01 To 18 Weeks,375
Dermatology Service,Ethnicity,E: White and Black African,18 To 52 Weeks,345
Dermatology Service,Ethnicity,E: White and Black African,Over 52 Weeks,20
Dermatology Service,Ethnicity,E: White and Black African,Total,740
Dermatology Service,Ethnicity,F: White and Asian,01 To 18 Weeks,655
Dermatology Service,Ethnicity,F: White and Asian,18 To 52 Weeks,490
Dermatology Service,Ethnicity,F: White and Asian,Over 52 Weeks,30
Dermatology Service,Ethnicity,F: White and Asian,Total,1175
Dermatology Service,Ethnicity,G: Any other mixed background,Unknown Clock Start,*
Dermatology Service,Ethnicity,G: Any other mixed background,01 To 18 Weeks,1500
Dermatology Service,Ethnicity,G: Any other mixed background,18 To 52 Weeks,1240
Dermatology Service,Ethnicity,G: Any other mixed background,Over 52 Weeks,70
Dermatology Service,Ethnicity,G: Any other mixed background,Total,2810
Dermatology Service,Ethnicity,H: Indian,Unknown Clock Start,*
Dermatology Service,Ethnicity,H: Indian,01 To 18 Weeks,4660
Dermatology Service,Ethnicity,H: Indian,18 To 52 Weeks,3810
Dermatology Service,Ethnicity,H: Indian,Over 52 Weeks,215
Dermatology Service,Ethnicity,H: Indian,Total,8695
Dermatology Service,Ethnicity,J: Pakistani,01 To 18 Weeks,4090
Dermatology Service,Ethnicity,J: Pakistani,18 To 52 Weeks,3390
Dermatology Service,Ethnicity,J: Pakistani,Over 52 Weeks,180
Dermatology Service,Ethnicity,J: Pakistani,Total,7660
Dermatology Service,Ethnicity,K: Bangladeshi,01 To 18 Weeks,1575
Dermatology Service,Ethnicity,K: Bangladeshi,18 To 52 Weeks,1595
Dermatology Service,Ethnicity,K: Bangladeshi,Over 52 Weeks,60
Dermatology Service,Ethnicity,K: Bangladeshi,Total,3230
Dermatology Service,Ethnicity,L: Any other Asian background,Unknown Clock Start,*
Dermatology Service,Ethnicity,L: Any other Asian background,01 To 18 Weeks,3890
Dermatology Service,Ethnicity,L: Any other Asian background,18 To 52 Weeks,3340
Dermatology Service,Ethnicity,L: Any other Asian background,Over 52 Weeks,195
Dermatology Service,Ethnicity,L: Any other Asian background,Total,7430
Dermatology Service,Ethnicity,M: Caribbean,01 To 18 Weeks,1905
Dermatology Service,Ethnicity,M: Caribbean,18 To 52 Weeks,1565
Dermatology Service,Ethnicity,M: Caribbean,Over 52 Weeks,85
Dermatology Service,Ethnicity,M: Caribbean,Total,3555
Dermatology Service,Ethnicity,N: African,01 To 18 Weeks,2905
Dermatology Service,Ethnicity,N: African,18 To 52 Weeks,2510
Dermatology Service,Ethnicity,N: African,Over 52 Weeks,150
Dermatology Service,Ethnicity,N: African,Total,5560
Dermatology Service,Ethnicity,P: Any other Black background,Unknown Clock Start,*
Dermatology Service,Ethnicity,P: Any other Black background,01 To 18 Weeks,1530
Dermatology Service,Ethnicity,P: Any other Black background,18 To 52 Weeks,1355
Dermatology Service,Ethnicity,P: Any other Black background,Over 52 Weeks,75
Dermatology Service,Ethnicity,P: Any other Black background,Total,2960
Dermatology Service,Ethnicity,R: Chinese,01 To 18 Weeks,895
Dermatology Service,Ethnicity,R: Chinese,18 To 52 Weeks,635
Dermatology Service,Ethnicity,R: Chinese,Over 52 Weeks,40
Dermatology Service,Ethnicity,R: Chinese,Total,1575
Dermatology Service,Ethnicity,S: Any other ethnic group,Unknown Clock Start,*
Dermatology Service,Ethnicity,S: Any other ethnic group,01 To 18 Weeks,2235
Dermatology Service,Ethnicity,S: Any other ethnic group,18 To 52 Weeks,1595
Dermatology Service,Ethnicity,S: Any other ethnic group,Over 52 Weeks,95
Dermatology Service,Ethnicity,S: Any other ethnic group,Total,3930
Dermatology Service,Ethnicity,Z: Not stated,Unknown Clock Start,10
Dermatology Service,Ethnicity,Z: Not stated,01 To 18 Weeks,12565
Dermatology Service,Ethnicity,Z: Not stated,18 To 52 Weeks,7830
Dermatology Service,Ethnicity,Z: Not stated,Over 52 Weeks,490
Dermatology Service,Ethnicity,Z: Not stated,Total,20895
Dermatology Service,IMD,1,Unknown Clock Start,*
Dermatology Service,IMD,1,01 To 18 Weeks,16160
Dermatology Service,IMD,1,18 To 52 Weeks,12190
Dermatology Service,IMD,1,Over 52 Weeks,825
Dermatology Service,IMD,1,Total,29175
Dermatology Service,IMD,10,Unknown Clock Start,20
Dermatology Service,IMD,10,01 To 18 Weeks,27095
Dermatology Service,IMD,10,18 To 52 Weeks,15825
Dermatology Service,IMD,10,Over 52 Weeks,1050
Dermatology Service,IMD,10,Total,43995
Dermatology Service,IMD,2,Unknown Clock Start,*
Dermatology Service,IMD,2,01 To 18 Weeks,18550
Dermatology Service,IMD,2,18 To 52 Weeks,13140
Dermatology Service,IMD,2,Over 52 Weeks,755
Dermatology Service,IMD,2,Total,32455
Dermatology Service,IMD,3,Unknown Clock Start,*
Dermatology Service,IMD,3,01 To 18 Weeks,20855
Dermatology Service,IMD,3,18 To 52 Weeks,13890
Dermatology Service,IMD,3,Over 52 Weeks,800
Dermatology Service,IMD,3,Total,35555
Dermatology Service,IMD,4,Unknown Clock Start,*
Dermatology Service,IMD,4,01 To 18 Weeks,22495
Dermatology Service,IMD,4,18 To 52 Weeks,13975
Dermatology Service,IMD,4,Over 52 Weeks,790
Dermatology Service,IMD,4,Total,37270
Dermatology Service,IMD,5,Unknown Clock Start,10
Dermatology Service,IMD,5,01 To 18 Weeks,23470
Dermatology Service,IMD,5,18 To 52 Weeks,13950
Dermatology Service,IMD,5,Over 52 Weeks,825
Dermatology Service,IMD,5,Total,38255
Dermatology Service,IMD,6,Unknown Clock Start,10
Dermatology Service,IMD,6,01 To 18 Weeks,24560
Dermatology Service,IMD,6,18 To 52 Weeks,14745
Dermatology Service,IMD,6,Over 52 Weeks,815
Dermatology Service,IMD,6,Total,40130
Dermatology Service,IMD,7,Unknown Clock Start,15
Dermatology Service,IMD,7,01 To 18 Weeks,25175
Dermatology Service,IMD,7,18 To 52 Weeks,14830
Dermatology Service,IMD,7,Over 52 Weeks,910
Dermatology Service,IMD,7,Total,40935
Dermatology Service,IMD,8,Unknown Clock Start,20
Dermatology Service,IMD,8,01 To 18 Weeks,25925
Dermatology Service,IMD,8,18 To 52 Weeks,15040
Dermatology Service,IMD,8,Over 52 Weeks,950
Dermatology Service,IMD,8,Total,41935
Dermatology Service,IMD,9,Unknown Clock Start,20
Dermatology Service,IMD,9,01 To 18 Weeks,26430
Dermatology Service,IMD,9,18 To 52 Weeks,15485
Dermatology Service,IMD,9,Over 52 Weeks,970
Dermatology Service,IMD,9,Total,42905
Dermatology Service,Sex,Female,Unknown Clock Start,65
Dermatology Service,Sex,Female,01 To 18 Weeks,124170
Dermatology Service,Sex,Female,18 To 52 Weeks,80515
Dermatology Service,Sex,Female,Over 52 Weeks,4805
Dermatology Service,Sex,Female,Total,209555
Dermatology Service,Sex,Male,Unknown Clock Start,50
Dermatology Service,Sex,Male,01 To 18 Weeks,96010
Dermatology Service,Sex,Male,18 To 52 Weeks,57025
Dermatology Service,Sex,Male,Over 52 Weeks,3350
Dermatology Service,Sex,Male,Total,156440
Ear Nose and Throat Service,Age,0-18 Years,Unknown Clock Start,15
Ear Nose and Throat Service,Age,0-18 Years,01 To 18 Weeks,36350
Ear Nose and Throat Service,Age,0-18 Years,18 To 52 Weeks,43455
Ear Nose and Throat Service,Age,0-18 Years,Over 52 Weeks,3155
Ear Nose and Throat Service,Age,0-18 Years,Total,82975
Ear Nose and Throat Service,Age,19-64 Years,Unknown Clock Start,145
Ear Nose and Throat Service,Age,19-64 Years,01 To 18 Weeks,167345
Ear Nose and Throat Service,Age,19-64 Years,18 To 52 Weeks,148395
Ear Nose and Throat Service,Age,19-64 Years,Over 52 Weeks,11620
Ear Nose and Throat Service,Age,19-64 Years,Total,327510
Ear Nose and Throat Service,Age,Over 65 Years,Unknown Clock Start,85
Ear Nose and Throat Service,Age,Over 65 Years,01 To 18 Weeks,82520
Ear Nose and Throat Service,Age,Over 65 Years,18 To 52 Weeks,63510
Ear Nose and Throat Service,Age,Over 65 Years,Over 52 Weeks,4465
Ear Nose and Throat Service,Age,Over 65 Years,Total,150580
Ear Nose and Throat Service,Ethnicity,99: Not known,Unknown Clock Start,*
Ear Nose and Throat Service,Ethnicity,99: Not known,01 To 18 Weeks,11660
Ear Nose and Throat Service,Ethnicity,99: Not known,18 To 52 Weeks,9255
Ear Nose and Throat Service,Ethnicity,99: Not known,Over 52 Weeks,610
Ear Nose and Throat Service,Ethnicity,99: Not known,Total,21530
Ear Nose and Throat Service,Ethnicity,A: British,Unknown Clock Start,205
Ear Nose and Throat Service,Ethnicity,A: British,01 To 18 Weeks,202635
Ear Nose and Throat Service,Ethnicity,A: British,18 To 52 Weeks,171895
Ear Nose and Throat Service,Ethnicity,A: British,Over 52 Weeks,13250
Ear Nose and Throat Service,Ethnicity,A: British,Total,387980
Ear Nose and Throat Service,Ethnicity,B: Irish,01 To 18 Weeks,1560
Ear Nose and Throat Service,Ethnicity,B: Irish,18 To 52 Weeks,1320
Ear Nose and Throat Service,Ethnicity,B: Irish,Over 52 Weeks,85
Ear Nose and Throat Service,Ethnicity,B: Irish,Total,2970
Ear Nose and Throat Service,Ethnicity,C: Any other white background,Unknown Clock Start,10
Ear Nose and Throat Service,Ethnicity,C: Any other white background,01 To 18 Weeks,18945
Ear Nose and Throat Service,Ethnicity,C: Any other white background,18 To 52 Weeks,18130
Ear Nose and Throat Service,Ethnicity,C: Any other white background,Over 52 Weeks,1285
Ear Nose and Throat Service,Ethnicity,C: Any other white background,Total,38370
Ear Nose and Throat Service,Ethnicity,D: White and Black Caribbean,01 To 18 Weeks,1080
Ear Nose and Throat Service,Ethnicity,D: White and Black Caribbean,18 To 52 Weeks,1180
Ear Nose and Throat Service,Ethnicity,D: White and Black Caribbean,Over 52 Weeks,80
Ear Nose and Throat Service,Ethnicity,D: White and Black Caribbean,Total,2340
Ear Nose and Throat Service,Ethnicity,E: White and Black African,01 To 18 Weeks,625
Ear Nose and Throat Service,Ethnicity,E: White and Black African,18 To 52 Weeks,630
Ear Nose and Throat Service,Ethnicity,E: White and Black African,Over 52 Weeks,35
Ear Nose and Throat Service,Ethnicity,E: White and Black African,Total,1290
Ear Nose and Throat Service,Ethnicity,F: White and Asian,01 To 18 Weeks,1030
Ear Nose and Throat Service,Ethnicity,F: White and Asian,18 To 52 Weeks,1000
Ear Nose and Throat Service,Ethnicity,F: White and Asian,Over 52 Weeks,75
Ear Nose and Throat Service,Ethnicity,F: White and Asian,Total,2105
Ear Nose and Throat Service,Ethnicity,G: Any other mixed background,01 To 18 Weeks,2525
Ear Nose and Throat Service,Ethnicity,G: Any other mixed background,18 To 52 Weeks,2490
Ear Nose and Throat Service,Ethnicity,G: Any other mixed background,Over 52 Weeks,185
Ear Nose and Throat Service,Ethnicity,G: Any other mixed background,Total,5205
Ear Nose and Throat Service,Ethnicity,H: Indian,Unknown Clock Start,*
Ear Nose and Throat Service,Ethnicity,H: Indian,01 To 18 Weeks,7980
Ear Nose and Throat Service,Ethnicity,H: Indian,18 To 52 Weeks,8725
Ear Nose and Throat Service,Ethnicity,H: Indian,Over 52 Weeks,650
Ear Nose and Throat Service,Ethnicity,H: Indian,Total,17355
Ear Nose and Throat Service,Ethnicity,J: Pakistani,Unknown Clock Start,*
Ear Nose and Throat Service,Ethnicity,J: Pakistani,01 To 18 Weeks,8330
Ear Nose and Throat Service,Ethnicity,J: Pakistani,18 To 52 Weeks,7670
Ear Nose and Throat Service,Ethnicity,J: Pakistani,Over 52 Weeks,560
Ear Nose and Throat Service,Ethnicity,J: Pakistani,Total,16560
Ear Nose and Throat Service,Ethnicity,K: Bangladeshi,01 To 18 Weeks,2920
Ear Nose and Throat Service,Ethnicity,K: Bangladeshi,18 To 52 Weeks,2680
Ear Nose and Throat Service,Ethnicity,K: Bangladeshi,Over 52 Weeks,240
Ear Nose and Throat Service,Ethnicity,K: Bangladeshi,Total,5840
Ear Nose and Throat Service,Ethnicity,L: Any other Asian background,Unknown Clock Start,*
Ear Nose and Throat Service,Ethnicity,L: Any other Asian background,01 To 18 Weeks,6840
Ear Nose and Throat Service,Ethnicity,L: Any other Asian background,18 To 52 Weeks,6875
Ear Nose and Throat Service,Ethnicity,L: Any other Asian background,Over 52 Weeks,485
Ear Nose and Throat Service,Ethnicity,L: Any other Asian background,Total,14200
Ear Nose and Throat Service,Ethnicity,M: Caribbean,Unknown Clock Start,*
Ear Nose and Throat Service,Ethnicity,M: Caribbean,01 To 18 Weeks,2550
Ear Nose and Throat Service,Ethnicity,M: Caribbean,18 To 52 Weeks,2390
Ear Nose and Throat Service,Ethnicity,M: Caribbean,Over 52 Weeks,160
Ear Nose and Throat Service,Ethnicity,M: Caribbean,Total,5105
Ear Nose and Throat Service,Ethnicity,N: African,Unknown Clock Start,*
Ear Nose and Throat Service,Ethnicity,N: African,01 To 18 Weeks,4445
Ear Nose and Throat Service,Ethnicity,N: African,18 To 52 Weeks,4545
Ear Nose and Throat Service,Ethnicity,N: African,Over 52 Weeks,365
Ear Nose and Throat Service,Ethnicity,N: African,Total,9355
Ear Nose and Throat Service,Ethnicity,P: Any other Black background,01 To 18 Weeks,2050
Ear Nose and Throat Service,Ethnicity,P: Any other Black background,18 To 52 Weeks,2025
Ear Nose and Throat Service,Ethnicity,P: Any other Black background,Over 52 Weeks,130
Ear Nose and Throat Service,Ethnicity,P: Any other Black background,Total,4210
Ear Nose and Throat Service,Ethnicity,R: Chinese,Unknown Clock Start,*
Ear Nose and Throat Service,Ethnicity,R: Chinese,01 To 18 Weeks,1265
Ear Nose and Throat Service,Ethnicity,R: Chinese,18 To 52 Weeks,1040
Ear Nose and Throat Service,Ethnicity,R: Chinese,Over 52 Weeks,80
Ear Nose and Throat Service,Ethnicity,R: Chinese,Total,2390
Ear Nose and Throat Service,Ethnicity,S: Any other ethnic group,Unknown Clock Start,*
Ear Nose and Throat Service,Ethnicity,S: Any other ethnic group,01 To 18 Weeks,3540
Ear Nose and Throat Service,Ethnicity,S: Any other ethnic group,18 To 52 Weeks,3295
Ear Nose and Throat Service,Ethnicity,S: Any other ethnic group,Over 52 Weeks,230
Ear Nose and Throat Service,Ethnicity,S: Any other ethnic group,Total,7065
Ear Nose and Throat Service,Ethnicity,Z: Not stated,Unknown Clock Start,15
Ear Nose and Throat Service,Ethnicity,Z: Not stated,01 To 18 Weeks,13635
Ear Nose and Throat Service,Ethnicity,Z: Not stated,18 To 52 Weeks,11345
Ear Nose and Throat Service,Ethnicity,Z: Not stated,Over 52 Weeks,750
Ear Nose and Throat Service,Ethnicity,Z: Not stated,Total,25745
Ear Nose and Throat Service,IMD,1,Unknown Clock Start,25
Ear Nose and Throat Service,IMD,1,01 To 18 Weeks,29025
Ear Nose and Throat Service,IMD,1,18 To 52 Weeks,26215
Ear Nose and Throat Service,IMD,1,Over 52 Weeks,2255
Ear Nose and Throat Service,IMD,1,Total,57520
Ear Nose and Throat Service,IMD,10,Unknown Clock Start,25
Ear Nose and Throat Service,IMD,10,01 To 18 Weeks,26175
Ear Nose and Throat Service,IMD,10,18 To 52 Weeks,21510
Ear Nose and Throat Service,IMD,10,Over 52 Weeks,1550
Ear Nose and Throat Service,IMD,10,Total,49265
Ear Nose and Throat Service,IMD,2,Unknown Clock Start,20
Ear Nose and Throat Service,IMD,2,01 To 18 Weeks,29895
Ear Nose and Throat Service,IMD,2,18 To 52 Weeks,26335
Ear Nose and Throat Service,IMD,2,Over 52 Weeks,1935
Ear Nose and Throat Service,IMD,2,Total,58185
Ear Nose and Throat Service,IMD,3,Unknown Clock Start,20
Ear Nose and Throat Service,IMD,3,01 To 18 Weeks,28815
Ear Nose and Throat Service,IMD,3,18 To 52 Weeks,25775
Ear Nose and Throat Service,IMD,3,Over 52 Weeks,2100
Ear Nose and Throat Service,IMD,3,Total,56710
Ear Nose and Throat Service,IMD,4,Unknown Clock Start,20
Ear Nose and Throat Service,IMD,4,01 To 18 Weeks,28770
Ear Nose and Throat Service,IMD,4,18 To 52 Weeks,25890
Ear Nose and Throat Service,IMD,4,Over 52 Weeks,2055
Ear Nose and Throat Service,IMD,4,Total,56735
Ear Nose and Throat Service,IMD,5,Unknown Clock Start,30
Ear Nose and Throat Service,IMD,5,01 To 18 Weeks,28135
Ear Nose and Throat Service,IMD,5,18 To 52 Weeks,25205
Ear Nose and Throat Service,IMD,5,Over 52 Weeks,1910
Ear Nose and Throat Service,IMD,5,Total,55285
Ear Nose and Throat Service,IMD,6,Unknown Clock Start,25
Ear Nose and Throat Service,IMD,6,01 To 18 Weeks,28740
Ear Nose and Throat Service,IMD,6,18 To 52 Weeks,25380
Ear Nose and Throat Service,IMD,6,Over 52 Weeks,1815
Ear Nose and Throat Service,IMD,6,Total,55960
Ear Nose and Throat Service,IMD,7,Unknown Clock Start,35
Ear Nose and Throat Service,IMD,7,01 To 18 Weeks,27990
Ear Nose and Throat Service,IMD,7,18 To 52 Weeks,24245
Ear Nose and Throat Service,IMD,7,Over 52 Weeks,1665
Ear Nose and Throat Service,IMD,7,Total,53930
Ear Nose and Throat Service,IMD,8,Unknown Clock Start,25
Ear Nose and Throat Service,IMD,8,01 To 18 Weeks,28205
Ear Nose and Throat Service,IMD,8,18 To 52 Weeks,24010
Ear Nose and Throat Service,IMD,8,Over 52 Weeks,1720
Ear Nose and Throat Service,IMD,8,Total,53965
Ear Nose and Throat Service,IMD,9,Unknown Clock Start,20
Ear Nose and Throat Service,IMD,9,01 To 18 Weeks,27345
Ear Nose and Throat Service,IMD,9,18 To 52 Weeks,23795
Ear Nose and Throat Service,IMD,9,Over 52 Weeks,1745
Ear Nose and Throat Service,IMD,9,Total,52905
Ear Nose and Throat Service,Sex,Female,Unknown Clock Start,145
Ear Nose and Throat Service,Sex,Female,01 To 18 Weeks,148815
Ear Nose and Throat Service,Sex,Female,18 To 52 Weeks,132795
Ear Nose and Throat Service,Sex,Female,Over 52 Weeks,9995
Ear Nose and Throat Service,Sex,Female,Total,291750
Ear Nose and Throat Service,Sex,Male,Unknown Clock Start,100
Ear Nose and Throat Service,Sex,Male,01 To 18 Weeks,122720
Ear Nose and Throat Service,Sex,Male,18 To 52 Weeks,112965
Ear Nose and Throat Service,Sex,Male,Over 52 Weeks,8760
Ear Nose and Throat Service,Sex,Male,Total,244545
Elderly Medicine Service,Age,0-18 Years,01 To 18 Weeks,50
Elderly Medicine Service,Age,0-18 Years,18 To 52 Weeks,15
Elderly Medicine Service,Age,0-18 Years,Total,65
Elderly Medicine Service,Age,19-64 Years,Unknown Clock Start,*
Elderly Medicine Service,Age,19-64 Years,01 To 18 Weeks,2655
Elderly Medicine Service,Age,19-64 Years,18 To 52 Weeks,705
Elderly Medicine Service,Age,19-64 Years,Over 52 Weeks,*
Elderly Medicine Service,Age,19-64 Years,Total,3365
Elderly Medicine Service,Age,Over 65 Years,Unknown Clock Start,20
Elderly Medicine Service,Age,Over 65 Years,01 To 18 Weeks,18040
Elderly Medicine Service,Age,Over 65 Years,18 To 52 Weeks,4090
Elderly Medicine Service,Age,Over 65 Years,Over 52 Weeks,80
Elderly Medicine Service,Age,Over 65 Years,Total,22230
Elderly Medicine Service,Ethnicity,99: Not known,01 To 18 Weeks,285
Elderly Medicine Service,Ethnicity,99: Not known,18 To 52 Weeks,105
Elderly Medicine Service,Ethnicity,99: Not known,Over 52 Weeks,*
Elderly Medicine Service,Ethnicity,99: Not known,Total,395
Elderly Medicine Service,Ethnicity,A: British,Unknown Clock Start,20
Elderly Medicine Service,Ethnicity,A: British,01 To 18 Weeks,17525
Elderly Medicine Service,Ethnicity,A: British,18 To 52 Weeks,4175
Elderly Medicine Service,Ethnicity,A: British,Over 52 Weeks,75
Elderly Medicine Service,Ethnicity,A: British,Total,21790
Elderly Medicine Service,Ethnicity,B: Irish,01 To 18 Weeks,225
Elderly Medicine Service,Ethnicity,B: Irish,18 To 52 Weeks,45
Elderly Medicine Service,Ethnicity,B: Irish,Total,270
Elderly Medicine Service,Ethnicity,C: Any other white background,01 To 18 Weeks,670
Elderly Medicine Service,Ethnicity,C: Any other white background,18 To 52 Weeks,115
Elderly Medicine Service,Ethnicity,C: Any other white background,Over 52 Weeks,*
Elderly Medicine Service,Ethnicity,C: Any other white background,Total,790
Elderly Medicine Service,Ethnicity,D: White and Black Caribbean,01 To 18 Weeks,20
Elderly Medicine Service,Ethnicity,D: White and Black Caribbean,18 To 52 Weeks,*
Elderly Medicine Service,Ethnicity,D: White and Black Caribbean,Total,20
Elderly Medicine Service,Ethnicity,E: White and Black African,01 To 18 Weeks,10
Elderly Medicine Service,Ethnicity,E: White and Black African,Total,10
Elderly Medicine Service,Ethnicity,F: White and Asian,01 To 18 Weeks,25
Elderly Medicine Service,Ethnicity,F: White and Asian,18 To 52 Weeks,10
Elderly Medicine Service,Ethnicity,F: White and Asian,Total,30
Elderly Medicine Service,Ethnicity,G: Any other mixed background,01 To 18 Weeks,40
Elderly Medicine Service,Ethnicity,G: Any other mixed background,18 To 52 Weeks,*
Elderly Medicine Service,Ethnicity,G: Any other mixed background,Total,45
Elderly Medicine Service,Ethnicity,H: Indian,Unknown Clock Start,*
Elderly Medicine Service,Ethnicity,H: Indian,01 To 18 Weeks,405
Elderly Medicine Service,Ethnicity,H: Indian,18 To 52 Weeks,70
Elderly Medicine Service,Ethnicity,H: Indian,Total,480
Elderly Medicine Service,Ethnicity,J: Pakistani,01 To 18 Weeks,185
Elderly Medicine Service,Ethnicity,J: Pakistani,18 To 52 Weeks,30
Elderly Medicine Service,Ethnicity,J: Pakistani,Total,215
Elderly Medicine Service,Ethnicity,K: Bangladeshi,01 To 18 Weeks,95
Elderly Medicine Service,Ethnicity,K: Bangladeshi,18 To 52 Weeks,*
Elderly Medicine Service,Ethnicity,K: Bangladeshi,Over 52 Weeks,*
Elderly Medicine Service,Ethnicity,K: Bangladeshi,Total,100
Elderly Medicine Service,Ethnicity,L: Any other Asian background,01 To 18 Weeks,195
Elderly Medicine Service,Ethnicity,L: Any other Asian background,18 To 52 Weeks,35
Elderly Medicine Service,Ethnicity,L: Any other Asian background,Over 52 Weeks,*
Elderly Medicine Service,Ethnicity,L: Any other Asian background,Total,230
Elderly Medicine Service,Ethnicity,M: Caribbean,01 To 18 Weeks,265
Elderly Medicine Service,Ethnicity,M: Caribbean,18 To 52 Weeks,20
Elderly Medicine Service,Ethnicity,M: Caribbean,Total,285
Elderly Medicine Service,Ethnicity,N: African,01 To 18 Weeks,200
Elderly Medicine Service,Ethnicity,N: African,18 To 52 Weeks,20
Elderly Medicine Service,Ethnicity,N: African,Total,220
Elderly Medicine Service,Ethnicity,P: Any other Black background,01 To 18 Weeks,100
Elderly Medicine Service,Ethnicity,P: Any other Black background,18 To 52 Weeks,10
Elderly Medicine Service,Ethnicity,P: Any other Black background,Total,110
Elderly Medicine Service,Ethnicity,R: Chinese,01 To 18 Weeks,60
Elderly Medicine Service,Ethnicity,R: Chinese,18 To 52 Weeks,10
Elderly Medicine Service,Ethnicity,R: Chinese,Total,70
Elderly Medicine Service,Ethnicity,S: Any other ethnic group,Unknown Clock Start,*
Elderly Medicine Service,Ethnicity,S: Any other ethnic group,01 To 18 Weeks,95
Elderly Medicine Service,Ethnicity,S: Any other ethnic group,18 To 52 Weeks,25
Elderly Medicine Service,Ethnicity,S: Any other ethnic group,Over 52 Weeks,*
Elderly Medicine Service,Ethnicity,S: Any other ethnic group,Total,120
Elderly Medicine Service,Ethnicity,Z: Not stated,Unknown Clock Start,*
Elderly Medicine Service,Ethnicity,Z: Not stated,01 To 18 Weeks,530
Elderly Medicine Service,Ethnicity,Z: Not stated,18 To 52 Weeks,130
Elderly Medicine Service,Ethnicity,Z: Not stated,Over 52 Weeks,*
Elderly Medicine Service,Ethnicity,Z: Not stated,Total,670
Elderly Medicine Service,IMD,1,01 To 18 Weeks,1965
Elderly Medicine Service,IMD,1,18 To 52 Weeks,465
Elderly Medicine Service,IMD,1,Over 52 Weeks,*
Elderly Medicine Service,IMD,1,Total,2435
Elderly Medicine Service,IMD,10,Unknown Clock Start,10
Elderly Medicine Service,IMD,10,01 To 18 Weeks,1940
Elderly Medicine Service,IMD,10,18 To 52 Weeks,485
Elderly Medicine Service,IMD,10,Over 52 Weeks,20
Elderly Medicine Service,IMD,10,Total,2450
Elderly Medicine Service,IMD,2,Unknown Clock Start,*
Elderly Medicine Service,IMD,2,01 To 18 Weeks,2115
Elderly Medicine Service,IMD,2,18 To 52 Weeks,470
Elderly Medicine Service,IMD,2,Over 52 Weeks,*
Elderly Medicine Service,IMD,2,Total,2585
Elderly Medicine Service,IMD,3,01 To 18 Weeks,2170
Elderly Medicine Service,IMD,3,18 To 52 Weeks,465
Elderly Medicine Service,IMD,3,Over 52 Weeks,*
Elderly Medicine Service,IMD,3,Total,2640
Elderly Medicine Service,IMD,4,01 To 18 Weeks,2120
Elderly Medicine Service,IMD,4,18 To 52 Weeks,465
Elderly Medicine Service,IMD,4,Over 52 Weeks,10
Elderly Medicine Service,IMD,4,Total,2595
Elderly Medicine Service,IMD,5,01 To 18 Weeks,2075
Elderly Medicine Service,IMD,5,18 To 52 Weeks,465
Elderly Medicine Service,IMD,5,Over 52 Weeks,10
Elderly Medicine Service,IMD,5,Total,2545
Elderly Medicine Service,IMD,6,Unknown Clock Start,*
Elderly Medicine Service,IMD,6,01 To 18 Weeks,2030
Elderly Medicine Service,IMD,6,18 To 52 Weeks,435
Elderly Medicine Service,IMD,6,Over 52 Weeks,*
Elderly Medicine Service,IMD,6,Total,2475
Elderly Medicine Service,IMD,7,Unknown Clock Start,*
Elderly Medicine Service,IMD,7,01 To 18 Weeks,2035
Elderly Medicine Service,IMD,7,18 To 52 Weeks,490
Elderly Medicine Service,IMD,7,Over 52 Weeks,10
Elderly Medicine Service,IMD,7,Total,2540
Elderly Medicine Service,IMD,8,Unknown Clock Start,*
Elderly Medicine Service,IMD,8,01 To 18 Weeks,2115
Elderly Medicine Service,IMD,8,18 To 52 Weeks,500
Elderly Medicine Service,IMD,8,Over 52 Weeks,10
Elderly Medicine Service,IMD,8,Total,2630
Elderly Medicine Service,IMD,9,Unknown Clock Start,*
Elderly Medicine Service,IMD,9,01 To 18 Weeks,2095
Elderly Medicine Service,IMD,9,18 To 52 Weeks,515
Elderly Medicine Service,IMD,9,Over 52 Weeks,15
Elderly Medicine Service,IMD,9,Total,2625
Elderly Medicine Service,Sex,Female,Unknown Clock Start,15
Elderly Medicine Service,Sex,Female,01 To 18 Weeks,11380
Elderly Medicine Service,Sex,Female,18 To 52 Weeks,2770
Elderly Medicine Service,Sex,Female,Over 52 Weeks,55
Elderly Medicine Service,Sex,Female,Total,14220
Elderly Medicine Service,Sex,Male,Unknown Clock Start,10
Elderly Medicine Service,Sex,Male,01 To 18 Weeks,8685
Elderly Medicine Service,Sex,Male,18 To 52 Weeks,1835
Elderly Medicine Service,Sex,Male,Over 52 Weeks,25
Elderly Medicine Service,Sex,Male,Total,10550
Gastroenterology Service,Age,0-18 Years,Unknown Clock Start,15
Gastroenterology Service,Age,0-18 Years,01 To 18 Weeks,4025
Gastroenterology Service,Age,0-18 Years,18 To 52 Weeks,2545
Gastroenterology Service,Age,0-18 Years,Over 52 Weeks,110
Gastroenterology Service,Age,0-18 Years,Total,6695
Gastroenterology Service,Age,19-64 Years,Unknown Clock Start,725
Gastroenterology Service,Age,19-64 Years,01 To 18 Weeks,151460
Gastroenterology Service,Age,19-64 Years,18 To 52 Weeks,86645
Gastroenterology Service,Age,19-64 Years,Over 52 Weeks,4470
Gastroenterology Service,Age,19-64 Years,Total,243300
Gastroenterology Service,Age,Over 65 Years,Unknown Clock Start,460
Gastroenterology Service,Age,Over 65 Years,01 To 18 Weeks,81995
Gastroenterology Service,Age,Over 65 Years,18 To 52 Weeks,38080
Gastroenterology Service,Age,Over 65 Years,Over 52 Weeks,1595
Gastroenterology Service,Age,Over 65 Years,Total,122130
Gastroenterology Service,Ethnicity,99: Not known,Unknown Clock Start,*
Gastroenterology Service,Ethnicity,99: Not known,01 To 18 Weeks,9485
Gastroenterology Service,Ethnicity,99: Not known,18 To 52 Weeks,3915
Gastroenterology Service,Ethnicity,99: Not known,Over 52 Weeks,150
Gastroenterology Service,Ethnicity,99: Not known,Total,13555
Gastroenterology Service,Ethnicity,A: British,Unknown Clock Start,835
Gastroenterology Service,Ethnicity,A: British,01 To 18 Weeks,170830
Gastroenterology Service,Ethnicity,A: British,18 To 52 Weeks,91100
Gastroenterology Service,Ethnicity,A: British,Over 52 Weeks,4595
Gastroenterology Service,Ethnicity,A: British,Total,267360
Gastroenterology Service,Ethnicity,B: Irish,Unknown Clock Start,15
Gastroenterology Service,Ethnicity,B: Irish,01 To 18 Weeks,1625
Gastroenterology Service,Ethnicity,B: Irish,18 To 52 Weeks,760
Gastroenterology Service,Ethnicity,B: Irish,Over 52 Weeks,45
Gastroenterology Service,Ethnicity,B: Irish,Total,2445
Gastroenterology Service,Ethnicity,C: Any other white background,Unknown Clock Start,95
Gastroenterology Service,Ethnicity,C: Any other white background,01 To 18 Weeks,14845
Gastroenterology Service,Ethnicity,C: Any other white background,18 To 52 Weeks,7960
Gastroenterology Service,Ethnicity,C: Any other white background,Over 52 Weeks,385
Gastroenterology Service,Ethnicity,C: Any other white background,Total,23285
Gastroenterology Service,Ethnicity,D: White and Black Caribbean,Unknown Clock Start,*
Gastroenterology Service,Ethnicity,D: White and Black Caribbean,01 To 18 Weeks,700
Gastroenterology Service,Ethnicity,D: White and Black Caribbean,18 To 52 Weeks,445
Gastroenterology Service,Ethnicity,D: White and Black Caribbean,Over 52 Weeks,15
Gastroenterology Service,Ethnicity,D: White and Black Caribbean,Total,1165
Gastroenterology Service,Ethnicity,E: White and Black African,Unknown Clock Start,*
Gastroenterology Service,Ethnicity,E: White and Black African,01 To 18 Weeks,435
Gastroenterology Service,Ethnicity,E: White and Black African,18 To 52 Weeks,230
Gastroenterology Service,Ethnicity,E: White and Black African,Over 52 Weeks,15
Gastroenterology Service,Ethnicity,E: White and Black African,Total,680
Gastroenterology Service,Ethnicity,F: White and Asian,Unknown Clock Start,10
Gastroenterology Service,Ethnicity,F: White and Asian,01 To 18 Weeks,650
Gastroenterology Service,Ethnicity,F: White and Asian,18 To 52 Weeks,350
Gastroenterology Service,Ethnicity,F: White and Asian,Over 52 Weeks,20
Gastroenterology Service,Ethnicity,F: White and Asian,Total,1025
Gastroenterology Service,Ethnicity,G: Any other mixed background,Unknown Clock Start,10
Gastroenterology Service,Ethnicity,G: Any other mixed background,01 To 18 Weeks,1540
Gastroenterology Service,Ethnicity,G: Any other mixed background,18 To 52 Weeks,845
Gastroenterology Service,Ethnicity,G: Any other mixed background,Over 52 Weeks,45
Gastroenterology Service,Ethnicity,G: Any other mixed background,Total,2440
Gastroenterology Service,Ethnicity,H: Indian,Unknown Clock Start,35
Gastroenterology Service,Ethnicity,H: Indian,01 To 18 Weeks,6600
Gastroenterology Service,Ethnicity,H: Indian,18 To 52 Weeks,3670
Gastroenterology Service,Ethnicity,H: Indian,Over 52 Weeks,105
Gastroenterology Service,Ethnicity,H: Indian,Total,10415
Gastroenterology Service,Ethnicity,J: Pakistani,Unknown Clock Start,20
Gastroenterology Service,Ethnicity,J: Pakistani,01 To 18 Weeks,5830
Gastroenterology Service,Ethnicity,J: Pakistani,18 To 52 Weeks,3695
Gastroenterology Service,Ethnicity,J: Pakistani,Over 52 Weeks,120
Gastroenterology Service,Ethnicity,J: Pakistani,Total,9665
Gastroenterology Service,Ethnicity,K: Bangladeshi,Unknown Clock Start,10
Gastroenterology Service,Ethnicity,K: Bangladeshi,01 To 18 Weeks,2420
Gastroenterology Service,Ethnicity,K: Bangladeshi,18 To 52 Weeks,1380
Gastroenterology Service,Ethnicity,K: Bangladeshi,Over 52 Weeks,55
Gastroenterology Service,Ethnicity,K: Bangladeshi,Total,3860
Gastroenterology Service,Ethnicity,L: Any other Asian background,Unknown Clock Start,50
Gastroenterology Service,Ethnicity,L: Any other Asian background,01 To 18 Weeks,5415
Gastroenterology Service,Ethnicity,L: Any other Asian background,18 To 52 Weeks,2820
Gastroenterology Service,Ethnicity,L: Any other Asian background,Over 52 Weeks,105
Gastroenterology Service,Ethnicity,L: Any other Asian background,Total,8385
Gastroenterology Service,Ethnicity,M: Caribbean,Unknown Clock Start,*
Gastroenterology Service,Ethnicity,M: Caribbean,01 To 18 Weeks,2605
Gastroenterology Service,Ethnicity,M: Caribbean,18 To 52 Weeks,1400
Gastroenterology Service,Ethnicity,M: Caribbean,Over 52 Weeks,45
Gastroenterology Service,Ethnicity,M: Caribbean,Total,4055
Gastroenterology Service,Ethnicity,N: African,Unknown Clock Start,10
Gastroenterology Service,Ethnicity,N: African,01 To 18 Weeks,4170
Gastroenterology Service,Ethnicity,N: African,18 To 52 Weeks,2190
Gastroenterology Service,Ethnicity,N: African,Over 52 Weeks,105
Gastroenterology Service,Ethnicity,N: African,Total,6475
Gastroenterology Service,Ethnicity,P: Any other Black background,Unknown Clock Start,20
Gastroenterology Service,Ethnicity,P: Any other Black background,01 To 18 Weeks,2025
Gastroenterology Service,Ethnicity,P: Any other Black background,18 To 52 Weeks,1035
Gastroenterology Service,Ethnicity,P: Any other Black background,Over 52 Weeks,45
Gastroenterology Service,Ethnicity,P: Any other Black background,Total,3125
Gastroenterology Service,Ethnicity,R: Chinese,Unknown Clock Start,10
Gastroenterology Service,Ethnicity,R: Chinese,01 To 18 Weeks,1090
Gastroenterology Service,Ethnicity,R: Chinese,18 To 52 Weeks,595
Gastroenterology Service,Ethnicity,R: Chinese,Over 52 Weeks,30
Gastroenterology Service,Ethnicity,R: Chinese,Total,1725
Gastroenterology Service,Ethnicity,S: Any other ethnic group,Unknown Clock Start,15
Gastroenterology Service,Ethnicity,S: Any other ethnic group,01 To 18 Weeks,2780
Gastroenterology Service,Ethnicity,S: Any other ethnic group,18 To 52 Weeks,1315
Gastroenterology Service,Ethnicity,S: Any other ethnic group,Over 52 Weeks,50
Gastroenterology Service,Ethnicity,S: Any other ethnic group,Total,4155
Gastroenterology Service,Ethnicity,Z: Not stated,Unknown Clock Start,45
Gastroenterology Service,Ethnicity,Z: Not stated,01 To 18 Weeks,9750
Gastroenterology Service,Ethnicity,Z: Not stated,18 To 52 Weeks,4610
Gastroenterology Service,Ethnicity,Z: Not stated,Over 52 Weeks,255
Gastroenterology Service,Ethnicity,Z: Not stated,Total,14660
Gastroenterology Service,IMD,1,Unknown Clock Start,10
Gastroenterology Service,IMD,1,01 To 18 Weeks,25080
Gastroenterology Service,IMD,1,18 To 52 Weeks,14695
Gastroenterology Service,IMD,1,Over 52 Weeks,615
Gastroenterology Service,IMD,1,Total,40400
Gastroenterology Service,IMD,10,Unknown Clock Start,300
Gastroenterology Service,IMD,10,01 To 18 Weeks,20460
Gastroenterology Service,IMD,10,18 To 52 Weeks,10555
Gastroenterology Service,IMD,10,Over 52 Weeks,565
Gastroenterology Service,IMD,10,Total,31880
Gastroenterology Service,IMD,2,Unknown Clock Start,35
Gastroenterology Service,IMD,2,01 To 18 Weeks,24790
Gastroenterology Service,IMD,2,18 To 52 Weeks,13750
Gastroenterology Service,IMD,2,Over 52 Weeks,580
Gastroenterology Service,IMD,2,Total,39150
Gastroenterology Service,IMD,3,Unknown Clock Start,85
Gastroenterology Service,IMD,3,01 To 18 Weeks,24955
Gastroenterology Service,IMD,3,18 To 52 Weeks,13455
Gastroenterology Service,IMD,3,Over 52 Weeks,685
Gastroenterology Service,IMD,3,Total,39180
Gastroenterology Service,IMD,4,Unknown Clock Start,95
Gastroenterology Service,IMD,4,01 To 18 Weeks,24280
Gastroenterology Service,IMD,4,18 To 52 Weeks,12805
Gastroenterology Service,IMD,4,Over 52 Weeks,660
Gastroenterology Service,IMD,4,Total,37845
Gastroenterology Service,IMD,5,Unknown Clock Start,80
Gastroenterology Service,IMD,5,01 To 18 Weeks,23255
Gastroenterology Service,IMD,5,18 To 52 Weeks,12045
Gastroenterology Service,IMD,5,Over 52 Weeks,570
Gastroenterology Service,IMD,5,Total,35950
Gastroenterology Service,IMD,6,Unknown Clock Start,85
Gastroenterology Service,IMD,6,01 To 18 Weeks,23180
Gastroenterology Service,IMD,6,18 To 52 Weeks,12020
Gastroenterology Service,IMD,6,Over 52 Weeks,555
Gastroenterology Service,IMD,6,Total,35840
Gastroenterology Service,IMD,7,Unknown Clock Start,165
Gastroenterology Service,IMD,7,01 To 18 Weeks,22720
Gastroenterology Service,IMD,7,18 To 52 Weeks,11910
Gastroenterology Service,IMD,7,Over 52 Weeks,645
Gastroenterology Service,IMD,7,Total,35445
Gastroenterology Service,IMD,8,Unknown Clock Start,160
Gastroenterology Service,IMD,8,01 To 18 Weeks,22575
Gastroenterology Service,IMD,8,18 To 52 Weeks,11835
Gastroenterology Service,IMD,8,Over 52 Weeks,565
Gastroenterology Service,IMD,8,Total,35135
Gastroenterology Service,IMD,9,Unknown Clock Start,180
Gastroenterology Service,IMD,9,01 To 18 Weeks,22075
Gastroenterology Service,IMD,9,18 To 52 Weeks,11185
Gastroenterology Service,IMD,9,Over 52 Weeks,595
Gastroenterology Service,IMD,9,Total,34035
Gastroenterology Service,Sex,Female,Unknown Clock Start,700
Gastroenterology Service,Sex,Female,01 To 18 Weeks,129770
Gastroenterology Service,Sex,Female,18 To 52 Weeks,70705
Gastroenterology Service,Sex,Female,Over 52 Weeks,3455
Gastroenterology Service,Sex,Female,Total,204625
Gastroenterology Service,Sex,Male,Unknown Clock Start,500
Gastroenterology Service,Sex,Male,01 To 18 Weeks,95965
Gastroenterology Service,Sex,Male,18 To 52 Weeks,50040
Gastroenterology Service,Sex,Male,Over 52 Weeks,2145
Gastroenterology Service,Sex,Male,Total,148650
General Internal Medicine Service,Age,0-18 Years,Unknown Clock Start,*
General Internal Medicine Service,Age,0-18 Years,01 To 18 Weeks,245
General Internal Medicine Service,Age,0-18 Years,18 To 52 Weeks,95
General Internal Medicine Service,Age,0-18 Years,Over 52 Weeks,*
General Internal Medicine Service,Age,0-18 Years,Total,350
General Internal Medicine Service,Age,19-64 Years,Unknown Clock Start,25
General Internal Medicine Service,Age,19-64 Years,01 To 18 Weeks,9900
General Internal Medicine Service,Age,19-64 Years,18 To 52 Weeks,5335
General Internal Medicine Service,Age,19-64 Years,Over 52 Weeks,150
General Internal Medicine Service,Age,19-64 Years,Total,15420
General Internal Medicine Service,Age,Over 65 Years,Unknown Clock Start,35
General Internal Medicine Service,Age,Over 65 Years,01 To 18 Weeks,7890
General Internal Medicine Service,Age,Over 65 Years,18 To 52 Weeks,2685
General Internal Medicine Service,Age,Over 65 Years,Over 52 Weeks,65
General Internal Medicine Service,Age,Over 65 Years,Total,10670
General Internal Medicine Service,Ethnicity,99: Not known,01 To 18 Weeks,575
General Internal Medicine Service,Ethnicity,99: Not known,18 To 52 Weeks,350
General Internal Medicine Service,Ethnicity,99: Not known,Over 52 Weeks,10
General Internal Medicine Service,Ethnicity,99: Not known,Total,930
General Internal Medicine Service,Ethnicity,A: British,Unknown Clock Start,55
General Internal Medicine Service,Ethnicity,A: British,01 To 18 Weeks,13055
General Internal Medicine Service,Ethnicity,A: British,18 To 52 Weeks,5215
General Internal Medicine Service,Ethnicity,A: British,Over 52 Weeks,150
General Internal Medicine Service,Ethnicity,A: British,Total,18475
General Internal Medicine Service,Ethnicity,B: Irish,01 To 18 Weeks,125
General Internal Medicine Service,Ethnicity,B: Irish,18 To 52 Weeks,60
General Internal Medicine Service,Ethnicity,B: Irish,Over 52 Weeks,*
General Internal Medicine Service,Ethnicity,B: Irish,Total,185
General Internal Medicine Service,Ethnicity,C: Any other white background,Unknown Clock Start,*
General Internal Medicine Service,Ethnicity,C: Any other white background,01 To 18 Weeks,1190
General Internal Medicine Service,Ethnicity,C: Any other white background,18 To 52 Weeks,750
General Internal Medicine Service,Ethnicity,C: Any other white background,Over 52 Weeks,15
General Internal Medicine Service,Ethnicity,C: Any other white background,Total,1960
General Internal Medicine Service,Ethnicity,D: White and Black Caribbean,01 To 18 Weeks,65
General Internal Medicine Service,Ethnicity,D: White and Black Caribbean,18 To 52 Weeks,45
General Internal Medicine Service,Ethnicity,D: White and Black Caribbean,Total,105
General Internal Medicine Service,Ethnicity,E: White and Black African,01 To 18 Weeks,40
General Internal Medicine Service,Ethnicity,E: White and Black African,18 To 52 Weeks,20
General Internal Medicine Service,Ethnicity,E: White and Black African,Total,65
General Internal Medicine Service,Ethnicity,F: White and Asian,01 To 18 Weeks,40
General Internal Medicine Service,Ethnicity,F: White and Asian,18 To 52 Weeks,30
General Internal Medicine Service,Ethnicity,F: White and Asian,Total,75
General Internal Medicine Service,Ethnicity,G: Any other mixed background,01 To 18 Weeks,135
General Internal Medicine Service,Ethnicity,G: Any other mixed background,18 To 52 Weeks,70
General Internal Medicine Service,Ethnicity,G: Any other mixed background,Over 52 Weeks,*
General Internal Medicine Service,Ethnicity,G: Any other mixed background,Total,210
General Internal Medicine Service,Ethnicity,H: Indian,Unknown Clock Start,*
General Internal Medicine Service,Ethnicity,H: Indian,01 To 18 Weeks,440
General Internal Medicine Service,Ethnicity,H: Indian,18 To 52 Weeks,255
General Internal Medicine Service,Ethnicity,H: Indian,Over 52 Weeks,*
General Internal Medicine Service,Ethnicity,H: Indian,Total,695
General Internal Medicine Service,Ethnicity,J: Pakistani,Unknown Clock Start,*
General Internal Medicine Service,Ethnicity,J: Pakistani,01 To 18 Weeks,265
General Internal Medicine Service,Ethnicity,J: Pakistani,18 To 52 Weeks,120
General Internal Medicine Service,Ethnicity,J: Pakistani,Over 52 Weeks,*
General Internal Medicine Service,Ethnicity,J: Pakistani,Total,395
General Internal Medicine Service,Ethnicity,K: Bangladeshi,01 To 18 Weeks,150
General Internal Medicine Service,Ethnicity,K: Bangladeshi,18 To 52 Weeks,85
General Internal Medicine Service,Ethnicity,K: Bangladeshi,Over 52 Weeks,*
General Internal Medicine Service,Ethnicity,K: Bangladeshi,Total,235
General Internal Medicine Service,Ethnicity,L: Any other Asian background,Unknown Clock Start,*
General Internal Medicine Service,Ethnicity,L: Any other Asian background,01 To 18 Weeks,410
General Internal Medicine Service,Ethnicity,L: Any other Asian background,18 To 52 Weeks,225
General Internal Medicine Service,Ethnicity,L: Any other Asian background,Over 52 Weeks,*
General Internal Medicine Service,Ethnicity,L: Any other Asian background,Total,640
General Internal Medicine Service,Ethnicity,M: Caribbean,Unknown Clock Start,*
General Internal Medicine Service,Ethnicity,M: Caribbean,01 To 18 Weeks,245
General Internal Medicine Service,Ethnicity,M: Caribbean,18 To 52 Weeks,145
General Internal Medicine Service,Ethnicity,M: Caribbean,Over 52 Weeks,*
General Internal Medicine Service,Ethnicity,M: Caribbean,Total,390
General Internal Medicine Service,Ethnicity,N: African,01 To 18 Weeks,375
General Internal Medicine Service,Ethnicity,N: African,18 To 52 Weeks,195
General Internal Medicine Service,Ethnicity,N: African,Over 52 Weeks,*
General Internal Medicine Service,Ethnicity,N: African,Total,575
General Internal Medicine Service,Ethnicity,P: Any other Black background,Unknown Clock Start,*
General Internal Medicine Service,Ethnicity,P: Any other Black background,01 To 18 Weeks,200
General Internal Medicine Service,Ethnicity,P: Any other Black background,18 To 52 Weeks,105
General Internal Medicine Service,Ethnicity,P: Any other Black background,Over 52 Weeks,*
General Internal Medicine Service,Ethnicity,P: Any other Black background,Total,310
General Internal Medicine Service,Ethnicity,R: Chinese,01 To 18 Weeks,90
General Internal Medicine Service,Ethnicity,R: Chinese,18 To 52 Weeks,55
General Internal Medicine Service,Ethnicity,R: Chinese,Over 52 Weeks,*
General Internal Medicine Service,Ethnicity,R: Chinese,Total,145
General Internal Medicine Service,Ethnicity,S: Any other ethnic group,01 To 18 Weeks,190
General Internal Medicine Service,Ethnicity,S: Any other ethnic group,18 To 52 Weeks,115
General Internal Medicine Service,Ethnicity,S: Any other ethnic group,Over 52 Weeks,*
General Internal Medicine Service,Ethnicity,S: Any other ethnic group,Total,305
General Internal Medicine Service,Ethnicity,Z: Not stated,Unknown Clock Start,*
General Internal Medicine Service,Ethnicity,Z: Not stated,01 To 18 Weeks,560
General Internal Medicine Service,Ethnicity,Z: Not stated,18 To 52 Weeks,315
General Internal Medicine Service,Ethnicity,Z: Not stated,Over 52 Weeks,15
General Internal Medicine Service,Ethnicity,Z: Not stated,Total,890
General Internal Medicine Service,IMD,1,Unknown Clock Start,*
General Internal Medicine Service,IMD,1,01 To 18 Weeks,1290
General Internal Medicine Service,IMD,1,18 To 52 Weeks,445
General Internal Medicine Service,IMD,1,Over 52 Weeks,*
General Internal Medicine Service,IMD,1,Total,1745
General Internal Medicine Service,IMD,10,Unknown Clock Start,20
General Internal Medicine Service,IMD,10,01 To 18 Weeks,1685
General Internal Medicine Service,IMD,10,18 To 52 Weeks,700
General Internal Medicine Service,IMD,10,Over 52 Weeks,30
General Internal Medicine Service,IMD,10,Total,2435
General Internal Medicine Service,IMD,2,Unknown Clock Start,*
General Internal Medicine Service,IMD,2,01 To 18 Weeks,1705
General Internal Medicine Service,IMD,2,18 To 52 Weeks,815
General Internal Medicine Service,IMD,2,Over 52 Weeks,10
General Internal Medicine Service,IMD,2,Total,2530
General Internal Medicine Service,IMD,3,Unknown Clock Start,*
General Internal Medicine Service,IMD,3,01 To 18 Weeks,1785
General Internal Medicine Service,IMD,3,18 To 52 Weeks,1000
General Internal Medicine Service,IMD,3,Over 52 Weeks,20
General Internal Medicine Service,IMD,3,Total,2805
General Internal Medicine Service,IMD,4,Unknown Clock Start,*
General Internal Medicine Service,IMD,4,01 To 18 Weeks,2040
General Internal Medicine Service,IMD,4,18 To 52 Weeks,900
General Internal Medicine Service,IMD,4,Over 52 Weeks,25
General Internal Medicine Service,IMD,4,Total,2970
General Internal Medicine Service,IMD,5,Unknown Clock Start,*
General Internal Medicine Service,IMD,5,01 To 18 Weeks,1975
General Internal Medicine Service,IMD,5,18 To 52 Weeks,885
General Internal Medicine Service,IMD,5,Over 52 Weeks,20
General Internal Medicine Service,IMD,5,Total,2885
General Internal Medicine Service,IMD,6,Unknown Clock Start,*
General Internal Medicine Service,IMD,6,01 To 18 Weeks,1895
General Internal Medicine Service,IMD,6,18 To 52 Weeks,825
General Internal Medicine Service,IMD,6,Over 52 Weeks,20
General Internal Medicine Service,IMD,6,Total,2740
General Internal Medicine Service,IMD,7,Unknown Clock Start,*
General Internal Medicine Service,IMD,7,01 To 18 Weeks,1840
General Internal Medicine Service,IMD,7,18 To 52 Weeks,795
General Internal Medicine Service,IMD,7,Over 52 Weeks,25
General Internal Medicine Service,IMD,7,Total,2665
General Internal Medicine Service,IMD,8,Unknown Clock Start,10
General Internal Medicine Service,IMD,8,01 To 18 Weeks,1750
General Internal Medicine Service,IMD,8,18 To 52 Weeks,830
General Internal Medicine Service,IMD,8,Over 52 Weeks,35
General Internal Medicine Service,IMD,8,Total,2625
General Internal Medicine Service,IMD,9,Unknown Clock Start,15
General Internal Medicine Service,IMD,9,01 To 18 Weeks,1760
General Internal Medicine Service,IMD,9,18 To 52 Weeks,760
General Internal Medicine Service,IMD,9,Over 52 Weeks,25
General Internal Medicine Service,IMD,9,Total,2560
General Internal Medicine Service,Sex,Female,Unknown Clock Start,35
General Internal Medicine Service,Sex,Female,01 To 18 Weeks,9395
General Internal Medicine Service,Sex,Female,18 To 52 Weeks,3650
General Internal Medicine Service,Sex,Female,Over 52 Weeks,110
General Internal Medicine Service,Sex,Female,Total,13190
General Internal Medicine Service,Sex,Male,Unknown Clock Start,25
General Internal Medicine Service,Sex,Male,01 To 18 Weeks,5955
General Internal Medicine Service,Sex,Male,18 To 52 Weeks,2405
General Internal Medicine Service,Sex,Male,Over 52 Weeks,105
General Internal Medicine Service,Sex,Male,Total,8490
General Surgery Service,Age,0-18 Years,Unknown Clock Start,*
General Surgery Service,Age,0-18 Years,01 To 18 Weeks,1935
General Surgery Service,Age,0-18 Years,18 To 52 Weeks,1135
General Surgery Service,Age,0-18 Years,Over 52 Weeks,70
General Surgery Service,Age,0-18 Years,Total,3145
General Surgery Service,Age,19-64 Years,Unknown Clock Start,300
General Surgery Service,Age,19-64 Years,01 To 18 Weeks,113435
General Surgery Service,Age,19-64 Years,18 To 52 Weeks,77880
General Surgery Service,Age,19-64 Years,Over 52 Weeks,5645
General Surgery Service,Age,19-64 Years,Total,197260
General Surgery Service,Age,Over 65 Years,Unknown Clock Start,200
General Surgery Service,Age,Over 65 Years,01 To 18 Weeks,62290
General Surgery Service,Age,Over 65 Years,18 To 52 Weeks,38580
General Surgery Service,Age,Over 65 Years,Over 52 Weeks,2620
General Surgery Service,Age,Over 65 Years,Total,103690
General Surgery Service,Ethnicity,99: Not known,Unknown Clock Start,*
General Surgery Service,Ethnicity,99: Not known,01 To 18 Weeks,5130
General Surgery Service,Ethnicity,99: Not known,18 To 52 Weeks,2950
General Surgery Service,Ethnicity,99: Not known,Over 52 Weeks,150
General Surgery Service,Ethnicity,99: Not known,Total,8235
General Surgery Service,Ethnicity,A: British,Unknown Clock Start,365
General Surgery Service,Ethnicity,A: British,01 To 18 Weeks,128810
General Surgery Service,Ethnicity,A: British,18 To 52 Weeks,82485
General Surgery Service,Ethnicity,A: British,Over 52 Weeks,5910
General Surgery Service,Ethnicity,A: British,Total,217570
General Surgery Service,Ethnicity,B: Irish,Unknown Clock Start,10
General Surgery Service,Ethnicity,B: Irish,01 To 18 Weeks,1060
General Surgery Service,Ethnicity,B: Irish,18 To 52 Weeks,690
General Surgery Service,Ethnicity,B: Irish,Over 52 Weeks,45
General Surgery Service,Ethnicity,B: Irish,Total,1805
General Surgery Service,Ethnicity,C: Any other white background,Unknown Clock Start,35
General Surgery Service,Ethnicity,C: Any other white background,01 To 18 Weeks,11525
General Surgery Service,Ethnicity,C: Any other white background,18 To 52 Weeks,8625
General Surgery Service,Ethnicity,C: Any other white background,Over 52 Weeks,620
General Surgery Service,Ethnicity,C: Any other white background,Total,20805
General Surgery Service,Ethnicity,D: White and Black Caribbean,Unknown Clock Start,*
General Surgery Service,Ethnicity,D: White and Black Caribbean,01 To 18 Weeks,560
General Surgery Service,Ethnicity,D: White and Black Caribbean,18 To 52 Weeks,425
General Surgery Service,Ethnicity,D: White and Black Caribbean,Over 52 Weeks,35
General Surgery Service,Ethnicity,D: White and Black Caribbean,Total,1020
General Surgery Service,Ethnicity,E: White and Black African,01 To 18 Weeks,305
General Surgery Service,Ethnicity,E: White and Black African,18 To 52 Weeks,240
General Surgery Service,Ethnicity,E: White and Black African,Over 52 Weeks,15
General Surgery Service,Ethnicity,E: White and Black African,Total,560
General Surgery Service,Ethnicity,F: White and Asian,Unknown Clock Start,*
General Surgery Service,Ethnicity,F: White and Asian,01 To 18 Weeks,415
General Surgery Service,Ethnicity,F: White and Asian,18 To 52 Weeks,255
General Surgery Service,Ethnicity,F: White and Asian,Over 52 Weeks,20
General Surgery Service,Ethnicity,F: White and Asian,Total,690
General Surgery Service,Ethnicity,G: Any other mixed background,Unknown Clock Start,*
General Surgery Service,Ethnicity,G: Any other mixed background,01 To 18 Weeks,1115
General Surgery Service,Ethnicity,G: Any other mixed background,18 To 52 Weeks,775
General Surgery Service,Ethnicity,G: Any other mixed background,Over 52 Weeks,55
General Surgery Service,Ethnicity,G: Any other mixed background,Total,1950
General Surgery Service,Ethnicity,H: Indian,Unknown Clock Start,*
General Surgery Service,Ethnicity,H: Indian,01 To 18 Weeks,4455
General Surgery Service,Ethnicity,H: Indian,18 To 52 Weeks,3410
General Surgery Service,Ethnicity,H: Indian,Over 52 Weeks,215
General Surgery Service,Ethnicity,H: Indian,Total,8085
General Surgery Service,Ethnicity,J: Pakistani,Unknown Clock Start,*
General Surgery Service,Ethnicity,J: Pakistani,01 To 18 Weeks,3800
General Surgery Service,Ethnicity,J: Pakistani,18 To 52 Weeks,2625
General Surgery Service,Ethnicity,J: Pakistani,Over 52 Weeks,135
General Surgery Service,Ethnicity,J: Pakistani,Total,6565
General Surgery Service,Ethnicity,K: Bangladeshi,Unknown Clock Start,*
General Surgery Service,Ethnicity,K: Bangladeshi,01 To 18 Weeks,1545
General Surgery Service,Ethnicity,K: Bangladeshi,18 To 52 Weeks,1095
General Surgery Service,Ethnicity,K: Bangladeshi,Over 52 Weeks,105
General Surgery Service,Ethnicity,K: Bangladeshi,Total,2750
General Surgery Service,Ethnicity,L: Any other Asian background,Unknown Clock Start,20
General Surgery Service,Ethnicity,L: Any other Asian background,01 To 18 Weeks,3530
General Surgery Service,Ethnicity,L: Any other Asian background,18 To 52 Weeks,2660
General Surgery Service,Ethnicity,L: Any other Asian background,Over 52 Weeks,175
General Surgery Service,Ethnicity,L: Any other Asian background,Total,6380
General Surgery Service,Ethnicity,M: Caribbean,Unknown Clock Start,*
General Surgery Service,Ethnicity,M: Caribbean,01 To 18 Weeks,2015
General Surgery Service,Ethnicity,M: Caribbean,18 To 52 Weeks,1510
General Surgery Service,Ethnicity,M: Caribbean,Over 52 Weeks,120
General Surgery Service,Ethnicity,M: Caribbean,Total,3650
General Surgery Service,Ethnicity,N: African,Unknown Clock Start,*
General Surgery Service,Ethnicity,N: African,01 To 18 Weeks,3130
General Surgery Service,Ethnicity,N: African,18 To 52 Weeks,2435
General Surgery Service,Ethnicity,N: African,Over 52 Weeks,195
General Surgery Service,Ethnicity,N: African,Total,5770
General Surgery Service,Ethnicity,P: Any other Black background,Unknown Clock Start,*
General Surgery Service,Ethnicity,P: Any other Black background,01 To 18 Weeks,1570
General Surgery Service,Ethnicity,P: Any other Black background,18 To 52 Weeks,1175
General Surgery Service,Ethnicity,P: Any other Black background,Over 52 Weeks,100
General Surgery Service,Ethnicity,P: Any other Black background,Total,2855
General Surgery Service,Ethnicity,R: Chinese,Unknown Clock Start,*
General Surgery Service,Ethnicity,R: Chinese,01 To 18 Weeks,645
General Surgery Service,Ethnicity,R: Chinese,18 To 52 Weeks,460
General Surgery Service,Ethnicity,R: Chinese,Over 52 Weeks,35
General Surgery Service,Ethnicity,R: Chinese,Total,1145
General Surgery Service,Ethnicity,S: Any other ethnic group,Unknown Clock Start,*
General Surgery Service,Ethnicity,S: Any other ethnic group,01 To 18 Weeks,1955
General Surgery Service,Ethnicity,S: Any other ethnic group,18 To 52 Weeks,1420
General Surgery Service,Ethnicity,S: Any other ethnic group,Over 52 Weeks,105
General Surgery Service,Ethnicity,S: Any other ethnic group,Total,3485
General Surgery Service,Ethnicity,Z: Not stated,Unknown Clock Start,25
General Surgery Service,Ethnicity,Z: Not stated,01 To 18 Weeks,7825
General Surgery Service,Ethnicity,Z: Not stated,18 To 52 Weeks,4810
General Surgery Service,Ethnicity,Z: Not stated,Over 52 Weeks,305
General Surgery Service,Ethnicity,Z: Not stated,Total,12965
General Surgery Service,IMD,1,Unknown Clock Start,20
General Surgery Service,IMD,1,01 To 18 Weeks,17635
General Surgery Service,IMD,1,18 To 52 Weeks,11485
General Surgery Service,IMD,1,Over 52 Weeks,710
General Surgery Service,IMD,1,Total,29850
General Surgery Service,IMD,10,Unknown Clock Start,80
General Surgery Service,IMD,10,01 To 18 Weeks,15480
General Surgery Service,IMD,10,18 To 52 Weeks,9400
General Surgery Service,IMD,10,Over 52 Weeks,665
General Surgery Service,IMD,10,Total,25630
General Surgery Service,IMD,2,Unknown Clock Start,25
General Surgery Service,IMD,2,01 To 18 Weeks,18705
General Surgery Service,IMD,2,18 To 52 Weeks,13155
General Surgery Service,IMD,2,Over 52 Weeks,975
General Surgery Service,IMD,2,Total,32865
General Surgery Service,IMD,3,Unknown Clock Start,45
General Surgery Service,IMD,3,01 To 18 Weeks,18655
General Surgery Service,IMD,3,18 To 52 Weeks,12940
General Surgery Service,IMD,3,Over 52 Weeks,945
General Surgery Service,IMD,3,Total,32585
General Surgery Service,IMD,4,Unknown Clock Start,50
General Surgery Service,IMD,4,01 To 18 Weeks,17775
General Surgery Service,IMD,4,18 To 52 Weeks,12205
General Surgery Service,IMD,4,Over 52 Weeks,895
General Surgery Service,IMD,4,Total,30925
General Surgery Service,IMD,5,Unknown Clock Start,40
General Surgery Service,IMD,5,01 To 18 Weeks,17965
General Surgery Service,IMD,5,18 To 52 Weeks,11915
General Surgery Service,IMD,5,Over 52 Weeks,935
General Surgery Service,IMD,5,Total,30855
General Surgery Service,IMD,6,Unknown Clock Start,40
General Surgery Service,IMD,6,01 To 18 Weeks,17645
General Surgery Service,IMD,6,18 To 52 Weeks,11495
General Surgery Service,IMD,6,Over 52 Weeks,760
General Surgery Service,IMD,6,Total,29940
General Surgery Service,IMD,7,Unknown Clock Start,60
General Surgery Service,IMD,7,01 To 18 Weeks,17150
General Surgery Service,IMD,7,18 To 52 Weeks,11075
General Surgery Service,IMD,7,Over 52 Weeks,800
General Surgery Service,IMD,7,Total,29090
General Surgery Service,IMD,8,Unknown Clock Start,65
General Surgery Service,IMD,8,01 To 18 Weeks,17280
General Surgery Service,IMD,8,18 To 52 Weeks,11220
General Surgery Service,IMD,8,Over 52 Weeks,790
General Surgery Service,IMD,8,Total,29355
General Surgery Service,IMD,9,Unknown Clock Start,60
General Surgery Service,IMD,9,01 To 18 Weeks,16075
General Surgery Service,IMD,9,18 To 52 Weeks,10315
General Surgery Service,IMD,9,Over 52 Weeks,690
General Surgery Service,IMD,9,Total,27140
General Surgery Service,Sex,Female,Unknown Clock Start,220
General Surgery Service,Sex,Female,01 To 18 Weeks,84860
General Surgery Service,Sex,Female,18 To 52 Weeks,54590
General Surgery Service,Sex,Female,Over 52 Weeks,3835
General Surgery Service,Sex,Female,Total,143505
General Surgery Service,Sex,Male,Unknown Clock Start,275
General Surgery Service,Sex,Male,01 To 18 Weeks,88955
General Surgery Service,Sex,Male,18 To 52 Weeks,59350
General Surgery Service,Sex,Male,Over 52 Weeks,4220
General Surgery Service,Sex,Male,Total,152800
Gynaecology Service,Age,0-18 Years,Unknown Clock Start,*
Gynaecology Service,Age,0-18 Years,01 To 18 Weeks,7225
Gynaecology Service,Age,0-18 Years,18 To 52 Weeks,5765
Gynaecology Service,Age,0-18 Years,Over 52 Weeks,280
Gynaecology Service,Age,0-18 Years,Total,13270
Gynaecology Service,Age,19-64 Years,Unknown Clock Start,800
Gynaecology Service,Age,19-64 Years,01 To 18 Weeks,263125
Gynaecology Service,Age,19-64 Years,18 To 52 Weeks,189280
Gynaecology Service,Age,19-64 Years,Over 52 Weeks,14520
Gynaecology Service,Age,19-64 Years,Total,467725
Gynaecology Service,Age,Over 65 Years,Unknown Clock Start,95
Gynaecology Service,Age,Over 65 Years,01 To 18 Weeks,35135
Gynaecology Service,Age,Over 65 Years,18 To 52 Weeks,23085
Gynaecology Service,Age,Over 65 Years,Over 52 Weeks,1715
Gynaecology Service,Age,Over 65 Years,Total,60035
Gynaecology Service,Ethnicity,99: Not known,Unknown Clock Start,*
Gynaecology Service,Ethnicity,99: Not known,01 To 18 Weeks,13505
Gynaecology Service,Ethnicity,99: Not known,18 To 52 Weeks,7470
Gynaecology Service,Ethnicity,99: Not known,Over 52 Weeks,440
Gynaecology Service,Ethnicity,99: Not known,Total,21415
Gynaecology Service,Ethnicity,A: British,Unknown Clock Start,740
Gynaecology Service,Ethnicity,A: British,01 To 18 Weeks,203895
Gynaecology Service,Ethnicity,A: British,18 To 52 Weeks,144425
Gynaecology Service,Ethnicity,A: British,Over 52 Weeks,11905
Gynaecology Service,Ethnicity,A: British,Total,360965
Gynaecology Service,Ethnicity,B: Irish,Unknown Clock Start,*
Gynaecology Service,Ethnicity,B: Irish,01 To 18 Weeks,1490
Gynaecology Service,Ethnicity,B: Irish,18 To 52 Weeks,1040
Gynaecology Service,Ethnicity,B: Irish,Over 52 Weeks,65
Gynaecology Service,Ethnicity,B: Irish,Total,2595
Gynaecology Service,Ethnicity,C: Any other white background,Unknown Clock Start,45
Gynaecology Service,Ethnicity,C: Any other white background,01 To 18 Weeks,23255
Gynaecology Service,Ethnicity,C: Any other white background,18 To 52 Weeks,16195
Gynaecology Service,Ethnicity,C: Any other white background,Over 52 Weeks,1190
Gynaecology Service,Ethnicity,C: Any other white background,Total,40685
Gynaecology Service,Ethnicity,D: White and Black Caribbean,Unknown Clock Start,*
Gynaecology Service,Ethnicity,D: White and Black Caribbean,01 To 18 Weeks,1835
Gynaecology Service,Ethnicity,D: White and Black Caribbean,18 To 52 Weeks,1275
Gynaecology Service,Ethnicity,D: White and Black Caribbean,Over 52 Weeks,95
Gynaecology Service,Ethnicity,D: White and Black Caribbean,Total,3205
Gynaecology Service,Ethnicity,E: White and Black African,Unknown Clock Start,*
Gynaecology Service,Ethnicity,E: White and Black African,01 To 18 Weeks,920
Gynaecology Service,Ethnicity,E: White and Black African,18 To 52 Weeks,700
Gynaecology Service,Ethnicity,E: White and Black African,Over 52 Weeks,45
Gynaecology Service,Ethnicity,E: White and Black African,Total,1670
Gynaecology Service,Ethnicity,F: White and Asian,Unknown Clock Start,*
Gynaecology Service,Ethnicity,F: White and Asian,01 To 18 Weeks,1080
Gynaecology Service,Ethnicity,F: White and Asian,18 To 52 Weeks,765
Gynaecology Service,Ethnicity,F: White and Asian,Over 52 Weeks,70
Gynaecology Service,Ethnicity,F: White and Asian,Total,1920
Gynaecology Service,Ethnicity,G: Any other mixed background,Unknown Clock Start,*
Gynaecology Service,Ethnicity,G: Any other mixed background,01 To 18 Weeks,2675
Gynaecology Service,Ethnicity,G: Any other mixed background,18 To 52 Weeks,2010
Gynaecology Service,Ethnicity,G: Any other mixed background,Over 52 Weeks,145
Gynaecology Service,Ethnicity,G: Any other mixed background,Total,4835
Gynaecology Service,Ethnicity,H: Indian,Unknown Clock Start,10
Gynaecology Service,Ethnicity,H: Indian,01 To 18 Weeks,9010
Gynaecology Service,Ethnicity,H: Indian,18 To 52 Weeks,6585
Gynaecology Service,Ethnicity,H: Indian,Over 52 Weeks,410
Gynaecology Service,Ethnicity,H: Indian,Total,16015
Gynaecology Service,Ethnicity,J: Pakistani,Unknown Clock Start,*
Gynaecology Service,Ethnicity,J: Pakistani,01 To 18 Weeks,9410
Gynaecology Service,Ethnicity,J: Pakistani,18 To 52 Weeks,6950
Gynaecology Service,Ethnicity,J: Pakistani,Over 52 Weeks,440
Gynaecology Service,Ethnicity,J: Pakistani,Total,16800
Gynaecology Service,Ethnicity,K: Bangladeshi,Unknown Clock Start,*
Gynaecology Service,Ethnicity,K: Bangladeshi,01 To 18 Weeks,3445
Gynaecology Service,Ethnicity,K: Bangladeshi,18 To 52 Weeks,2385
Gynaecology Service,Ethnicity,K: Bangladeshi,Over 52 Weeks,140
Gynaecology Service,Ethnicity,K: Bangladeshi,Total,5975
Gynaecology Service,Ethnicity,L: Any other Asian background,Unknown Clock Start,10
Gynaecology Service,Ethnicity,L: Any other Asian background,01 To 18 Weeks,7600
Gynaecology Service,Ethnicity,L: Any other Asian background,18 To 52 Weeks,5385
Gynaecology Service,Ethnicity,L: Any other Asian background,Over 52 Weeks,355
Gynaecology Service,Ethnicity,L: Any other Asian background,Total,13345
Gynaecology Service,Ethnicity,M: Caribbean,Unknown Clock Start,*
Gynaecology Service,Ethnicity,M: Caribbean,01 To 18 Weeks,4590
Gynaecology Service,Ethnicity,M: Caribbean,18 To 52 Weeks,3255
Gynaecology Service,Ethnicity,M: Caribbean,Over 52 Weeks,235
Gynaecology Service,Ethnicity,M: Caribbean,Total,8080
Gynaecology Service,Ethnicity,N: African,Unknown Clock Start,*
Gynaecology Service,Ethnicity,N: African,01 To 18 Weeks,10115
Gynaecology Service,Ethnicity,N: African,18 To 52 Weeks,7505
Gynaecology Service,Ethnicity,N: African,Over 52 Weeks,550
Gynaecology Service,Ethnicity,N: African,Total,18175
Gynaecology Service,Ethnicity,P: Any other Black background,Unknown Clock Start,*
Gynaecology Service,Ethnicity,P: Any other Black background,01 To 18 Weeks,4205
Gynaecology Service,Ethnicity,P: Any other Black background,18 To 52 Weeks,3040
Gynaecology Service,Ethnicity,P: Any other Black background,Over 52 Weeks,205
Gynaecology Service,Ethnicity,P: Any other Black background,Total,7455
Gynaecology Service,Ethnicity,R: Chinese,Unknown Clock Start,*
Gynaecology Service,Ethnicity,R: Chinese,01 To 18 Weeks,1585
Gynaecology Service,Ethnicity,R: Chinese,18 To 52 Weeks,1060
Gynaecology Service,Ethnicity,R: Chinese,Over 52 Weeks,70
Gynaecology Service,Ethnicity,R: Chinese,Total,2720
Gynaecology Service,Ethnicity,S: Any other ethnic group,Unknown Clock Start,*
Gynaecology Service,Ethnicity,S: Any other ethnic group,01 To 18 Weeks,4080
Gynaecology Service,Ethnicity,S: Any other ethnic group,18 To 52 Weeks,2885
Gynaecology Service,Ethnicity,S: Any other ethnic group,Over 52 Weeks,225
Gynaecology Service,Ethnicity,S: Any other ethnic group,Total,7200
Gynaecology Service,Ethnicity,Z: Not stated,Unknown Clock Start,60
Gynaecology Service,Ethnicity,Z: Not stated,01 To 18 Weeks,14880
Gynaecology Service,Ethnicity,Z: Not stated,18 To 52 Weeks,9445
Gynaecology Service,Ethnicity,Z: Not stated,Over 52 Weeks,665
Gynaecology Service,Ethnicity,Z: Not stated,Total,25045
Gynaecology Service,IMD,1,Unknown Clock Start,110
Gynaecology Service,IMD,1,01 To 18 Weeks,34620
Gynaecology Service,IMD,1,18 To 52 Weeks,26440
Gynaecology Service,IMD,1,Over 52 Weeks,2520
Gynaecology Service,IMD,1,Total,63695
Gynaecology Service,IMD,10,Unknown Clock Start,30
Gynaecology Service,IMD,10,01 To 18 Weeks,24815
Gynaecology Service,IMD,10,18 To 52 Weeks,16745
Gynaecology Service,IMD,10,Over 52 Weeks,1200
Gynaecology Service,IMD,10,Total,42790
Gynaecology Service,IMD,2,Unknown Clock Start,105
Gynaecology Service,IMD,2,01 To 18 Weeks,34560
Gynaecology Service,IMD,2,18 To 52 Weeks,24595
Gynaecology Service,IMD,2,Over 52 Weeks,1950
Gynaecology Service,IMD,2,Total,61210
Gynaecology Service,IMD,3,Unknown Clock Start,85
Gynaecology Service,IMD,3,01 To 18 Weeks,34090
Gynaecology Service,IMD,3,18 To 52 Weeks,23945
Gynaecology Service,IMD,3,Over 52 Weeks,1755
Gynaecology Service,IMD,3,Total,59875
Gynaecology Service,IMD,4,Unknown Clock Start,105
Gynaecology Service,IMD,4,01 To 18 Weeks,32665
Gynaecology Service,IMD,4,18 To 52 Weeks,22685
Gynaecology Service,IMD,4,Over 52 Weeks,1750
Gynaecology Service,IMD,4,Total,57205
Gynaecology Service,IMD,5,Unknown Clock Start,130
Gynaecology Service,IMD,5,01 To 18 Weeks,30765
Gynaecology Service,IMD,5,18 To 52 Weeks,21720
Gynaecology Service,IMD,5,Over 52 Weeks,1600
Gynaecology Service,IMD,5,Total,54215
Gynaecology Service,IMD,6,Unknown Clock Start,80
Gynaecology Service,IMD,6,01 To 18 Weeks,29410
Gynaecology Service,IMD,6,18 To 52 Weeks,20755
Gynaecology Service,IMD,6,Over 52 Weeks,1610
Gynaecology Service,IMD,6,Total,51855
Gynaecology Service,IMD,7,Unknown Clock Start,105
Gynaecology Service,IMD,7,01 To 18 Weeks,29050
Gynaecology Service,IMD,7,18 To 52 Weeks,20055
Gynaecology Service,IMD,7,Over 52 Weeks,1485
Gynaecology Service,IMD,7,Total,50695
Gynaecology Service,IMD,8,Unknown Clock Start,75
Gynaecology Service,IMD,8,01 To 18 Weeks,28320
Gynaecology Service,IMD,8,18 To 52 Weeks,19760
Gynaecology Service,IMD,8,Over 52 Weeks,1515
Gynaecology Service,IMD,8,Total,49670
Gynaecology Service,IMD,9,Unknown Clock Start,50
Gynaecology Service,IMD,9,01 To 18 Weeks,26925
Gynaecology Service,IMD,9,18 To 52 Weeks,18405
Gynaecology Service,IMD,9,Over 52 Weeks,1360
Gynaecology Service,IMD,9,Total,46740
Gynaecology Service,Sex,Female,Unknown Clock Start,890
Gynaecology Service,Sex,Female,01 To 18 Weeks,284755
Gynaecology Service,Sex,Female,18 To 52 Weeks,203005
Gynaecology Service,Sex,Female,Over 52 Weeks,15515
Gynaecology Service,Sex,Female,Total,504155
Gynaecology Service,Sex,Male,Unknown Clock Start,10
Gynaecology Service,Sex,Male,01 To 18 Weeks,3235
Gynaecology Service,Sex,Male,18 To 52 Weeks,1375
Gynaecology Service,Sex,Male,Over 52 Weeks,60
Gynaecology Service,Sex,Male,Total,4680
Neurology Service,Age,0-18 Years,Unknown Clock Start,10
Neurology Service,Age,0-18 Years,01 To 18 Weeks,4065
Neurology Service,Age,0-18 Years,18 To 52 Weeks,2305
Neurology Service,Age,0-18 Years,Over 52 Weeks,110
Neurology Service,Age,0-18 Years,Total,6490
Neurology Service,Age,19-64 Years,Unknown Clock Start,105
Neurology Service,Age,19-64 Years,01 To 18 Weeks,81095
Neurology Service,Age,19-64 Years,18 To 52 Weeks,59795
Neurology Service,Age,19-64 Years,Over 52 Weeks,3450
Neurology Service,Age,19-64 Years,Total,144445
Neurology Service,Age,Over 65 Years,Unknown Clock Start,65
Neurology Service,Age,Over 65 Years,01 To 18 Weeks,33660
Neurology Service,Age,Over 65 Years,18 To 52 Weeks,25085
Neurology Service,Age,Over 65 Years,Over 52 Weeks,1480
Neurology Service,Age,Over 65 Years,Total,60295
Neurology Service,Ethnicity,99: Not known,Unknown Clock Start,*
Neurology Service,Ethnicity,99: Not known,01 To 18 Weeks,3910
Neurology Service,Ethnicity,99: Not known,18 To 52 Weeks,2340
Neurology Service,Ethnicity,99: Not known,Over 52 Weeks,115
Neurology Service,Ethnicity,99: Not known,Total,6365
Neurology Service,Ethnicity,A: British,Unknown Clock Start,120
Neurology Service,Ethnicity,A: British,01 To 18 Weeks,86515
Neurology Service,Ethnicity,A: British,18 To 52 Weeks,62520
Neurology Service,Ethnicity,A: British,Over 52 Weeks,3765
Neurology Service,Ethnicity,A: British,Total,152915
Neurology Service,Ethnicity,B: Irish,Unknown Clock Start,*
Neurology Service,Ethnicity,B: Irish,01 To 18 Weeks,725
Neurology Service,Ethnicity,B: Irish,18 To 52 Weeks,520
Neurology Service,Ethnicity,B: Irish,Over 52 Weeks,25
Neurology Service,Ethnicity,B: Irish,Total,1275
Neurology Service,Ethnicity,C: Any other white background,Unknown Clock Start,15
Neurology Service,Ethnicity,C: Any other white background,01 To 18 Weeks,7475
Neurology Service,Ethnicity,C: Any other white background,18 To 52 Weeks,5670
Neurology Service,Ethnicity,C: Any other white background,Over 52 Weeks,265
Neurology Service,Ethnicity,C: Any other white background,Total,13420
Neurology Service,Ethnicity,D: White and Black Caribbean,Unknown Clock Start,*
Neurology Service,Ethnicity,D: White and Black Caribbean,01 To 18 Weeks,545
Neurology Service,Ethnicity,D: White and Black Caribbean,18 To 52 Weeks,410
Neurology Service,Ethnicity,D: White and Black Caribbean,Over 52 Weeks,25
Neurology Service,Ethnicity,D: White and Black Caribbean,Total,985
Neurology Service,Ethnicity,E: White and Black African,Unknown Clock Start,*
Neurology Service,Ethnicity,E: White and Black African,01 To 18 Weeks,245
Neurology Service,Ethnicity,E: White and Black African,18 To 52 Weeks,190
Neurology Service,Ethnicity,E: White and Black African,Over 52 Weeks,10
Neurology Service,Ethnicity,E: White and Black African,Total,450
Neurology Service,Ethnicity,F: White and Asian,Unknown Clock Start,*
Neurology Service,Ethnicity,F: White and Asian,01 To 18 Weeks,340
Neurology Service,Ethnicity,F: White and Asian,18 To 52 Weeks,260
Neurology Service,Ethnicity,F: White and Asian,Over 52 Weeks,20
Neurology Service,Ethnicity,F: White and Asian,Total,620
Neurology Service,Ethnicity,G: Any other mixed background,01 To 18 Weeks,825
Neurology Service,Ethnicity,G: Any other mixed background,18 To 52 Weeks,620
Neurology Service,Ethnicity,G: Any other mixed background,Over 52 Weeks,35
Neurology Service,Ethnicity,G: Any other mixed background,Total,1475
Neurology Service,Ethnicity,H: Indian,Unknown Clock Start,*
Neurology Service,Ethnicity,H: Indian,01 To 18 Weeks,3035
Neurology Service,Ethnicity,H: Indian,18 To 52 Weeks,2285
Neurology Service,Ethnicity,H: Indian,Over 52 Weeks,100
Neurology Service,Ethnicity,H: Indian,Total,5420
Neurology Service,Ethnicity,J: Pakistani,Unknown Clock Start,*
Neurology Service,Ethnicity,J: Pakistani,01 To 18 Weeks,2900
Neurology Service,Ethnicity,J: Pakistani,18 To 52 Weeks,2160
Neurology Service,Ethnicity,J: Pakistani,Over 52 Weeks,145
Neurology Service,Ethnicity,J: Pakistani,Total,5205
Neurology Service,Ethnicity,K: Bangladeshi,01 To 18 Weeks,955
Neurology Service,Ethnicity,K: Bangladeshi,18 To 52 Weeks,790
Neurology Service,Ethnicity,K: Bangladeshi,Over 52 Weeks,50
Neurology Service,Ethnicity,K: Bangladeshi,Total,1795
Neurology Service,Ethnicity,L: Any other Asian background,Unknown Clock Start,*
Neurology Service,Ethnicity,L: Any other Asian background,01 To 18 Weeks,2620
Neurology Service,Ethnicity,L: Any other Asian background,18 To 52 Weeks,2035
Neurology Service,Ethnicity,L: Any other Asian background,Over 52 Weeks,85
Neurology Service,Ethnicity,L: Any other Asian background,Total,4750
Neurology Service,Ethnicity,M: Caribbean,Unknown Clock Start,*
Neurology Service,Ethnicity,M: Caribbean,01 To 18 Weeks,1555
Neurology Service,Ethnicity,M: Caribbean,18 To 52 Weeks,1140
Neurology Service,Ethnicity,M: Caribbean,Over 52 Weeks,40
Neurology Service,Ethnicity,M: Caribbean,Total,2740
Neurology Service,Ethnicity,N: African,Unknown Clock Start,*
Neurology Service,Ethnicity,N: African,01 To 18 Weeks,2300
Neurology Service,Ethnicity,N: African,18 To 52 Weeks,1620
Neurology Service,Ethnicity,N: African,Over 52 Weeks,85
Neurology Service,Ethnicity,N: African,Total,4010
Neurology Service,Ethnicity,P: Any other Black background,Unknown Clock Start,*
Neurology Service,Ethnicity,P: Any other Black background,01 To 18 Weeks,1245
Neurology Service,Ethnicity,P: Any other Black background,18 To 52 Weeks,810
Neurology Service,Ethnicity,P: Any other Black background,Over 52 Weeks,40
Neurology Service,Ethnicity,P: Any other Black background,Total,2095
Neurology Service,Ethnicity,R: Chinese,Unknown Clock Start,*
Neurology Service,Ethnicity,R: Chinese,01 To 18 Weeks,375
Neurology Service,Ethnicity,R: Chinese,18 To 52 Weeks,285
Neurology Service,Ethnicity,R: Chinese,Over 52 Weeks,15
Neurology Service,Ethnicity,R: Chinese,Total,675
Neurology Service,Ethnicity,S: Any other ethnic group,Unknown Clock Start,*
Neurology Service,Ethnicity,S: Any other ethnic group,01 To 18 Weeks,1295
Neurology Service,Ethnicity,S: Any other ethnic group,18 To 52 Weeks,975
Neurology Service,Ethnicity,S: Any other ethnic group,Over 52 Weeks,45
Neurology Service,Ethnicity,S: Any other ethnic group,Total,2320
Neurology Service,Ethnicity,Z: Not stated,Unknown Clock Start,10
Neurology Service,Ethnicity,Z: Not stated,01 To 18 Weeks,4940
Neurology Service,Ethnicity,Z: Not stated,18 To 52 Weeks,3430
Neurology Service,Ethnicity,Z: Not stated,Over 52 Weeks,185
Neurology Service,Ethnicity,Z: Not stated,Total,8560
Neurology Service,IMD,1,01 To 18 Weeks,12905
Neurology Service,IMD,1,18 To 52 Weeks,9370
Neurology Service,IMD,1,Over 52 Weeks,710
Neurology Service,IMD,1,Total,22985
Neurology Service,IMD,10,Unknown Clock Start,55
Neurology Service,IMD,10,01 To 18 Weeks,10185
Neurology Service,IMD,10,18 To 52 Weeks,7530
Neurology Service,IMD,10,Over 52 Weeks,435
Neurology Service,IMD,10,Total,18200
Neurology Service,IMD,2,Unknown Clock Start,10
Neurology Service,IMD,2,01 To 18 Weeks,12655
Neurology Service,IMD,2,18 To 52 Weeks,9030
Neurology Service,IMD,2,Over 52 Weeks,520
Neurology Service,IMD,2,Total,22215
Neurology Service,IMD,3,Unknown Clock Start,*
Neurology Service,IMD,3,01 To 18 Weeks,12590
Neurology Service,IMD,3,18 To 52 Weeks,9175
Neurology Service,IMD,3,Over 52 Weeks,570
Neurology Service,IMD,3,Total,22345
Neurology Service,IMD,4,Unknown Clock Start,15
Neurology Service,IMD,4,01 To 18 Weeks,12605
Neurology Service,IMD,4,18 To 52 Weeks,9345
Neurology Service,IMD,4,Over 52 Weeks,495
Neurology Service,IMD,4,Total,22460
Neurology Service,IMD,5,Unknown Clock Start,*
Neurology Service,IMD,5,01 To 18 Weeks,11960
Neurology Service,IMD,5,18 To 52 Weeks,8795
Neurology Service,IMD,5,Over 52 Weeks,440
Neurology Service,IMD,5,Total,21200
Neurology Service,IMD,6,Unknown Clock Start,10
Neurology Service,IMD,6,01 To 18 Weeks,11575
Neurology Service,IMD,6,18 To 52 Weeks,8570
Neurology Service,IMD,6,Over 52 Weeks,400
Neurology Service,IMD,6,Total,20555
Neurology Service,IMD,7,Unknown Clock Start,20
Neurology Service,IMD,7,01 To 18 Weeks,11375
Neurology Service,IMD,7,18 To 52 Weeks,8000
Neurology Service,IMD,7,Over 52 Weeks,445
Neurology Service,IMD,7,Total,19845
Neurology Service,IMD,8,Unknown Clock Start,25
Neurology Service,IMD,8,01 To 18 Weeks,11160
Neurology Service,IMD,8,18 To 52 Weeks,8175
Neurology Service,IMD,8,Over 52 Weeks,470
Neurology Service,IMD,8,Total,19825
Neurology Service,IMD,9,Unknown Clock Start,30
Neurology Service,IMD,9,01 To 18 Weeks,10555
Neurology Service,IMD,9,18 To 52 Weeks,7500
Neurology Service,IMD,9,Over 52 Weeks,425
Neurology Service,IMD,9,Total,18515
Neurology Service,Sex,Female,Unknown Clock Start,100
Neurology Service,Sex,Female,01 To 18 Weeks,64720
Neurology Service,Sex,Female,18 To 52 Weeks,48505
Neurology Service,Sex,Female,Over 52 Weeks,2955
Neurology Service,Sex,Female,Total,116275
Neurology Service,Sex,Male,Unknown Clock Start,80
Neurology Service,Sex,Male,01 To 18 Weeks,46280
Neurology Service,Sex,Male,18 To 52 Weeks,33130
Neurology Service,Sex,Male,Over 52 Weeks,2000
Neurology Service,Sex,Male,Total,81490
Neurosurgical Service,Age,0-18 Years,01 To 18 Weeks,855
Neurosurgical Service,Age,0-18 Years,18 To 52 Weeks,490
Neurosurgical Service,Age,0-18 Years,Over 52 Weeks,45
Neurosurgical Service,Age,0-18 Years,Total,1390
Neurosurgical Service,Age,19-64 Years,01 To 18 Weeks,18730
Neurosurgical Service,Age,19-64 Years,18 To 52 Weeks,12440
Neurosurgical Service,Age,19-64 Years,Over 52 Weeks,670
Neurosurgical Service,Age,19-64 Years,Total,31840
Neurosurgical Service,Age,Over 65 Years,01 To 18 Weeks,10890
Neurosurgical Service,Age,Over 65 Years,18 To 52 Weeks,6830
Neurosurgical Service,Age,Over 65 Years,Over 52 Weeks,350
Neurosurgical Service,Age,Over 65 Years,Total,18065
Neurosurgical Service,Ethnicity,99: Not known,01 To 18 Weeks,715
Neurosurgical Service,Ethnicity,99: Not known,18 To 52 Weeks,415
Neurosurgical Service,Ethnicity,99: Not known,Over 52 Weeks,25
Neurosurgical Service,Ethnicity,99: Not known,Total,1150
Neurosurgical Service,Ethnicity,A: British,01 To 18 Weeks,22080
Neurosurgical Service,Ethnicity,A: British,18 To 52 Weeks,13545
Neurosurgical Service,Ethnicity,A: British,Over 52 Weeks,700
Neurosurgical Service,Ethnicity,A: British,Total,36325
Neurosurgical Service,Ethnicity,B: Irish,01 To 18 Weeks,215
Neurosurgical Service,Ethnicity,B: Irish,18 To 52 Weeks,155
Neurosurgical Service,Ethnicity,B: Irish,Over 52 Weeks,*
Neurosurgical Service,Ethnicity,B: Irish,Total,375
Neurosurgical Service,Ethnicity,C: Any other white background,01 To 18 Weeks,2140
Neurosurgical Service,Ethnicity,C: Any other white background,18 To 52 Weeks,1495
Neurosurgical Service,Ethnicity,C: Any other white background,Over 52 Weeks,100
Neurosurgical Service,Ethnicity,C: Any other white background,Total,3735
Neurosurgical Service,Ethnicity,D: White and Black Caribbean,01 To 18 Weeks,95
Neurosurgical Service,Ethnicity,D: White and Black Caribbean,18 To 52 Weeks,70
Neurosurgical Service,Ethnicity,D: White and Black Caribbean,Over 52 Weeks,*
Neurosurgical Service,Ethnicity,D: White and Black Caribbean,Total,175
Neurosurgical Service,Ethnicity,E: White and Black African,01 To 18 Weeks,40
Neurosurgical Service,Ethnicity,E: White and Black African,18 To 52 Weeks,40
Neurosurgical Service,Ethnicity,E: White and Black African,Over 52 Weeks,*
Neurosurgical Service,Ethnicity,E: White and Black African,Total,80
Neurosurgical Service,Ethnicity,F: White and Asian,01 To 18 Weeks,85
Neurosurgical Service,Ethnicity,F: White and Asian,18 To 52 Weeks,55
Neurosurgical Service,Ethnicity,F: White and Asian,Over 52 Weeks,*
Neurosurgical Service,Ethnicity,F: White and Asian,Total,145
Neurosurgical Service,Ethnicity,G: Any other mixed background,01 To 18 Weeks,200
Neurosurgical Service,Ethnicity,G: Any other mixed background,18 To 52 Weeks,165
Neurosurgical Service,Ethnicity,G: Any other mixed background,Over 52 Weeks,*
Neurosurgical Service,Ethnicity,G: Any other mixed background,Total,375
Neurosurgical Service,Ethnicity,H: Indian,01 To 18 Weeks,845
Neurosurgical Service,Ethnicity,H: Indian,18 To 52 Weeks,610
Neurosurgical Service,Ethnicity,H: Indian,Over 52 Weeks,35
Neurosurgical Service,Ethnicity,H: Indian,Total,1490
Neurosurgical Service,Ethnicity,J: Pakistani,01 To 18 Weeks,695
Neurosurgical Service,Ethnicity,J: Pakistani,18 To 52 Weeks,515
Neurosurgical Service,Ethnicity,J: Pakistani,Over 52 Weeks,25
Neurosurgical Service,Ethnicity,J: Pakistani,Total,1230
Neurosurgical Service,Ethnicity,K: Bangladeshi,01 To 18 Weeks,290
Neurosurgical Service,Ethnicity,K: Bangladeshi,18 To 52 Weeks,205
Neurosurgical Service,Ethnicity,K: Bangladeshi,Over 52 Weeks,15
Neurosurgical Service,Ethnicity,K: Bangladeshi,Total,510
Neurosurgical Service,Ethnicity,L: Any other Asian background,01 To 18 Weeks,855
Neurosurgical Service,Ethnicity,L: Any other Asian background,18 To 52 Weeks,605
Neurosurgical Service,Ethnicity,L: Any other Asian background,Over 52 Weeks,30
Neurosurgical Service,Ethnicity,L: Any other Asian background,Total,1495
Neurosurgical Service,Ethnicity,M: Caribbean,01 To 18 Weeks,415
Neurosurgical Service,Ethnicity,M: Caribbean,18 To 52 Weeks,380
Neurosurgical Service,Ethnicity,M: Caribbean,Over 52 Weeks,20
Neurosurgical Service,Ethnicity,M: Caribbean,Total,815
Neurosurgical Service,Ethnicity,N: African,01 To 18 Weeks,600
Neurosurgical Service,Ethnicity,N: African,18 To 52 Weeks,490
Neurosurgical Service,Ethnicity,N: African,Over 52 Weeks,25
Neurosurgical Service,Ethnicity,N: African,Total,1120
Neurosurgical Service,Ethnicity,P: Any other Black background,01 To 18 Weeks,285
Neurosurgical Service,Ethnicity,P: Any other Black background,18 To 52 Weeks,225
Neurosurgical Service,Ethnicity,P: Any other Black background,Over 52 Weeks,15
Neurosurgical Service,Ethnicity,P: Any other Black background,Total,530
Neurosurgical Service,Ethnicity,R: Chinese,01 To 18 Weeks,140
Neurosurgical Service,Ethnicity,R: Chinese,18 To 52 Weeks,115
Neurosurgical Service,Ethnicity,R: Chinese,Over 52 Weeks,*
Neurosurgical Service,Ethnicity,R: Chinese,Total,260
Neurosurgical Service,Ethnicity,S: Any other ethnic group,01 To 18 Weeks,330
Neurosurgical Service,Ethnicity,S: Any other ethnic group,18 To 52 Weeks,240
Neurosurgical Service,Ethnicity,S: Any other ethnic group,Over 52 Weeks,10
Neurosurgical Service,Ethnicity,S: Any other ethnic group,Total,575
Neurosurgical Service,Ethnicity,Z: Not stated,01 To 18 Weeks,1150
Neurosurgical Service,Ethnicity,Z: Not stated,18 To 52 Weeks,595
Neurosurgical Service,Ethnicity,Z: Not stated,Over 52 Weeks,35
Neurosurgical Service,Ethnicity,Z: Not stated,Total,1780
Neurosurgical Service,IMD,1,01 To 18 Weeks,3580
Neurosurgical Service,IMD,1,18 To 52 Weeks,2350
Neurosurgical Service,IMD,1,Over 52 Weeks,90
Neurosurgical Service,IMD,1,Total,6020
Neurosurgical Service,IMD,10,01 To 18 Weeks,2515
Neurosurgical Service,IMD,10,18 To 52 Weeks,1500
Neurosurgical Service,IMD,10,Over 52 Weeks,95
Neurosurgical Service,IMD,10,Total,4105
Neurosurgical Service,IMD,2,01 To 18 Weeks,3285
Neurosurgical Service,IMD,2,18 To 52 Weeks,2135
Neurosurgical Service,IMD,2,Over 52 Weeks,130
Neurosurgical Service,IMD,2,Total,5545
Neurosurgical Service,IMD,3,01 To 18 Weeks,3345
Neurosurgical Service,IMD,3,18 To 52 Weeks,2240
Neurosurgical Service,IMD,3,Over 52 Weeks,125
Neurosurgical Service,IMD,3,Total,5710
Neurosurgical Service,IMD,4,01 To 18 Weeks,3105
Neurosurgical Service,IMD,4,18 To 52 Weeks,2035
Neurosurgical Service,IMD,4,Over 52 Weeks,115
Neurosurgical Service,IMD,4,Total,5250
Neurosurgical Service,IMD,5,01 To 18 Weeks,2895
Neurosurgical Service,IMD,5,18 To 52 Weeks,1935
Neurosurgical Service,IMD,5,Over 52 Weeks,125
Neurosurgical Service,IMD,5,Total,4955
Neurosurgical Service,IMD,6,01 To 18 Weeks,3065
Neurosurgical Service,IMD,6,18 To 52 Weeks,1865
Neurosurgical Service,IMD,6,Over 52 Weeks,100
Neurosurgical Service,IMD,6,Total,5030
Neurosurgical Service,IMD,7,01 To 18 Weeks,2975
Neurosurgical Service,IMD,7,18 To 52 Weeks,1880
Neurosurgical Service,IMD,7,Over 52 Weeks,100
Neurosurgical Service,IMD,7,Total,4955
Neurosurgical Service,IMD,8,01 To 18 Weeks,2900
Neurosurgical Service,IMD,8,18 To 52 Weeks,1875
Neurosurgical Service,IMD,8,Over 52 Weeks,85
Neurosurgical Service,IMD,8,Total,4860
Neurosurgical Service,IMD,9,01 To 18 Weeks,2790
Neurosurgical Service,IMD,9,18 To 52 Weeks,1660
Neurosurgical Service,IMD,9,Over 52 Weeks,85
Neurosurgical Service,IMD,9,Total,4535
Neurosurgical Service,Sex,Female,01 To 18 Weeks,15065
Neurosurgical Service,Sex,Female,18 To 52 Weeks,9675
Neurosurgical Service,Sex,Female,Over 52 Weeks,475
Neurosurgical Service,Sex,Female,Total,25210
Neurosurgical Service,Sex,Male,01 To 18 Weeks,12225
Neurosurgical Service,Sex,Male,18 To 52 Weeks,7665
Neurosurgical Service,Sex,Male,Over 52 Weeks,375
Neurosurgical Service,Sex,Male,Total,20265
Ophthalmology Service,Age,0-18 Years,Unknown Clock Start,40
Ophthalmology Service,Age,0-18 Years,01 To 18 Weeks,18190
Ophthalmology Service,Age,0-18 Years,18 To 52 Weeks,9195
Ophthalmology Service,Age,0-18 Years,Over 52 Weeks,230
Ophthalmology Service,Age,0-18 Years,Total,27650
Ophthalmology Service,Age,19-64 Years,Unknown Clock Start,235
Ophthalmology Service,Age,19-64 Years,01 To 18 Weeks,140715
Ophthalmology Service,Age,19-64 Years,18 To 52 Weeks,65005
Ophthalmology Service,Age,19-64 Years,Over 52 Weeks,2250
Ophthalmology Service,Age,19-64 Years,Total,208200
Ophthalmology Service,Age,Over 65 Years,Unknown Clock Start,260
Ophthalmology Service,Age,Over 65 Years,01 To 18 Weeks,252245
Ophthalmology Service,Age,Over 65 Years,18 To 52 Weeks,93925
Ophthalmology Service,Age,Over 65 Years,Over 52 Weeks,3370
Ophthalmology Service,Age,Over 65 Years,Total,349800
Ophthalmology Service,Ethnicity,99: Not known,Unknown Clock Start,10
Ophthalmology Service,Ethnicity,99: Not known,01 To 18 Weeks,15845
Ophthalmology Service,Ethnicity,99: Not known,18 To 52 Weeks,5760
Ophthalmology Service,Ethnicity,99: Not known,Over 52 Weeks,185
Ophthalmology Service,Ethnicity,99: Not known,Total,21795
Ophthalmology Service,Ethnicity,A: British,Unknown Clock Start,355
Ophthalmology Service,Ethnicity,A: British,01 To 18 Weeks,295965
Ophthalmology Service,Ethnicity,A: British,18 To 52 Weeks,120080
Ophthalmology Service,Ethnicity,A: British,Over 52 Weeks,4435
Ophthalmology Service,Ethnicity,A: British,Total,420835
Ophthalmology Service,Ethnicity,B: Irish,Unknown Clock Start,*
Ophthalmology Service,Ethnicity,B: Irish,01 To 18 Weeks,2750
Ophthalmology Service,Ethnicity,B: Irish,18 To 52 Weeks,1040
Ophthalmology Service,Ethnicity,B: Irish,Over 52 Weeks,45
Ophthalmology Service,Ethnicity,B: Irish,Total,3840
Ophthalmology Service,Ethnicity,C: Any other white background,Unknown Clock Start,30
Ophthalmology Service,Ethnicity,C: Any other white background,01 To 18 Weeks,17855
Ophthalmology Service,Ethnicity,C: Any other white background,18 To 52 Weeks,7425
Ophthalmology Service,Ethnicity,C: Any other white background,Over 52 Weeks,225
Ophthalmology Service,Ethnicity,C: Any other white background,Total,25535
Ophthalmology Service,Ethnicity,D: White and Black Caribbean,Unknown Clock Start,*
Ophthalmology Service,Ethnicity,D: White and Black Caribbean,01 To 18 Weeks,955
Ophthalmology Service,Ethnicity,D: White and Black Caribbean,18 To 52 Weeks,475
Ophthalmology Service,Ethnicity,D: White and Black Caribbean,Over 52 Weeks,10
Ophthalmology Service,Ethnicity,D: White and Black Caribbean,Total,1445
Ophthalmology Service,Ethnicity,E: White and Black African,Unknown Clock Start,*
Ophthalmology Service,Ethnicity,E: White and Black African,01 To 18 Weeks,670
Ophthalmology Service,Ethnicity,E: White and Black African,18 To 52 Weeks,300
Ophthalmology Service,Ethnicity,E: White and Black African,Over 52 Weeks,10
Ophthalmology Service,Ethnicity,E: White and Black African,Total,980
Ophthalmology Service,Ethnicity,F: White and Asian,Unknown Clock Start,*
Ophthalmology Service,Ethnicity,F: White and Asian,01 To 18 Weeks,905
Ophthalmology Service,Ethnicity,F: White and Asian,18 To 52 Weeks,390
Ophthalmology Service,Ethnicity,F: White and Asian,Over 52 Weeks,10
Ophthalmology Service,Ethnicity,F: White and Asian,Total,1305
Ophthalmology Service,Ethnicity,G: Any other mixed background,Unknown Clock Start,*
Ophthalmology Service,Ethnicity,G: Any other mixed background,01 To 18 Weeks,2065
Ophthalmology Service,Ethnicity,G: Any other mixed background,18 To 52 Weeks,955
Ophthalmology Service,Ethnicity,G: Any other mixed background,Over 52 Weeks,40
Ophthalmology Service,Ethnicity,G: Any other mixed background,Total,3065
Ophthalmology Service,Ethnicity,H: Indian,Unknown Clock Start,10
Ophthalmology Service,Ethnicity,H: Indian,01 To 18 Weeks,12550
Ophthalmology Service,Ethnicity,H: Indian,18 To 52 Weeks,4955
Ophthalmology Service,Ethnicity,H: Indian,Over 52 Weeks,120
Ophthalmology Service,Ethnicity,H: Indian,Total,17635
Ophthalmology Service,Ethnicity,J: Pakistani,Unknown Clock Start,*
Ophthalmology Service,Ethnicity,J: Pakistani,01 To 18 Weeks,9440
Ophthalmology Service,Ethnicity,J: Pakistani,18 To 52 Weeks,4585
Ophthalmology Service,Ethnicity,J: Pakistani,Over 52 Weeks,125
Ophthalmology Service,Ethnicity,J: Pakistani,Total,14160
Ophthalmology Service,Ethnicity,K: Bangladeshi,Unknown Clock Start,*
Ophthalmology Service,Ethnicity,K: Bangladeshi,01 To 18 Weeks,3480
Ophthalmology Service,Ethnicity,K: Bangladeshi,18 To 52 Weeks,1370
Ophthalmology Service,Ethnicity,K: Bangladeshi,Over 52 Weeks,40
Ophthalmology Service,Ethnicity,K: Bangladeshi,Total,4895
Ophthalmology Service,Ethnicity,L: Any other Asian background,Unknown Clock Start,30
Ophthalmology Service,Ethnicity,L: Any other Asian background,01 To 18 Weeks,8170
Ophthalmology Service,Ethnicity,L: Any other Asian background,18 To 52 Weeks,3410
Ophthalmology Service,Ethnicity,L: Any other Asian background,Over 52 Weeks,90
Ophthalmology Service,Ethnicity,L: Any other Asian background,Total,11700
Ophthalmology Service,Ethnicity,M: Caribbean,Unknown Clock Start,*
Ophthalmology Service,Ethnicity,M: Caribbean,01 To 18 Weeks,5700
Ophthalmology Service,Ethnicity,M: Caribbean,18 To 52 Weeks,2015
Ophthalmology Service,Ethnicity,M: Caribbean,Over 52 Weeks,70
Ophthalmology Service,Ethnicity,M: Caribbean,Total,7790
Ophthalmology Service,Ethnicity,N: African,Unknown Clock Start,15
Ophthalmology Service,Ethnicity,N: African,01 To 18 Weeks,8820
Ophthalmology Service,Ethnicity,N: African,18 To 52 Weeks,3465
Ophthalmology Service,Ethnicity,N: African,Over 52 Weeks,110
Ophthalmology Service,Ethnicity,N: African,Total,12410
Ophthalmology Service,Ethnicity,P: Any other Black background,Unknown Clock Start,*
Ophthalmology Service,Ethnicity,P: Any other Black background,01 To 18 Weeks,3675
Ophthalmology Service,Ethnicity,P: Any other Black background,18 To 52 Weeks,1515
Ophthalmology Service,Ethnicity,P: Any other Black background,Over 52 Weeks,50
Ophthalmology Service,Ethnicity,P: Any other Black background,Total,5245
Ophthalmology Service,Ethnicity,R: Chinese,Unknown Clock Start,*
Ophthalmology Service,Ethnicity,R: Chinese,01 To 18 Weeks,2040
Ophthalmology Service,Ethnicity,R: Chinese,18 To 52 Weeks,885
Ophthalmology Service,Ethnicity,R: Chinese,Over 52 Weeks,20
Ophthalmology Service,Ethnicity,R: Chinese,Total,2955
Ophthalmology Service,Ethnicity,S: Any other ethnic group,Unknown Clock Start,20
Ophthalmology Service,Ethnicity,S: Any other ethnic group,01 To 18 Weeks,3715
Ophthalmology Service,Ethnicity,S: Any other ethnic group,18 To 52 Weeks,1520
Ophthalmology Service,Ethnicity,S: Any other ethnic group,Over 52 Weeks,35
Ophthalmology Service,Ethnicity,S: Any other ethnic group,Total,5290
Ophthalmology Service,Ethnicity,Z: Not stated,Unknown Clock Start,20
Ophthalmology Service,Ethnicity,Z: Not stated,01 To 18 Weeks,20950
Ophthalmology Service,Ethnicity,Z: Not stated,18 To 52 Weeks,8355
Ophthalmology Service,Ethnicity,Z: Not stated,Over 52 Weeks,235
Ophthalmology Service,Ethnicity,Z: Not stated,Total,29555
Ophthalmology Service,IMD,1,Unknown Clock Start,*
Ophthalmology Service,IMD,1,01 To 18 Weeks,36630
Ophthalmology Service,IMD,1,18 To 52 Weeks,16890
Ophthalmology Service,IMD,1,Over 52 Weeks,565
Ophthalmology Service,IMD,1,Total,54090
Ophthalmology Service,IMD,10,Unknown Clock Start,135
Ophthalmology Service,IMD,10,01 To 18 Weeks,40795
Ophthalmology Service,IMD,10,18 To 52 Weeks,15500
Ophthalmology Service,IMD,10,Over 52 Weeks,490
Ophthalmology Service,IMD,10,Total,56925
Ophthalmology Service,IMD,2,Unknown Clock Start,20
Ophthalmology Service,IMD,2,01 To 18 Weeks,38595
Ophthalmology Service,IMD,2,18 To 52 Weeks,15910
Ophthalmology Service,IMD,2,Over 52 Weeks,550
Ophthalmology Service,IMD,2,Total,55075
Ophthalmology Service,IMD,3,Unknown Clock Start,30
Ophthalmology Service,IMD,3,01 To 18 Weeks,39675
Ophthalmology Service,IMD,3,18 To 52 Weeks,16145
Ophthalmology Service,IMD,3,Over 52 Weeks,525
Ophthalmology Service,IMD,3,Total,56375
Ophthalmology Service,IMD,4,Unknown Clock Start,45
Ophthalmology Service,IMD,4,01 To 18 Weeks,40670
Ophthalmology Service,IMD,4,18 To 52 Weeks,16785
Ophthalmology Service,IMD,4,Over 52 Weeks,615
Ophthalmology Service,IMD,4,Total,58115
Ophthalmology Service,IMD,5,Unknown Clock Start,20
Ophthalmology Service,IMD,5,01 To 18 Weeks,40975
Ophthalmology Service,IMD,5,18 To 52 Weeks,16740
Ophthalmology Service,IMD,5,Over 52 Weeks,585
Ophthalmology Service,IMD,5,Total,58315
Ophthalmology Service,IMD,6,Unknown Clock Start,35
Ophthalmology Service,IMD,6,01 To 18 Weeks,41670
Ophthalmology Service,IMD,6,18 To 52 Weeks,16555
Ophthalmology Service,IMD,6,Over 52 Weeks,585
Ophthalmology Service,IMD,6,Total,58850
Ophthalmology Service,IMD,7,Unknown Clock Start,65
Ophthalmology Service,IMD,7,01 To 18 Weeks,41145
Ophthalmology Service,IMD,7,18 To 52 Weeks,16385
Ophthalmology Service,IMD,7,Over 52 Weeks,595
Ophthalmology Service,IMD,7,Total,58190
Ophthalmology Service,IMD,8,Unknown Clock Start,70
Ophthalmology Service,IMD,8,01 To 18 Weeks,42290
Ophthalmology Service,IMD,8,18 To 52 Weeks,16880
Ophthalmology Service,IMD,8,Over 52 Weeks,620
Ophthalmology Service,IMD,8,Total,59855
Ophthalmology Service,IMD,9,Unknown Clock Start,95
Ophthalmology Service,IMD,9,01 To 18 Weeks,41675
Ophthalmology Service,IMD,9,18 To 52 Weeks,16415
Ophthalmology Service,IMD,9,Over 52 Weeks,575
Ophthalmology Service,IMD,9,Total,58765
Ophthalmology Service,Sex,Female,Unknown Clock Start,270
Ophthalmology Service,Sex,Female,01 To 18 Weeks,216505
Ophthalmology Service,Sex,Female,18 To 52 Weeks,87840
Ophthalmology Service,Sex,Female,Over 52 Weeks,3005
Ophthalmology Service,Sex,Female,Total,307620
Ophthalmology Service,Sex,Male,Unknown Clock Start,260
Ophthalmology Service,Sex,Male,01 To 18 Weeks,175035
Ophthalmology Service,Sex,Male,18 To 52 Weeks,69525
Ophthalmology Service,Sex,Male,Over 52 Weeks,2295
Ophthalmology Service,Sex,Male,Total,247115
Oral Surgery Service,Age,0-18 Years,Unknown Clock Start,*
Oral Surgery Service,Age,0-18 Years,01 To 18 Weeks,17155
Oral Surgery Service,Age,0-18 Years,18 To 52 Weeks,16910
Oral Surgery Service,Age,0-18 Years,Over 52 Weeks,1810
Oral Surgery Service,Age,0-18 Years,Total,35875
Oral Surgery Service,Age,19-64 Years,Unknown Clock Start,65
Oral Surgery Service,Age,19-64 Years,01 To 18 Weeks,102430
Oral Surgery Service,Age,19-64 Years,18 To 52 Weeks,94550
Oral Surgery Service,Age,19-64 Years,Over 52 Weeks,8620
Oral Surgery Service,Age,19-64 Years,Total,205665
Oral Surgery Service,Age,Over 65 Years,Unknown Clock Start,25
Oral Surgery Service,Age,Over 65 Years,01 To 18 Weeks,36145
Oral Surgery Service,Age,Over 65 Years,18 To 52 Weeks,27270
Oral Surgery Service,Age,Over 65 Years,Over 52 Weeks,2070
Oral Surgery Service,Age,Over 65 Years,Total,65505
Oral Surgery Service,Ethnicity,99: Not known,Unknown Clock Start,*
Oral Surgery Service,Ethnicity,99: Not known,01 To 18 Weeks,4995
Oral Surgery Service,Ethnicity,99: Not known,18 To 52 Weeks,4005
Oral Surgery Service,Ethnicity,99: Not known,Over 52 Weeks,345
Oral Surgery Service,Ethnicity,99: Not known,Total,9345
Oral Surgery Service,Ethnicity,A: British,Unknown Clock Start,60
Oral Surgery Service,Ethnicity,A: British,01 To 18 Weeks,108470
Oral Surgery Service,Ethnicity,A: British,18 To 52 Weeks,97725
Oral Surgery Service,Ethnicity,A: British,Over 52 Weeks,9060
Oral Surgery Service,Ethnicity,A: British,Total,215315
Oral Surgery Service,Ethnicity,B: Irish,Unknown Clock Start,*
Oral Surgery Service,Ethnicity,B: Irish,01 To 18 Weeks,760
Oral Surgery Service,Ethnicity,B: Irish,18 To 52 Weeks,615
Oral Surgery Service,Ethnicity,B: Irish,Over 52 Weeks,60
Oral Surgery Service,Ethnicity,B: Irish,Total,1435
Oral Surgery Service,Ethnicity,C: Any other white background,Unknown Clock Start,*
Oral Surgery Service,Ethnicity,C: Any other white background,01 To 18 Weeks,8175
Oral Surgery Service,Ethnicity,C: Any other white background,18 To 52 Weeks,7050
Oral Surgery Service,Ethnicity,C: Any other white background,Over 52 Weeks,630
Oral Surgery Service,Ethnicity,C: Any other white background,Total,15865
Oral Surgery Service,Ethnicity,D: White and Black Caribbean,01 To 18 Weeks,800
Oral Surgery Service,Ethnicity,D: White and Black Caribbean,18 To 52 Weeks,730
Oral Surgery Service,Ethnicity,D: White and Black Caribbean,Over 52 Weeks,70
Oral Surgery Service,Ethnicity,D: White and Black Caribbean,Total,1595
Oral Surgery Service,Ethnicity,E: White and Black African,Unknown Clock Start,*
Oral Surgery Service,Ethnicity,E: White and Black African,01 To 18 Weeks,405
Oral Surgery Service,Ethnicity,E: White and Black African,18 To 52 Weeks,350
Oral Surgery Service,Ethnicity,E: White and Black African,Over 52 Weeks,35
Oral Surgery Service,Ethnicity,E: White and Black African,Total,790
Oral Surgery Service,Ethnicity,F: White and Asian,01 To 18 Weeks,570
Oral Surgery Service,Ethnicity,F: White and Asian,18 To 52 Weeks,545
Oral Surgery Service,Ethnicity,F: White and Asian,Over 52 Weeks,35
Oral Surgery Service,Ethnicity,F: White and Asian,Total,1145
Oral Surgery Service,Ethnicity,G: Any other mixed background,01 To 18 Weeks,1265
Oral Surgery Service,Ethnicity,G: Any other mixed background,18 To 52 Weeks,1195
Oral Surgery Service,Ethnicity,G: Any other mixed background,Over 52 Weeks,115
Oral Surgery Service,Ethnicity,G: Any other mixed background,Total,2575
Oral Surgery Service,Ethnicity,H: Indian,Unknown Clock Start,*
Oral Surgery Service,Ethnicity,H: Indian,01 To 18 Weeks,4550
Oral Surgery Service,Ethnicity,H: Indian,18 To 52 Weeks,4215
Oral Surgery Service,Ethnicity,H: Indian,Over 52 Weeks,345
Oral Surgery Service,Ethnicity,H: Indian,Total,9120
Oral Surgery Service,Ethnicity,J: Pakistani,Unknown Clock Start,*
Oral Surgery Service,Ethnicity,J: Pakistani,01 To 18 Weeks,4095
Oral Surgery Service,Ethnicity,J: Pakistani,18 To 52 Weeks,3730
Oral Surgery Service,Ethnicity,J: Pakistani,Over 52 Weeks,295
Oral Surgery Service,Ethnicity,J: Pakistani,Total,8125
Oral Surgery Service,Ethnicity,K: Bangladeshi,01 To 18 Weeks,1660
Oral Surgery Service,Ethnicity,K: Bangladeshi,18 To 52 Weeks,1400
Oral Surgery Service,Ethnicity,K: Bangladeshi,Over 52 Weeks,125
Oral Surgery Service,Ethnicity,K: Bangladeshi,Total,3185
Oral Surgery Service,Ethnicity,L: Any other Asian background,Unknown Clock Start,*
Oral Surgery Service,Ethnicity,L: Any other Asian background,01 To 18 Weeks,3280
Oral Surgery Service,Ethnicity,L: Any other Asian background,18 To 52 Weeks,2790
Oral Surgery Service,Ethnicity,L: Any other Asian background,Over 52 Weeks,215
Oral Surgery Service,Ethnicity,L: Any other Asian background,Total,6295
Oral Surgery Service,Ethnicity,M: Caribbean,Unknown Clock Start,*
Oral Surgery Service,Ethnicity,M: Caribbean,01 To 18 Weeks,2205
Oral Surgery Service,Ethnicity,M: Caribbean,18 To 52 Weeks,1740
Oral Surgery Service,Ethnicity,M: Caribbean,Over 52 Weeks,115
Oral Surgery Service,Ethnicity,M: Caribbean,Total,4060
Oral Surgery Service,Ethnicity,N: African,Unknown Clock Start,*
Oral Surgery Service,Ethnicity,N: African,01 To 18 Weeks,3235
Oral Surgery Service,Ethnicity,N: African,18 To 52 Weeks,2555
Oral Surgery Service,Ethnicity,N: African,Over 52 Weeks,215
Oral Surgery Service,Ethnicity,N: African,Total,6005
Oral Surgery Service,Ethnicity,P: Any other Black background,Unknown Clock Start,*
Oral Surgery Service,Ethnicity,P: Any other Black background,01 To 18 Weeks,1710
Oral Surgery Service,Ethnicity,P: Any other Black background,18 To 52 Weeks,1380
Oral Surgery Service,Ethnicity,P: Any other Black background,Over 52 Weeks,95
Oral Surgery Service,Ethnicity,P: Any other Black background,Total,3185
Oral Surgery Service,Ethnicity,R: Chinese,01 To 18 Weeks,725
Oral Surgery Service,Ethnicity,R: Chinese,18 To 52 Weeks,630
Oral Surgery Service,Ethnicity,R: Chinese,Over 52 Weeks,55
Oral Surgery Service,Ethnicity,R: Chinese,Total,1405
Oral Surgery Service,Ethnicity,S: Any other ethnic group,Unknown Clock Start,*
Oral Surgery Service,Ethnicity,S: Any other ethnic group,01 To 18 Weeks,1675
Oral Surgery Service,Ethnicity,S: Any other ethnic group,18 To 52 Weeks,1340
Oral Surgery Service,Ethnicity,S: Any other ethnic group,Over 52 Weeks,85
Oral Surgery Service,Ethnicity,S: Any other ethnic group,Total,3105
Oral Surgery Service,Ethnicity,Z: Not stated,Unknown Clock Start,*
Oral Surgery Service,Ethnicity,Z: Not stated,01 To 18 Weeks,8330
Oral Surgery Service,Ethnicity,Z: Not stated,18 To 52 Weeks,7095
Oral Surgery Service,Ethnicity,Z: Not stated,Over 52 Weeks,595
Oral Surgery Service,Ethnicity,Z: Not stated,Total,16025
Oral Surgery Service,IMD,1,Unknown Clock Start,*
Oral Surgery Service,IMD,1,01 To 18 Weeks,16625
Oral Surgery Service,IMD,1,18 To 52 Weeks,15325
Oral Surgery Service,IMD,1,Over 52 Weeks,1490
Oral Surgery Service,IMD,1,Total,33445
Oral Surgery Service,IMD,10,Unknown Clock Start,20
Oral Surgery Service,IMD,10,01 To 18 Weeks,12960
Oral Surgery Service,IMD,10,18 To 52 Weeks,12035
Oral Surgery Service,IMD,10,Over 52 Weeks,1095
Oral Surgery Service,IMD,10,Total,26105
Oral Surgery Service,IMD,2,Unknown Clock Start,*
Oral Surgery Service,IMD,2,01 To 18 Weeks,16435
Oral Surgery Service,IMD,2,18 To 52 Weeks,14110
Oral Surgery Service,IMD,2,Over 52 Weeks,1190
Oral Surgery Service,IMD,2,Total,31745
Oral Surgery Service,IMD,3,Unknown Clock Start,10
Oral Surgery Service,IMD,3,01 To 18 Weeks,16315
Oral Surgery Service,IMD,3,18 To 52 Weeks,14250
Oral Surgery Service,IMD,3,Over 52 Weeks,1220
Oral Surgery Service,IMD,3,Total,31795
Oral Surgery Service,IMD,4,Unknown Clock Start,*
Oral Surgery Service,IMD,4,01 To 18 Weeks,15610
Oral Surgery Service,IMD,4,18 To 52 Weeks,13560
Oral Surgery Service,IMD,4,Over 52 Weeks,1205
Oral Surgery Service,IMD,4,Total,30380
Oral Surgery Service,IMD,5,Unknown Clock Start,*
Oral Surgery Service,IMD,5,01 To 18 Weeks,15175
Oral Surgery Service,IMD,5,18 To 52 Weeks,13310
Oral Surgery Service,IMD,5,Over 52 Weeks,1165
Oral Surgery Service,IMD,5,Total,29650
Oral Surgery Service,IMD,6,Unknown Clock Start,*
Oral Surgery Service,IMD,6,01 To 18 Weeks,14995
Oral Surgery Service,IMD,6,18 To 52 Weeks,13000
Oral Surgery Service,IMD,6,Over 52 Weeks,1140
Oral Surgery Service,IMD,6,Total,29145
Oral Surgery Service,IMD,7,Unknown Clock Start,10
Oral Surgery Service,IMD,7,01 To 18 Weeks,14775
Oral Surgery Service,IMD,7,18 To 52 Weeks,13000
Oral Surgery Service,IMD,7,Over 52 Weeks,1150
Oral Surgery Service,IMD,7,Total,28940
Oral Surgery Service,IMD,8,Unknown Clock Start,15
Oral Surgery Service,IMD,8,01 To 18 Weeks,14780
Oral Surgery Service,IMD,8,18 To 52 Weeks,12975
Oral Surgery Service,IMD,8,Over 52 Weeks,1205
Oral Surgery Service,IMD,8,Total,28970
Oral Surgery Service,IMD,9,Unknown Clock Start,15
Oral Surgery Service,IMD,9,01 To 18 Weeks,13805
Oral Surgery Service,IMD,9,18 To 52 Weeks,12620
Oral Surgery Service,IMD,9,Over 52 Weeks,1225
Oral Surgery Service,IMD,9,Total,27665
Oral Surgery Service,Sex,Female,Unknown Clock Start,50
Oral Surgery Service,Sex,Female,01 To 18 Weeks,83235
Oral Surgery Service,Sex,Female,18 To 52 Weeks,77915
Oral Surgery Service,Sex,Female,Over 52 Weeks,7050
Oral Surgery Service,Sex,Female,Total,168245
Oral Surgery Service,Sex,Male,Unknown Clock Start,45
Oral Surgery Service,Sex,Male,01 To 18 Weeks,59120
Oral Surgery Service,Sex,Male,18 To 52 Weeks,52150
Oral Surgery Service,Sex,Male,Over 52 Weeks,4655
Oral Surgery Service,Sex,Male,Total,115970
Other - Medical Services,Age,0-18 Years,Unknown Clock Start,235
Other - Medical Services,Age,0-18 Years,01 To 18 Weeks,105620
Other - Medical Services,Age,0-18 Years,18 To 52 Weeks,39690
Other - Medical Services,Age,0-18 Years,Over 52 Weeks,900
Other - Medical Services,Age,0-18 Years,Total,146440
Other - Medical Services,Age,19-64 Years,Unknown Clock Start,580
Other - Medical Services,Age,19-64 Years,01 To 18 Weeks,250240
Other - Medical Services,Age,19-64 Years,18 To 52 Weeks,145140
Other - Medical Services,Age,19-64 Years,Over 52 Weeks,6710
Other - Medical Services,Age,19-64 Years,Total,402670
Other - Medical Services,Age,Over 65 Years,Unknown Clock Start,615
Other - Medical Services,Age,Over 65 Years,01 To 18 Weeks,117885
Other - Medical Services,Age,Over 65 Years,18 To 52 Weeks,59055
Other - Medical Services,Age,Over 65 Years,Over 52 Weeks,2650
Other - Medical Services,Age,Over 65 Years,Total,180205
Other - Medical Services,Ethnicity,99: Not known,Unknown Clock Start,10
Other - Medical Services,Ethnicity,99: Not known,01 To 18 Weeks,18990
Other - Medical Services,Ethnicity,99: Not known,18 To 52 Weeks,7290
Other - Medical Services,Ethnicity,99: Not known,Over 52 Weeks,300
Other - Medical Services,Ethnicity,99: Not known,Total,26590
Other - Medical Services,Ethnicity,A: British,Unknown Clock Start,1000
Other - Medical Services,Ethnicity,A: British,01 To 18 Weeks,318155
Other - Medical Services,Ethnicity,A: British,18 To 52 Weeks,164025
Other - Medical Services,Ethnicity,A: British,Over 52 Weeks,6975
Other - Medical Services,Ethnicity,A: British,Total,490155
Other - Medical Services,Ethnicity,B: Irish,Unknown Clock Start,10
Other - Medical Services,Ethnicity,B: Irish,01 To 18 Weeks,2785
Other - Medical Services,Ethnicity,B: Irish,18 To 52 Weeks,1350
Other - Medical Services,Ethnicity,B: Irish,Over 52 Weeks,60
Other - Medical Services,Ethnicity,B: Irish,Total,4205
Other - Medical Services,Ethnicity,C: Any other white background,Unknown Clock Start,85
Other - Medical Services,Ethnicity,C: Any other white background,01 To 18 Weeks,33360
Other - Medical Services,Ethnicity,C: Any other white background,18 To 52 Weeks,17415
Other - Medical Services,Ethnicity,C: Any other white background,Over 52 Weeks,740
Other - Medical Services,Ethnicity,C: Any other white background,Total,51605
Other - Medical Services,Ethnicity,D: White and Black Caribbean,Unknown Clock Start,10
Other - Medical Services,Ethnicity,D: White and Black Caribbean,01 To 18 Weeks,2800
Other - Medical Services,Ethnicity,D: White and Black Caribbean,18 To 52 Weeks,1350
Other - Medical Services,Ethnicity,D: White and Black Caribbean,Over 52 Weeks,40
Other - Medical Services,Ethnicity,D: White and Black Caribbean,Total,4200
Other - Medical Services,Ethnicity,E: White and Black African,Unknown Clock Start,*
Other - Medical Services,Ethnicity,E: White and Black African,01 To 18 Weeks,1640
Other - Medical Services,Ethnicity,E: White and Black African,18 To 52 Weeks,760
Other - Medical Services,Ethnicity,E: White and Black African,Over 52 Weeks,35
Other - Medical Services,Ethnicity,E: White and Black African,Total,2435
Other - Medical Services,Ethnicity,F: White and Asian,Unknown Clock Start,10
Other - Medical Services,Ethnicity,F: White and Asian,01 To 18 Weeks,2200
Other - Medical Services,Ethnicity,F: White and Asian,18 To 52 Weeks,1020
Other - Medical Services,Ethnicity,F: White and Asian,Over 52 Weeks,30
Other - Medical Services,Ethnicity,F: White and Asian,Total,3260
Other - Medical Services,Ethnicity,G: Any other mixed background,Unknown Clock Start,20
Other - Medical Services,Ethnicity,G: Any other mixed background,01 To 18 Weeks,5255
Other - Medical Services,Ethnicity,G: Any other mixed background,18 To 52 Weeks,2510
Other - Medical Services,Ethnicity,G: Any other mixed background,Over 52 Weeks,95
Other - Medical Services,Ethnicity,G: Any other mixed background,Total,7880
Other - Medical Services,Ethnicity,H: Indian,Unknown Clock Start,40
Other - Medical Services,Ethnicity,H: Indian,01 To 18 Weeks,14920
Other - Medical Services,Ethnicity,H: Indian,18 To 52 Weeks,7685
Other - Medical Services,Ethnicity,H: Indian,Over 52 Weeks,295
Other - Medical Services,Ethnicity,H: Indian,Total,22940
Other - Medical Services,Ethnicity,J: Pakistani,Unknown Clock Start,20
Other - Medical Services,Ethnicity,J: Pakistani,01 To 18 Weeks,13765
Other - Medical Services,Ethnicity,J: Pakistani,18 To 52 Weeks,7140
Other - Medical Services,Ethnicity,J: Pakistani,Over 52 Weeks,245
Other - Medical Services,Ethnicity,J: Pakistani,Total,21175
Other - Medical Services,Ethnicity,K: Bangladeshi,Unknown Clock Start,10
Other - Medical Services,Ethnicity,K: Bangladeshi,01 To 18 Weeks,5625
Other - Medical Services,Ethnicity,K: Bangladeshi,18 To 52 Weeks,2740
Other - Medical Services,Ethnicity,K: Bangladeshi,Over 52 Weeks,155
Other - Medical Services,Ethnicity,K: Bangladeshi,Total,8530
Other - Medical Services,Ethnicity,L: Any other Asian background,Unknown Clock Start,70
Other - Medical Services,Ethnicity,L: Any other Asian background,01 To 18 Weeks,12435
Other - Medical Services,Ethnicity,L: Any other Asian background,18 To 52 Weeks,6630
Other - Medical Services,Ethnicity,L: Any other Asian background,Over 52 Weeks,275
Other - Medical Services,Ethnicity,L: Any other Asian background,Total,19410
Other - Medical Services,Ethnicity,M: Caribbean,Unknown Clock Start,20
Other - Medical Services,Ethnicity,M: Caribbean,01 To 18 Weeks,7335
Other - Medical Services,Ethnicity,M: Caribbean,18 To 52 Weeks,3670
Other - Medical Services,Ethnicity,M: Caribbean,Over 52 Weeks,130
Other - Medical Services,Ethnicity,M: Caribbean,Total,11160
Other - Medical Services,Ethnicity,N: African,Unknown Clock Start,30
Other - Medical Services,Ethnicity,N: African,01 To 18 Weeks,13465
Other - Medical Services,Ethnicity,N: African,18 To 52 Weeks,6045
Other - Medical Services,Ethnicity,N: African,Over 52 Weeks,230
Other - Medical Services,Ethnicity,N: African,Total,19775
Other - Medical Services,Ethnicity,P: Any other Black background,Unknown Clock Start,25
Other - Medical Services,Ethnicity,P: Any other Black background,01 To 18 Weeks,5825
Other - Medical Services,Ethnicity,P: Any other Black background,18 To 52 Weeks,2845
Other - Medical Services,Ethnicity,P: Any other Black background,Over 52 Weeks,105
Other - Medical Services,Ethnicity,P: Any other Black background,Total,8805
Other - Medical Services,Ethnicity,R: Chinese,Unknown Clock Start,10
Other - Medical Services,Ethnicity,R: Chinese,01 To 18 Weeks,2305
Other - Medical Services,Ethnicity,R: Chinese,18 To 52 Weeks,1160
Other - Medical Services,Ethnicity,R: Chinese,Over 52 Weeks,35
Other - Medical Services,Ethnicity,R: Chinese,Total,3510
Other - Medical Services,Ethnicity,S: Any other ethnic group,Unknown Clock Start,25
Other - Medical Services,Ethnicity,S: Any other ethnic group,01 To 18 Weeks,6545
Other - Medical Services,Ethnicity,S: Any other ethnic group,18 To 52 Weeks,3160
Other - Medical Services,Ethnicity,S: Any other ethnic group,Over 52 Weeks,110
Other - Medical Services,Ethnicity,S: Any other ethnic group,Total,9845
Other - Medical Services,Ethnicity,Z: Not stated,Unknown Clock Start,35
Other - Medical Services,Ethnicity,Z: Not stated,01 To 18 Weeks,19945
Other - Medical Services,Ethnicity,Z: Not stated,18 To 52 Weeks,9715
Other - Medical Services,Ethnicity,Z: Not stated,Over 52 Weeks,410
Other - Medical Services,Ethnicity,Z: Not stated,Total,30105
Other - Medical Services,IMD,1,Unknown Clock Start,30
Other - Medical Services,IMD,1,01 To 18 Weeks,54545
Other - Medical Services,IMD,1,18 To 52 Weeks,27680
Other - Medical Services,IMD,1,Over 52 Weeks,950
Other - Medical Services,IMD,1,Total,83205
Other - Medical Services,IMD,10,Unknown Clock Start,320
Other - Medical Services,IMD,10,01 To 18 Weeks,37760
Other - Medical Services,IMD,10,18 To 52 Weeks,19415
Other - Medical Services,IMD,10,Over 52 Weeks,845
Other - Medical Services,IMD,10,Total,58345
Other - Medical Services,IMD,2,Unknown Clock Start,70
Other - Medical Services,IMD,2,01 To 18 Weeks,54295
Other - Medical Services,IMD,2,18 To 52 Weeks,27595
Other - Medical Services,IMD,2,Over 52 Weeks,1060
Other - Medical Services,IMD,2,Total,83020
Other - Medical Services,IMD,3,Unknown Clock Start,90
Other - Medical Services,IMD,3,01 To 18 Weeks,52800
Other - Medical Services,IMD,3,18 To 52 Weeks,26885
Other - Medical Services,IMD,3,Over 52 Weeks,1150
Other - Medical Services,IMD,3,Total,80930
Other - Medical Services,IMD,4,Unknown Clock Start,120
Other - Medical Services,IMD,4,01 To 18 Weeks,49920
Other - Medical Services,IMD,4,18 To 52 Weeks,25505
Other - Medical Services,IMD,4,Over 52 Weeks,1090
Other - Medical Services,IMD,4,Total,76640
Other - Medical Services,IMD,5,Unknown Clock Start,85
Other - Medical Services,IMD,5,01 To 18 Weeks,47095
Other - Medical Services,IMD,5,18 To 52 Weeks,23815
Other - Medical Services,IMD,5,Over 52 Weeks,1040
Other - Medical Services,IMD,5,Total,72035
Other - Medical Services,IMD,6,Unknown Clock Start,140
Other - Medical Services,IMD,6,01 To 18 Weeks,45735
Other - Medical Services,IMD,6,18 To 52 Weeks,23410
Other - Medical Services,IMD,6,Over 52 Weeks,1035
Other - Medical Services,IMD,6,Total,70315
Other - Medical Services,IMD,7,Unknown Clock Start,155
Other - Medical Services,IMD,7,01 To 18 Weeks,43245
Other - Medical Services,IMD,7,18 To 52 Weeks,21835
Other - Medical Services,IMD,7,Over 52 Weeks,935
Other - Medical Services,IMD,7,Total,66175
Other - Medical Services,IMD,8,Unknown Clock Start,185
Other - Medical Services,IMD,8,01 To 18 Weeks,42560
Other - Medical Services,IMD,8,18 To 52 Weeks,22350
Other - Medical Services,IMD,8,Over 52 Weeks,985
Other - Medical Services,IMD,8,Total,66075
Other - Medical Services,IMD,9,Unknown Clock Start,205
Other - Medical Services,IMD,9,01 To 18 Weeks,40920
Other - Medical Services,IMD,9,18 To 52 Weeks,21020
Other - Medical Services,IMD,9,Over 52 Weeks,945
Other - Medical Services,IMD,9,Total,63090
Other - Medical Services,Sex,Female,Unknown Clock Start,770
Other - Medical Services,Sex,Female,01 To 18 Weeks,249695
Other - Medical Services,Sex,Female,18 To 52 Weeks,132640
Other - Medical Services,Sex,Female,Over 52 Weeks,5820
Other - Medical Services,Sex,Female,Total,388925
Other - Medical Services,Sex,Male,Unknown Clock Start,645
Other - Medical Services,Sex,Male,01 To 18 Weeks,193345
Other - Medical Services,Sex,Male,18 To 52 Weeks,94300
Other - Medical Services,Sex,Male,Over 52 Weeks,3795
Other - Medical Services,Sex,Male,Total,292085
Other - Mental Health Services,Age,0-18 Years,Unknown Clock Start,*
Other - Mental Health Services,Age,0-18 Years,01 To 18 Weeks,250
Other - Mental Health Services,Age,0-18 Years,18 To 52 Weeks,130
Other - Mental Health Services,Age,0-18 Years,Over 52 Weeks,*
Other - Mental Health Services,Age,0-18 Years,Total,385
Other - Mental Health Services,Age,19-64 Years,01 To 18 Weeks,765
Other - Mental Health Services,Age,19-64 Years,18 To 52 Weeks,355
Other - Mental Health Services,Age,19-64 Years,Over 52 Weeks,*
Other - Mental Health Services,Age,19-64 Years,Total,1125
Other - Mental Health Services,Age,Over 65 Years,Unknown Clock Start,*
Other - Mental Health Services,Age,Over 65 Years,01 To 18 Weeks,450
Other - Mental Health Services,Age,Over 65 Years,18 To 52 Weeks,55
Other - Mental Health Services,Age,Over 65 Years,Total,505
Other - Mental Health Services,Ethnicity,99: Not known,01 To 18 Weeks,180
Other - Mental Health Services,Ethnicity,99: Not known,18 To 52 Weeks,15
Other - Mental Health Services,Ethnicity,99: Not known,Total,195
Other - Mental Health Services,Ethnicity,A: British,Unknown Clock Start,*
Other - Mental Health Services,Ethnicity,A: British,01 To 18 Weeks,1190
Other - Mental Health Services,Ethnicity,A: British,18 To 52 Weeks,490
Other - Mental Health Services,Ethnicity,A: British,Over 52 Weeks,*
Other - Mental Health Services,Ethnicity,A: British,Total,1685
Other - Mental Health Services,Ethnicity,B: Irish,01 To 18 Weeks,10
Other - Mental Health Services,Ethnicity,B: Irish,18 To 52 Weeks,*
Other - Mental Health Services,Ethnicity,B: Irish,Total,15
Other - Mental Health Services,Ethnicity,C: Any other white background,01 To 18 Weeks,95
Other - Mental Health Services,Ethnicity,C: Any other white background,18 To 52 Weeks,45
Other - Mental Health Services,Ethnicity,C: Any other white background,Total,140
Other - Mental Health Services,Ethnicity,D: White and Black Caribbean,01 To 18 Weeks,*
Other - Mental Health Services,Ethnicity,D: White and Black Caribbean,18 To 52 Weeks,10
Other - Mental Health Services,Ethnicity,D: White and Black Caribbean,Total,20
Other - Mental Health Services,Ethnicity,E: White and Black African,01 To 18 Weeks,*
Other - Mental Health Services,Ethnicity,E: White and Black African,18 To 52 Weeks,*
Other - Mental Health Services,Ethnicity,E: White and Black African,Total,*
Other - Mental Health Services,Ethnicity,F: White and Asian,01 To 18 Weeks,*
Other - Mental Health Services,Ethnicity,F: White and Asian,18 To 52 Weeks,*
Other - Mental Health Services,Ethnicity,F: White and Asian,Total,*
Other - Mental Health Services,Ethnicity,G: Any other mixed background,01 To 18 Weeks,20
Other - Mental Health Services,Ethnicity,G: Any other mixed background,18 To 52 Weeks,10
Other - Mental Health Services,Ethnicity,G: Any other mixed background,Over 52 Weeks,*
Other - Mental Health Services,Ethnicity,G: Any other mixed background,Total,30
Other - Mental Health Services,Ethnicity,H: Indian,01 To 18 Weeks,35
Other - Mental Health Services,Ethnicity,H: Indian,18 To 52 Weeks,15
Other - Mental Health Services,Ethnicity,H: Indian,Total,50
Other - Mental Health Services,Ethnicity,J: Pakistani,01 To 18 Weeks,20
Other - Mental Health Services,Ethnicity,J: Pakistani,18 To 52 Weeks,10
Other - Mental Health Services,Ethnicity,J: Pakistani,Total,25
Other - Mental Health Services,Ethnicity,K: Bangladeshi,01 To 18 Weeks,10
Other - Mental Health Services,Ethnicity,K: Bangladeshi,18 To 52 Weeks,*
Other - Mental Health Services,Ethnicity,K: Bangladeshi,Total,15
Other - Mental Health Services,Ethnicity,L: Any other Asian background,01 To 18 Weeks,25
Other - Mental Health Services,Ethnicity,L: Any other Asian background,18 To 52 Weeks,10
Other - Mental Health Services,Ethnicity,L: Any other Asian background,Total,35
Other - Mental Health Services,Ethnicity,M: Caribbean,01 To 18 Weeks,20
Other - Mental Health Services,Ethnicity,M: Caribbean,18 To 52 Weeks,10
Other - Mental Health Services,Ethnicity,M: Caribbean,Total,30
Other - Mental Health Services,Ethnicity,N: African,01 To 18 Weeks,25
Other - Mental Health Services,Ethnicity,N: African,18 To 52 Weeks,15
Other - Mental Health Services,Ethnicity,N: African,Total,40
Other - Mental Health Services,Ethnicity,P: Any other Black background,01 To 18 Weeks,15
Other - Mental Health Services,Ethnicity,P: Any other Black background,18 To 52 Weeks,*
Other - Mental Health Services,Ethnicity,P: Any other Black background,Total,20
Other - Mental Health Services,Ethnicity,R: Chinese,01 To 18 Weeks,*
Other - Mental Health Services,Ethnicity,R: Chinese,18 To 52 Weeks,*
Other - Mental Health Services,Ethnicity,R: Chinese,Total,*
Other - Mental Health Services,Ethnicity,S: Any other ethnic group,01 To 18 Weeks,10
Other - Mental Health Services,Ethnicity,S: Any other ethnic group,18 To 52 Weeks,*
Other - Mental Health Services,Ethnicity,S: Any other ethnic group,Total,15
Other - Mental Health Services,Ethnicity,Z: Not stated,01 To 18 Weeks,40
Other - Mental Health Services,Ethnicity,Z: Not stated,18 To 52 Weeks,20
Other - Mental Health Services,Ethnicity,Z: Not stated,Total,55
Other - Mental Health Services,IMD,1,01 To 18 Weeks,145
Other - Mental Health Services,IMD,1,18 To 52 Weeks,40
Other - Mental Health Services,IMD,1,Total,185
Other - Mental Health Services,IMD,10,01 To 18 Weeks,120
Other - Mental Health Services,IMD,10,18 To 52 Weeks,65
Other - Mental Health Services,IMD,10,Total,185
Other - Mental Health Services,IMD,2,01 To 18 Weeks,170
Other - Mental Health Services,IMD,2,18 To 52 Weeks,55
Other - Mental Health Services,IMD,2,Total,225
Other - Mental Health Services,IMD,3,Unknown Clock Start,*
Other - Mental Health Services,IMD,3,01 To 18 Weeks,175
Other - Mental Health Services,IMD,3,18 To 52 Weeks,75
Other - Mental Health Services,IMD,3,Over 52 Weeks,*
Other - Mental Health Services,IMD,3,Total,255
Other - Mental Health Services,IMD,4,01 To 18 Weeks,165
Other - Mental Health Services,IMD,4,18 To 52 Weeks,75
Other - Mental Health Services,IMD,4,Over 52 Weeks,*
Other - Mental Health Services,IMD,4,Total,240
Other - Mental Health Services,IMD,5,01 To 18 Weeks,145
Other - Mental Health Services,IMD,5,18 To 52 Weeks,70
Other - Mental Health Services,IMD,5,Over 52 Weeks,*
Other - Mental Health Services,IMD,5,Total,215
Other - Mental Health Services,IMD,6,01 To 18 Weeks,145
Other - Mental Health Services,IMD,6,18 To 52 Weeks,65
Other - Mental Health Services,IMD,6,Total,205
Other - Mental Health Services,IMD,7,01 To 18 Weeks,150
Other - Mental Health Services,IMD,7,18 To 52 Weeks,75
Other - Mental Health Services,IMD,7,Total,220
Other - Mental Health Services,IMD,8,Unknown Clock Start,*
Other - Mental Health Services,IMD,8,01 To 18 Weeks,145
Other - Mental Health Services,IMD,8,18 To 52 Weeks,55
Other - Mental Health Services,IMD,8,Total,200
Other - Mental Health Services,IMD,9,01 To 18 Weeks,150
Other - Mental Health Services,IMD,9,18 To 52 Weeks,75
Other - Mental Health Services,IMD,9,Total,220
Other - Mental Health Services,Sex,Female,01 To 18 Weeks,650
Other - Mental Health Services,Sex,Female,18 To 52 Weeks,250
Other - Mental Health Services,Sex,Female,Total,900
Other - Mental Health Services,Sex,Male,Unknown Clock Start,*
Other - Mental Health Services,Sex,Male,01 To 18 Weeks,410
Other - Mental Health Services,Sex,Male,18 To 52 Weeks,150
Other - Mental Health Services,Sex,Male,Over 52 Weeks,*
Other - Mental Health Services,Sex,Male,Total,565
Other - Other Services,Age,0-18 Years,Unknown Clock Start,*
Other - Other Services,Age,0-18 Years,01 To 18 Weeks,5320
Other - Other Services,Age,0-18 Years,18 To 52 Weeks,1520
Other - Other Services,Age,0-18 Years,Over 52 Weeks,75
Other - Other Services,Age,0-18 Years,Total,6915
Other - Other Services,Age,19-64 Years,Unknown Clock Start,360
Other - Other Services,Age,19-64 Years,01 To 18 Weeks,45745
Other - Other Services,Age,19-64 Years,18 To 52 Weeks,14325
Other - Other Services,Age,19-64 Years,Over 52 Weeks,685
Other - Other Services,Age,19-64 Years,Total,61120
Other - Other Services,Age,Over 65 Years,Unknown Clock Start,25
Other - Other Services,Age,Over 65 Years,01 To 18 Weeks,30255
Other - Other Services,Age,Over 65 Years,18 To 52 Weeks,6660
Other - Other Services,Age,Over 65 Years,Over 52 Weeks,305
Other - Other Services,Age,Over 65 Years,Total,37245
Other - Other Services,Ethnicity,99: Not known,01 To 18 Weeks,2220
Other - Other Services,Ethnicity,99: Not known,18 To 52 Weeks,610
Other - Other Services,Ethnicity,99: Not known,Over 52 Weeks,30
Other - Other Services,Ethnicity,99: Not known,Total,2855
Other - Other Services,Ethnicity,A: British,Unknown Clock Start,170
Other - Other Services,Ethnicity,A: British,01 To 18 Weeks,56790
Other - Other Services,Ethnicity,A: British,18 To 52 Weeks,16355
Other - Other Services,Ethnicity,A: British,Over 52 Weeks,770
Other - Other Services,Ethnicity,A: British,Total,74085
Other - Other Services,Ethnicity,B: Irish,Unknown Clock Start,*
Other - Other Services,Ethnicity,B: Irish,01 To 18 Weeks,520
Other - Other Services,Ethnicity,B: Irish,18 To 52 Weeks,95
Other - Other Services,Ethnicity,B: Irish,Over 52 Weeks,10
Other - Other Services,Ethnicity,B: Irish,Total,630
Other - Other Services,Ethnicity,C: Any other white background,Unknown Clock Start,45
Other - Other Services,Ethnicity,C: Any other white background,01 To 18 Weeks,6245
Other - Other Services,Ethnicity,C: Any other white background,18 To 52 Weeks,1295
Other - Other Services,Ethnicity,C: Any other white background,Over 52 Weeks,50
Other - Other Services,Ethnicity,C: Any other white background,Total,7635
Other - Other Services,Ethnicity,D: White and Black Caribbean,Unknown Clock Start,*
Other - Other Services,Ethnicity,D: White and Black Caribbean,01 To 18 Weeks,330
Other - Other Services,Ethnicity,D: White and Black Caribbean,18 To 52 Weeks,110
Other - Other Services,Ethnicity,D: White and Black Caribbean,Over 52 Weeks,*
Other - Other Services,Ethnicity,D: White and Black Caribbean,Total,445
Other - Other Services,Ethnicity,E: White and Black African,Unknown Clock Start,*
Other - Other Services,Ethnicity,E: White and Black African,01 To 18 Weeks,185
Other - Other Services,Ethnicity,E: White and Black African,18 To 52 Weeks,60
Other - Other Services,Ethnicity,E: White and Black African,Over 52 Weeks,*
Other - Other Services,Ethnicity,E: White and Black African,Total,245
Other - Other Services,Ethnicity,F: White and Asian,Unknown Clock Start,*
Other - Other Services,Ethnicity,F: White and Asian,01 To 18 Weeks,275
Other - Other Services,Ethnicity,F: White and Asian,18 To 52 Weeks,80
Other - Other Services,Ethnicity,F: White and Asian,Over 52 Weeks,*
Other - Other Services,Ethnicity,F: White and Asian,Total,360
Other - Other Services,Ethnicity,G: Any other mixed background,Unknown Clock Start,*
Other - Other Services,Ethnicity,G: Any other mixed background,01 To 18 Weeks,635
Other - Other Services,Ethnicity,G: Any other mixed background,18 To 52 Weeks,165
Other - Other Services,Ethnicity,G: Any other mixed background,Over 52 Weeks,*
Other - Other Services,Ethnicity,G: Any other mixed background,Total,805
Other - Other Services,Ethnicity,H: Indian,Unknown Clock Start,25
Other - Other Services,Ethnicity,H: Indian,01 To 18 Weeks,1720
Other - Other Services,Ethnicity,H: Indian,18 To 52 Weeks,600
Other - Other Services,Ethnicity,H: Indian,Over 52 Weeks,25
Other - Other Services,Ethnicity,H: Indian,Total,2365
Other - Other Services,Ethnicity,J: Pakistani,Unknown Clock Start,30
Other - Other Services,Ethnicity,J: Pakistani,01 To 18 Weeks,1515
Other - Other Services,Ethnicity,J: Pakistani,18 To 52 Weeks,550
Other - Other Services,Ethnicity,J: Pakistani,Over 52 Weeks,35
Other - Other Services,Ethnicity,J: Pakistani,Total,2135
Other - Other Services,Ethnicity,K: Bangladeshi,Unknown Clock Start,10
Other - Other Services,Ethnicity,K: Bangladeshi,01 To 18 Weeks,705
Other - Other Services,Ethnicity,K: Bangladeshi,18 To 52 Weeks,180
Other - Other Services,Ethnicity,K: Bangladeshi,Over 52 Weeks,10
Other - Other Services,Ethnicity,K: Bangladeshi,Total,905
Other - Other Services,Ethnicity,L: Any other Asian background,Unknown Clock Start,35
Other - Other Services,Ethnicity,L: Any other Asian background,01 To 18 Weeks,1715
Other - Other Services,Ethnicity,L: Any other Asian background,18 To 52 Weeks,415
Other - Other Services,Ethnicity,L: Any other Asian background,Over 52 Weeks,15
Other - Other Services,Ethnicity,L: Any other Asian background,Total,2180
Other - Other Services,Ethnicity,M: Caribbean,Unknown Clock Start,*
Other - Other Services,Ethnicity,M: Caribbean,01 To 18 Weeks,950
Other - Other Services,Ethnicity,M: Caribbean,18 To 52 Weeks,235
Other - Other Services,Ethnicity,M: Caribbean,Over 52 Weeks,*
Other - Other Services,Ethnicity,M: Caribbean,Total,1200
Other - Other Services,Ethnicity,N: African,Unknown Clock Start,20
Other - Other Services,Ethnicity,N: African,01 To 18 Weeks,1820
Other - Other Services,Ethnicity,N: African,18 To 52 Weeks,375
Other - Other Services,Ethnicity,N: African,Over 52 Weeks,25
Other - Other Services,Ethnicity,N: African,Total,2240
Other - Other Services,Ethnicity,P: Any other Black background,Unknown Clock Start,*
Other - Other Services,Ethnicity,P: Any other Black background,01 To 18 Weeks,690
Other - Other Services,Ethnicity,P: Any other Black background,18 To 52 Weeks,145
Other - Other Services,Ethnicity,P: Any other Black background,Over 52 Weeks,10
Other - Other Services,Ethnicity,P: Any other Black background,Total,850
Other - Other Services,Ethnicity,R: Chinese,Unknown Clock Start,*
Other - Other Services,Ethnicity,R: Chinese,01 To 18 Weeks,325
Other - Other Services,Ethnicity,R: Chinese,18 To 52 Weeks,90
Other - Other Services,Ethnicity,R: Chinese,Over 52 Weeks,*
Other - Other Services,Ethnicity,R: Chinese,Total,425
Other - Other Services,Ethnicity,S: Any other ethnic group,Unknown Clock Start,10
Other - Other Services,Ethnicity,S: Any other ethnic group,01 To 18 Weeks,835
Other - Other Services,Ethnicity,S: Any other ethnic group,18 To 52 Weeks,190
Other - Other Services,Ethnicity,S: Any other ethnic group,Over 52 Weeks,15
Other - Other Services,Ethnicity,S: Any other ethnic group,Total,1055
Other - Other Services,Ethnicity,Z: Not stated,Unknown Clock Start,10
Other - Other Services,Ethnicity,Z: Not stated,01 To 18 Weeks,4810
Other - Other Services,Ethnicity,Z: Not stated,18 To 52 Weeks,1050
Other - Other Services,Ethnicity,Z: Not stated,Over 52 Weeks,45
Other - Other Services,Ethnicity,Z: Not stated,Total,5915
Other - Other Services,IMD,1,Unknown Clock Start,*
Other - Other Services,IMD,1,01 To 18 Weeks,8520
Other - Other Services,IMD,1,18 To 52 Weeks,2925
Other - Other Services,IMD,1,Over 52 Weeks,160
Other - Other Services,IMD,1,Total,11605
Other - Other Services,IMD,10,Unknown Clock Start,55
Other - Other Services,IMD,10,01 To 18 Weeks,7280
Other - Other Services,IMD,10,18 To 52 Weeks,2050
Other - Other Services,IMD,10,Over 52 Weeks,85
Other - Other Services,IMD,10,Total,9470
Other - Other Services,IMD,2,Unknown Clock Start,25
Other - Other Services,IMD,2,01 To 18 Weeks,8770
Other - Other Services,IMD,2,18 To 52 Weeks,2475
Other - Other Services,IMD,2,Over 52 Weeks,105
Other - Other Services,IMD,2,Total,11370
Other - Other Services,IMD,3,Unknown Clock Start,30
Other - Other Services,IMD,3,01 To 18 Weeks,8345
Other - Other Services,IMD,3,18 To 52 Weeks,2130
Other - Other Services,IMD,3,Over 52 Weeks,95
Other - Other Services,IMD,3,Total,10600
Other - Other Services,IMD,4,Unknown Clock Start,45
Other - Other Services,IMD,4,01 To 18 Weeks,8715
Other - Other Services,IMD,4,18 To 52 Weeks,2365
Other - Other Services,IMD,4,Over 52 Weeks,110
Other - Other Services,IMD,4,Total,11230
Other - Other Services,IMD,5,Unknown Clock Start,25
Other - Other Services,IMD,5,01 To 18 Weeks,7810
Other - Other Services,IMD,5,18 To 52 Weeks,2055
Other - Other Services,IMD,5,Over 52 Weeks,90
Other - Other Services,IMD,5,Total,9980
Other - Other Services,IMD,6,Unknown Clock Start,45
Other - Other Services,IMD,6,01 To 18 Weeks,7935
Other - Other Services,IMD,6,18 To 52 Weeks,2065
Other - Other Services,IMD,6,Over 52 Weeks,100
Other - Other Services,IMD,6,Total,10140
Other - Other Services,IMD,7,Unknown Clock Start,55
Other - Other Services,IMD,7,01 To 18 Weeks,7950
Other - Other Services,IMD,7,18 To 52 Weeks,2125
Other - Other Services,IMD,7,Over 52 Weeks,95
Other - Other Services,IMD,7,Total,10225
Other - Other Services,IMD,8,Unknown Clock Start,50
Other - Other Services,IMD,8,01 To 18 Weeks,7920
Other - Other Services,IMD,8,18 To 52 Weeks,2050
Other - Other Services,IMD,8,Over 52 Weeks,105
Other - Other Services,IMD,8,Total,10125
Other - Other Services,IMD,9,Unknown Clock Start,45
Other - Other Services,IMD,9,01 To 18 Weeks,7165
Other - Other Services,IMD,9,18 To 52 Weeks,1880
Other - Other Services,IMD,9,Over 52 Weeks,105
Other - Other Services,IMD,9,Total,9195
Other - Other Services,Sex,Female,Unknown Clock Start,345
Other - Other Services,Sex,Female,01 To 18 Weeks,45300
Other - Other Services,Sex,Female,18 To 52 Weeks,12215
Other - Other Services,Sex,Female,Over 52 Weeks,630
Other - Other Services,Sex,Female,Total,58490
Other - Other Services,Sex,Male,Unknown Clock Start,40
Other - Other Services,Sex,Male,01 To 18 Weeks,33280
Other - Other Services,Sex,Male,18 To 52 Weeks,8495
Other - Other Services,Sex,Male,Over 52 Weeks,410
Other - Other Services,Sex,Male,Total,42225
Other - Paediatric Services,Age,0-18 Years,Unknown Clock Start,450
Other - Paediatric Services,Age,0-18 Years,01 To 18 Weeks,161295
Other - Paediatric Services,Age,0-18 Years,18 To 52 Weeks,110845
Other - Paediatric Services,Age,0-18 Years,Over 52 Weeks,5880
Other - Paediatric Services,Age,0-18 Years,Total,278475
Other - Paediatric Services,Age,19-64 Years,Unknown Clock Start,*
Other - Paediatric Services,Age,19-64 Years,01 To 18 Weeks,805
Other - Paediatric Services,Age,19-64 Years,18 To 52 Weeks,490
Other - Paediatric Services,Age,19-64 Years,Over 52 Weeks,50
Other - Paediatric Services,Age,19-64 Years,Total,1350
Other - Paediatric Services,Age,Over 65 Years,Unknown Clock Start,*
Other - Paediatric Services,Age,Over 65 Years,01 To 18 Weeks,140
Other - Paediatric Services,Age,Over 65 Years,18 To 52 Weeks,70
Other - Paediatric Services,Age,Over 65 Years,Over 52 Weeks,*
Other - Paediatric Services,Age,Over 65 Years,Total,220
Other - Paediatric Services,Ethnicity,99: Not known,Unknown Clock Start,*
Other - Paediatric Services,Ethnicity,99: Not known,01 To 18 Weeks,6185
Other - Paediatric Services,Ethnicity,99: Not known,18 To 52 Weeks,3495
Other - Paediatric Services,Ethnicity,99: Not known,Over 52 Weeks,170
Other - Paediatric Services,Ethnicity,99: Not known,Total,9850
Other - Paediatric Services,Ethnicity,A: British,Unknown Clock Start,205
Other - Paediatric Services,Ethnicity,A: British,01 To 18 Weeks,88215
Other - Paediatric Services,Ethnicity,A: British,18 To 52 Weeks,59775
Other - Paediatric Services,Ethnicity,A: British,Over 52 Weeks,3325
Other - Paediatric Services,Ethnicity,A: British,Total,151520
Other - Paediatric Services,Ethnicity,B: Irish,Unknown Clock Start,*
Other - Paediatric Services,Ethnicity,B: Irish,01 To 18 Weeks,440
Other - Paediatric Services,Ethnicity,B: Irish,18 To 52 Weeks,315
Other - Paediatric Services,Ethnicity,B: Irish,Over 52 Weeks,15
Other - Paediatric Services,Ethnicity,B: Irish,Total,775
Other - Paediatric Services,Ethnicity,C: Any other white background,Unknown Clock Start,65
Other - Paediatric Services,Ethnicity,C: Any other white background,01 To 18 Weeks,14280
Other - Paediatric Services,Ethnicity,C: Any other white background,18 To 52 Weeks,9920
Other - Paediatric Services,Ethnicity,C: Any other white background,Over 52 Weeks,495
Other - Paediatric Services,Ethnicity,C: Any other white background,Total,24765
Other - Paediatric Services,Ethnicity,D: White and Black Caribbean,Unknown Clock Start,10
Other - Paediatric Services,Ethnicity,D: White and Black Caribbean,01 To 18 Weeks,2125
Other - Paediatric Services,Ethnicity,D: White and Black Caribbean,18 To 52 Weeks,1520
Other - Paediatric Services,Ethnicity,D: White and Black Caribbean,Over 52 Weeks,70
Other - Paediatric Services,Ethnicity,D: White and Black Caribbean,Total,3720
Other - Paediatric Services,Ethnicity,E: White and Black African,Unknown Clock Start,*
Other - Paediatric Services,Ethnicity,E: White and Black African,01 To 18 Weeks,1295
Other - Paediatric Services,Ethnicity,E: White and Black African,18 To 52 Weeks,825
Other - Paediatric Services,Ethnicity,E: White and Black African,Over 52 Weeks,35
Other - Paediatric Services,Ethnicity,E: White and Black African,Total,2160
Other - Paediatric Services,Ethnicity,F: White and Asian,Unknown Clock Start,*
Other - Paediatric Services,Ethnicity,F: White and Asian,01 To 18 Weeks,1995
Other - Paediatric Services,Ethnicity,F: White and Asian,18 To 52 Weeks,1320
Other - Paediatric Services,Ethnicity,F: White and Asian,Over 52 Weeks,65
Other - Paediatric Services,Ethnicity,F: White and Asian,Total,3385
Other - Paediatric Services,Ethnicity,G: Any other mixed background,Unknown Clock Start,20
Other - Paediatric Services,Ethnicity,G: Any other mixed background,01 To 18 Weeks,4610
Other - Paediatric Services,Ethnicity,G: Any other mixed background,18 To 52 Weeks,3100
Other - Paediatric Services,Ethnicity,G: Any other mixed background,Over 52 Weeks,135
Other - Paediatric Services,Ethnicity,G: Any other mixed background,Total,7865
Other - Paediatric Services,Ethnicity,H: Indian,Unknown Clock Start,15
Other - Paediatric Services,Ethnicity,H: Indian,01 To 18 Weeks,6045
Other - Paediatric Services,Ethnicity,H: Indian,18 To 52 Weeks,4260
Other - Paediatric Services,Ethnicity,H: Indian,Over 52 Weeks,185
Other - Paediatric Services,Ethnicity,H: Indian,Total,10510
Other - Paediatric Services,Ethnicity,J: Pakistani,Unknown Clock Start,*
Other - Paediatric Services,Ethnicity,J: Pakistani,01 To 18 Weeks,8025
Other - Paediatric Services,Ethnicity,J: Pakistani,18 To 52 Weeks,5980
Other - Paediatric Services,Ethnicity,J: Pakistani,Over 52 Weeks,320
Other - Paediatric Services,Ethnicity,J: Pakistani,Total,14335
Other - Paediatric Services,Ethnicity,K: Bangladeshi,Unknown Clock Start,*
Other - Paediatric Services,Ethnicity,K: Bangladeshi,01 To 18 Weeks,3515
Other - Paediatric Services,Ethnicity,K: Bangladeshi,18 To 52 Weeks,2920
Other - Paediatric Services,Ethnicity,K: Bangladeshi,Over 52 Weeks,185
Other - Paediatric Services,Ethnicity,K: Bangladeshi,Total,6620
Other - Paediatric Services,Ethnicity,L: Any other Asian background,Unknown Clock Start,50
Other - Paediatric Services,Ethnicity,L: Any other Asian background,01 To 18 Weeks,5980
Other - Paediatric Services,Ethnicity,L: Any other Asian background,18 To 52 Weeks,4185
Other - Paediatric Services,Ethnicity,L: Any other Asian background,Over 52 Weeks,190
Other - Paediatric Services,Ethnicity,L: Any other Asian background,Total,10405
Other - Paediatric Services,Ethnicity,M: Caribbean,Unknown Clock Start,10
Other - Paediatric Services,Ethnicity,M: Caribbean,01 To 18 Weeks,1970
Other - Paediatric Services,Ethnicity,M: Caribbean,18 To 52 Weeks,1400
Other - Paediatric Services,Ethnicity,M: Caribbean,Over 52 Weeks,65
Other - Paediatric Services,Ethnicity,M: Caribbean,Total,3445
Other - Paediatric Services,Ethnicity,N: African,Unknown Clock Start,15
Other - Paediatric Services,Ethnicity,N: African,01 To 18 Weeks,7090
Other - Paediatric Services,Ethnicity,N: African,18 To 52 Weeks,4950
Other - Paediatric Services,Ethnicity,N: African,Over 52 Weeks,270
Other - Paediatric Services,Ethnicity,N: African,Total,12330
Other - Paediatric Services,Ethnicity,P: Any other Black background,Unknown Clock Start,10
Other - Paediatric Services,Ethnicity,P: Any other Black background,01 To 18 Weeks,2260
Other - Paediatric Services,Ethnicity,P: Any other Black background,18 To 52 Weeks,1520
Other - Paediatric Services,Ethnicity,P: Any other Black background,Over 52 Weeks,75
Other - Paediatric Services,Ethnicity,P: Any other Black background,Total,3860
Other - Paediatric Services,Ethnicity,R: Chinese,Unknown Clock Start,*
Other - Paediatric Services,Ethnicity,R: Chinese,01 To 18 Weeks,855
Other - Paediatric Services,Ethnicity,R: Chinese,18 To 52 Weeks,640
Other - Paediatric Services,Ethnicity,R: Chinese,Over 52 Weeks,30
Other - Paediatric Services,Ethnicity,R: Chinese,Total,1530
Other - Paediatric Services,Ethnicity,S: Any other ethnic group,Unknown Clock Start,10
Other - Paediatric Services,Ethnicity,S: Any other ethnic group,01 To 18 Weeks,3460
Other - Paediatric Services,Ethnicity,S: Any other ethnic group,18 To 52 Weeks,2375
Other - Paediatric Services,Ethnicity,S: Any other ethnic group,Over 52 Weeks,120
Other - Paediatric Services,Ethnicity,S: Any other ethnic group,Total,5970
Other - Paediatric Services,Ethnicity,Z: Not stated,Unknown Clock Start,20
Other - Paediatric Services,Ethnicity,Z: Not stated,01 To 18 Weeks,6530
Other - Paediatric Services,Ethnicity,Z: Not stated,18 To 52 Weeks,3970
Other - Paediatric Services,Ethnicity,Z: Not stated,Over 52 Weeks,220
Other - Paediatric Services,Ethnicity,Z: Not stated,Total,10735
Other - Paediatric Services,IMD,1,Unknown Clock Start,*
Other - Paediatric Services,IMD,1,01 To 18 Weeks,23615
Other - Paediatric Services,IMD,1,18 To 52 Weeks,17230
Other - Paediatric Services,IMD,1,Over 52 Weeks,1030
Other - Paediatric Services,IMD,1,Total,41875
Other - Paediatric Services,IMD,10,Unknown Clock Start,70
Other - Paediatric Services,IMD,10,01 To 18 Weeks,11630
Other - Paediatric Services,IMD,10,18 To 52 Weeks,7745
Other - Paediatric Services,IMD,10,Over 52 Weeks,400
Other - Paediatric Services,IMD,10,Total,19845
Other - Paediatric Services,IMD,2,Unknown Clock Start,20
Other - Paediatric Services,IMD,2,01 To 18 Weeks,20050
Other - Paediatric Services,IMD,2,18 To 52 Weeks,14280
Other - Paediatric Services,IMD,2,Over 52 Weeks,765
Other - Paediatric Services,IMD,2,Total,35115
Other - Paediatric Services,IMD,3,Unknown Clock Start,40
Other - Paediatric Services,IMD,3,01 To 18 Weeks,18680
Other - Paediatric Services,IMD,3,18 To 52 Weeks,13245
Other - Paediatric Services,IMD,3,Over 52 Weeks,730
Other - Paediatric Services,IMD,3,Total,32695
Other - Paediatric Services,IMD,4,Unknown Clock Start,45
Other - Paediatric Services,IMD,4,01 To 18 Weeks,16250
Other - Paediatric Services,IMD,4,18 To 52 Weeks,11020
Other - Paediatric Services,IMD,4,Over 52 Weeks,535
Other - Paediatric Services,IMD,4,Total,27845
Other - Paediatric Services,IMD,5,Unknown Clock Start,45
Other - Paediatric Services,IMD,5,01 To 18 Weeks,14505
Other - Paediatric Services,IMD,5,18 To 52 Weeks,10005
Other - Paediatric Services,IMD,5,Over 52 Weeks,535
Other - Paediatric Services,IMD,5,Total,25090
Other - Paediatric Services,IMD,6,Unknown Clock Start,55
Other - Paediatric Services,IMD,6,01 To 18 Weeks,14340
Other - Paediatric Services,IMD,6,18 To 52 Weeks,9560
Other - Paediatric Services,IMD,6,Over 52 Weeks,465
Other - Paediatric Services,IMD,6,Total,24425
Other - Paediatric Services,IMD,7,Unknown Clock Start,55
Other - Paediatric Services,IMD,7,01 To 18 Weeks,12820
Other - Paediatric Services,IMD,7,18 To 52 Weeks,8735
Other - Paediatric Services,IMD,7,Over 52 Weeks,425
Other - Paediatric Services,IMD,7,Total,22040
Other - Paediatric Services,IMD,8,Unknown Clock Start,60
Other - Paediatric Services,IMD,8,01 To 18 Weeks,12905
Other - Paediatric Services,IMD,8,18 To 52 Weeks,8470
Other - Paediatric Services,IMD,8,Over 52 Weeks,420
Other - Paediatric Services,IMD,8,Total,21850
Other - Paediatric Services,IMD,9,Unknown Clock Start,55
Other - Paediatric Services,IMD,9,01 To 18 Weeks,12320
Other - Paediatric Services,IMD,9,18 To 52 Weeks,8080
Other - Paediatric Services,IMD,9,Over 52 Weeks,430
Other - Paediatric Services,IMD,9,Total,20890
Other - Paediatric Services,Sex,Female,Unknown Clock Start,200
Other - Paediatric Services,Sex,Female,01 To 18 Weeks,64635
Other - Paediatric Services,Sex,Female,18 To 52 Weeks,44910
Other - Paediatric Services,Sex,Female,Over 52 Weeks,2440
Other - Paediatric Services,Sex,Female,Total,112185
Other - Paediatric Services,Sex,Male,Unknown Clock Start,250
Other - Paediatric Services,Sex,Male,01 To 18 Weeks,80280
Other - Paediatric Services,Sex,Male,18 To 52 Weeks,56590
Other - Paediatric Services,Sex,Male,Over 52 Weeks,3235
Other - Paediatric Services,Sex,Male,Total,140360
Other - Surgical Services,Age,0-18 Years,Unknown Clock Start,*
Other - Surgical Services,Age,0-18 Years,01 To 18 Weeks,15745
Other - Surgical Services,Age,0-18 Years,18 To 52 Weeks,10665
Other - Surgical Services,Age,0-18 Years,Over 52 Weeks,675
Other - Surgical Services,Age,0-18 Years,Total,27090
Other - Surgical Services,Age,19-64 Years,Unknown Clock Start,40
Other - Surgical Services,Age,19-64 Years,01 To 18 Weeks,183760
Other - Surgical Services,Age,19-64 Years,18 To 52 Weeks,101950
Other - Surgical Services,Age,19-64 Years,Over 52 Weeks,7060
Other - Surgical Services,Age,19-64 Years,Total,292810
Other - Surgical Services,Age,Over 65 Years,Unknown Clock Start,35
Other - Surgical Services,Age,Over 65 Years,01 To 18 Weeks,111625
Other - Surgical Services,Age,Over 65 Years,18 To 52 Weeks,54275
Other - Surgical Services,Age,Over 65 Years,Over 52 Weeks,3070
Other - Surgical Services,Age,Over 65 Years,Total,169005
Other - Surgical Services,Ethnicity,99: Not known,01 To 18 Weeks,9950
Other - Surgical Services,Ethnicity,99: Not known,18 To 52 Weeks,4725
Other - Surgical Services,Ethnicity,99: Not known,Over 52 Weeks,215
Other - Surgical Services,Ethnicity,99: Not known,Total,14890
Other - Surgical Services,Ethnicity,A: British,Unknown Clock Start,70
Other - Surgical Services,Ethnicity,A: British,01 To 18 Weeks,223520
Other - Surgical Services,Ethnicity,A: British,18 To 52 Weeks,116765
Other - Surgical Services,Ethnicity,A: British,Over 52 Weeks,7710
Other - Surgical Services,Ethnicity,A: British,Total,348070
Other - Surgical Services,Ethnicity,B: Irish,Unknown Clock Start,*
Other - Surgical Services,Ethnicity,B: Irish,01 To 18 Weeks,2090
Other - Surgical Services,Ethnicity,B: Irish,18 To 52 Weeks,1070
Other - Surgical Services,Ethnicity,B: Irish,Over 52 Weeks,75
Other - Surgical Services,Ethnicity,B: Irish,Total,3235
Other - Surgical Services,Ethnicity,C: Any other white background,Unknown Clock Start,*
Other - Surgical Services,Ethnicity,C: Any other white background,01 To 18 Weeks,21175
Other - Surgical Services,Ethnicity,C: Any other white background,18 To 52 Weeks,13165
Other - Surgical Services,Ethnicity,C: Any other white background,Over 52 Weeks,920
Other - Surgical Services,Ethnicity,C: Any other white background,Total,35260
Other - Surgical Services,Ethnicity,D: White and Black Caribbean,01 To 18 Weeks,1100
Other - Surgical Services,Ethnicity,D: White and Black Caribbean,18 To 52 Weeks,560
Other - Surgical Services,Ethnicity,D: White and Black Caribbean,Over 52 Weeks,45
Other - Surgical Services,Ethnicity,D: White and Black Caribbean,Total,1705
Other - Surgical Services,Ethnicity,E: White and Black African,01 To 18 Weeks,605
Other - Surgical Services,Ethnicity,E: White and Black African,18 To 52 Weeks,355
Other - Surgical Services,Ethnicity,E: White and Black African,Over 52 Weeks,15
Other - Surgical Services,Ethnicity,E: White and Black African,Total,975
Other - Surgical Services,Ethnicity,F: White and Asian,01 To 18 Weeks,835
Other - Surgical Services,Ethnicity,F: White and Asian,18 To 52 Weeks,530
Other - Surgical Services,Ethnicity,F: White and Asian,Over 52 Weeks,35
Other - Surgical Services,Ethnicity,F: White and Asian,Total,1405
Other - Surgical Services,Ethnicity,G: Any other mixed background,01 To 18 Weeks,2180
Other - Surgical Services,Ethnicity,G: Any other mixed background,18 To 52 Weeks,1285
Other - Surgical Services,Ethnicity,G: Any other mixed background,Over 52 Weeks,80
Other - Surgical Services,Ethnicity,G: Any other mixed background,Total,3545
Other - Surgical Services,Ethnicity,H: Indian,Unknown Clock Start,*
Other - Surgical Services,Ethnicity,H: Indian,01 To 18 Weeks,7485
Other - Surgical Services,Ethnicity,H: Indian,18 To 52 Weeks,4510
Other - Surgical Services,Ethnicity,H: Indian,Over 52 Weeks,255
Other - Surgical Services,Ethnicity,H: Indian,Total,12255
Other - Surgical Services,Ethnicity,J: Pakistani,Unknown Clock Start,*
Other - Surgical Services,Ethnicity,J: Pakistani,01 To 18 Weeks,6380
Other - Surgical Services,Ethnicity,J: Pakistani,18 To 52 Weeks,3680
Other - Surgical Services,Ethnicity,J: Pakistani,Over 52 Weeks,185
Other - Surgical Services,Ethnicity,J: Pakistani,Total,10250
Other - Surgical Services,Ethnicity,K: Bangladeshi,01 To 18 Weeks,2435
Other - Surgical Services,Ethnicity,K: Bangladeshi,18 To 52 Weeks,1525
Other - Surgical Services,Ethnicity,K: Bangladeshi,Over 52 Weeks,130
Other - Surgical Services,Ethnicity,K: Bangladeshi,Total,4090
Other - Surgical Services,Ethnicity,L: Any other Asian background,01 To 18 Weeks,6770
Other - Surgical Services,Ethnicity,L: Any other Asian background,18 To 52 Weeks,4090
Other - Surgical Services,Ethnicity,L: Any other Asian background,Over 52 Weeks,250
Other - Surgical Services,Ethnicity,L: Any other Asian background,Total,11110
Other - Surgical Services,Ethnicity,M: Caribbean,Unknown Clock Start,*
Other - Surgical Services,Ethnicity,M: Caribbean,01 To 18 Weeks,3845
Other - Surgical Services,Ethnicity,M: Caribbean,18 To 52 Weeks,1980
Other - Surgical Services,Ethnicity,M: Caribbean,Over 52 Weeks,120
Other - Surgical Services,Ethnicity,M: Caribbean,Total,5950
Other - Surgical Services,Ethnicity,N: African,Unknown Clock Start,*
Other - Surgical Services,Ethnicity,N: African,01 To 18 Weeks,5800
Other - Surgical Services,Ethnicity,N: African,18 To 52 Weeks,3335
Other - Surgical Services,Ethnicity,N: African,Over 52 Weeks,240
Other - Surgical Services,Ethnicity,N: African,Total,9375
Other - Surgical Services,Ethnicity,P: Any other Black background,Unknown Clock Start,*
Other - Surgical Services,Ethnicity,P: Any other Black background,01 To 18 Weeks,2925
Other - Surgical Services,Ethnicity,P: Any other Black background,18 To 52 Weeks,1565
Other - Surgical Services,Ethnicity,P: Any other Black background,Over 52 Weeks,115
Other - Surgical Services,Ethnicity,P: Any other Black background,Total,4605
Other - Surgical Services,Ethnicity,R: Chinese,01 To 18 Weeks,1415
Other - Surgical Services,Ethnicity,R: Chinese,18 To 52 Weeks,775
Other - Surgical Services,Ethnicity,R: Chinese,Over 52 Weeks,60
Other - Surgical Services,Ethnicity,R: Chinese,Total,2245
Other - Surgical Services,Ethnicity,S: Any other ethnic group,Unknown Clock Start,*
Other - Surgical Services,Ethnicity,S: Any other ethnic group,01 To 18 Weeks,3710
Other - Surgical Services,Ethnicity,S: Any other ethnic group,18 To 52 Weeks,2265
Other - Surgical Services,Ethnicity,S: Any other ethnic group,Over 52 Weeks,145
Other - Surgical Services,Ethnicity,S: Any other ethnic group,Total,6120
Other - Surgical Services,Ethnicity,Z: Not stated,Unknown Clock Start,*
Other - Surgical Services,Ethnicity,Z: Not stated,01 To 18 Weeks,13705
Other - Surgical Services,Ethnicity,Z: Not stated,18 To 52 Weeks,7305
Other - Surgical Services,Ethnicity,Z: Not stated,Over 52 Weeks,510
Other - Surgical Services,Ethnicity,Z: Not stated,Total,21520
Other - Surgical Services,IMD,1,Unknown Clock Start,*
Other - Surgical Services,IMD,1,01 To 18 Weeks,30560
Other - Surgical Services,IMD,1,18 To 52 Weeks,16720
Other - Surgical Services,IMD,1,Over 52 Weeks,975
Other - Surgical Services,IMD,1,Total,48260
Other - Surgical Services,IMD,10,Unknown Clock Start,10
Other - Surgical Services,IMD,10,01 To 18 Weeks,26870
Other - Surgical Services,IMD,10,18 To 52 Weeks,13955
Other - Surgical Services,IMD,10,Over 52 Weeks,940
Other - Surgical Services,IMD,10,Total,41775
Other - Surgical Services,IMD,2,Unknown Clock Start,10
Other - Surgical Services,IMD,2,01 To 18 Weeks,32200
Other - Surgical Services,IMD,2,18 To 52 Weeks,17635
Other - Surgical Services,IMD,2,Over 52 Weeks,1155
Other - Surgical Services,IMD,2,Total,51000
Other - Surgical Services,IMD,3,Unknown Clock Start,10
Other - Surgical Services,IMD,3,01 To 18 Weeks,31980
Other - Surgical Services,IMD,3,18 To 52 Weeks,18100
Other - Surgical Services,IMD,3,Over 52 Weeks,1240
Other - Surgical Services,IMD,3,Total,51330
Other - Surgical Services,IMD,4,Unknown Clock Start,10
Other - Surgical Services,IMD,4,01 To 18 Weeks,32580
Other - Surgical Services,IMD,4,18 To 52 Weeks,17840
Other - Surgical Services,IMD,4,Over 52 Weeks,1195
Other - Surgical Services,IMD,4,Total,51625
Other - Surgical Services,IMD,5,Unknown Clock Start,*
Other - Surgical Services,IMD,5,01 To 18 Weeks,31525
Other - Surgical Services,IMD,5,18 To 52 Weeks,16885
Other - Surgical Services,IMD,5,Over 52 Weeks,1100
Other - Surgical Services,IMD,5,Total,49515
Other - Surgical Services,IMD,6,Unknown Clock Start,*
Other - Surgical Services,IMD,6,01 To 18 Weeks,31040
Other - Surgical Services,IMD,6,18 To 52 Weeks,17005
Other - Surgical Services,IMD,6,Over 52 Weeks,1160
Other - Surgical Services,IMD,6,Total,49215
Other - Surgical Services,IMD,7,Unknown Clock Start,*
Other - Surgical Services,IMD,7,01 To 18 Weeks,30515
Other - Surgical Services,IMD,7,18 To 52 Weeks,16250
Other - Surgical Services,IMD,7,Over 52 Weeks,1060
Other - Surgical Services,IMD,7,Total,47830
Other - Surgical Services,IMD,8,Unknown Clock Start,15
Other - Surgical Services,IMD,8,01 To 18 Weeks,29655
Other - Surgical Services,IMD,8,18 To 52 Weeks,15600
Other - Surgical Services,IMD,8,Over 52 Weeks,1000
Other - Surgical Services,IMD,8,Total,46265
Other - Surgical Services,IMD,9,Unknown Clock Start,*
Other - Surgical Services,IMD,9,01 To 18 Weeks,29190
Other - Surgical Services,IMD,9,18 To 52 Weeks,14965
Other - Surgical Services,IMD,9,Over 52 Weeks,1035
Other - Surgical Services,IMD,9,Total,45195
Other - Surgical Services,Sex,Female,Unknown Clock Start,40
Other - Surgical Services,Sex,Female,01 To 18 Weeks,177350
Other - Surgical Services,Sex,Female,18 To 52 Weeks,83610
Other - Surgical Services,Sex,Female,Over 52 Weeks,5420
Other - Surgical Services,Sex,Female,Total,266415
Other - Surgical Services,Sex,Male,Unknown Clock Start,40
Other - Surgical Services,Sex,Male,01 To 18 Weeks,108690
Other - Surgical Services,Sex,Male,18 To 52 Weeks,66170
Other - Surgical Services,Sex,Male,Over 52 Weeks,4285
Other - Surgical Services,Sex,Male,Total,179190
Plastic Surgery Service,Age,0-18 Years,Unknown Clock Start,*
Plastic Surgery Service,Age,0-18 Years,01 To 18 Weeks,3260
Plastic Surgery Service,Age,0-18 Years,18 To 52 Weeks,2365
Plastic Surgery Service,Age,0-18 Years,Over 52 Weeks,225
Plastic Surgery Service,Age,0-18 Years,Total,5855
Plastic Surgery Service,Age,19-64 Years,Unknown Clock Start,*
Plastic Surgery Service,Age,19-64 Years,01 To 18 Weeks,30405
Plastic Surgery Service,Age,19-64 Years,18 To 52 Weeks,24645
Plastic Surgery Service,Age,19-64 Years,Over 52 Weeks,2450
Plastic Surgery Service,Age,19-64 Years,Total,57505
Plastic Surgery Service,Age,Over 65 Years,Unknown Clock Start,*
Plastic Surgery Service,Age,Over 65 Years,01 To 18 Weeks,24600
Plastic Surgery Service,Age,Over 65 Years,18 To 52 Weeks,14370
Plastic Surgery Service,Age,Over 65 Years,Over 52 Weeks,1270
Plastic Surgery Service,Age,Over 65 Years,Total,40245
Plastic Surgery Service,Ethnicity,99: Not known,01 To 18 Weeks,1855
Plastic Surgery Service,Ethnicity,99: Not known,18 To 52 Weeks,1180
Plastic Surgery Service,Ethnicity,99: Not known,Over 52 Weeks,90
Plastic Surgery Service,Ethnicity,99: Not known,Total,3125
Plastic Surgery Service,Ethnicity,A: British,Unknown Clock Start,10
Plastic Surgery Service,Ethnicity,A: British,01 To 18 Weeks,44905
Plastic Surgery Service,Ethnicity,A: British,18 To 52 Weeks,30315
Plastic Surgery Service,Ethnicity,A: British,Over 52 Weeks,2870
Plastic Surgery Service,Ethnicity,A: British,Total,78100
Plastic Surgery Service,Ethnicity,B: Irish,01 To 18 Weeks,355
Plastic Surgery Service,Ethnicity,B: Irish,18 To 52 Weeks,235
Plastic Surgery Service,Ethnicity,B: Irish,Over 52 Weeks,15
Plastic Surgery Service,Ethnicity,B: Irish,Total,605
Plastic Surgery Service,Ethnicity,C: Any other white background,01 To 18 Weeks,3055
Plastic Surgery Service,Ethnicity,C: Any other white background,18 To 52 Weeks,2560
Plastic Surgery Service,Ethnicity,C: Any other white background,Over 52 Weeks,255
Plastic Surgery Service,Ethnicity,C: Any other white background,Total,5870
Plastic Surgery Service,Ethnicity,D: White and Black Caribbean,01 To 18 Weeks,195
Plastic Surgery Service,Ethnicity,D: White and Black Caribbean,18 To 52 Weeks,180
Plastic Surgery Service,Ethnicity,D: White and Black Caribbean,Over 52 Weeks,15
Plastic Surgery Service,Ethnicity,D: White and Black Caribbean,Total,390
Plastic Surgery Service,Ethnicity,E: White and Black African,01 To 18 Weeks,120
Plastic Surgery Service,Ethnicity,E: White and Black African,18 To 52 Weeks,110
Plastic Surgery Service,Ethnicity,E: White and Black African,Over 52 Weeks,10
Plastic Surgery Service,Ethnicity,E: White and Black African,Total,235
Plastic Surgery Service,Ethnicity,F: White and Asian,01 To 18 Weeks,150
Plastic Surgery Service,Ethnicity,F: White and Asian,18 To 52 Weeks,130
Plastic Surgery Service,Ethnicity,F: White and Asian,Over 52 Weeks,10
Plastic Surgery Service,Ethnicity,F: White and Asian,Total,290
Plastic Surgery Service,Ethnicity,G: Any other mixed background,01 To 18 Weeks,365
Plastic Surgery Service,Ethnicity,G: Any other mixed background,18 To 52 Weeks,335
Plastic Surgery Service,Ethnicity,G: Any other mixed background,Over 52 Weeks,30
Plastic Surgery Service,Ethnicity,G: Any other mixed background,Total,730
Plastic Surgery Service,Ethnicity,H: Indian,01 To 18 Weeks,945
Plastic Surgery Service,Ethnicity,H: Indian,18 To 52 Weeks,865
Plastic Surgery Service,Ethnicity,H: Indian,Over 52 Weeks,100
Plastic Surgery Service,Ethnicity,H: Indian,Total,1910
Plastic Surgery Service,Ethnicity,J: Pakistani,01 To 18 Weeks,980
Plastic Surgery Service,Ethnicity,J: Pakistani,18 To 52 Weeks,875
Plastic Surgery Service,Ethnicity,J: Pakistani,Over 52 Weeks,90
Plastic Surgery Service,Ethnicity,J: Pakistani,Total,1945
Plastic Surgery Service,Ethnicity,K: Bangladeshi,01 To 18 Weeks,290
Plastic Surgery Service,Ethnicity,K: Bangladeshi,18 To 52 Weeks,290
Plastic Surgery Service,Ethnicity,K: Bangladeshi,Over 52 Weeks,35
Plastic Surgery Service,Ethnicity,K: Bangladeshi,Total,610
Plastic Surgery Service,Ethnicity,L: Any other Asian background,01 To 18 Weeks,930
Plastic Surgery Service,Ethnicity,L: Any other Asian background,18 To 52 Weeks,770
Plastic Surgery Service,Ethnicity,L: Any other Asian background,Over 52 Weeks,80
Plastic Surgery Service,Ethnicity,L: Any other Asian background,Total,1780
Plastic Surgery Service,Ethnicity,M: Caribbean,01 To 18 Weeks,620
Plastic Surgery Service,Ethnicity,M: Caribbean,18 To 52 Weeks,565
Plastic Surgery Service,Ethnicity,M: Caribbean,Over 52 Weeks,50
Plastic Surgery Service,Ethnicity,M: Caribbean,Total,1230
Plastic Surgery Service,Ethnicity,N: African,01 To 18 Weeks,1025
Plastic Surgery Service,Ethnicity,N: African,18 To 52 Weeks,900
Plastic Surgery Service,Ethnicity,N: African,Over 52 Weeks,85
Plastic Surgery Service,Ethnicity,N: African,Total,2015
Plastic Surgery Service,Ethnicity,P: Any other Black background,01 To 18 Weeks,510
Plastic Surgery Service,Ethnicity,P: Any other Black background,18 To 52 Weeks,470
Plastic Surgery Service,Ethnicity,P: Any other Black background,Over 52 Weeks,35
Plastic Surgery Service,Ethnicity,P: Any other Black background,Total,1010
Plastic Surgery Service,Ethnicity,R: Chinese,01 To 18 Weeks,175
Plastic Surgery Service,Ethnicity,R: Chinese,18 To 52 Weeks,150
Plastic Surgery Service,Ethnicity,R: Chinese,Over 52 Weeks,15
Plastic Surgery Service,Ethnicity,R: Chinese,Total,340
Plastic Surgery Service,Ethnicity,S: Any other ethnic group,01 To 18 Weeks,510
Plastic Surgery Service,Ethnicity,S: Any other ethnic group,18 To 52 Weeks,410
Plastic Surgery Service,Ethnicity,S: Any other ethnic group,Over 52 Weeks,40
Plastic Surgery Service,Ethnicity,S: Any other ethnic group,Total,960
Plastic Surgery Service,Ethnicity,Z: Not stated,01 To 18 Weeks,2165
Plastic Surgery Service,Ethnicity,Z: Not stated,18 To 52 Weeks,1410
Plastic Surgery Service,Ethnicity,Z: Not stated,Over 52 Weeks,125
Plastic Surgery Service,Ethnicity,Z: Not stated,Total,3700
Plastic Surgery Service,IMD,1,Unknown Clock Start,*
Plastic Surgery Service,IMD,1,01 To 18 Weeks,4950
Plastic Surgery Service,IMD,1,18 To 52 Weeks,4090
Plastic Surgery Service,IMD,1,Over 52 Weeks,400
Plastic Surgery Service,IMD,1,Total,9440
Plastic Surgery Service,IMD,10,01 To 18 Weeks,6620
Plastic Surgery Service,IMD,10,18 To 52 Weeks,4190
Plastic Surgery Service,IMD,10,Over 52 Weeks,385
Plastic Surgery Service,IMD,10,Total,11200
Plastic Surgery Service,IMD,2,01 To 18 Weeks,5065
Plastic Surgery Service,IMD,2,18 To 52 Weeks,3845
Plastic Surgery Service,IMD,2,Over 52 Weeks,385
Plastic Surgery Service,IMD,2,Total,9295
Plastic Surgery Service,IMD,3,01 To 18 Weeks,5235
Plastic Surgery Service,IMD,3,18 To 52 Weeks,3960
Plastic Surgery Service,IMD,3,Over 52 Weeks,370
Plastic Surgery Service,IMD,3,Total,9565
Plastic Surgery Service,IMD,4,01 To 18 Weeks,5535
Plastic Surgery Service,IMD,4,18 To 52 Weeks,3965
Plastic Surgery Service,IMD,4,Over 52 Weeks,370
Plastic Surgery Service,IMD,4,Total,9865
Plastic Surgery Service,IMD,5,Unknown Clock Start,*
Plastic Surgery Service,IMD,5,01 To 18 Weeks,5550
Plastic Surgery Service,IMD,5,18 To 52 Weeks,3910
Plastic Surgery Service,IMD,5,Over 52 Weeks,365
Plastic Surgery Service,IMD,5,Total,9825
Plastic Surgery Service,IMD,6,Unknown Clock Start,*
Plastic Surgery Service,IMD,6,01 To 18 Weeks,5845
Plastic Surgery Service,IMD,6,18 To 52 Weeks,4175
Plastic Surgery Service,IMD,6,Over 52 Weeks,405
Plastic Surgery Service,IMD,6,Total,10430
Plastic Surgery Service,IMD,7,Unknown Clock Start,*
Plastic Surgery Service,IMD,7,01 To 18 Weeks,5905
Plastic Surgery Service,IMD,7,18 To 52 Weeks,4100
Plastic Surgery Service,IMD,7,Over 52 Weeks,385
Plastic Surgery Service,IMD,7,Total,10390
Plastic Surgery Service,IMD,8,01 To 18 Weeks,6205
Plastic Surgery Service,IMD,8,18 To 52 Weeks,4215
Plastic Surgery Service,IMD,8,Over 52 Weeks,385
Plastic Surgery Service,IMD,8,Total,10805
Plastic Surgery Service,IMD,9,Unknown Clock Start,*
Plastic Surgery Service,IMD,9,01 To 18 Weeks,6455
Plastic Surgery Service,IMD,9,18 To 52 Weeks,4130
Plastic Surgery Service,IMD,9,Over 52 Weeks,390
Plastic Surgery Service,IMD,9,Total,10980
Plastic Surgery Service,Sex,Female,Unknown Clock Start,*
Plastic Surgery Service,Sex,Female,01 To 18 Weeks,30105
Plastic Surgery Service,Sex,Female,18 To 52 Weeks,22230
Plastic Surgery Service,Sex,Female,Over 52 Weeks,2190
Plastic Surgery Service,Sex,Female,Total,54530
Plastic Surgery Service,Sex,Male,Unknown Clock Start,*
Plastic Surgery Service,Sex,Male,01 To 18 Weeks,26340
Plastic Surgery Service,Sex,Male,18 To 52 Weeks,17960
Plastic Surgery Service,Sex,Male,Over 52 Weeks,1690
Plastic Surgery Service,Sex,Male,Total,45990
Respiratory Medicine Service,Age,0-18 Years,Unknown Clock Start,10
Respiratory Medicine Service,Age,0-18 Years,01 To 18 Weeks,1410
Respiratory Medicine Service,Age,0-18 Years,18 To 52 Weeks,565
Respiratory Medicine Service,Age,0-18 Years,Over 52 Weeks,15
Respiratory Medicine Service,Age,0-18 Years,Total,1995
Respiratory Medicine Service,Age,19-64 Years,Unknown Clock Start,105
Respiratory Medicine Service,Age,19-64 Years,01 To 18 Weeks,66355
Respiratory Medicine Service,Age,19-64 Years,18 To 52 Weeks,35400
Respiratory Medicine Service,Age,19-64 Years,Over 52 Weeks,1075
Respiratory Medicine Service,Age,19-64 Years,Total,102930
Respiratory Medicine Service,Age,Over 65 Years,Unknown Clock Start,150
Respiratory Medicine Service,Age,Over 65 Years,01 To 18 Weeks,51610
Respiratory Medicine Service,Age,Over 65 Years,18 To 52 Weeks,23665
Respiratory Medicine Service,Age,Over 65 Years,Over 52 Weeks,695
Respiratory Medicine Service,Age,Over 65 Years,Total,76120
Respiratory Medicine Service,Ethnicity,99: Not known,Unknown Clock Start,*
Respiratory Medicine Service,Ethnicity,99: Not known,01 To 18 Weeks,4415
Respiratory Medicine Service,Ethnicity,99: Not known,18 To 52 Weeks,1735
Respiratory Medicine Service,Ethnicity,99: Not known,Over 52 Weeks,50
Respiratory Medicine Service,Ethnicity,99: Not known,Total,6205
Respiratory Medicine Service,Ethnicity,A: British,Unknown Clock Start,190
Respiratory Medicine Service,Ethnicity,A: British,01 To 18 Weeks,86000
Respiratory Medicine Service,Ethnicity,A: British,18 To 52 Weeks,42510
Respiratory Medicine Service,Ethnicity,A: British,Over 52 Weeks,1185
Respiratory Medicine Service,Ethnicity,A: British,Total,129890
Respiratory Medicine Service,Ethnicity,B: Irish,Unknown Clock Start,*
Respiratory Medicine Service,Ethnicity,B: Irish,01 To 18 Weeks,935
Respiratory Medicine Service,Ethnicity,B: Irish,18 To 52 Weeks,415
Respiratory Medicine Service,Ethnicity,B: Irish,Over 52 Weeks,15
Respiratory Medicine Service,Ethnicity,B: Irish,Total,1365
Respiratory Medicine Service,Ethnicity,C: Any other white background,Unknown Clock Start,15
Respiratory Medicine Service,Ethnicity,C: Any other white background,01 To 18 Weeks,6340
Respiratory Medicine Service,Ethnicity,C: Any other white background,18 To 52 Weeks,3525
Respiratory Medicine Service,Ethnicity,C: Any other white background,Over 52 Weeks,140
Respiratory Medicine Service,Ethnicity,C: Any other white background,Total,10015
Respiratory Medicine Service,Ethnicity,D: White and Black Caribbean,01 To 18 Weeks,350
Respiratory Medicine Service,Ethnicity,D: White and Black Caribbean,18 To 52 Weeks,165
Respiratory Medicine Service,Ethnicity,D: White and Black Caribbean,Over 52 Weeks,*
Respiratory Medicine Service,Ethnicity,D: White and Black Caribbean,Total,520
Respiratory Medicine Service,Ethnicity,E: White and Black African,01 To 18 Weeks,190
Respiratory Medicine Service,Ethnicity,E: White and Black African,18 To 52 Weeks,95
Respiratory Medicine Service,Ethnicity,E: White and Black African,Over 52 Weeks,*
Respiratory Medicine Service,Ethnicity,E: White and Black African,Total,290
Respiratory Medicine Service,Ethnicity,F: White and Asian,01 To 18 Weeks,260
Respiratory Medicine Service,Ethnicity,F: White and Asian,18 To 52 Weeks,160
Respiratory Medicine Service,Ethnicity,F: White and Asian,Over 52 Weeks,*
Respiratory Medicine Service,Ethnicity,F: White and Asian,Total,425
Respiratory Medicine Service,Ethnicity,G: Any other mixed background,01 To 18 Weeks,705
Respiratory Medicine Service,Ethnicity,G: Any other mixed background,18 To 52 Weeks,380
Respiratory Medicine Service,Ethnicity,G: Any other mixed background,Over 52 Weeks,10
Respiratory Medicine Service,Ethnicity,G: Any other mixed background,Total,1100
Respiratory Medicine Service,Ethnicity,H: Indian,Unknown Clock Start,*
Respiratory Medicine Service,Ethnicity,H: Indian,01 To 18 Weeks,3580
Respiratory Medicine Service,Ethnicity,H: Indian,18 To 52 Weeks,1725
Respiratory Medicine Service,Ethnicity,H: Indian,Over 52 Weeks,50
Respiratory Medicine Service,Ethnicity,H: Indian,Total,5360
Respiratory Medicine Service,Ethnicity,J: Pakistani,Unknown Clock Start,*
Respiratory Medicine Service,Ethnicity,J: Pakistani,01 To 18 Weeks,2480
Respiratory Medicine Service,Ethnicity,J: Pakistani,18 To 52 Weeks,1305
Respiratory Medicine Service,Ethnicity,J: Pakistani,Over 52 Weeks,60
Respiratory Medicine Service,Ethnicity,J: Pakistani,Total,3845
Respiratory Medicine Service,Ethnicity,K: Bangladeshi,Unknown Clock Start,*
Respiratory Medicine Service,Ethnicity,K: Bangladeshi,01 To 18 Weeks,1130
Respiratory Medicine Service,Ethnicity,K: Bangladeshi,18 To 52 Weeks,780
Respiratory Medicine Service,Ethnicity,K: Bangladeshi,Over 52 Weeks,25
Respiratory Medicine Service,Ethnicity,K: Bangladeshi,Total,1935
Respiratory Medicine Service,Ethnicity,L: Any other Asian background,Unknown Clock Start,15
Respiratory Medicine Service,Ethnicity,L: Any other Asian background,01 To 18 Weeks,2910
Respiratory Medicine Service,Ethnicity,L: Any other Asian background,18 To 52 Weeks,1560
Respiratory Medicine Service,Ethnicity,L: Any other Asian background,Over 52 Weeks,55
Respiratory Medicine Service,Ethnicity,L: Any other Asian background,Total,4545
Respiratory Medicine Service,Ethnicity,M: Caribbean,Unknown Clock Start,*
Respiratory Medicine Service,Ethnicity,M: Caribbean,01 To 18 Weeks,1440
Respiratory Medicine Service,Ethnicity,M: Caribbean,18 To 52 Weeks,730
Respiratory Medicine Service,Ethnicity,M: Caribbean,Over 52 Weeks,30
Respiratory Medicine Service,Ethnicity,M: Caribbean,Total,2200
Respiratory Medicine Service,Ethnicity,N: African,Unknown Clock Start,*
Respiratory Medicine Service,Ethnicity,N: African,01 To 18 Weeks,2205
Respiratory Medicine Service,Ethnicity,N: African,18 To 52 Weeks,1020
Respiratory Medicine Service,Ethnicity,N: African,Over 52 Weeks,35
Respiratory Medicine Service,Ethnicity,N: African,Total,3265
Respiratory Medicine Service,Ethnicity,P: Any other Black background,Unknown Clock Start,*
Respiratory Medicine Service,Ethnicity,P: Any other Black background,01 To 18 Weeks,1120
Respiratory Medicine Service,Ethnicity,P: Any other Black background,18 To 52 Weeks,540
Respiratory Medicine Service,Ethnicity,P: Any other Black background,Over 52 Weeks,10
Respiratory Medicine Service,Ethnicity,P: Any other Black background,Total,1675
Respiratory Medicine Service,Ethnicity,R: Chinese,Unknown Clock Start,*
Respiratory Medicine Service,Ethnicity,R: Chinese,01 To 18 Weeks,480
Respiratory Medicine Service,Ethnicity,R: Chinese,18 To 52 Weeks,275
Respiratory Medicine Service,Ethnicity,R: Chinese,Over 52 Weeks,10
Respiratory Medicine Service,Ethnicity,R: Chinese,Total,765
Respiratory Medicine Service,Ethnicity,S: Any other ethnic group,Unknown Clock Start,*
Respiratory Medicine Service,Ethnicity,S: Any other ethnic group,01 To 18 Weeks,1320
Respiratory Medicine Service,Ethnicity,S: Any other ethnic group,18 To 52 Weeks,595
Respiratory Medicine Service,Ethnicity,S: Any other ethnic group,Over 52 Weeks,20
Respiratory Medicine Service,Ethnicity,S: Any other ethnic group,Total,1940
Respiratory Medicine Service,Ethnicity,Z: Not stated,Unknown Clock Start,10
Respiratory Medicine Service,Ethnicity,Z: Not stated,01 To 18 Weeks,5020
Respiratory Medicine Service,Ethnicity,Z: Not stated,18 To 52 Weeks,2280
Respiratory Medicine Service,Ethnicity,Z: Not stated,Over 52 Weeks,75
Respiratory Medicine Service,Ethnicity,Z: Not stated,Total,7385
Respiratory Medicine Service,IMD,1,Unknown Clock Start,*
Respiratory Medicine Service,IMD,1,01 To 18 Weeks,13615
Respiratory Medicine Service,IMD,1,18 To 52 Weeks,5915
Respiratory Medicine Service,IMD,1,Over 52 Weeks,170
Respiratory Medicine Service,IMD,1,Total,19705
Respiratory Medicine Service,IMD,10,Unknown Clock Start,65
Respiratory Medicine Service,IMD,10,01 To 18 Weeks,8860
Respiratory Medicine Service,IMD,10,18 To 52 Weeks,4725
Respiratory Medicine Service,IMD,10,Over 52 Weeks,150
Respiratory Medicine Service,IMD,10,Total,13800
Respiratory Medicine Service,IMD,2,Unknown Clock Start,*
Respiratory Medicine Service,IMD,2,01 To 18 Weeks,13470
Respiratory Medicine Service,IMD,2,18 To 52 Weeks,6200
Respiratory Medicine Service,IMD,2,Over 52 Weeks,175
Respiratory Medicine Service,IMD,2,Total,19855
Respiratory Medicine Service,IMD,3,Unknown Clock Start,25
Respiratory Medicine Service,IMD,3,01 To 18 Weeks,13185
Respiratory Medicine Service,IMD,3,18 To 52 Weeks,6715
Respiratory Medicine Service,IMD,3,Over 52 Weeks,205
Respiratory Medicine Service,IMD,3,Total,20125
Respiratory Medicine Service,IMD,4,Unknown Clock Start,25
Respiratory Medicine Service,IMD,4,01 To 18 Weeks,12620
Respiratory Medicine Service,IMD,4,18 To 52 Weeks,6375
Respiratory Medicine Service,IMD,4,Over 52 Weeks,200
Respiratory Medicine Service,IMD,4,Total,19225
Respiratory Medicine Service,IMD,5,Unknown Clock Start,10
Respiratory Medicine Service,IMD,5,01 To 18 Weeks,12100
Respiratory Medicine Service,IMD,5,18 To 52 Weeks,6095
Respiratory Medicine Service,IMD,5,Over 52 Weeks,190
Respiratory Medicine Service,IMD,5,Total,18395
Respiratory Medicine Service,IMD,6,Unknown Clock Start,25
Respiratory Medicine Service,IMD,6,01 To 18 Weeks,11545
Respiratory Medicine Service,IMD,6,18 To 52 Weeks,5765
Respiratory Medicine Service,IMD,6,Over 52 Weeks,155
Respiratory Medicine Service,IMD,6,Total,17485
Respiratory Medicine Service,IMD,7,Unknown Clock Start,25
Respiratory Medicine Service,IMD,7,01 To 18 Weeks,11060
Respiratory Medicine Service,IMD,7,18 To 52 Weeks,5675
Respiratory Medicine Service,IMD,7,Over 52 Weeks,165
Respiratory Medicine Service,IMD,7,Total,16925
Respiratory Medicine Service,IMD,8,Unknown Clock Start,35
Respiratory Medicine Service,IMD,8,01 To 18 Weeks,10660
Respiratory Medicine Service,IMD,8,18 To 52 Weeks,5615
Respiratory Medicine Service,IMD,8,Over 52 Weeks,165
Respiratory Medicine Service,IMD,8,Total,16475
Respiratory Medicine Service,IMD,9,Unknown Clock Start,40
Respiratory Medicine Service,IMD,9,01 To 18 Weeks,10135
Respiratory Medicine Service,IMD,9,18 To 52 Weeks,5330
Respiratory Medicine Service,IMD,9,Over 52 Weeks,170
Respiratory Medicine Service,IMD,9,Total,15675
Respiratory Medicine Service,Sex,Female,Unknown Clock Start,140
Respiratory Medicine Service,Sex,Female,01 To 18 Weeks,55160
Respiratory Medicine Service,Sex,Female,18 To 52 Weeks,27675
Respiratory Medicine Service,Sex,Female,Over 52 Weeks,860
Respiratory Medicine Service,Sex,Female,Total,83830
Respiratory Medicine Service,Sex,Male,Unknown Clock Start,120
Respiratory Medicine Service,Sex,Male,01 To 18 Weeks,57955
Respiratory Medicine Service,Sex,Male,18 To 52 Weeks,28745
Respiratory Medicine Service,Sex,Male,Over 52 Weeks,790
Respiratory Medicine Service,Sex,Male,Total,87610
Rheumatology Service,Age,0-18 Years,01 To 18 Weeks,1455
Rheumatology Service,Age,0-18 Years,18 To 52 Weeks,695
Rheumatology Service,Age,0-18 Years,Over 52 Weeks,25
Rheumatology Service,Age,0-18 Years,Total,2175
Rheumatology Service,Age,19-64 Years,Unknown Clock Start,115
Rheumatology Service,Age,19-64 Years,01 To 18 Weeks,48870
Rheumatology Service,Age,19-64 Years,18 To 52 Weeks,24920
Rheumatology Service,Age,19-64 Years,Over 52 Weeks,720
Rheumatology Service,Age,19-64 Years,Total,74625
Rheumatology Service,Age,Over 65 Years,Unknown Clock Start,135
Rheumatology Service,Age,Over 65 Years,01 To 18 Weeks,27620
Rheumatology Service,Age,Over 65 Years,18 To 52 Weeks,12570
Rheumatology Service,Age,Over 65 Years,Over 52 Weeks,355
Rheumatology Service,Age,Over 65 Years,Total,40675
Rheumatology Service,Ethnicity,99: Not known,01 To 18 Weeks,2750
Rheumatology Service,Ethnicity,99: Not known,18 To 52 Weeks,1120
Rheumatology Service,Ethnicity,99: Not known,Over 52 Weeks,55
Rheumatology Service,Ethnicity,99: Not known,Total,3925
Rheumatology Service,Ethnicity,A: British,Unknown Clock Start,200
Rheumatology Service,Ethnicity,A: British,01 To 18 Weeks,58710
Rheumatology Service,Ethnicity,A: British,18 To 52 Weeks,28660
Rheumatology Service,Ethnicity,A: British,Over 52 Weeks,845
Rheumatology Service,Ethnicity,A: British,Total,88415
Rheumatology Service,Ethnicity,B: Irish,Unknown Clock Start,*
Rheumatology Service,Ethnicity,B: Irish,01 To 18 Weeks,470
Rheumatology Service,Ethnicity,B: Irish,18 To 52 Weeks,230
Rheumatology Service,Ethnicity,B: Irish,Over 52 Weeks,*
Rheumatology Service,Ethnicity,B: Irish,Total,710
Rheumatology Service,Ethnicity,C: Any other white background,Unknown Clock Start,10
Rheumatology Service,Ethnicity,C: Any other white background,01 To 18 Weeks,4155
Rheumatology Service,Ethnicity,C: Any other white background,18 To 52 Weeks,2260
Rheumatology Service,Ethnicity,C: Any other white background,Over 52 Weeks,60
Rheumatology Service,Ethnicity,C: Any other white background,Total,6485
Rheumatology Service,Ethnicity,D: White and Black Caribbean,01 To 18 Weeks,225
Rheumatology Service,Ethnicity,D: White and Black Caribbean,18 To 52 Weeks,105
Rheumatology Service,Ethnicity,D: White and Black Caribbean,Over 52 Weeks,*
Rheumatology Service,Ethnicity,D: White and Black Caribbean,Total,335
Rheumatology Service,Ethnicity,E: White and Black African,01 To 18 Weeks,120
Rheumatology Service,Ethnicity,E: White and Black African,18 To 52 Weeks,65
Rheumatology Service,Ethnicity,E: White and Black African,Over 52 Weeks,*
Rheumatology Service,Ethnicity,E: White and Black African,Total,190
Rheumatology Service,Ethnicity,F: White and Asian,Unknown Clock Start,*
Rheumatology Service,Ethnicity,F: White and Asian,01 To 18 Weeks,220
Rheumatology Service,Ethnicity,F: White and Asian,18 To 52 Weeks,105
Rheumatology Service,Ethnicity,F: White and Asian,Over 52 Weeks,*
Rheumatology Service,Ethnicity,F: White and Asian,Total,330
Rheumatology Service,Ethnicity,G: Any other mixed background,01 To 18 Weeks,470
Rheumatology Service,Ethnicity,G: Any other mixed background,18 To 52 Weeks,250
Rheumatology Service,Ethnicity,G: Any other mixed background,Over 52 Weeks,*
Rheumatology Service,Ethnicity,G: Any other mixed background,Total,725
Rheumatology Service,Ethnicity,H: Indian,Unknown Clock Start,10
Rheumatology Service,Ethnicity,H: Indian,01 To 18 Weeks,2170
Rheumatology Service,Ethnicity,H: Indian,18 To 52 Weeks,1285
Rheumatology Service,Ethnicity,H: Indian,Over 52 Weeks,20
Rheumatology Service,Ethnicity,H: Indian,Total,3485
Rheumatology Service,Ethnicity,J: Pakistani,Unknown Clock Start,*
Rheumatology Service,Ethnicity,J: Pakistani,01 To 18 Weeks,1750
Rheumatology Service,Ethnicity,J: Pakistani,18 To 52 Weeks,745
Rheumatology Service,Ethnicity,J: Pakistani,Over 52 Weeks,15
Rheumatology Service,Ethnicity,J: Pakistani,Total,2510
Rheumatology Service,Ethnicity,K: Bangladeshi,Unknown Clock Start,*
Rheumatology Service,Ethnicity,K: Bangladeshi,01 To 18 Weeks,550
Rheumatology Service,Ethnicity,K: Bangladeshi,18 To 52 Weeks,240
Rheumatology Service,Ethnicity,K: Bangladeshi,Over 52 Weeks,*
Rheumatology Service,Ethnicity,K: Bangladeshi,Total,795
Rheumatology Service,Ethnicity,L: Any other Asian background,Unknown Clock Start,*
Rheumatology Service,Ethnicity,L: Any other Asian background,01 To 18 Weeks,1550
Rheumatology Service,Ethnicity,L: Any other Asian background,18 To 52 Weeks,780
Rheumatology Service,Ethnicity,L: Any other Asian background,Over 52 Weeks,10
Rheumatology Service,Ethnicity,L: Any other Asian background,Total,2350
Rheumatology Service,Ethnicity,M: Caribbean,Unknown Clock Start,*
Rheumatology Service,Ethnicity,M: Caribbean,01 To 18 Weeks,700
Rheumatology Service,Ethnicity,M: Caribbean,18 To 52 Weeks,300
Rheumatology Service,Ethnicity,M: Caribbean,Over 52 Weeks,*
Rheumatology Service,Ethnicity,M: Caribbean,Total,1005
Rheumatology Service,Ethnicity,N: African,01 To 18 Weeks,1025
Rheumatology Service,Ethnicity,N: African,18 To 52 Weeks,485
Rheumatology Service,Ethnicity,N: African,Over 52 Weeks,10
Rheumatology Service,Ethnicity,N: African,Total,1520
Rheumatology Service,Ethnicity,P: Any other Black background,Unknown Clock Start,*
Rheumatology Service,Ethnicity,P: Any other Black background,01 To 18 Weeks,570
Rheumatology Service,Ethnicity,P: Any other Black background,18 To 52 Weeks,220
Rheumatology Service,Ethnicity,P: Any other Black background,Over 52 Weeks,*
Rheumatology Service,Ethnicity,P: Any other Black background,Total,800
Rheumatology Service,Ethnicity,R: Chinese,Unknown Clock Start,*
Rheumatology Service,Ethnicity,R: Chinese,01 To 18 Weeks,280
Rheumatology Service,Ethnicity,R: Chinese,18 To 52 Weeks,140
Rheumatology Service,Ethnicity,R: Chinese,Over 52 Weeks,*
Rheumatology Service,Ethnicity,R: Chinese,Total,425
Rheumatology Service,Ethnicity,S: Any other ethnic group,Unknown Clock Start,*
Rheumatology Service,Ethnicity,S: Any other ethnic group,01 To 18 Weeks,710
Rheumatology Service,Ethnicity,S: Any other ethnic group,18 To 52 Weeks,350
Rheumatology Service,Ethnicity,S: Any other ethnic group,Over 52 Weeks,10
Rheumatology Service,Ethnicity,S: Any other ethnic group,Total,1070
Rheumatology Service,Ethnicity,Z: Not stated,Unknown Clock Start,10
Rheumatology Service,Ethnicity,Z: Not stated,01 To 18 Weeks,2990
Rheumatology Service,Ethnicity,Z: Not stated,18 To 52 Weeks,1330
Rheumatology Service,Ethnicity,Z: Not stated,Over 52 Weeks,40
Rheumatology Service,Ethnicity,Z: Not stated,Total,4365
Rheumatology Service,IMD,1,Unknown Clock Start,*
Rheumatology Service,IMD,1,01 To 18 Weeks,7225
Rheumatology Service,IMD,1,18 To 52 Weeks,3540
Rheumatology Service,IMD,1,Over 52 Weeks,80
Rheumatology Service,IMD,1,Total,10845
Rheumatology Service,IMD,10,Unknown Clock Start,65
Rheumatology Service,IMD,10,01 To 18 Weeks,6835
Rheumatology Service,IMD,10,18 To 52 Weeks,3140
Rheumatology Service,IMD,10,Over 52 Weeks,115
Rheumatology Service,IMD,10,Total,10150
Rheumatology Service,IMD,2,Unknown Clock Start,*
Rheumatology Service,IMD,2,01 To 18 Weeks,7465
Rheumatology Service,IMD,2,18 To 52 Weeks,3655
Rheumatology Service,IMD,2,Over 52 Weeks,70
Rheumatology Service,IMD,2,Total,11195
Rheumatology Service,IMD,3,Unknown Clock Start,20
Rheumatology Service,IMD,3,01 To 18 Weeks,7730
Rheumatology Service,IMD,3,18 To 52 Weeks,3940
Rheumatology Service,IMD,3,Over 52 Weeks,105
Rheumatology Service,IMD,3,Total,11795
Rheumatology Service,IMD,4,Unknown Clock Start,30
Rheumatology Service,IMD,4,01 To 18 Weeks,7900
Rheumatology Service,IMD,4,18 To 52 Weeks,3950
Rheumatology Service,IMD,4,Over 52 Weeks,90
Rheumatology Service,IMD,4,Total,11975
Rheumatology Service,IMD,5,Unknown Clock Start,15
Rheumatology Service,IMD,5,01 To 18 Weeks,8000
Rheumatology Service,IMD,5,18 To 52 Weeks,3940
Rheumatology Service,IMD,5,Over 52 Weeks,115
Rheumatology Service,IMD,5,Total,12075
Rheumatology Service,IMD,6,Unknown Clock Start,15
Rheumatology Service,IMD,6,01 To 18 Weeks,8135
Rheumatology Service,IMD,6,18 To 52 Weeks,4035
Rheumatology Service,IMD,6,Over 52 Weeks,125
Rheumatology Service,IMD,6,Total,12310
Rheumatology Service,IMD,7,Unknown Clock Start,25
Rheumatology Service,IMD,7,01 To 18 Weeks,8060
Rheumatology Service,IMD,7,18 To 52 Weeks,3920
Rheumatology Service,IMD,7,Over 52 Weeks,115
Rheumatology Service,IMD,7,Total,12120
Rheumatology Service,IMD,8,Unknown Clock Start,35
Rheumatology Service,IMD,8,01 To 18 Weeks,7925
Rheumatology Service,IMD,8,18 To 52 Weeks,3995
Rheumatology Service,IMD,8,Over 52 Weeks,135
Rheumatology Service,IMD,8,Total,12095
Rheumatology Service,IMD,9,Unknown Clock Start,35
Rheumatology Service,IMD,9,01 To 18 Weeks,7760
Rheumatology Service,IMD,9,18 To 52 Weeks,3615
Rheumatology Service,IMD,9,Over 52 Weeks,110
Rheumatology Service,IMD,9,Total,11520
Rheumatology Service,Sex,Female,Unknown Clock Start,170
Rheumatology Service,Sex,Female,01 To 18 Weeks,53680
Rheumatology Service,Sex,Female,18 To 52 Weeks,27180
Rheumatology Service,Sex,Female,Over 52 Weeks,810
Rheumatology Service,Sex,Female,Total,81840
Rheumatology Service,Sex,Male,Unknown Clock Start,80
Rheumatology Service,Sex,Male,01 To 18 Weeks,21365
Rheumatology Service,Sex,Male,18 To 52 Weeks,9490
Rheumatology Service,Sex,Male,Over 52 Weeks,255
Rheumatology Service,Sex,Male,Total,31190
Trauma and Orthopaedics Service,Age,0-18 Years,Unknown Clock Start,125
Trauma and Orthopaedics Service,Age,0-18 Years,01 To 18 Weeks,18650
Trauma and Orthopaedics Service,Age,0-18 Years,18 To 52 Weeks,11490
Trauma and Orthopaedics Service,Age,0-18 Years,Over 52 Weeks,1290
Trauma and Orthopaedics Service,Age,0-18 Years,Total,31560
Trauma and Orthopaedics Service,Age,19-64 Years,Unknown Clock Start,1085
Trauma and Orthopaedics Service,Age,19-64 Years,01 To 18 Weeks,268700
Trauma and Orthopaedics Service,Age,19-64 Years,18 To 52 Weeks,172875
Trauma and Orthopaedics Service,Age,19-64 Years,Over 52 Weeks,13365
Trauma and Orthopaedics Service,Age,19-64 Years,Total,456025
Trauma and Orthopaedics Service,Age,Over 65 Years,Unknown Clock Start,860
Trauma and Orthopaedics Service,Age,Over 65 Years,01 To 18 Weeks,190775
Trauma and Orthopaedics Service,Age,Over 65 Years,18 To 52 Weeks,133915
Trauma and Orthopaedics Service,Age,Over 65 Years,Over 52 Weeks,10915
Trauma and Orthopaedics Service,Age,Over 65 Years,Total,336465
Trauma and Orthopaedics Service,Ethnicity,99: Not known,Unknown Clock Start,10
Trauma and Orthopaedics Service,Ethnicity,99: Not known,01 To 18 Weeks,11725
Trauma and Orthopaedics Service,Ethnicity,99: Not known,18 To 52 Weeks,6160
Trauma and Orthopaedics Service,Ethnicity,99: Not known,Over 52 Weeks,465
Trauma and Orthopaedics Service,Ethnicity,99: Not known,Total,18360
Trauma and Orthopaedics Service,Ethnicity,A: British,Unknown Clock Start,1650
Trauma and Orthopaedics Service,Ethnicity,A: British,01 To 18 Weeks,370310
Trauma and Orthopaedics Service,Ethnicity,A: British,18 To 52 Weeks,246440
Trauma and Orthopaedics Service,Ethnicity,A: British,Over 52 Weeks,20330
Trauma and Orthopaedics Service,Ethnicity,A: British,Total,638735
Trauma and Orthopaedics Service,Ethnicity,B: Irish,Unknown Clock Start,15
Trauma and Orthopaedics Service,Ethnicity,B: Irish,01 To 18 Weeks,2630
Trauma and Orthopaedics Service,Ethnicity,B: Irish,18 To 52 Weeks,1895
Trauma and Orthopaedics Service,Ethnicity,B: Irish,Over 52 Weeks,140
Trauma and Orthopaedics Service,Ethnicity,B: Irish,Total,4675
Trauma and Orthopaedics Service,Ethnicity,C: Any other white background,Unknown Clock Start,115
Trauma and Orthopaedics Service,Ethnicity,C: Any other white background,01 To 18 Weeks,24250
Trauma and Orthopaedics Service,Ethnicity,C: Any other white background,18 To 52 Weeks,16635
Trauma and Orthopaedics Service,Ethnicity,C: Any other white background,Over 52 Weeks,1220
Trauma and Orthopaedics Service,Ethnicity,C: Any other white background,Total,42220
Trauma and Orthopaedics Service,Ethnicity,D: White and Black Caribbean,Unknown Clock Start,*
Trauma and Orthopaedics Service,Ethnicity,D: White and Black Caribbean,01 To 18 Weeks,1440
Trauma and Orthopaedics Service,Ethnicity,D: White and Black Caribbean,18 To 52 Weeks,985
Trauma and Orthopaedics Service,Ethnicity,D: White and Black Caribbean,Over 52 Weeks,85
Trauma and Orthopaedics Service,Ethnicity,D: White and Black Caribbean,Total,2520
Trauma and Orthopaedics Service,Ethnicity,E: White and Black African,Unknown Clock Start,*
Trauma and Orthopaedics Service,Ethnicity,E: White and Black African,01 To 18 Weeks,750
Trauma and Orthopaedics Service,Ethnicity,E: White and Black African,18 To 52 Weeks,510
Trauma and Orthopaedics Service,Ethnicity,E: White and Black African,Over 52 Weeks,45
Trauma and Orthopaedics Service,Ethnicity,E: White and Black African,Total,1310
Trauma and Orthopaedics Service,Ethnicity,F: White and Asian,Unknown Clock Start,*
Trauma and Orthopaedics Service,Ethnicity,F: White and Asian,01 To 18 Weeks,1105
Trauma and Orthopaedics Service,Ethnicity,F: White and Asian,18 To 52 Weeks,705
Trauma and Orthopaedics Service,Ethnicity,F: White and Asian,Over 52 Weeks,55
Trauma and Orthopaedics Service,Ethnicity,F: White and Asian,Total,1875
Trauma and Orthopaedics Service,Ethnicity,G: Any other mixed background,Unknown Clock Start,20
Trauma and Orthopaedics Service,Ethnicity,G: Any other mixed background,01 To 18 Weeks,2720
Trauma and Orthopaedics Service,Ethnicity,G: Any other mixed background,18 To 52 Weeks,1725
Trauma and Orthopaedics Service,Ethnicity,G: Any other mixed background,Over 52 Weeks,135
Trauma and Orthopaedics Service,Ethnicity,G: Any other mixed background,Total,4605
Trauma and Orthopaedics Service,Ethnicity,H: Indian,Unknown Clock Start,25
Trauma and Orthopaedics Service,Ethnicity,H: Indian,01 To 18 Weeks,11970
Trauma and Orthopaedics Service,Ethnicity,H: Indian,18 To 52 Weeks,8235
Trauma and Orthopaedics Service,Ethnicity,H: Indian,Over 52 Weeks,530
Trauma and Orthopaedics Service,Ethnicity,H: Indian,Total,20760
Trauma and Orthopaedics Service,Ethnicity,J: Pakistani,Unknown Clock Start,10
Trauma and Orthopaedics Service,Ethnicity,J: Pakistani,01 To 18 Weeks,8765
Trauma and Orthopaedics Service,Ethnicity,J: Pakistani,18 To 52 Weeks,5565
Trauma and Orthopaedics Service,Ethnicity,J: Pakistani,Over 52 Weeks,395
Trauma and Orthopaedics Service,Ethnicity,J: Pakistani,Total,14735
Trauma and Orthopaedics Service,Ethnicity,K: Bangladeshi,Unknown Clock Start,*
Trauma and Orthopaedics Service,Ethnicity,K: Bangladeshi,01 To 18 Weeks,2890
Trauma and Orthopaedics Service,Ethnicity,K: Bangladeshi,18 To 52 Weeks,1555
Trauma and Orthopaedics Service,Ethnicity,K: Bangladeshi,Over 52 Weeks,115
Trauma and Orthopaedics Service,Ethnicity,K: Bangladeshi,Total,4560
Trauma and Orthopaedics Service,Ethnicity,L: Any other Asian background,Unknown Clock Start,35
Trauma and Orthopaedics Service,Ethnicity,L: Any other Asian background,01 To 18 Weeks,7895
Trauma and Orthopaedics Service,Ethnicity,L: Any other Asian background,18 To 52 Weeks,5430
Trauma and Orthopaedics Service,Ethnicity,L: Any other Asian background,Over 52 Weeks,360
Trauma and Orthopaedics Service,Ethnicity,L: Any other Asian background,Total,13725
Trauma and Orthopaedics Service,Ethnicity,M: Caribbean,Unknown Clock Start,*
Trauma and Orthopaedics Service,Ethnicity,M: Caribbean,01 To 18 Weeks,4730
Trauma and Orthopaedics Service,Ethnicity,M: Caribbean,18 To 52 Weeks,3280
Trauma and Orthopaedics Service,Ethnicity,M: Caribbean,Over 52 Weeks,225
Trauma and Orthopaedics Service,Ethnicity,M: Caribbean,Total,8240
Trauma and Orthopaedics Service,Ethnicity,N: African,Unknown Clock Start,10
Trauma and Orthopaedics Service,Ethnicity,N: African,01 To 18 Weeks,6395
Trauma and Orthopaedics Service,Ethnicity,N: African,18 To 52 Weeks,4210
Trauma and Orthopaedics Service,Ethnicity,N: African,Over 52 Weeks,385
Trauma and Orthopaedics Service,Ethnicity,N: African,Total,11000
Trauma and Orthopaedics Service,Ethnicity,P: Any other Black background,Unknown Clock Start,15
Trauma and Orthopaedics Service,Ethnicity,P: Any other Black background,01 To 18 Weeks,3380
Trauma and Orthopaedics Service,Ethnicity,P: Any other Black background,18 To 52 Weeks,2230
Trauma and Orthopaedics Service,Ethnicity,P: Any other Black background,Over 52 Weeks,165
Trauma and Orthopaedics Service,Ethnicity,P: Any other Black background,Total,5790
Trauma and Orthopaedics Service,Ethnicity,R: Chinese,Unknown Clock Start,10
Trauma and Orthopaedics Service,Ethnicity,R: Chinese,01 To 18 Weeks,1085
Trauma and Orthopaedics Service,Ethnicity,R: Chinese,18 To 52 Weeks,745
Trauma and Orthopaedics Service,Ethnicity,R: Chinese,Over 52 Weeks,45
Trauma and Orthopaedics Service,Ethnicity,R: Chinese,Total,1885
Trauma and Orthopaedics Service,Ethnicity,S: Any other ethnic group,Unknown Clock Start,15
Trauma and Orthopaedics Service,Ethnicity,S: Any other ethnic group,01 To 18 Weeks,3610
Trauma and Orthopaedics Service,Ethnicity,S: Any other ethnic group,18 To 52 Weeks,2445
Trauma and Orthopaedics Service,Ethnicity,S: Any other ethnic group,Over 52 Weeks,170
Trauma and Orthopaedics Service,Ethnicity,S: Any other ethnic group,Total,6240
Trauma and Orthopaedics Service,Ethnicity,Z: Not stated,Unknown Clock Start,125
Trauma and Orthopaedics Service,Ethnicity,Z: Not stated,01 To 18 Weeks,18135
Trauma and Orthopaedics Service,Ethnicity,Z: Not stated,18 To 52 Weeks,10205
Trauma and Orthopaedics Service,Ethnicity,Z: Not stated,Over 52 Weeks,715
Trauma and Orthopaedics Service,Ethnicity,Z: Not stated,Total,29180
Trauma and Orthopaedics Service,IMD,1,Unknown Clock Start,125
Trauma and Orthopaedics Service,IMD,1,01 To 18 Weeks,44130
Trauma and Orthopaedics Service,IMD,1,18 To 52 Weeks,28160
Trauma and Orthopaedics Service,IMD,1,Over 52 Weeks,2190
Trauma and Orthopaedics Service,IMD,1,Total,74605
Trauma and Orthopaedics Service,IMD,10,Unknown Clock Start,230
Trauma and Orthopaedics Service,IMD,10,01 To 18 Weeks,44920
Trauma and Orthopaedics Service,IMD,10,18 To 52 Weeks,29205
Trauma and Orthopaedics Service,IMD,10,Over 52 Weeks,2090
Trauma and Orthopaedics Service,IMD,10,Total,76445
Trauma and Orthopaedics Service,IMD,2,Unknown Clock Start,145
Trauma and Orthopaedics Service,IMD,2,01 To 18 Weeks,45230
Trauma and Orthopaedics Service,IMD,2,18 To 52 Weeks,29725
Trauma and Orthopaedics Service,IMD,2,Over 52 Weeks,2275
Trauma and Orthopaedics Service,IMD,2,Total,77370
Trauma and Orthopaedics Service,IMD,3,Unknown Clock Start,155
Trauma and Orthopaedics Service,IMD,3,01 To 18 Weeks,46020
Trauma and Orthopaedics Service,IMD,3,18 To 52 Weeks,30785
Trauma and Orthopaedics Service,IMD,3,Over 52 Weeks,2545
Trauma and Orthopaedics Service,IMD,3,Total,79505
Trauma and Orthopaedics Service,IMD,4,Unknown Clock Start,240
Trauma and Orthopaedics Service,IMD,4,01 To 18 Weeks,47615
Trauma and Orthopaedics Service,IMD,4,18 To 52 Weeks,32180
Trauma and Orthopaedics Service,IMD,4,Over 52 Weeks,2715
Trauma and Orthopaedics Service,IMD,4,Total,82750
Trauma and Orthopaedics Service,IMD,5,Unknown Clock Start,245
Trauma and Orthopaedics Service,IMD,5,01 To 18 Weeks,48065
Trauma and Orthopaedics Service,IMD,5,18 To 52 Weeks,32860
Trauma and Orthopaedics Service,IMD,5,Over 52 Weeks,2835
Trauma and Orthopaedics Service,IMD,5,Total,84005
Trauma and Orthopaedics Service,IMD,6,Unknown Clock Start,220
Trauma and Orthopaedics Service,IMD,6,01 To 18 Weeks,48915
Trauma and Orthopaedics Service,IMD,6,18 To 52 Weeks,32995
Trauma and Orthopaedics Service,IMD,6,Over 52 Weeks,2600
Trauma and Orthopaedics Service,IMD,6,Total,84730
Trauma and Orthopaedics Service,IMD,7,Unknown Clock Start,280
Trauma and Orthopaedics Service,IMD,7,01 To 18 Weeks,48720
Trauma and Orthopaedics Service,IMD,7,18 To 52 Weeks,32280
Trauma and Orthopaedics Service,IMD,7,Over 52 Weeks,2585
Trauma and Orthopaedics Service,IMD,7,Total,83870
Trauma and Orthopaedics Service,IMD,8,Unknown Clock Start,225
Trauma and Orthopaedics Service,IMD,8,01 To 18 Weeks,49155
Trauma and Orthopaedics Service,IMD,8,18 To 52 Weeks,32465
Trauma and Orthopaedics Service,IMD,8,Over 52 Weeks,2670
Trauma and Orthopaedics Service,IMD,8,Total,84510
Trauma and Orthopaedics Service,IMD,9,Unknown Clock Start,190
Trauma and Orthopaedics Service,IMD,9,01 To 18 Weeks,47370
Trauma and Orthopaedics Service,IMD,9,18 To 52 Weeks,31210
Trauma and Orthopaedics Service,IMD,9,Over 52 Weeks,2550
Trauma and Orthopaedics Service,IMD,9,Total,81315
Trauma and Orthopaedics Service,Sex,Female,Unknown Clock Start,1140
Trauma and Orthopaedics Service,Sex,Female,01 To 18 Weeks,256100
Trauma and Orthopaedics Service,Sex,Female,18 To 52 Weeks,173565
Trauma and Orthopaedics Service,Sex,Female,Over 52 Weeks,13740
Trauma and Orthopaedics Service,Sex,Female,Total,444550
Trauma and Orthopaedics Service,Sex,Male,Unknown Clock Start,920
Trauma and Orthopaedics Service,Sex,Male,01 To 18 Weeks,202920
Trauma and Orthopaedics Service,Sex,Male,18 To 52 Weeks,135985
Trauma and Orthopaedics Service,Sex,Male,Over 52 Weeks,11330
Trauma and Orthopaedics Service,Sex,Male,Total,351160
Unknown,Age,0-18 Years,Unknown Clock Start,15
Unknown,Age,0-18 Years,01 To 18 Weeks,1115
Unknown,Age,0-18 Years,18 To 52 Weeks,1075
Unknown,Age,0-18 Years,Over 52 Weeks,45
Unknown,Age,0-18 Years,Total,2250
Unknown,Age,19-64 Years,Unknown Clock Start,105
Unknown,Age,19-64 Years,01 To 18 Weeks,2560
Unknown,Age,19-64 Years,18 To 52 Weeks,430
Unknown,Age,19-64 Years,Over 52 Weeks,25
Unknown,Age,19-64 Years,Total,3115
Unknown,Age,Over 65 Years,Unknown Clock Start,75
Unknown,Age,Over 65 Years,01 To 18 Weeks,1515
Unknown,Age,Over 65 Years,18 To 52 Weeks,250
Unknown,Age,Over 65 Years,Over 52 Weeks,*
Unknown,Age,Over 65 Years,Total,1845
Unknown,Ethnicity,99: Not known,Unknown Clock Start,*
Unknown,Ethnicity,99: Not known,01 To 18 Weeks,245
Unknown,Ethnicity,99: Not known,18 To 52 Weeks,40
Unknown,Ethnicity,99: Not known,Over 52 Weeks,*
Unknown,Ethnicity,99: Not known,Total,290
Unknown,Ethnicity,A: British,Unknown Clock Start,145
Unknown,Ethnicity,A: British,01 To 18 Weeks,4060
Unknown,Ethnicity,A: British,18 To 52 Weeks,1175
Unknown,Ethnicity,A: British,Over 52 Weeks,40
Unknown,Ethnicity,A: British,Total,5420
Unknown,Ethnicity,B: Irish,Unknown Clock Start,*
Unknown,Ethnicity,B: Irish,01 To 18 Weeks,40
Unknown,Ethnicity,B: Irish,18 To 52 Weeks,10
Unknown,Ethnicity,B: Irish,Total,50
Unknown,Ethnicity,C: Any other white background,Unknown Clock Start,20
Unknown,Ethnicity,C: Any other white background,01 To 18 Weeks,365
Unknown,Ethnicity,C: Any other white background,18 To 52 Weeks,165
Unknown,Ethnicity,C: Any other white background,Over 52 Weeks,*
Unknown,Ethnicity,C: Any other white background,Total,555
Unknown,Ethnicity,D: White and Black Caribbean,Unknown Clock Start,*
Unknown,Ethnicity,D: White and Black Caribbean,01 To 18 Weeks,20
Unknown,Ethnicity,D: White and Black Caribbean,18 To 52 Weeks,15
Unknown,Ethnicity,D: White and Black Caribbean,Total,35
Unknown,Ethnicity,E: White and Black African,01 To 18 Weeks,15
Unknown,Ethnicity,E: White and Black African,18 To 52 Weeks,10
Unknown,Ethnicity,E: White and Black African,Total,25
Unknown,Ethnicity,F: White and Asian,01 To 18 Weeks,15
Unknown,Ethnicity,F: White and Asian,18 To 52 Weeks,15
Unknown,Ethnicity,F: White and Asian,Over 52 Weeks,*
Unknown,Ethnicity,F: White and Asian,Total,30
Unknown,Ethnicity,G: Any other mixed background,Unknown Clock Start,*
Unknown,Ethnicity,G: Any other mixed background,01 To 18 Weeks,65
Unknown,Ethnicity,G: Any other mixed background,18 To 52 Weeks,30
Unknown,Ethnicity,G: Any other mixed background,Over 52 Weeks,*
Unknown,Ethnicity,G: Any other mixed background,Total,100
Unknown,Ethnicity,H: Indian,Unknown Clock Start,*
Unknown,Ethnicity,H: Indian,01 To 18 Weeks,100
Unknown,Ethnicity,H: Indian,18 To 52 Weeks,40
Unknown,Ethnicity,H: Indian,Over 52 Weeks,*
Unknown,Ethnicity,H: Indian,Total,145
Unknown,Ethnicity,J: Pakistani,Unknown Clock Start,*
Unknown,Ethnicity,J: Pakistani,01 To 18 Weeks,115
Unknown,Ethnicity,J: Pakistani,18 To 52 Weeks,40
Unknown,Ethnicity,J: Pakistani,Over 52 Weeks,*
Unknown,Ethnicity,J: Pakistani,Total,160
Unknown,Ethnicity,K: Bangladeshi,Unknown Clock Start,*
Unknown,Ethnicity,K: Bangladeshi,01 To 18 Weeks,50
Unknown,Ethnicity,K: Bangladeshi,18 To 52 Weeks,30
Unknown,Ethnicity,K: Bangladeshi,Over 52 Weeks,*
Unknown,Ethnicity,K: Bangladeshi,Total,85
Unknown,Ethnicity,L: Any other Asian background,Unknown Clock Start,*
Unknown,Ethnicity,L: Any other Asian background,01 To 18 Weeks,110
Unknown,Ethnicity,L: Any other Asian background,18 To 52 Weeks,45
Unknown,Ethnicity,L: Any other Asian background,Over 52 Weeks,*
Unknown,Ethnicity,L: Any other Asian background,Total,160
Unknown,Ethnicity,M: Caribbean,01 To 18 Weeks,75
Unknown,Ethnicity,M: Caribbean,18 To 52 Weeks,30
Unknown,Ethnicity,M: Caribbean,Over 52 Weeks,*
Unknown,Ethnicity,M: Caribbean,Total,110
Unknown,Ethnicity,N: African,Unknown Clock Start,*
Unknown,Ethnicity,N: African,01 To 18 Weeks,110
Unknown,Ethnicity,N: African,18 To 52 Weeks,35
Unknown,Ethnicity,N: African,Over 52 Weeks,*
Unknown,Ethnicity,N: African,Total,150
Unknown,Ethnicity,P: Any other Black background,Unknown Clock Start,*
Unknown,Ethnicity,P: Any other Black background,01 To 18 Weeks,35
Unknown,Ethnicity,P: Any other Black background,18 To 52 Weeks,20
Unknown,Ethnicity,P: Any other Black background,Total,55
Unknown,Ethnicity,R: Chinese,01 To 18 Weeks,25
Unknown,Ethnicity,R: Chinese,18 To 52 Weeks,*
Unknown,Ethnicity,R: Chinese,Total,30
Unknown,Ethnicity,S: Any other ethnic group,Unknown Clock Start,*
Unknown,Ethnicity,S: Any other ethnic group,01 To 18 Weeks,45
Unknown,Ethnicity,S: Any other ethnic group,18 To 52 Weeks,25
Unknown,Ethnicity,S: Any other ethnic group,Over 52 Weeks,*
Unknown,Ethnicity,S: Any other ethnic group,Total,75
Unknown,Ethnicity,Z: Not stated,Unknown Clock Start,*
Unknown,Ethnicity,Z: Not stated,01 To 18 Weeks,160
Unknown,Ethnicity,Z: Not stated,18 To 52 Weeks,35
Unknown,Ethnicity,Z: Not stated,Over 52 Weeks,*
Unknown,Ethnicity,Z: Not stated,Total,200
Unknown,IMD,1,01 To 18 Weeks,435
Unknown,IMD,1,18 To 52 Weeks,135
Unknown,IMD,1,Over 52 Weeks,*
Unknown,IMD,1,Total,570
Unknown,IMD,10,Unknown Clock Start,55
Unknown,IMD,10,01 To 18 Weeks,485
Unknown,IMD,10,18 To 52 Weeks,200
Unknown,IMD,10,Over 52 Weeks,*
Unknown,IMD,10,Total,745
Unknown,IMD,2,Unknown Clock Start,*
Unknown,IMD,2,01 To 18 Weeks,510
Unknown,IMD,2,18 To 52 Weeks,155
Unknown,IMD,2,Over 52 Weeks,*
Unknown,IMD,2,Total,680
Unknown,IMD,3,Unknown Clock Start,10
Unknown,IMD,3,01 To 18 Weeks,580
Unknown,IMD,3,18 To 52 Weeks,185
Unknown,IMD,3,Over 52 Weeks,10
Unknown,IMD,3,Total,785
Unknown,IMD,4,Unknown Clock Start,15
Unknown,IMD,4,01 To 18 Weeks,710
Unknown,IMD,4,18 To 52 Weeks,210
Unknown,IMD,4,Over 52 Weeks,10
Unknown,IMD,4,Total,950
Unknown,IMD,5,Unknown Clock Start,*
Unknown,IMD,5,01 To 18 Weeks,565
Unknown,IMD,5,18 To 52 Weeks,155
Unknown,IMD,5,Over 52 Weeks,*
Unknown,IMD,5,Total,730
Unknown,IMD,6,Unknown Clock Start,15
Unknown,IMD,6,01 To 18 Weeks,630
Unknown,IMD,6,18 To 52 Weeks,185
Unknown,IMD,6,Over 52 Weeks,10
Unknown,IMD,6,Total,840
Unknown,IMD,7,Unknown Clock Start,25
Unknown,IMD,7,01 To 18 Weeks,470
Unknown,IMD,7,18 To 52 Weeks,155
Unknown,IMD,7,Over 52 Weeks,*
Unknown,IMD,7,Total,650
Unknown,IMD,8,Unknown Clock Start,30
Unknown,IMD,8,01 To 18 Weeks,535
Unknown,IMD,8,18 To 52 Weeks,155
Unknown,IMD,8,Over 52 Weeks,10
Unknown,IMD,8,Total,730
Unknown,IMD,9,Unknown Clock Start,25
Unknown,IMD,9,01 To 18 Weeks,475
Unknown,IMD,9,18 To 52 Weeks,170
Unknown,IMD,9,Over 52 Weeks,10
Unknown,IMD,9,Total,680
Unknown,Sex,Female,Unknown Clock Start,85
Unknown,Sex,Female,01 To 18 Weeks,2575
Unknown,Sex,Female,18 To 52 Weeks,695
Unknown,Sex,Female,Over 52 Weeks,35
Unknown,Sex,Female,Total,3390
Unknown,Sex,Male,Unknown Clock Start,90
Unknown,Sex,Male,01 To 18 Weeks,2180
Unknown,Sex,Male,18 To 52 Weeks,895
Unknown,Sex,Male,Over 52 Weeks,40
Unknown,Sex,Male,Total,3210
Urology Service,Age,0-18 Years,Unknown Clock Start,*
Urology Service,Age,0-18 Years,01 To 18 Weeks,5890
Urology Service,Age,0-18 Years,18 To 52 Weeks,3935
Urology Service,Age,0-18 Years,Over 52 Weeks,175
Urology Service,Age,0-18 Years,Total,10000
Urology Service,Age,19-64 Years,Unknown Clock Start,215
Urology Service,Age,19-64 Years,01 To 18 Weeks,121595
Urology Service,Age,19-64 Years,18 To 52 Weeks,80410
Urology Service,Age,19-64 Years,Over 52 Weeks,5390
Urology Service,Age,19-64 Years,Total,207610
Urology Service,Age,Over 65 Years,Unknown Clock Start,175
Urology Service,Age,Over 65 Years,01 To 18 Weeks,104175
Urology Service,Age,Over 65 Years,18 To 52 Weeks,52610
Urology Service,Age,Over 65 Years,Over 52 Weeks,3300
Urology Service,Age,Over 65 Years,Total,160260
Urology Service,Ethnicity,99: Not known,Unknown Clock Start,*
Urology Service,Ethnicity,99: Not known,01 To 18 Weeks,8880
Urology Service,Ethnicity,99: Not known,18 To 52 Weeks,4180
Urology Service,Ethnicity,99: Not known,Over 52 Weeks,210
Urology Service,Ethnicity,99: Not known,Total,13275
Urology Service,Ethnicity,A: British,Unknown Clock Start,290
Urology Service,Ethnicity,A: British,01 To 18 Weeks,168710
Urology Service,Ethnicity,A: British,18 To 52 Weeks,95750
Urology Service,Ethnicity,A: British,Over 52 Weeks,6420
Urology Service,Ethnicity,A: British,Total,271170
Urology Service,Ethnicity,B: Irish,Unknown Clock Start,*
Urology Service,Ethnicity,B: Irish,01 To 18 Weeks,1580
Urology Service,Ethnicity,B: Irish,18 To 52 Weeks,890
Urology Service,Ethnicity,B: Irish,Over 52 Weeks,55
Urology Service,Ethnicity,B: Irish,Total,2525
Urology Service,Ethnicity,C: Any other white background,Unknown Clock Start,25
Urology Service,Ethnicity,C: Any other white background,01 To 18 Weeks,12990
Urology Service,Ethnicity,C: Any other white background,18 To 52 Weeks,8720
Urology Service,Ethnicity,C: Any other white background,Over 52 Weeks,550
Urology Service,Ethnicity,C: Any other white background,Total,22285
Urology Service,Ethnicity,D: White and Black Caribbean,01 To 18 Weeks,655
Urology Service,Ethnicity,D: White and Black Caribbean,18 To 52 Weeks,450
Urology Service,Ethnicity,D: White and Black Caribbean,Over 52 Weeks,30
Urology Service,Ethnicity,D: White and Black Caribbean,Total,1135
Urology Service,Ethnicity,E: White and Black African,01 To 18 Weeks,375
Urology Service,Ethnicity,E: White and Black African,18 To 52 Weeks,270
Urology Service,Ethnicity,E: White and Black African,Over 52 Weeks,20
Urology Service,Ethnicity,E: White and Black African,Total,670
Urology Service,Ethnicity,F: White and Asian,Unknown Clock Start,*
Urology Service,Ethnicity,F: White and Asian,01 To 18 Weeks,550
Urology Service,Ethnicity,F: White and Asian,18 To 52 Weeks,340
Urology Service,Ethnicity,F: White and Asian,Over 52 Weeks,20
Urology Service,Ethnicity,F: White and Asian,Total,915
Urology Service,Ethnicity,G: Any other mixed background,01 To 18 Weeks,1360
Urology Service,Ethnicity,G: Any other mixed background,18 To 52 Weeks,985
Urology Service,Ethnicity,G: Any other mixed background,Over 52 Weeks,65
Urology Service,Ethnicity,G: Any other mixed background,Total,2415
Urology Service,Ethnicity,H: Indian,Unknown Clock Start,*
Urology Service,Ethnicity,H: Indian,01 To 18 Weeks,5625
Urology Service,Ethnicity,H: Indian,18 To 52 Weeks,4030
Urology Service,Ethnicity,H: Indian,Over 52 Weeks,200
Urology Service,Ethnicity,H: Indian,Total,9855
Urology Service,Ethnicity,J: Pakistani,Unknown Clock Start,*
Urology Service,Ethnicity,J: Pakistani,01 To 18 Weeks,4390
Urology Service,Ethnicity,J: Pakistani,18 To 52 Weeks,3130
Urology Service,Ethnicity,J: Pakistani,Over 52 Weeks,160
Urology Service,Ethnicity,J: Pakistani,Total,7685
Urology Service,Ethnicity,K: Bangladeshi,01 To 18 Weeks,1560
Urology Service,Ethnicity,K: Bangladeshi,18 To 52 Weeks,1160
Urology Service,Ethnicity,K: Bangladeshi,Over 52 Weeks,60
Urology Service,Ethnicity,K: Bangladeshi,Total,2780
Urology Service,Ethnicity,L: Any other Asian background,Unknown Clock Start,15
Urology Service,Ethnicity,L: Any other Asian background,01 To 18 Weeks,4655
Urology Service,Ethnicity,L: Any other Asian background,18 To 52 Weeks,3285
Urology Service,Ethnicity,L: Any other Asian background,Over 52 Weeks,200
Urology Service,Ethnicity,L: Any other Asian background,Total,8155
Urology Service,Ethnicity,M: Caribbean,Unknown Clock Start,*
Urology Service,Ethnicity,M: Caribbean,01 To 18 Weeks,2900
Urology Service,Ethnicity,M: Caribbean,18 To 52 Weeks,1725
Urology Service,Ethnicity,M: Caribbean,Over 52 Weeks,100
Urology Service,Ethnicity,M: Caribbean,Total,4735
Urology Service,Ethnicity,N: African,Unknown Clock Start,*
Urology Service,Ethnicity,N: African,01 To 18 Weeks,4180
Urology Service,Ethnicity,N: African,18 To 52 Weeks,2595
Urology Service,Ethnicity,N: African,Over 52 Weeks,155
Urology Service,Ethnicity,N: African,Total,6930
Urology Service,Ethnicity,P: Any other Black background,Unknown Clock Start,*
Urology Service,Ethnicity,P: Any other Black background,01 To 18 Weeks,2065
Urology Service,Ethnicity,P: Any other Black background,18 To 52 Weeks,1370
Urology Service,Ethnicity,P: Any other Black background,Over 52 Weeks,60
Urology Service,Ethnicity,P: Any other Black background,Total,3495
Urology Service,Ethnicity,R: Chinese,Unknown Clock Start,*
Urology Service,Ethnicity,R: Chinese,01 To 18 Weeks,690
Urology Service,Ethnicity,R: Chinese,18 To 52 Weeks,505
Urology Service,Ethnicity,R: Chinese,Over 52 Weeks,30
Urology Service,Ethnicity,R: Chinese,Total,1225
Urology Service,Ethnicity,S: Any other ethnic group,Unknown Clock Start,*
Urology Service,Ethnicity,S: Any other ethnic group,01 To 18 Weeks,2590
Urology Service,Ethnicity,S: Any other ethnic group,18 To 52 Weeks,1715
Urology Service,Ethnicity,S: Any other ethnic group,Over 52 Weeks,95
Urology Service,Ethnicity,S: Any other ethnic group,Total,4405
Urology Service,Ethnicity,Z: Not stated,Unknown Clock Start,25
Urology Service,Ethnicity,Z: Not stated,01 To 18 Weeks,10825
Urology Service,Ethnicity,Z: Not stated,18 To 52 Weeks,6010
Urology Service,Ethnicity,Z: Not stated,Over 52 Weeks,435
Urology Service,Ethnicity,Z: Not stated,Total,17300
Urology Service,IMD,1,Unknown Clock Start,25
Urology Service,IMD,1,01 To 18 Weeks,21155
Urology Service,IMD,1,18 To 52 Weeks,13735
Urology Service,IMD,1,Over 52 Weeks,935
Urology Service,IMD,1,Total,35845
Urology Service,IMD,10,Unknown Clock Start,65
Urology Service,IMD,10,01 To 18 Weeks,21340
Urology Service,IMD,10,18 To 52 Weeks,11185
Urology Service,IMD,10,Over 52 Weeks,735
Urology Service,IMD,10,Total,33320
Urology Service,IMD,2,Unknown Clock Start,25
Urology Service,IMD,2,01 To 18 Weeks,22460
Urology Service,IMD,2,18 To 52 Weeks,14355
Urology Service,IMD,2,Over 52 Weeks,885
Urology Service,IMD,2,Total,37720
Urology Service,IMD,3,Unknown Clock Start,30
Urology Service,IMD,3,01 To 18 Weeks,23200
Urology Service,IMD,3,18 To 52 Weeks,14645
Urology Service,IMD,3,Over 52 Weeks,900
Urology Service,IMD,3,Total,38775
Urology Service,IMD,4,Unknown Clock Start,30
Urology Service,IMD,4,01 To 18 Weeks,23235
Urology Service,IMD,4,18 To 52 Weeks,14450
Urology Service,IMD,4,Over 52 Weeks,905
Urology Service,IMD,4,Total,38625
Urology Service,IMD,5,Unknown Clock Start,35
Urology Service,IMD,5,01 To 18 Weeks,23415
Urology Service,IMD,5,18 To 52 Weeks,13710
Urology Service,IMD,5,Over 52 Weeks,910
Urology Service,IMD,5,Total,38065
Urology Service,IMD,6,Unknown Clock Start,40
Urology Service,IMD,6,01 To 18 Weeks,23305
Urology Service,IMD,6,18 To 52 Weeks,13510
Urology Service,IMD,6,Over 52 Weeks,880
Urology Service,IMD,6,Total,37730
Urology Service,IMD,7,Unknown Clock Start,50
Urology Service,IMD,7,01 To 18 Weeks,22995
Urology Service,IMD,7,18 To 52 Weeks,12660
Urology Service,IMD,7,Over 52 Weeks,805
Urology Service,IMD,7,Total,36515
Urology Service,IMD,8,Unknown Clock Start,40
Urology Service,IMD,8,01 To 18 Weeks,23120
Urology Service,IMD,8,18 To 52 Weeks,12990
Urology Service,IMD,8,Over 52 Weeks,870
Urology Service,IMD,8,Total,37020
Urology Service,IMD,9,Unknown Clock Start,55
Urology Service,IMD,9,01 To 18 Weeks,22555
Urology Service,IMD,9,18 To 52 Weeks,12240
Urology Service,IMD,9,Over 52 Weeks,825
Urology Service,IMD,9,Total,35680
Urology Service,Sex,Female,Unknown Clock Start,105
Urology Service,Sex,Female,01 To 18 Weeks,60050
Urology Service,Sex,Female,18 To 52 Weeks,34335
Urology Service,Sex,Female,Over 52 Weeks,2155
Urology Service,Sex,Female,Total,96645
Urology Service,Sex,Male,Unknown Clock Start,280
Urology Service,Sex,Male,01 To 18 Weeks,160005
Urology Service,Sex,Male,18 To 52 Weeks,94725
Urology Service,Sex,Male,Over 52 Weeks,6070
Urology Service,Sex,Male,Total,261085
