Week Ending Date,Metric,Category,Waiting Bands,Count
19/09/2021,Age,0-18 Years,Unknown Clock Start,795
19/09/2021,Age,0-18 Years,01 To 18 Weeks,389905
19/09/2021,Age,0-18 Years,18 To 52 Weeks,161425
19/09/2021,Age,0-18 Years,Over 52 Weeks,26650
19/09/2021,Age,0-18 Years,Total,578775
19/09/2021,Age,19-64 Years,Unknown Clock Start,7805
19/09/2021,Age,19-64 Years,01 To 18 Weeks,1810570
19/09/2021,Age,19-64 Years,18 To 52 Weeks,912125
19/09/2021,Age,19-64 Years,Over 52 Weeks,168610
19/09/2021,Age,19-64 Years,Total,2899110
19/09/2021,Age,Over 65 Years,Unknown Clock Start,4225
19/09/2021,Age,Over 65 Years,01 To 18 Weeks,1175730
19/09/2021,Age,Over 65 Years,18 To 52 Weeks,484950
19/09/2021,Age,Over 65 Years,Over 52 Weeks,91890
19/09/2021,Age,Over 65 Years,Total,1756795
19/09/2021,Sex,Female,Unknown Clock Start,7520
19/09/2021,Sex,Female,01 To 18 Weeks,1867690
19/09/2021,Sex,Female,18 To 52 Weeks,853555
19/09/2021,Sex,Female,Over 52 Weeks,150655
19/09/2021,Sex,Female,Total,2879420
19/09/2021,Sex,Male,Unknown Clock Start,5235
19/09/2021,Sex,Male,01 To 18 Weeks,1432915
19/09/2021,Sex,Male,18 To 52 Weeks,652590
19/09/2021,Sex,Male,Over 52 Weeks,128335
19/09/2021,Sex,Male,Total,2219075
26/09/2021,Age,0-18 Years,Unknown Clock Start,760
26/09/2021,Age,0-18 Years,01 To 18 Weeks,397145
26/09/2021,Age,0-18 Years,18 To 52 Weeks,169380
26/09/2021,Age,0-18 Years,Over 52 Weeks,27775
26/09/2021,Age,0-18 Years,Total,595055
26/09/2021,Age,19-64 Years,Unknown Clock Start,7935
26/09/2021,Age,19-64 Years,01 To 18 Weeks,1855780
26/09/2021,Age,19-64 Years,18 To 52 Weeks,950375
26/09/2021,Age,19-64 Years,Over 52 Weeks,176050
26/09/2021,Age,19-64 Years,Total,2990140
26/09/2021,Age,Over 65 Years,Unknown Clock Start,4110
26/09/2021,Age,Over 65 Years,01 To 18 Weeks,1193385
26/09/2021,Age,Over 65 Years,18 To 52 Weeks,503565
26/09/2021,Age,Over 65 Years,Over 52 Weeks,96025
26/09/2021,Age,Over 65 Years,Total,1797085
26/09/2021,Sex,Female,Unknown Clock Start,7525
26/09/2021,Sex,Female,01 To 18 Weeks,1907385
26/09/2021,Sex,Female,18 To 52 Weeks,889330
26/09/2021,Sex,Female,Over 52 Weeks,157035
26/09/2021,Sex,Female,Total,2961275
26/09/2021,Sex,Male,Unknown Clock Start,5270
26/09/2021,Sex,Male,01 To 18 Weeks,1462110
26/09/2021,Sex,Male,18 To 52 Weeks,679790
26/09/2021,Sex,Male,Over 52 Weeks,134685
26/09/2021,Sex,Male,Total,2281855
03/10/2021,Age,0-18 Years,Unknown Clock Start,925
03/10/2021,Age,0-18 Years,01 To 18 Weeks,393975
03/10/2021,Age,0-18 Years,18 To 52 Weeks,172545
03/10/2021,Age,0-18 Years,Over 52 Weeks,27580
03/10/2021,Age,0-18 Years,Total,595020
03/10/2021,Age,19-64 Years,Unknown Clock Start,9230
03/10/2021,Age,19-64 Years,01 To 18 Weeks,1874305
03/10/2021,Age,19-64 Years,18 To 52 Weeks,964870
03/10/2021,Age,19-64 Years,Over 52 Weeks,176165
03/10/2021,Age,19-64 Years,Total,3024565
03/10/2021,Age,Over 65 Years,Unknown Clock Start,4865
03/10/2021,Age,Over 65 Years,01 To 18 Weeks,1200290
03/10/2021,Age,Over 65 Years,18 To 52 Weeks,511515
03/10/2021,Age,Over 65 Years,Over 52 Weeks,95655
03/10/2021,Age,Over 65 Years,Total,1812325
03/10/2021,Sex,Female,Unknown Clock Start,8770
03/10/2021,Sex,Female,01 To 18 Weeks,1920000
03/10/2021,Sex,Female,18 To 52 Weeks,904290
03/10/2021,Sex,Female,Over 52 Weeks,157355
03/10/2021,Sex,Female,Total,2990415
03/10/2021,Sex,Male,Unknown Clock Start,6230
03/10/2021,Sex,Male,01 To 18 Weeks,1470800
03/10/2021,Sex,Male,18 To 52 Weeks,689245
03/10/2021,Sex,Male,Over 52 Weeks,133830
03/10/2021,Sex,Male,Total,2300100
10/10/2021,Age,0-18 Years,Unknown Clock Start,700
10/10/2021,Age,0-18 Years,01 To 18 Weeks,389575
10/10/2021,Age,0-18 Years,18 To 52 Weeks,166340
10/10/2021,Age,0-18 Years,Over 52 Weeks,25685
10/10/2021,Age,0-18 Years,Total,582300
10/10/2021,Age,19-64 Years,Unknown Clock Start,6020
10/10/2021,Age,19-64 Years,01 To 18 Weeks,1844810
10/10/2021,Age,19-64 Years,18 To 52 Weeks,921510
10/10/2021,Age,19-64 Years,Over 52 Weeks,169235
10/10/2021,Age,19-64 Years,Total,2941575
10/10/2021,Age,Over 65 Years,Unknown Clock Start,3310
10/10/2021,Age,Over 65 Years,01 To 18 Weeks,1178895
10/10/2021,Age,Over 65 Years,18 To 52 Weeks,490750
10/10/2021,Age,Over 65 Years,Over 52 Weeks,91915
10/10/2021,Age,Over 65 Years,Total,1764870
10/10/2021,Sex,Female,Unknown Clock Start,5845
10/10/2021,Sex,Female,01 To 18 Weeks,1887645
10/10/2021,Sex,Female,18 To 52 Weeks,864030
10/10/2021,Sex,Female,Over 52 Weeks,150325
10/10/2021,Sex,Female,Total,2907845
10/10/2021,Sex,Male,Unknown Clock Start,4150
10/10/2021,Sex,Male,01 To 18 Weeks,1447395
10/10/2021,Sex,Male,18 To 52 Weeks,659790
10/10/2021,Sex,Male,Over 52 Weeks,128220
10/10/2021,Sex,Male,Total,2239560
17/10/2021,Age,0-18 Years,Unknown Clock Start,860
17/10/2021,Age,0-18 Years,01 To 18 Weeks,398695
17/10/2021,Age,0-18 Years,18 To 52 Weeks,172540
17/10/2021,Age,0-18 Years,Over 52 Weeks,27525
17/10/2021,Age,0-18 Years,Total,599625
17/10/2021,Age,19-64 Years,Unknown Clock Start,9165
17/10/2021,Age,19-64 Years,01 To 18 Weeks,1887685
17/10/2021,Age,19-64 Years,18 To 52 Weeks,951455
17/10/2021,Age,19-64 Years,Over 52 Weeks,177440
17/10/2021,Age,19-64 Years,Total,3025745
17/10/2021,Age,Over 65 Years,Unknown Clock Start,5190
17/10/2021,Age,Over 65 Years,01 To 18 Weeks,1207850
17/10/2021,Age,Over 65 Years,18 To 52 Weeks,506520
17/10/2021,Age,Over 65 Years,Over 52 Weeks,96375
17/10/2021,Age,Over 65 Years,Total,1815935
17/10/2021,Sex,Female,Unknown Clock Start,8585
17/10/2021,Sex,Female,01 To 18 Weeks,1939425
17/10/2021,Sex,Female,18 To 52 Weeks,902540
17/10/2021,Sex,Female,Over 52 Weeks,159545
17/10/2021,Sex,Female,Total,3010090
17/10/2021,Sex,Male,Unknown Clock Start,6510
17/10/2021,Sex,Male,01 To 18 Weeks,1485050
17/10/2021,Sex,Male,18 To 52 Weeks,688500
17/10/2021,Sex,Male,Over 52 Weeks,134850
17/10/2021,Sex,Male,Total,2314910
24/10/2021,Age,0-18 Years,Unknown Clock Start,645
24/10/2021,Age,0-18 Years,01 To 18 Weeks,380050
24/10/2021,Age,0-18 Years,18 To 52 Weeks,165520
24/10/2021,Age,0-18 Years,Over 52 Weeks,25750
24/10/2021,Age,0-18 Years,Total,571965
24/10/2021,Age,19-64 Years,Unknown Clock Start,6065
24/10/2021,Age,19-64 Years,01 To 18 Weeks,1792715
24/10/2021,Age,19-64 Years,18 To 52 Weeks,906435
24/10/2021,Age,19-64 Years,Over 52 Weeks,167475
24/10/2021,Age,19-64 Years,Total,2872685
24/10/2021,Age,Over 65 Years,Unknown Clock Start,3410
24/10/2021,Age,Over 65 Years,01 To 18 Weeks,1148565
24/10/2021,Age,Over 65 Years,18 To 52 Weeks,484650
24/10/2021,Age,Over 65 Years,Over 52 Weeks,91900
24/10/2021,Age,Over 65 Years,Total,1728530
24/10/2021,Sex,Female,Unknown Clock Start,5835
24/10/2021,Sex,Female,01 To 18 Weeks,1873585
24/10/2021,Sex,Female,18 To 52 Weeks,880620
24/10/2021,Sex,Female,Over 52 Weeks,154400
24/10/2021,Sex,Female,Total,2914445
24/10/2021,Sex,Male,Unknown Clock Start,4280
24/10/2021,Sex,Male,01 To 18 Weeks,1436820
24/10/2021,Sex,Male,18 To 52 Weeks,672770
24/10/2021,Sex,Male,Over 52 Weeks,130635
24/10/2021,Sex,Male,Total,2244500
31/10/2021,Age,0-18 Years,Unknown Clock Start,700
31/10/2021,Age,0-18 Years,01 To 18 Weeks,398575
31/10/2021,Age,0-18 Years,18 To 52 Weeks,177405
31/10/2021,Age,0-18 Years,Over 52 Weeks,26295
31/10/2021,Age,0-18 Years,Total,602970
31/10/2021,Age,19-64 Years,Unknown Clock Start,5665
31/10/2021,Age,19-64 Years,01 To 18 Weeks,1880100
31/10/2021,Age,19-64 Years,18 To 52 Weeks,962660
31/10/2021,Age,19-64 Years,Over 52 Weeks,175440
31/10/2021,Age,19-64 Years,Total,3023865
31/10/2021,Age,Over 65 Years,Unknown Clock Start,3470
31/10/2021,Age,Over 65 Years,01 To 18 Weeks,1199150
31/10/2021,Age,Over 65 Years,18 To 52 Weeks,518140
31/10/2021,Age,Over 65 Years,Over 52 Weeks,95385
31/10/2021,Age,Over 65 Years,Total,1816140
31/10/2021,Sex,Female,Unknown Clock Start,5425
31/10/2021,Sex,Female,01 To 18 Weeks,1924270
31/10/2021,Sex,Female,18 To 52 Weeks,907015
31/10/2021,Sex,Female,Over 52 Weeks,156530
31/10/2021,Sex,Female,Total,2993240
31/10/2021,Sex,Male,Unknown Clock Start,4415
31/10/2021,Sex,Male,01 To 18 Weeks,1475980
31/10/2021,Sex,Male,18 To 52 Weeks,693565
31/10/2021,Sex,Male,Over 52 Weeks,132105
31/10/2021,Sex,Male,Total,2306065
07/11/2021,Age,0-18 Years,Unknown Clock Start,990
07/11/2021,Age,0-18 Years,01 To 18 Weeks,395615
07/11/2021,Age,0-18 Years,18 To 52 Weeks,178820
07/11/2021,Age,0-18 Years,Over 52 Weeks,26010
07/11/2021,Age,0-18 Years,Total,601435
07/11/2021,Age,19-64 Years,Unknown Clock Start,5200
07/11/2021,Age,19-64 Years,01 To 18 Weeks,1856910
07/11/2021,Age,19-64 Years,18 To 52 Weeks,957890
07/11/2021,Age,19-64 Years,Over 52 Weeks,174420
07/11/2021,Age,19-64 Years,Total,2994425
07/11/2021,Age,Over 65 Years,Unknown Clock Start,3510
07/11/2021,Age,Over 65 Years,01 To 18 Weeks,1178280
07/11/2021,Age,Over 65 Years,18 To 52 Weeks,514950
07/11/2021,Age,Over 65 Years,Over 52 Weeks,94180
07/11/2021,Age,Over 65 Years,Total,1790920
07/11/2021,Sex,Female,Unknown Clock Start,5350
07/11/2021,Sex,Female,01 To 18 Weeks,1897845
07/11/2021,Sex,Female,18 To 52 Weeks,903735
07/11/2021,Sex,Female,Over 52 Weeks,155290
07/11/2021,Sex,Female,Total,2962220
07/11/2021,Sex,Male,Unknown Clock Start,4325
07/11/2021,Sex,Male,01 To 18 Weeks,1455255
07/11/2021,Sex,Male,18 To 52 Weeks,691105
07/11/2021,Sex,Male,Over 52 Weeks,130950
07/11/2021,Sex,Male,Total,2281640
14/11/2021,Age,0-18 Years,Unknown Clock Start,1150
14/11/2021,Age,0-18 Years,01 To 18 Weeks,404105
14/11/2021,Age,0-18 Years,18 To 52 Weeks,185905
14/11/2021,Age,0-18 Years,Over 52 Weeks,26920
14/11/2021,Age,0-18 Years,Total,618080
14/11/2021,Age,19-64 Years,Unknown Clock Start,5810
14/11/2021,Age,19-64 Years,01 To 18 Weeks,1891755
14/11/2021,Age,19-64 Years,18 To 52 Weeks,986500
14/11/2021,Age,19-64 Years,Over 52 Weeks,178840
14/11/2021,Age,19-64 Years,Total,3062905
14/11/2021,Age,Over 65 Years,Unknown Clock Start,3505
14/11/2021,Age,Over 65 Years,01 To 18 Weeks,1196830
14/11/2021,Age,Over 65 Years,18 To 52 Weeks,530625
14/11/2021,Age,Over 65 Years,Over 52 Weeks,95655
14/11/2021,Age,Over 65 Years,Total,1826615
14/11/2021,Sex,Female,Unknown Clock Start,5755
14/11/2021,Sex,Female,01 To 18 Weeks,1932505
14/11/2021,Sex,Female,18 To 52 Weeks,932945
14/11/2021,Sex,Female,Over 52 Weeks,159350
14/11/2021,Sex,Female,Total,3030555
14/11/2021,Sex,Male,Unknown Clock Start,4660
14/11/2021,Sex,Male,01 To 18 Weeks,1479040
14/11/2021,Sex,Male,18 To 52 Weeks,713115
14/11/2021,Sex,Male,Over 52 Weeks,133520
14/11/2021,Sex,Male,Total,2330335
21/11/2021,Age,0-18 Years,Unknown Clock Start,745
21/11/2021,Age,0-18 Years,01 To 18 Weeks,400750
21/11/2021,Age,0-18 Years,18 To 52 Weeks,185845
21/11/2021,Age,0-18 Years,Over 52 Weeks,26935
21/11/2021,Age,0-18 Years,Total,614280
21/11/2021,Age,19-64 Years,Unknown Clock Start,9760
21/11/2021,Age,19-64 Years,01 To 18 Weeks,1888660
21/11/2021,Age,19-64 Years,18 To 52 Weeks,996925
21/11/2021,Age,19-64 Years,Over 52 Weeks,184235
21/11/2021,Age,19-64 Years,Total,3079580
21/11/2021,Age,Over 65 Years,Unknown Clock Start,5630
21/11/2021,Age,Over 65 Years,01 To 18 Weeks,1196005
21/11/2021,Age,Over 65 Years,18 To 52 Weeks,539265
21/11/2021,Age,Over 65 Years,Over 52 Weeks,97000
21/11/2021,Age,Over 65 Years,Total,1837905
21/11/2021,Sex,Female,Unknown Clock Start,9605
21/11/2021,Sex,Female,01 To 18 Weeks,1939600
21/11/2021,Sex,Female,18 To 52 Weeks,947950
21/11/2021,Sex,Female,Over 52 Weeks,163330
21/11/2021,Sex,Female,Total,3060485
21/11/2021,Sex,Male,Unknown Clock Start,6475
21/11/2021,Sex,Male,01 To 18 Weeks,1483960
21/11/2021,Sex,Male,18 To 52 Weeks,722420
21/11/2021,Sex,Male,Over 52 Weeks,135630
21/11/2021,Sex,Male,Total,2348480
28/11/2021,Age,0-18 Years,Unknown Clock Start,840
28/11/2021,Age,0-18 Years,01 To 18 Weeks,407810
28/11/2021,Age,0-18 Years,18 To 52 Weeks,186535
28/11/2021,Age,0-18 Years,Over 52 Weeks,26775
28/11/2021,Age,0-18 Years,Total,621965
28/11/2021,Age,19-64 Years,Unknown Clock Start,9550
28/11/2021,Age,19-64 Years,01 To 18 Weeks,1862670
28/11/2021,Age,19-64 Years,18 To 52 Weeks,979635
28/11/2021,Age,19-64 Years,Over 52 Weeks,180005
28/11/2021,Age,19-64 Years,Total,3031860
28/11/2021,Age,Over 65 Years,Unknown Clock Start,5525
28/11/2021,Age,Over 65 Years,01 To 18 Weeks,1177140
28/11/2021,Age,Over 65 Years,18 To 52 Weeks,532000
28/11/2021,Age,Over 65 Years,Over 52 Weeks,95455
28/11/2021,Age,Over 65 Years,Total,1810120
28/11/2021,Sex,Female,Unknown Clock Start,9550
28/11/2021,Sex,Female,01 To 18 Weeks,1906720
28/11/2021,Sex,Female,18 To 52 Weeks,931185
28/11/2021,Sex,Female,Over 52 Weeks,159960
28/11/2021,Sex,Female,Total,3007420
28/11/2021,Sex,Male,Unknown Clock Start,6210
28/11/2021,Sex,Male,01 To 18 Weeks,1460465
28/11/2021,Sex,Male,18 To 52 Weeks,708715
28/11/2021,Sex,Male,Over 52 Weeks,132590
28/11/2021,Sex,Male,Total,2307985
05/12/2021,Age,0-18 Years,Unknown Clock Start,885
05/12/2021,Age,0-18 Years,01 To 18 Weeks,411475
05/12/2021,Age,0-18 Years,18 To 52 Weeks,186325
05/12/2021,Age,0-18 Years,Over 52 Weeks,26985
05/12/2021,Age,0-18 Years,Total,625670
05/12/2021,Age,19-64 Years,Unknown Clock Start,9920
05/12/2021,Age,19-64 Years,01 To 18 Weeks,1889265
05/12/2021,Age,19-64 Years,18 To 52 Weeks,999880
05/12/2021,Age,19-64 Years,Over 52 Weeks,185730
05/12/2021,Age,19-64 Years,Total,3084795
05/12/2021,Age,Over 65 Years,Unknown Clock Start,5790
05/12/2021,Age,Over 65 Years,01 To 18 Weeks,1190950
05/12/2021,Age,Over 65 Years,18 To 52 Weeks,545260
05/12/2021,Age,Over 65 Years,Over 52 Weeks,97570
05/12/2021,Age,Over 65 Years,Total,1839575
05/12/2021,Sex,Female,Unknown Clock Start,9660
05/12/2021,Sex,Female,01 To 18 Weeks,1926035
05/12/2021,Sex,Female,18 To 52 Weeks,948370
05/12/2021,Sex,Female,Over 52 Weeks,164330
05/12/2021,Sex,Female,Total,3048395
05/12/2021,Sex,Male,Unknown Clock Start,6585
05/12/2021,Sex,Male,01 To 18 Weeks,1480395
05/12/2021,Sex,Male,18 To 52 Weeks,723720
05/12/2021,Sex,Male,Over 52 Weeks,136105
05/12/2021,Sex,Male,Total,2346805
12/12/2021,Age,0-18 Years,Unknown Clock Start,545
12/12/2021,Age,0-18 Years,01 To 18 Weeks,411950
12/12/2021,Age,0-18 Years,18 To 52 Weeks,186680
12/12/2021,Age,0-18 Years,Over 52 Weeks,26630
12/12/2021,Age,0-18 Years,Total,625800
12/12/2021,Age,19-64 Years,Unknown Clock Start,8370
12/12/2021,Age,19-64 Years,01 To 18 Weeks,1881535
12/12/2021,Age,19-64 Years,18 To 52 Weeks,1000990
12/12/2021,Age,19-64 Years,Over 52 Weeks,187020
12/12/2021,Age,19-64 Years,Total,3077920
12/12/2021,Age,Over 65 Years,Unknown Clock Start,4900
12/12/2021,Age,Over 65 Years,01 To 18 Weeks,1184080
12/12/2021,Age,Over 65 Years,18 To 52 Weeks,549080
12/12/2021,Age,Over 65 Years,Over 52 Weeks,97795
12/12/2021,Age,Over 65 Years,Total,1835855
12/12/2021,Sex,Female,Unknown Clock Start,8210
12/12/2021,Sex,Female,01 To 18 Weeks,1919745
12/12/2021,Sex,Female,18 To 52 Weeks,952600
12/12/2021,Sex,Female,Over 52 Weeks,165540
12/12/2021,Sex,Female,Total,3046095
12/12/2021,Sex,Male,Unknown Clock Start,5425
12/12/2021,Sex,Male,01 To 18 Weeks,1476575
12/12/2021,Sex,Male,18 To 52 Weeks,726355
12/12/2021,Sex,Male,Over 52 Weeks,135815
12/12/2021,Sex,Male,Total,2344170
19/12/2021,Age,0-18 Years,Unknown Clock Start,680
19/12/2021,Age,0-18 Years,01 To 18 Weeks,423175
19/12/2021,Age,0-18 Years,18 To 52 Weeks,189050
19/12/2021,Age,0-18 Years,Over 52 Weeks,27095
19/12/2021,Age,0-18 Years,Total,640000
19/12/2021,Age,19-64 Years,Unknown Clock Start,9090
19/12/2021,Age,19-64 Years,01 To 18 Weeks,1921765
19/12/2021,Age,19-64 Years,18 To 52 Weeks,1021515
19/12/2021,Age,19-64 Years,Over 52 Weeks,188930
19/12/2021,Age,19-64 Years,Total,3141305
19/12/2021,Age,Over 65 Years,Unknown Clock Start,5575
19/12/2021,Age,Over 65 Years,01 To 18 Weeks,1206100
19/12/2021,Age,Over 65 Years,18 To 52 Weeks,562415
19/12/2021,Age,Over 65 Years,Over 52 Weeks,98325
19/12/2021,Age,Over 65 Years,Total,1872420
19/12/2021,Sex,Female,Unknown Clock Start,9030
19/12/2021,Sex,Female,01 To 18 Weeks,1961980
19/12/2021,Sex,Female,18 To 52 Weeks,973760
19/12/2021,Sex,Female,Over 52 Weeks,167320
19/12/2021,Sex,Female,Total,3112090
19/12/2021,Sex,Male,Unknown Clock Start,6195
19/12/2021,Sex,Male,01 To 18 Weeks,1511545
19/12/2021,Sex,Male,18 To 52 Weeks,742005
19/12/2021,Sex,Male,Over 52 Weeks,136870
19/12/2021,Sex,Male,Total,2396615
26/12/2021,Age,0-18 Years,Unknown Clock Start,380
26/12/2021,Age,0-18 Years,01 To 18 Weeks,395700
26/12/2021,Age,0-18 Years,18 To 52 Weeks,181545
26/12/2021,Age,0-18 Years,Over 52 Weeks,26060
26/12/2021,Age,0-18 Years,Total,603680
26/12/2021,Age,19-64 Years,Unknown Clock Start,4585
26/12/2021,Age,19-64 Years,01 To 18 Weeks,1771210
26/12/2021,Age,19-64 Years,18 To 52 Weeks,963010
26/12/2021,Age,19-64 Years,Over 52 Weeks,176330
26/12/2021,Age,19-64 Years,Total,2915130
26/12/2021,Age,Over 65 Years,Unknown Clock Start,2670
26/12/2021,Age,Over 65 Years,01 To 18 Weeks,1113770
26/12/2021,Age,Over 65 Years,18 To 52 Weeks,535330
26/12/2021,Age,Over 65 Years,Over 52 Weeks,91380
26/12/2021,Age,Over 65 Years,Total,1743145
26/12/2021,Sex,Female,Unknown Clock Start,4130
26/12/2021,Sex,Female,01 To 18 Weeks,1807320
26/12/2021,Sex,Female,18 To 52 Weeks,920865
26/12/2021,Sex,Female,Over 52 Weeks,156180
26/12/2021,Sex,Female,Total,2888500
26/12/2021,Sex,Male,Unknown Clock Start,3500
26/12/2021,Sex,Male,01 To 18 Weeks,1398890
26/12/2021,Sex,Male,18 To 52 Weeks,702175
26/12/2021,Sex,Male,Over 52 Weeks,127875
26/12/2021,Sex,Male,Total,2232440
02/01/2022,Age,0-18 Years,Unknown Clock Start,430
02/01/2022,Age,0-18 Years,01 To 18 Weeks,400325
02/01/2022,Age,0-18 Years,18 To 52 Weeks,187580
02/01/2022,Age,0-18 Years,Over 52 Weeks,24500
02/01/2022,Age,0-18 Years,Total,612835
02/01/2022,Age,19-64 Years,Unknown Clock Start,3890
02/01/2022,Age,19-64 Years,01 To 18 Weeks,1799070
02/01/2022,Age,19-64 Years,18 To 52 Weeks,1010780
02/01/2022,Age,19-64 Years,Over 52 Weeks,175550
02/01/2022,Age,19-64 Years,Total,2989285
02/01/2022,Age,Over 65 Years,Unknown Clock Start,2235
02/01/2022,Age,Over 65 Years,01 To 18 Weeks,1142735
02/01/2022,Age,Over 65 Years,18 To 52 Weeks,569115
02/01/2022,Age,Over 65 Years,Over 52 Weeks,92785
02/01/2022,Age,Over 65 Years,Total,1806875
02/01/2022,Sex,Female,Unknown Clock Start,3540
02/01/2022,Sex,Female,01 To 18 Weeks,1842545
02/01/2022,Sex,Female,18 To 52 Weeks,970915
02/01/2022,Sex,Female,Over 52 Weeks,155375
02/01/2022,Sex,Female,Total,2972375
02/01/2022,Sex,Male,Unknown Clock Start,3055
02/01/2022,Sex,Male,01 To 18 Weeks,1424890
02/01/2022,Sex,Male,18 To 52 Weeks,738430
02/01/2022,Sex,Male,Over 52 Weeks,127610
02/01/2022,Sex,Male,Total,2293990
09/01/2022,Age,0-18 Years,Unknown Clock Start,490
09/01/2022,Age,0-18 Years,01 To 18 Weeks,414985
09/01/2022,Age,0-18 Years,18 To 52 Weeks,198700
09/01/2022,Age,0-18 Years,Over 52 Weeks,27435
09/01/2022,Age,0-18 Years,Total,641615
09/01/2022,Age,19-64 Years,Unknown Clock Start,5015
09/01/2022,Age,19-64 Years,01 To 18 Weeks,1860910
09/01/2022,Age,19-64 Years,18 To 52 Weeks,1069145
09/01/2022,Age,19-64 Years,Over 52 Weeks,189710
09/01/2022,Age,19-64 Years,Total,3124775
09/01/2022,Age,Over 65 Years,Unknown Clock Start,2905
09/01/2022,Age,Over 65 Years,01 To 18 Weeks,1168215
09/01/2022,Age,Over 65 Years,18 To 52 Weeks,597375
09/01/2022,Age,Over 65 Years,Over 52 Weeks,97965
09/01/2022,Age,Over 65 Years,Total,1866460
09/01/2022,Sex,Female,Unknown Clock Start,4570
09/01/2022,Sex,Female,01 To 18 Weeks,1896980
09/01/2022,Sex,Female,18 To 52 Weeks,1024680
09/01/2022,Sex,Female,Over 52 Weeks,167760
09/01/2022,Sex,Female,Total,3093995
09/01/2022,Sex,Male,Unknown Clock Start,3855
09/01/2022,Sex,Male,01 To 18 Weeks,1470885
09/01/2022,Sex,Male,18 To 52 Weeks,781725
09/01/2022,Sex,Male,Over 52 Weeks,137225
09/01/2022,Sex,Male,Total,2393690
16/01/2022,Age,0-18 Years,Unknown Clock Start,515
16/01/2022,Age,0-18 Years,01 To 18 Weeks,422380
16/01/2022,Age,0-18 Years,18 To 52 Weeks,201415
16/01/2022,Age,0-18 Years,Over 52 Weeks,27395
16/01/2022,Age,0-18 Years,Total,651710
16/01/2022,Age,19-64 Years,Unknown Clock Start,5275
16/01/2022,Age,19-64 Years,01 To 18 Weeks,1892435
16/01/2022,Age,19-64 Years,18 To 52 Weeks,1079545
16/01/2022,Age,19-64 Years,Over 52 Weeks,189640
16/01/2022,Age,19-64 Years,Total,3166900
16/01/2022,Age,Over 65 Years,Unknown Clock Start,3180
16/01/2022,Age,Over 65 Years,01 To 18 Weeks,1181595
16/01/2022,Age,Over 65 Years,18 To 52 Weeks,606320
16/01/2022,Age,Over 65 Years,Over 52 Weeks,97105
16/01/2022,Age,Over 65 Years,Total,1888200
16/01/2022,Sex,Female,Unknown Clock Start,4925
16/01/2022,Sex,Female,01 To 18 Weeks,1927300
16/01/2022,Sex,Female,18 To 52 Weeks,1037400
16/01/2022,Sex,Female,Over 52 Weeks,167220
16/01/2022,Sex,Female,Total,3136850
16/01/2022,Sex,Male,Unknown Clock Start,4095
16/01/2022,Sex,Male,01 To 18 Weeks,1493900
16/01/2022,Sex,Male,18 To 52 Weeks,790800
16/01/2022,Sex,Male,Over 52 Weeks,136790
16/01/2022,Sex,Male,Total,2425585
23/01/2022,Age,0-18 Years,Unknown Clock Start,650
23/01/2022,Age,0-18 Years,01 To 18 Weeks,419150
23/01/2022,Age,0-18 Years,18 To 52 Weeks,197805
23/01/2022,Age,0-18 Years,Over 52 Weeks,26445
23/01/2022,Age,0-18 Years,Total,644050
23/01/2022,Age,19-64 Years,Unknown Clock Start,4845
23/01/2022,Age,19-64 Years,01 To 18 Weeks,1848290
23/01/2022,Age,19-64 Years,18 To 52 Weeks,1044975
23/01/2022,Age,19-64 Years,Over 52 Weeks,181505
23/01/2022,Age,19-64 Years,Total,3079615
23/01/2022,Age,Over 65 Years,Unknown Clock Start,2785
23/01/2022,Age,Over 65 Years,01 To 18 Weeks,1155320
23/01/2022,Age,Over 65 Years,18 To 52 Weeks,590535
23/01/2022,Age,Over 65 Years,Over 52 Weeks,92615
23/01/2022,Age,Over 65 Years,Total,1841255
23/01/2022,Sex,Female,Unknown Clock Start,4520
23/01/2022,Sex,Female,01 To 18 Weeks,1884645
23/01/2022,Sex,Female,18 To 52 Weeks,1006895
23/01/2022,Sex,Female,Over 52 Weeks,159380
23/01/2022,Sex,Female,Total,3055440
23/01/2022,Sex,Male,Unknown Clock Start,3895
23/01/2022,Sex,Male,01 To 18 Weeks,1462990
23/01/2022,Sex,Male,18 To 52 Weeks,768070
23/01/2022,Sex,Male,Over 52 Weeks,130960
23/01/2022,Sex,Male,Total,2365915
30/01/2022,Age,0-18 Years,Unknown Clock Start,475
30/01/2022,Age,0-18 Years,01 To 18 Weeks,430520
30/01/2022,Age,0-18 Years,18 To 52 Weeks,206270
30/01/2022,Age,0-18 Years,Over 52 Weeks,27700
30/01/2022,Age,0-18 Years,Total,664970
30/01/2022,Age,19-64 Years,Unknown Clock Start,5105
30/01/2022,Age,19-64 Years,01 To 18 Weeks,1896665
30/01/2022,Age,19-64 Years,18 To 52 Weeks,1108210
30/01/2022,Age,19-64 Years,Over 52 Weeks,196045
30/01/2022,Age,19-64 Years,Total,3206020
30/01/2022,Age,Over 65 Years,Unknown Clock Start,2940
30/01/2022,Age,Over 65 Years,01 To 18 Weeks,1172415
30/01/2022,Age,Over 65 Years,18 To 52 Weeks,618835
30/01/2022,Age,Over 65 Years,Over 52 Weeks,96675
30/01/2022,Age,Over 65 Years,Total,1890865
30/01/2022,Sex,Female,Unknown Clock Start,4575
30/01/2022,Sex,Female,01 To 18 Weeks,1930010
30/01/2022,Sex,Female,18 To 52 Weeks,1065965
30/01/2022,Sex,Female,Over 52 Weeks,171520
30/01/2022,Sex,Female,Total,3172075
30/01/2022,Sex,Male,Unknown Clock Start,3910
30/01/2022,Sex,Male,01 To 18 Weeks,1492405
30/01/2022,Sex,Male,18 To 52 Weeks,809160
30/01/2022,Sex,Male,Over 52 Weeks,138635
30/01/2022,Sex,Male,Total,2444110
06/02/2022,Age,0-18 Years,Unknown Clock Start,650
06/02/2022,Age,0-18 Years,01 To 18 Weeks,427130
06/02/2022,Age,0-18 Years,18 To 52 Weeks,205835
06/02/2022,Age,0-18 Years,Over 52 Weeks,27065
06/02/2022,Age,0-18 Years,Total,660680
06/02/2022,Age,19-64 Years,Unknown Clock Start,5605
06/02/2022,Age,19-64 Years,01 To 18 Weeks,1879185
06/02/2022,Age,19-64 Years,18 To 52 Weeks,1097295
06/02/2022,Age,19-64 Years,Over 52 Weeks,191760
06/02/2022,Age,19-64 Years,Total,3173845
06/02/2022,Age,Over 65 Years,Unknown Clock Start,3130
06/02/2022,Age,Over 65 Years,01 To 18 Weeks,1153475
06/02/2022,Age,Over 65 Years,18 To 52 Weeks,610380
06/02/2022,Age,Over 65 Years,Over 52 Weeks,93795
06/02/2022,Age,Over 65 Years,Total,1860775
06/02/2022,Sex,Female,Unknown Clock Start,5055
06/02/2022,Sex,Female,01 To 18 Weeks,1920700
06/02/2022,Sex,Female,18 To 52 Weeks,1065880
06/02/2022,Sex,Female,Over 52 Weeks,168985
06/02/2022,Sex,Female,Total,3160620
06/02/2022,Sex,Male,Unknown Clock Start,4315
06/02/2022,Sex,Male,01 To 18 Weeks,1486600
06/02/2022,Sex,Male,18 To 52 Weeks,806935
06/02/2022,Sex,Male,Over 52 Weeks,136155
06/02/2022,Sex,Male,Total,2434005
13/02/2022,Age,0-18 Years,Unknown Clock Start,610
13/02/2022,Age,0-18 Years,01 To 18 Weeks,433165
13/02/2022,Age,0-18 Years,18 To 52 Weeks,208960
13/02/2022,Age,0-18 Years,Over 52 Weeks,26890
13/02/2022,Age,0-18 Years,Total,669630
13/02/2022,Age,19-64 Years,Unknown Clock Start,5175
13/02/2022,Age,19-64 Years,01 To 18 Weeks,1880530
13/02/2022,Age,19-64 Years,18 To 52 Weeks,1095745
13/02/2022,Age,19-64 Years,Over 52 Weeks,188345
13/02/2022,Age,19-64 Years,Total,3169795
13/02/2022,Age,Over 65 Years,Unknown Clock Start,3090
13/02/2022,Age,Over 65 Years,01 To 18 Weeks,1156685
13/02/2022,Age,Over 65 Years,18 To 52 Weeks,610950
13/02/2022,Age,Over 65 Years,Over 52 Weeks,91000
13/02/2022,Age,Over 65 Years,Total,1861730
13/02/2022,Sex,Female,Unknown Clock Start,4830
13/02/2022,Sex,Female,01 To 18 Weeks,1918525
13/02/2022,Sex,Female,18 To 52 Weeks,1061735
13/02/2022,Sex,Female,Over 52 Weeks,164130
13/02/2022,Sex,Female,Total,3149220
13/02/2022,Sex,Male,Unknown Clock Start,4055
13/02/2022,Sex,Male,01 To 18 Weeks,1482485
13/02/2022,Sex,Male,18 To 52 Weeks,801850
13/02/2022,Sex,Male,Over 52 Weeks,131820
13/02/2022,Sex,Male,Total,2420205
20/02/2022,Age,0-18 Years,Unknown Clock Start,610
20/02/2022,Age,0-18 Years,01 To 18 Weeks,431180
20/02/2022,Age,0-18 Years,18 To 52 Weeks,209540
20/02/2022,Age,0-18 Years,Over 52 Weeks,26730
20/02/2022,Age,0-18 Years,Total,668060
20/02/2022,Age,19-64 Years,Unknown Clock Start,5340
20/02/2022,Age,19-64 Years,01 To 18 Weeks,1870765
20/02/2022,Age,19-64 Years,18 To 52 Weeks,1094455
20/02/2022,Age,19-64 Years,Over 52 Weeks,183315
20/02/2022,Age,19-64 Years,Total,3153875
20/02/2022,Age,Over 65 Years,Unknown Clock Start,3140
20/02/2022,Age,Over 65 Years,01 To 18 Weeks,1144985
20/02/2022,Age,Over 65 Years,18 To 52 Weeks,605465
20/02/2022,Age,Over 65 Years,Over 52 Weeks,87455
20/02/2022,Age,Over 65 Years,Total,1841045
20/02/2022,Sex,Female,Unknown Clock Start,4930
20/02/2022,Sex,Female,01 To 18 Weeks,1920970
20/02/2022,Sex,Female,18 To 52 Weeks,1072755
20/02/2022,Sex,Female,Over 52 Weeks,161365
20/02/2022,Sex,Female,Total,3160025
20/02/2022,Sex,Male,Unknown Clock Start,4160
20/02/2022,Sex,Male,01 To 18 Weeks,1486545
20/02/2022,Sex,Male,18 To 52 Weeks,811385
20/02/2022,Sex,Male,Over 52 Weeks,130175
20/02/2022,Sex,Male,Total,2432260
27/02/2022,Age,0-18 Years,Unknown Clock Start,355
27/02/2022,Age,0-18 Years,01 To 18 Weeks,439285
27/02/2022,Age,0-18 Years,18 To 52 Weeks,215140
27/02/2022,Age,0-18 Years,Over 52 Weeks,27040
27/02/2022,Age,0-18 Years,Total,681820
27/02/2022,Age,19-64 Years,Unknown Clock Start,4225
27/02/2022,Age,19-64 Years,01 To 18 Weeks,1890070
27/02/2022,Age,19-64 Years,18 To 52 Weeks,1096655
27/02/2022,Age,19-64 Years,Over 52 Weeks,179580
27/02/2022,Age,19-64 Years,Total,3170530
27/02/2022,Age,Over 65 Years,Unknown Clock Start,2455
27/02/2022,Age,Over 65 Years,01 To 18 Weeks,1158895
27/02/2022,Age,Over 65 Years,18 To 52 Weeks,612705
27/02/2022,Age,Over 65 Years,Over 52 Weeks,85985
27/02/2022,Age,Over 65 Years,Total,1860045
27/02/2022,Sex,Female,Unknown Clock Start,3775
27/02/2022,Sex,Female,01 To 18 Weeks,1955805
27/02/2022,Sex,Female,18 To 52 Weeks,1088660
27/02/2022,Sex,Female,Over 52 Weeks,160300
27/02/2022,Sex,Female,Total,3208545
27/02/2022,Sex,Male,Unknown Clock Start,3235
27/02/2022,Sex,Male,01 To 18 Weeks,1514285
27/02/2022,Sex,Male,18 To 52 Weeks,823960
27/02/2022,Sex,Male,Over 52 Weeks,128965
27/02/2022,Sex,Male,Total,2470445
06/03/2022,Age,0-18 Years,Unknown Clock Start,2095
06/03/2022,Age,0-18 Years,01 To 18 Weeks,437090
06/03/2022,Age,0-18 Years,18 To 52 Weeks,212660
06/03/2022,Age,0-18 Years,Over 52 Weeks,26235
06/03/2022,Age,0-18 Years,Total,678080
06/03/2022,Age,19-64 Years,Unknown Clock Start,4170
06/03/2022,Age,19-64 Years,01 To 18 Weeks,1906250
06/03/2022,Age,19-64 Years,18 To 52 Weeks,1103150
06/03/2022,Age,19-64 Years,Over 52 Weeks,184450
06/03/2022,Age,19-64 Years,Total,3198020
06/03/2022,Age,Over 65 Years,Unknown Clock Start,2395
06/03/2022,Age,Over 65 Years,01 To 18 Weeks,1173310
06/03/2022,Age,Over 65 Years,18 To 52 Weeks,618375
06/03/2022,Age,Over 65 Years,Over 52 Weeks,87445
06/03/2022,Age,Over 65 Years,Total,1881525
06/03/2022,Sex,Female,Unknown Clock Start,4485
06/03/2022,Sex,Female,01 To 18 Weeks,1940575
06/03/2022,Sex,Female,18 To 52 Weeks,1070410
06/03/2022,Sex,Female,Over 52 Weeks,159265
06/03/2022,Sex,Female,Total,3174730
06/03/2022,Sex,Male,Unknown Clock Start,4140
06/03/2022,Sex,Male,01 To 18 Weeks,1504265
06/03/2022,Sex,Male,18 To 52 Weeks,810400
06/03/2022,Sex,Male,Over 52 Weeks,128340
06/03/2022,Sex,Male,Total,2447145
13/03/2022,Age,0-18 Years,Unknown Clock Start,280
13/03/2022,Age,0-18 Years,01 To 18 Weeks,439240
13/03/2022,Age,0-18 Years,18 To 52 Weeks,214745
13/03/2022,Age,0-18 Years,Over 52 Weeks,26290
13/03/2022,Age,0-18 Years,Total,680560
13/03/2022,Age,19-64 Years,Unknown Clock Start,3770
13/03/2022,Age,19-64 Years,01 To 18 Weeks,1886375
13/03/2022,Age,19-64 Years,18 To 52 Weeks,1084945
13/03/2022,Age,19-64 Years,Over 52 Weeks,178650
13/03/2022,Age,19-64 Years,Total,3153740
13/03/2022,Age,Over 65 Years,Unknown Clock Start,2225
13/03/2022,Age,Over 65 Years,01 To 18 Weeks,1159710
13/03/2022,Age,Over 65 Years,18 To 52 Weeks,608015
13/03/2022,Age,Over 65 Years,Over 52 Weeks,85125
13/03/2022,Age,Over 65 Years,Total,1855070
13/03/2022,Sex,Female,Unknown Clock Start,3395
13/03/2022,Sex,Female,01 To 18 Weeks,1925505
13/03/2022,Sex,Female,18 To 52 Weeks,1055735
13/03/2022,Sex,Female,Over 52 Weeks,155255
13/03/2022,Sex,Female,Total,3139890
13/03/2022,Sex,Male,Unknown Clock Start,2960
13/03/2022,Sex,Male,01 To 18 Weeks,1493315
13/03/2022,Sex,Male,18 To 52 Weeks,799840
13/03/2022,Sex,Male,Over 52 Weeks,124020
13/03/2022,Sex,Male,Total,2420135
20/03/2022,Age,0-18 Years,Unknown Clock Start,320
20/03/2022,Age,0-18 Years,01 To 18 Weeks,436650
20/03/2022,Age,0-18 Years,18 To 52 Weeks,213980
20/03/2022,Age,0-18 Years,Over 52 Weeks,25175
20/03/2022,Age,0-18 Years,Total,676125
20/03/2022,Age,19-64 Years,Unknown Clock Start,3780
20/03/2022,Age,19-64 Years,01 To 18 Weeks,1873140
20/03/2022,Age,19-64 Years,18 To 52 Weeks,1072535
20/03/2022,Age,19-64 Years,Over 52 Weeks,170635
20/03/2022,Age,19-64 Years,Total,3120095
20/03/2022,Age,Over 65 Years,Unknown Clock Start,2385
20/03/2022,Age,Over 65 Years,01 To 18 Weeks,1160800
20/03/2022,Age,Over 65 Years,18 To 52 Weeks,603300
20/03/2022,Age,Over 65 Years,Over 52 Weeks,81415
20/03/2022,Age,Over 65 Years,Total,1847900
20/03/2022,Sex,Female,Unknown Clock Start,3455
20/03/2022,Sex,Female,01 To 18 Weeks,1914645
20/03/2022,Sex,Female,18 To 52 Weeks,1045065
20/03/2022,Sex,Female,Over 52 Weeks,147860
20/03/2022,Sex,Female,Total,3111025
20/03/2022,Sex,Male,Unknown Clock Start,3045
20/03/2022,Sex,Male,01 To 18 Weeks,1485710
20/03/2022,Sex,Male,18 To 52 Weeks,791775
20/03/2022,Sex,Male,Over 52 Weeks,118640
20/03/2022,Sex,Male,Total,2399170
27/03/2022,Age,0-18 Years,Unknown Clock Start,335
27/03/2022,Age,0-18 Years,01 To 18 Weeks,447230
27/03/2022,Age,0-18 Years,18 To 52 Weeks,223670
27/03/2022,Age,0-18 Years,Over 52 Weeks,26870
27/03/2022,Age,0-18 Years,Total,698100
27/03/2022,Age,19-64 Years,Unknown Clock Start,3680
27/03/2022,Age,19-64 Years,01 To 18 Weeks,1926710
27/03/2022,Age,19-64 Years,18 To 52 Weeks,1130445
27/03/2022,Age,19-64 Years,Over 52 Weeks,185135
27/03/2022,Age,19-64 Years,Total,3245970
27/03/2022,Age,Over 65 Years,Unknown Clock Start,2310
27/03/2022,Age,Over 65 Years,01 To 18 Weeks,1200975
27/03/2022,Age,Over 65 Years,18 To 52 Weeks,638010
27/03/2022,Age,Over 65 Years,Over 52 Weeks,88145
27/03/2022,Age,Over 65 Years,Total,1929440
27/03/2022,Sex,Female,Unknown Clock Start,3360
27/03/2022,Sex,Female,01 To 18 Weeks,1972050
27/03/2022,Sex,Female,18 To 52 Weeks,1102520
27/03/2022,Sex,Female,Over 52 Weeks,161030
27/03/2022,Sex,Female,Total,3238960
27/03/2022,Sex,Male,Unknown Clock Start,2925
27/03/2022,Sex,Male,01 To 18 Weeks,1530495
27/03/2022,Sex,Male,18 To 52 Weeks,836720
27/03/2022,Sex,Male,Over 52 Weeks,128305
27/03/2022,Sex,Male,Total,2498450
03/04/2022,Age,0-18 Years,Unknown Clock Start,280
03/04/2022,Age,0-18 Years,01 To 18 Weeks,446145
03/04/2022,Age,0-18 Years,18 To 52 Weeks,227180
03/04/2022,Age,0-18 Years,Over 52 Weeks,26855
03/04/2022,Age,0-18 Years,Total,700455
03/04/2022,Age,19-64 Years,Unknown Clock Start,3695
03/04/2022,Age,19-64 Years,01 To 18 Weeks,1941130
03/04/2022,Age,19-64 Years,18 To 52 Weeks,1148265
03/04/2022,Age,19-64 Years,Over 52 Weeks,186235
03/04/2022,Age,19-64 Years,Total,3279325
03/04/2022,Age,Over 65 Years,Unknown Clock Start,3015
03/04/2022,Age,Over 65 Years,01 To 18 Weeks,1208810
03/04/2022,Age,Over 65 Years,18 To 52 Weeks,643820
03/04/2022,Age,Over 65 Years,Over 52 Weeks,87890
03/04/2022,Age,Over 65 Years,Total,1943535
03/04/2022,Sex,Female,Unknown Clock Start,3735
03/04/2022,Sex,Female,01 To 18 Weeks,1983515
03/04/2022,Sex,Female,18 To 52 Weeks,1118395
03/04/2022,Sex,Female,Over 52 Weeks,161995
03/04/2022,Sex,Female,Total,3267645
03/04/2022,Sex,Male,Unknown Clock Start,3220
03/04/2022,Sex,Male,01 To 18 Weeks,1539415
03/04/2022,Sex,Male,18 To 52 Weeks,848590
03/04/2022,Sex,Male,Over 52 Weeks,128465
03/04/2022,Sex,Male,Total,2519690
10/04/2022,Age,0-18 Years,Unknown Clock Start,370
10/04/2022,Age,0-18 Years,01 To 18 Weeks,452485
10/04/2022,Age,0-18 Years,18 To 52 Weeks,231080
10/04/2022,Age,0-18 Years,Over 52 Weeks,26860
10/04/2022,Age,0-18 Years,Total,710795
10/04/2022,Age,19-64 Years,Unknown Clock Start,4035
10/04/2022,Age,19-64 Years,01 To 18 Weeks,1959600
10/04/2022,Age,19-64 Years,18 To 52 Weeks,1161120
10/04/2022,Age,19-64 Years,Over 52 Weeks,183965
10/04/2022,Age,19-64 Years,Total,3308720
10/04/2022,Age,Over 65 Years,Unknown Clock Start,3450
10/04/2022,Age,Over 65 Years,01 To 18 Weeks,1204265
10/04/2022,Age,Over 65 Years,18 To 52 Weeks,647190
10/04/2022,Age,Over 65 Years,Over 52 Weeks,86380
10/04/2022,Age,Over 65 Years,Total,1941285
10/04/2022,Sex,Female,Unknown Clock Start,4310
10/04/2022,Sex,Female,01 To 18 Weeks,1988030
10/04/2022,Sex,Female,18 To 52 Weeks,1127520
10/04/2022,Sex,Female,Over 52 Weeks,159670
10/04/2022,Sex,Female,Total,3279530
10/04/2022,Sex,Male,Unknown Clock Start,3585
10/04/2022,Sex,Male,01 To 18 Weeks,1544655
10/04/2022,Sex,Male,18 To 52 Weeks,855405
10/04/2022,Sex,Male,Over 52 Weeks,126620
10/04/2022,Sex,Male,Total,2530265
17/04/2022,Age,0-18 Years,Unknown Clock Start,185
17/04/2022,Age,0-18 Years,01 To 18 Weeks,449385
17/04/2022,Age,0-18 Years,18 To 52 Weeks,236580
17/04/2022,Age,0-18 Years,Over 52 Weeks,27835
17/04/2022,Age,0-18 Years,Total,713980
17/04/2022,Age,19-64 Years,Unknown Clock Start,3520
17/04/2022,Age,19-64 Years,01 To 18 Weeks,1952470
17/04/2022,Age,19-64 Years,18 To 52 Weeks,1185355
17/04/2022,Age,19-64 Years,Over 52 Weeks,190870
17/04/2022,Age,19-64 Years,Total,3332215
17/04/2022,Age,Over 65 Years,Unknown Clock Start,2865
17/04/2022,Age,Over 65 Years,01 To 18 Weeks,1223420
17/04/2022,Age,Over 65 Years,18 To 52 Weeks,664660
17/04/2022,Age,Over 65 Years,Over 52 Weeks,90070
17/04/2022,Age,Over 65 Years,Total,1981020
17/04/2022,Sex,Female,Unknown Clock Start,3475
17/04/2022,Sex,Female,01 To 18 Weeks,2000110
17/04/2022,Sex,Female,18 To 52 Weeks,1156655
17/04/2022,Sex,Female,Over 52 Weeks,167175
17/04/2022,Sex,Female,Total,3327415
17/04/2022,Sex,Male,Unknown Clock Start,3125
17/04/2022,Sex,Male,01 To 18 Weeks,1552220
17/04/2022,Sex,Male,18 To 52 Weeks,877315
17/04/2022,Sex,Male,Over 52 Weeks,131525
17/04/2022,Sex,Male,Total,2564185
24/04/2022,Age,0-18 Years,Unknown Clock Start,300
24/04/2022,Age,0-18 Years,01 To 18 Weeks,452955
24/04/2022,Age,0-18 Years,18 To 52 Weeks,243130
24/04/2022,Age,0-18 Years,Over 52 Weeks,28935
24/04/2022,Age,0-18 Years,Total,725325
24/04/2022,Age,19-64 Years,Unknown Clock Start,3700
24/04/2022,Age,19-64 Years,01 To 18 Weeks,1960930
24/04/2022,Age,19-64 Years,18 To 52 Weeks,1202710
24/04/2022,Age,19-64 Years,Over 52 Weeks,195990
24/04/2022,Age,19-64 Years,Total,3363325
24/04/2022,Age,Over 65 Years,Unknown Clock Start,2715
24/04/2022,Age,Over 65 Years,01 To 18 Weeks,1230305
24/04/2022,Age,Over 65 Years,18 To 52 Weeks,673470
24/04/2022,Age,Over 65 Years,Over 52 Weeks,92525
24/04/2022,Age,Over 65 Years,Total,1999020
24/04/2022,Sex,Female,Unknown Clock Start,3475
24/04/2022,Sex,Female,01 To 18 Weeks,2009640
24/04/2022,Sex,Female,18 To 52 Weeks,1174080
24/04/2022,Sex,Female,Over 52 Weeks,172445
24/04/2022,Sex,Female,Total,3359640
24/04/2022,Sex,Male,Unknown Clock Start,3170
24/04/2022,Sex,Male,01 To 18 Weeks,1559720
24/04/2022,Sex,Male,18 To 52 Weeks,891555
24/04/2022,Sex,Male,Over 52 Weeks,134975
24/04/2022,Sex,Male,Total,2589420
01/05/2022,Age,0-18 Years,Unknown Clock Start,255
01/05/2022,Age,0-18 Years,01 To 18 Weeks,457905
01/05/2022,Age,0-18 Years,18 To 52 Weeks,242640
01/05/2022,Age,0-18 Years,Over 52 Weeks,29455
01/05/2022,Age,0-18 Years,Total,730260
01/05/2022,Age,19-64 Years,Unknown Clock Start,3560
01/05/2022,Age,19-64 Years,01 To 18 Weeks,1984995
01/05/2022,Age,19-64 Years,18 To 52 Weeks,1199505
01/05/2022,Age,19-64 Years,Over 52 Weeks,199830
01/05/2022,Age,19-64 Years,Total,3387890
01/05/2022,Age,Over 65 Years,Unknown Clock Start,2825
01/05/2022,Age,Over 65 Years,01 To 18 Weeks,1248815
01/05/2022,Age,Over 65 Years,18 To 52 Weeks,673395
01/05/2022,Age,Over 65 Years,Over 52 Weeks,94585
01/05/2022,Age,Over 65 Years,Total,2019610
01/05/2022,Sex,Female,Unknown Clock Start,3495
01/05/2022,Sex,Female,01 To 18 Weeks,2036720
01/05/2022,Sex,Female,18 To 52 Weeks,1172350
01/05/2022,Sex,Female,Over 52 Weeks,176320
01/05/2022,Sex,Female,Total,3388885
01/05/2022,Sex,Male,Unknown Clock Start,3170
01/05/2022,Sex,Male,01 To 18 Weeks,1580365
01/05/2022,Sex,Male,18 To 52 Weeks,890125
01/05/2022,Sex,Male,Over 52 Weeks,137310
01/05/2022,Sex,Male,Total,2610970
08/05/2022,Age,0-18 Years,Unknown Clock Start,310
08/05/2022,Age,0-18 Years,01 To 18 Weeks,456730
08/05/2022,Age,0-18 Years,18 To 52 Weeks,230145
08/05/2022,Age,0-18 Years,Over 52 Weeks,29015
08/05/2022,Age,0-18 Years,Total,716200
08/05/2022,Age,19-64 Years,Unknown Clock Start,4295
08/05/2022,Age,19-64 Years,01 To 18 Weeks,1975715
08/05/2022,Age,19-64 Years,18 To 52 Weeks,1136075
08/05/2022,Age,19-64 Years,Over 52 Weeks,195275
08/05/2022,Age,19-64 Years,Total,3311360
08/05/2022,Age,Over 65 Years,Unknown Clock Start,3700
08/05/2022,Age,Over 65 Years,01 To 18 Weeks,1234570
08/05/2022,Age,Over 65 Years,18 To 52 Weeks,631310
08/05/2022,Age,Over 65 Years,Over 52 Weeks,92165
08/05/2022,Age,Over 65 Years,Total,1961745
08/05/2022,Sex,Female,Unknown Clock Start,4485
08/05/2022,Sex,Female,01 To 18 Weeks,2023385
08/05/2022,Sex,Female,18 To 52 Weeks,1106475
08/05/2022,Sex,Female,Over 52 Weeks,172425
08/05/2022,Sex,Female,Total,3306770
08/05/2022,Sex,Male,Unknown Clock Start,3850
08/05/2022,Sex,Male,01 To 18 Weeks,1567835
08/05/2022,Sex,Male,18 To 52 Weeks,839780
08/05/2022,Sex,Male,Over 52 Weeks,133650
08/05/2022,Sex,Male,Total,2545115
15/05/2022,Age,0-18 Years,Unknown Clock Start,295
15/05/2022,Age,0-18 Years,01 To 18 Weeks,464565
15/05/2022,Age,0-18 Years,18 To 52 Weeks,228140
15/05/2022,Age,0-18 Years,Over 52 Weeks,29885
15/05/2022,Age,0-18 Years,Total,722885
15/05/2022,Age,19-64 Years,Unknown Clock Start,1680
15/05/2022,Age,19-64 Years,01 To 18 Weeks,2018355
15/05/2022,Age,19-64 Years,18 To 52 Weeks,1138740
15/05/2022,Age,19-64 Years,Over 52 Weeks,203270
15/05/2022,Age,19-64 Years,Total,3362050
15/05/2022,Age,Over 65 Years,Unknown Clock Start,2220
15/05/2022,Age,Over 65 Years,01 To 18 Weeks,1269835
15/05/2022,Age,Over 65 Years,18 To 52 Weeks,635535
15/05/2022,Age,Over 65 Years,Over 52 Weeks,96860
15/05/2022,Age,Over 65 Years,Total,2004445
15/05/2022,Sex,Female,Unknown Clock Start,2230
15/05/2022,Sex,Female,01 To 18 Weeks,2073775
15/05/2022,Sex,Female,18 To 52 Weeks,1108700
15/05/2022,Sex,Female,Over 52 Weeks,180435
15/05/2022,Sex,Female,Total,3365145
15/05/2022,Sex,Male,Unknown Clock Start,1995
15/05/2022,Sex,Male,01 To 18 Weeks,1603075
15/05/2022,Sex,Male,18 To 52 Weeks,842570
15/05/2022,Sex,Male,Over 52 Weeks,139165
15/05/2022,Sex,Male,Total,2586805
22/05/2022,Age,0-18 Years,Unknown Clock Start,335
22/05/2022,Age,0-18 Years,01 To 18 Weeks,467265
22/05/2022,Age,0-18 Years,18 To 52 Weeks,226240
22/05/2022,Age,0-18 Years,Over 52 Weeks,29440
22/05/2022,Age,0-18 Years,Total,723275
22/05/2022,Age,19-64 Years,Unknown Clock Start,2600
22/05/2022,Age,19-64 Years,01 To 18 Weeks,1998620
22/05/2022,Age,19-64 Years,18 To 52 Weeks,1108185
22/05/2022,Age,19-64 Years,Over 52 Weeks,198870
22/05/2022,Age,19-64 Years,Total,3308275
22/05/2022,Age,Over 65 Years,Unknown Clock Start,2035
22/05/2022,Age,Over 65 Years,01 To 18 Weeks,1261905
22/05/2022,Age,Over 65 Years,18 To 52 Weeks,620395
22/05/2022,Age,Over 65 Years,Over 52 Weeks,95895
22/05/2022,Age,Over 65 Years,Total,1980230
22/05/2022,Sex,Female,Unknown Clock Start,2530
22/05/2022,Sex,Female,01 To 18 Weeks,2059200
22/05/2022,Sex,Female,18 To 52 Weeks,1079695
22/05/2022,Sex,Female,Over 52 Weeks,177385
22/05/2022,Sex,Female,Total,3318810
22/05/2022,Sex,Male,Unknown Clock Start,2445
22/05/2022,Sex,Male,01 To 18 Weeks,1590965
22/05/2022,Sex,Male,18 To 52 Weeks,823820
22/05/2022,Sex,Male,Over 52 Weeks,137100
22/05/2022,Sex,Male,Total,2554330
29/05/2022,Age,0-18 Years,Unknown Clock Start,320
29/05/2022,Age,0-18 Years,01 To 18 Weeks,474110
29/05/2022,Age,0-18 Years,18 To 52 Weeks,229250
29/05/2022,Age,0-18 Years,Over 52 Weeks,30045
29/05/2022,Age,0-18 Years,Total,733725
29/05/2022,Age,19-64 Years,Unknown Clock Start,2170
29/05/2022,Age,19-64 Years,01 To 18 Weeks,2023420
29/05/2022,Age,19-64 Years,18 To 52 Weeks,1119885
29/05/2022,Age,19-64 Years,Over 52 Weeks,201500
29/05/2022,Age,19-64 Years,Total,3346975
29/05/2022,Age,Over 65 Years,Unknown Clock Start,2400
29/05/2022,Age,Over 65 Years,01 To 18 Weeks,1285615
29/05/2022,Age,Over 65 Years,18 To 52 Weeks,625260
29/05/2022,Age,Over 65 Years,Over 52 Weeks,97455
29/05/2022,Age,Over 65 Years,Total,2010725
29/05/2022,Sex,Female,Unknown Clock Start,2630
29/05/2022,Sex,Female,01 To 18 Weeks,2090595
29/05/2022,Sex,Female,18 To 52 Weeks,1090820
29/05/2022,Sex,Female,Over 52 Weeks,180310
29/05/2022,Sex,Female,Total,3364355
29/05/2022,Sex,Male,Unknown Clock Start,2260
29/05/2022,Sex,Male,01 To 18 Weeks,1612180
29/05/2022,Sex,Male,18 To 52 Weeks,831905
29/05/2022,Sex,Male,Over 52 Weeks,138675
29/05/2022,Sex,Male,Total,2585020
05/06/2022,Age,0-18 Years,Unknown Clock Start,455
05/06/2022,Age,0-18 Years,01 To 18 Weeks,463980
05/06/2022,Age,0-18 Years,18 To 52 Weeks,234680
05/06/2022,Age,0-18 Years,Over 52 Weeks,30160
05/06/2022,Age,0-18 Years,Total,729275
05/06/2022,Age,19-64 Years,Unknown Clock Start,1910
05/06/2022,Age,19-64 Years,01 To 18 Weeks,2012925
05/06/2022,Age,19-64 Years,18 To 52 Weeks,1156680
05/06/2022,Age,19-64 Years,Over 52 Weeks,200905
05/06/2022,Age,19-64 Years,Total,3372425
05/06/2022,Age,Over 65 Years,Unknown Clock Start,2255
05/06/2022,Age,Over 65 Years,01 To 18 Weeks,1278575
05/06/2022,Age,Over 65 Years,18 To 52 Weeks,642310
05/06/2022,Age,Over 65 Years,Over 52 Weeks,96030
05/06/2022,Age,Over 65 Years,Total,2019165
05/06/2022,Sex,Female,Unknown Clock Start,2470
05/06/2022,Sex,Female,01 To 18 Weeks,2075740
05/06/2022,Sex,Female,18 To 52 Weeks,1124210
05/06/2022,Sex,Female,Over 52 Weeks,178945
05/06/2022,Sex,Female,Total,3381365
05/06/2022,Sex,Male,Unknown Clock Start,2170
05/06/2022,Sex,Male,01 To 18 Weeks,1601770
05/06/2022,Sex,Male,18 To 52 Weeks,857120
05/06/2022,Sex,Male,Over 52 Weeks,138085
05/06/2022,Sex,Male,Total,2599145
12/06/2022,Age,0-18 Years,Unknown Clock Start,165
12/06/2022,Age,0-18 Years,01 To 18 Weeks,460485
12/06/2022,Age,0-18 Years,18 To 52 Weeks,237105
12/06/2022,Age,0-18 Years,Over 52 Weeks,30710
12/06/2022,Age,0-18 Years,Total,728470
12/06/2022,Age,19-64 Years,Unknown Clock Start,2275
12/06/2022,Age,19-64 Years,01 To 18 Weeks,1962865
12/06/2022,Age,19-64 Years,18 To 52 Weeks,1136170
12/06/2022,Age,19-64 Years,Over 52 Weeks,198695
12/06/2022,Age,19-64 Years,Total,3300010
12/06/2022,Age,Over 65 Years,Unknown Clock Start,2185
12/06/2022,Age,Over 65 Years,01 To 18 Weeks,1260455
12/06/2022,Age,Over 65 Years,18 To 52 Weeks,631720
12/06/2022,Age,Over 65 Years,Over 52 Weeks,95250
12/06/2022,Age,Over 65 Years,Total,1989615
12/06/2022,Sex,Female,Unknown Clock Start,2585
12/06/2022,Sex,Female,01 To 18 Weeks,2034180
12/06/2022,Sex,Female,18 To 52 Weeks,1106915
12/06/2022,Sex,Female,Over 52 Weeks,178015
12/06/2022,Sex,Female,Total,3321695
12/06/2022,Sex,Male,Unknown Clock Start,2125
12/06/2022,Sex,Male,01 To 18 Weeks,1571925
12/06/2022,Sex,Male,18 To 52 Weeks,845175
12/06/2022,Sex,Male,Over 52 Weeks,136725
12/06/2022,Sex,Male,Total,2555950
19/06/2022,Age,0-18 Years,Unknown Clock Start,195
19/06/2022,Age,0-18 Years,01 To 18 Weeks,461160
19/06/2022,Age,0-18 Years,18 To 52 Weeks,241745
19/06/2022,Age,0-18 Years,Over 52 Weeks,32370
19/06/2022,Age,0-18 Years,Total,735475
19/06/2022,Age,19-64 Years,Unknown Clock Start,2345
19/06/2022,Age,19-64 Years,01 To 18 Weeks,1937145
19/06/2022,Age,19-64 Years,18 To 52 Weeks,1142315
19/06/2022,Age,19-64 Years,Over 52 Weeks,204895
19/06/2022,Age,19-64 Years,Total,3286700
19/06/2022,Age,Over 65 Years,Unknown Clock Start,2290
19/06/2022,Age,Over 65 Years,01 To 18 Weeks,1260745
19/06/2022,Age,Over 65 Years,18 To 52 Weeks,638125
19/06/2022,Age,Over 65 Years,Over 52 Weeks,98870
19/06/2022,Age,Over 65 Years,Total,2000030
19/06/2022,Sex,Female,Unknown Clock Start,2740
19/06/2022,Sex,Female,01 To 18 Weeks,2017350
19/06/2022,Sex,Female,18 To 52 Weeks,1117115
19/06/2022,Sex,Female,Over 52 Weeks,185730
19/06/2022,Sex,Female,Total,3322930
19/06/2022,Sex,Male,Unknown Clock Start,2095
19/06/2022,Sex,Male,01 To 18 Weeks,1561140
19/06/2022,Sex,Male,18 To 52 Weeks,851020
19/06/2022,Sex,Male,Over 52 Weeks,140875
19/06/2022,Sex,Male,Total,2555125
26/06/2022,Age,0-18 Years,Unknown Clock Start,180
26/06/2022,Age,0-18 Years,01 To 18 Weeks,468285
26/06/2022,Age,0-18 Years,18 To 52 Weeks,247625
26/06/2022,Age,0-18 Years,Over 52 Weeks,33120
26/06/2022,Age,0-18 Years,Total,749210
26/06/2022,Age,19-64 Years,Unknown Clock Start,1805
26/06/2022,Age,19-64 Years,01 To 18 Weeks,2032770
26/06/2022,Age,19-64 Years,18 To 52 Weeks,1201180
26/06/2022,Age,19-64 Years,Over 52 Weeks,216105
26/06/2022,Age,19-64 Years,Total,3451860
26/06/2022,Age,Over 65 Years,Unknown Clock Start,1200
26/06/2022,Age,Over 65 Years,01 To 18 Weeks,1304255
26/06/2022,Age,Over 65 Years,18 To 52 Weeks,664165
26/06/2022,Age,Over 65 Years,Over 52 Weeks,104405
26/06/2022,Age,Over 65 Years,Total,2074025
26/06/2022,Sex,Female,Unknown Clock Start,1730
26/06/2022,Sex,Female,01 To 18 Weeks,2108420
26/06/2022,Sex,Female,18 To 52 Weeks,1170920
26/06/2022,Sex,Female,Over 52 Weeks,195745
26/06/2022,Sex,Female,Total,3476820
26/06/2022,Sex,Male,Unknown Clock Start,1425
26/06/2022,Sex,Male,01 To 18 Weeks,1630750
26/06/2022,Sex,Male,18 To 52 Weeks,892915
26/06/2022,Sex,Male,Over 52 Weeks,148440
26/06/2022,Sex,Male,Total,2673530
03/07/2022,Age,0-18 Years,Unknown Clock Start,125
03/07/2022,Age,0-18 Years,01 To 18 Weeks,462025
03/07/2022,Age,0-18 Years,18 To 52 Weeks,248330
03/07/2022,Age,0-18 Years,Over 52 Weeks,33770
03/07/2022,Age,0-18 Years,Total,744250
03/07/2022,Age,19-64 Years,Unknown Clock Start,1965
03/07/2022,Age,19-64 Years,01 To 18 Weeks,2077025
03/07/2022,Age,19-64 Years,18 To 52 Weeks,1234770
03/07/2022,Age,19-64 Years,Over 52 Weeks,222370
03/07/2022,Age,19-64 Years,Total,3536125
03/07/2022,Age,Over 65 Years,Unknown Clock Start,2390
03/07/2022,Age,Over 65 Years,01 To 18 Weeks,1333215
03/07/2022,Age,Over 65 Years,18 To 52 Weeks,678545
03/07/2022,Age,Over 65 Years,Over 52 Weeks,107700
03/07/2022,Age,Over 65 Years,Total,2121850
03/07/2022,Sex,Female,Unknown Clock Start,2485
03/07/2022,Sex,Female,01 To 18 Weeks,2145725
03/07/2022,Sex,Female,18 To 52 Weeks,1197370
03/07/2022,Sex,Female,Over 52 Weeks,201605
03/07/2022,Sex,Female,Total,3547185
03/07/2022,Sex,Male,Unknown Clock Start,1990
03/07/2022,Sex,Male,01 To 18 Weeks,1661265
03/07/2022,Sex,Male,18 To 52 Weeks,915585
03/07/2022,Sex,Male,Over 52 Weeks,152685
03/07/2022,Sex,Male,Total,2731530
10/07/2022,Age,0-18 Years,Unknown Clock Start,205
10/07/2022,Age,0-18 Years,01 To 18 Weeks,468560
10/07/2022,Age,0-18 Years,18 To 52 Weeks,252210
10/07/2022,Age,0-18 Years,Over 52 Weeks,34460
10/07/2022,Age,0-18 Years,Total,755440
10/07/2022,Age,19-64 Years,Unknown Clock Start,2350
10/07/2022,Age,19-64 Years,01 To 18 Weeks,2022470
10/07/2022,Age,19-64 Years,18 To 52 Weeks,1218820
10/07/2022,Age,19-64 Years,Over 52 Weeks,223195
10/07/2022,Age,19-64 Years,Total,3466835
10/07/2022,Age,Over 65 Years,Unknown Clock Start,2555
10/07/2022,Age,Over 65 Years,01 To 18 Weeks,1284515
10/07/2022,Age,Over 65 Years,18 To 52 Weeks,666255
10/07/2022,Age,Over 65 Years,Over 52 Weeks,107470
10/07/2022,Age,Over 65 Years,Total,2060790
10/07/2022,Sex,Female,Unknown Clock Start,2800
10/07/2022,Sex,Female,01 To 18 Weeks,2081630
10/07/2022,Sex,Female,18 To 52 Weeks,1181740
10/07/2022,Sex,Female,Over 52 Weeks,202825
10/07/2022,Sex,Female,Total,3468995
10/07/2022,Sex,Male,Unknown Clock Start,2295
10/07/2022,Sex,Male,01 To 18 Weeks,1617640
10/07/2022,Sex,Male,18 To 52 Weeks,901610
10/07/2022,Sex,Male,Over 52 Weeks,152600
10/07/2022,Sex,Male,Total,2674145
17/07/2022,Age,0-18 Years,Unknown Clock Start,155
17/07/2022,Age,0-18 Years,01 To 18 Weeks,461205
17/07/2022,Age,0-18 Years,18 To 52 Weeks,254700
17/07/2022,Age,0-18 Years,Over 52 Weeks,34905
17/07/2022,Age,0-18 Years,Total,750960
17/07/2022,Age,19-64 Years,Unknown Clock Start,2085
17/07/2022,Age,19-64 Years,01 To 18 Weeks,2003170
17/07/2022,Age,19-64 Years,18 To 52 Weeks,1224240
17/07/2022,Age,19-64 Years,Over 52 Weeks,226570
17/07/2022,Age,19-64 Years,Total,3456070
17/07/2022,Age,Over 65 Years,Unknown Clock Start,2485
17/07/2022,Age,Over 65 Years,01 To 18 Weeks,1315300
17/07/2022,Age,Over 65 Years,18 To 52 Weeks,677415
17/07/2022,Age,Over 65 Years,Over 52 Weeks,109930
17/07/2022,Age,Over 65 Years,Total,2105125
17/07/2022,Sex,Female,Unknown Clock Start,2610
17/07/2022,Sex,Female,01 To 18 Weeks,2090205
17/07/2022,Sex,Female,18 To 52 Weeks,1196160
17/07/2022,Sex,Female,Over 52 Weeks,206385
17/07/2022,Sex,Female,Total,3495365
17/07/2022,Sex,Male,Unknown Clock Start,2105
17/07/2022,Sex,Male,01 To 18 Weeks,1624400
17/07/2022,Sex,Male,18 To 52 Weeks,911755
17/07/2022,Sex,Male,Over 52 Weeks,155300
17/07/2022,Sex,Male,Total,2693560
24/07/2022,Age,0-18 Years,Unknown Clock Start,125
24/07/2022,Age,0-18 Years,01 To 18 Weeks,449420
24/07/2022,Age,0-18 Years,18 To 52 Weeks,253310
24/07/2022,Age,0-18 Years,Over 52 Weeks,34395
24/07/2022,Age,0-18 Years,Total,737245
24/07/2022,Age,19-64 Years,Unknown Clock Start,1080
24/07/2022,Age,19-64 Years,01 To 18 Weeks,1923815
24/07/2022,Age,19-64 Years,18 To 52 Weeks,1180875
24/07/2022,Age,19-64 Years,Over 52 Weeks,217690
24/07/2022,Age,19-64 Years,Total,3323455
24/07/2022,Age,Over 65 Years,Unknown Clock Start,1570
24/07/2022,Age,Over 65 Years,01 To 18 Weeks,1266215
24/07/2022,Age,Over 65 Years,18 To 52 Weeks,652045
24/07/2022,Age,Over 65 Years,Over 52 Weeks,105845
24/07/2022,Age,Over 65 Years,Total,2025675
24/07/2022,Sex,Female,Unknown Clock Start,1470
24/07/2022,Sex,Female,01 To 18 Weeks,2029305
24/07/2022,Sex,Female,18 To 52 Weeks,1173895
24/07/2022,Sex,Female,Over 52 Weeks,203890
24/07/2022,Sex,Female,Total,3408560
24/07/2022,Sex,Male,Unknown Clock Start,1300
24/07/2022,Sex,Male,01 To 18 Weeks,1581100
24/07/2022,Sex,Male,18 To 52 Weeks,895270
24/07/2022,Sex,Male,Over 52 Weeks,152710
24/07/2022,Sex,Male,Total,2630380
31/07/2022,Age,0-18 Years,Unknown Clock Start,220
31/07/2022,Age,0-18 Years,01 To 18 Weeks,456045
31/07/2022,Age,0-18 Years,18 To 52 Weeks,263525
31/07/2022,Age,0-18 Years,Over 52 Weeks,35895
31/07/2022,Age,0-18 Years,Total,755690
31/07/2022,Age,19-64 Years,Unknown Clock Start,2300
31/07/2022,Age,19-64 Years,01 To 18 Weeks,1960545
31/07/2022,Age,19-64 Years,18 To 52 Weeks,1215190
31/07/2022,Age,19-64 Years,Over 52 Weeks,226500
31/07/2022,Age,19-64 Years,Total,3404535
31/07/2022,Age,Over 65 Years,Unknown Clock Start,2745
31/07/2022,Age,Over 65 Years,01 To 18 Weeks,1295495
31/07/2022,Age,Over 65 Years,18 To 52 Weeks,672130
31/07/2022,Age,Over 65 Years,Over 52 Weeks,109730
31/07/2022,Age,Over 65 Years,Total,2080100
31/07/2022,Sex,Female,Unknown Clock Start,2430
31/07/2022,Sex,Female,01 To 18 Weeks,2049480
31/07/2022,Sex,Female,18 To 52 Weeks,1194730
31/07/2022,Sex,Female,Over 52 Weeks,207510
31/07/2022,Sex,Female,Total,3454150
31/07/2022,Sex,Male,Unknown Clock Start,1990
31/07/2022,Sex,Male,01 To 18 Weeks,1597120
31/07/2022,Sex,Male,18 To 52 Weeks,910320
31/07/2022,Sex,Male,Over 52 Weeks,155060
31/07/2022,Sex,Male,Total,2664485
07/08/2022,Age,0-18 Years,Unknown Clock Start,145
07/08/2022,Age,0-18 Years,01 To 18 Weeks,456660
07/08/2022,Age,0-18 Years,18 To 52 Weeks,267090
07/08/2022,Age,0-18 Years,Over 52 Weeks,36515
07/08/2022,Age,0-18 Years,Total,760415
07/08/2022,Age,19-64 Years,Unknown Clock Start,2105
07/08/2022,Age,19-64 Years,01 To 18 Weeks,1969145
07/08/2022,Age,19-64 Years,18 To 52 Weeks,1232115
07/08/2022,Age,19-64 Years,Over 52 Weeks,230180
07/08/2022,Age,19-64 Years,Total,3433540
07/08/2022,Age,Over 65 Years,Unknown Clock Start,2620
07/08/2022,Age,Over 65 Years,01 To 18 Weeks,1307940
07/08/2022,Age,Over 65 Years,18 To 52 Weeks,682340
07/08/2022,Age,Over 65 Years,Over 52 Weeks,111710
07/08/2022,Age,Over 65 Years,Total,2104610
07/08/2022,Sex,Female,Unknown Clock Start,2675
07/08/2022,Sex,Female,01 To 18 Weeks,2061585
07/08/2022,Sex,Female,18 To 52 Weeks,1211290
07/08/2022,Sex,Female,Over 52 Weeks,210980
07/08/2022,Sex,Female,Total,3486535
07/08/2022,Sex,Male,Unknown Clock Start,2190
07/08/2022,Sex,Male,01 To 18 Weeks,1607080
07/08/2022,Sex,Male,18 To 52 Weeks,923685
07/08/2022,Sex,Male,Over 52 Weeks,157715
07/08/2022,Sex,Male,Total,2690675
14/08/2022,Age,0-18 Years,Unknown Clock Start,135
14/08/2022,Age,0-18 Years,01 To 18 Weeks,455150
14/08/2022,Age,0-18 Years,18 To 52 Weeks,271830
14/08/2022,Age,0-18 Years,Over 52 Weeks,36360
14/08/2022,Age,0-18 Years,Total,763470
14/08/2022,Age,19-64 Years,Unknown Clock Start,2165
14/08/2022,Age,19-64 Years,01 To 18 Weeks,2023910
14/08/2022,Age,19-64 Years,18 To 52 Weeks,1274915
14/08/2022,Age,19-64 Years,Over 52 Weeks,233625
14/08/2022,Age,19-64 Years,Total,3534615
14/08/2022,Age,Over 65 Years,Unknown Clock Start,2710
14/08/2022,Age,Over 65 Years,01 To 18 Weeks,1334665
14/08/2022,Age,Over 65 Years,18 To 52 Weeks,704760
14/08/2022,Age,Over 65 Years,Over 52 Weeks,113435
14/08/2022,Age,Over 65 Years,Total,2155570
14/08/2022,Sex,Female,Unknown Clock Start,2800
14/08/2022,Sex,Female,01 To 18 Weeks,2110695
14/08/2022,Sex,Female,18 To 52 Weeks,1252580
14/08/2022,Sex,Female,Over 52 Weeks,214025
14/08/2022,Sex,Female,Total,3580095
14/08/2022,Sex,Male,Unknown Clock Start,2205
14/08/2022,Sex,Male,01 To 18 Weeks,1638145
14/08/2022,Sex,Male,18 To 52 Weeks,952520
14/08/2022,Sex,Male,Over 52 Weeks,159965
14/08/2022,Sex,Male,Total,2752835
21/08/2022,Age,0-18 Years,Unknown Clock Start,360
21/08/2022,Age,0-18 Years,01 To 18 Weeks,455915
21/08/2022,Age,0-18 Years,18 To 52 Weeks,273240
21/08/2022,Age,0-18 Years,Over 52 Weeks,37105
21/08/2022,Age,0-18 Years,Total,766625
21/08/2022,Age,19-64 Years,Unknown Clock Start,1845
21/08/2022,Age,19-64 Years,01 To 18 Weeks,2023775
21/08/2022,Age,19-64 Years,18 To 52 Weeks,1270915
21/08/2022,Age,19-64 Years,Over 52 Weeks,238005
21/08/2022,Age,19-64 Years,Total,3534540
21/08/2022,Age,Over 65 Years,Unknown Clock Start,2425
21/08/2022,Age,Over 65 Years,01 To 18 Weeks,1341910
21/08/2022,Age,Over 65 Years,18 To 52 Weeks,704160
21/08/2022,Age,Over 65 Years,Over 52 Weeks,115925
21/08/2022,Age,Over 65 Years,Total,2164420
21/08/2022,Sex,Female,Unknown Clock Start,2525
21/08/2022,Sex,Female,01 To 18 Weeks,2113075
21/08/2022,Sex,Female,18 To 52 Weeks,1249985
21/08/2022,Sex,Female,Over 52 Weeks,218395
21/08/2022,Sex,Female,Total,3583975
21/08/2022,Sex,Male,Unknown Clock Start,2095
21/08/2022,Sex,Male,01 To 18 Weeks,1642805
21/08/2022,Sex,Male,18 To 52 Weeks,952510
21/08/2022,Sex,Male,Over 52 Weeks,163165
21/08/2022,Sex,Male,Total,2760575
28/08/2022,Age,0-18 Years,Unknown Clock Start,225
28/08/2022,Age,0-18 Years,01 To 18 Weeks,467155
28/08/2022,Age,0-18 Years,18 To 52 Weeks,277705
28/08/2022,Age,0-18 Years,Over 52 Weeks,37565
28/08/2022,Age,0-18 Years,Total,782645
28/08/2022,Age,19-64 Years,Unknown Clock Start,2425
28/08/2022,Age,19-64 Years,01 To 18 Weeks,2073170
28/08/2022,Age,19-64 Years,18 To 52 Weeks,1278505
28/08/2022,Age,19-64 Years,Over 52 Weeks,238780
28/08/2022,Age,19-64 Years,Total,3592880
28/08/2022,Age,Over 65 Years,Unknown Clock Start,2870
28/08/2022,Age,Over 65 Years,01 To 18 Weeks,1339775
28/08/2022,Age,Over 65 Years,18 To 52 Weeks,698690
28/08/2022,Age,Over 65 Years,Over 52 Weeks,116035
28/08/2022,Age,Over 65 Years,Total,2157370
28/08/2022,Sex,Female,Unknown Clock Start,3080
28/08/2022,Sex,Female,01 To 18 Weeks,2145020
28/08/2022,Sex,Female,18 To 52 Weeks,1252570
28/08/2022,Sex,Female,Over 52 Weeks,219440
28/08/2022,Sex,Female,Total,3620105
28/08/2022,Sex,Male,Unknown Clock Start,2435
28/08/2022,Sex,Male,01 To 18 Weeks,1668725
28/08/2022,Sex,Male,18 To 52 Weeks,956010
28/08/2022,Sex,Male,Over 52 Weeks,163530
28/08/2022,Sex,Male,Total,2790695
04/09/2022,Age,0-18 Years,Unknown Clock Start,205
04/09/2022,Age,0-18 Years,01 To 18 Weeks,449865
04/09/2022,Age,0-18 Years,18 To 52 Weeks,277880
04/09/2022,Age,0-18 Years,Over 52 Weeks,36625
04/09/2022,Age,0-18 Years,Total,764570
04/09/2022,Age,19-64 Years,Unknown Clock Start,1855
04/09/2022,Age,19-64 Years,01 To 18 Weeks,1960470
04/09/2022,Age,19-64 Years,18 To 52 Weeks,1242425
04/09/2022,Age,19-64 Years,Over 52 Weeks,226730
04/09/2022,Age,19-64 Years,Total,3431475
04/09/2022,Age,Over 65 Years,Unknown Clock Start,2320
04/09/2022,Age,Over 65 Years,01 To 18 Weeks,1267535
04/09/2022,Age,Over 65 Years,18 To 52 Weeks,680530
04/09/2022,Age,Over 65 Years,Over 52 Weeks,110380
04/09/2022,Age,Over 65 Years,Total,2060770
04/09/2022,Sex,Female,Unknown Clock Start,2525
04/09/2022,Sex,Female,01 To 18 Weeks,2067640
04/09/2022,Sex,Female,18 To 52 Weeks,1248755
04/09/2022,Sex,Female,Over 52 Weeks,213640
04/09/2022,Sex,Female,Total,3532560
04/09/2022,Sex,Male,Unknown Clock Start,1855
04/09/2022,Sex,Male,01 To 18 Weeks,1608930
04/09/2022,Sex,Male,18 To 52 Weeks,950260
04/09/2022,Sex,Male,Over 52 Weeks,159125
04/09/2022,Sex,Male,Total,2720170
11/09/2022,Age,0-18 Years,Unknown Clock Start,520
11/09/2022,Age,0-18 Years,01 To 18 Weeks,459900
11/09/2022,Age,0-18 Years,18 To 52 Weeks,286355
11/09/2022,Age,0-18 Years,Over 52 Weeks,37745
11/09/2022,Age,0-18 Years,Total,784520
11/09/2022,Age,19-64 Years,Unknown Clock Start,3785
11/09/2022,Age,19-64 Years,01 To 18 Weeks,2075565
11/09/2022,Age,19-64 Years,18 To 52 Weeks,1320815
11/09/2022,Age,19-64 Years,Over 52 Weeks,242845
11/09/2022,Age,19-64 Years,Total,3643010
11/09/2022,Age,Over 65 Years,Unknown Clock Start,3860
11/09/2022,Age,Over 65 Years,01 To 18 Weeks,1367680
11/09/2022,Age,Over 65 Years,18 To 52 Weeks,726425
11/09/2022,Age,Over 65 Years,Over 52 Weeks,118205
11/09/2022,Age,Over 65 Years,Total,2216170
11/09/2022,Sex,Female,Unknown Clock Start,4470
11/09/2022,Sex,Female,01 To 18 Weeks,2144805
11/09/2022,Sex,Female,18 To 52 Weeks,1290895
11/09/2022,Sex,Female,Over 52 Weeks,222615
11/09/2022,Sex,Female,Total,3662785
11/09/2022,Sex,Male,Unknown Clock Start,3685
11/09/2022,Sex,Male,01 To 18 Weeks,1665915
11/09/2022,Sex,Male,18 To 52 Weeks,980530
11/09/2022,Sex,Male,Over 52 Weeks,166165
11/09/2022,Sex,Male,Total,2816295
18/09/2022,Age,0-18 Years,Unknown Clock Start,565
18/09/2022,Age,0-18 Years,01 To 18 Weeks,454605
18/09/2022,Age,0-18 Years,18 To 52 Weeks,292145
18/09/2022,Age,0-18 Years,Over 52 Weeks,38280
18/09/2022,Age,0-18 Years,Total,785595
18/09/2022,Age,19-64 Years,Unknown Clock Start,2295
18/09/2022,Age,19-64 Years,01 To 18 Weeks,2050860
18/09/2022,Age,19-64 Years,18 To 52 Weeks,1332000
18/09/2022,Age,19-64 Years,Over 52 Weeks,245130
18/09/2022,Age,19-64 Years,Total,3630280
18/09/2022,Age,Over 65 Years,Unknown Clock Start,5290
18/09/2022,Age,Over 65 Years,01 To 18 Weeks,1355090
18/09/2022,Age,Over 65 Years,18 To 52 Weeks,733995
18/09/2022,Age,Over 65 Years,Over 52 Weeks,119530
18/09/2022,Age,Over 65 Years,Total,2213905
18/09/2022,Sex,Female,Unknown Clock Start,4525
18/09/2022,Sex,Female,01 To 18 Weeks,2117705
18/09/2022,Sex,Female,18 To 52 Weeks,1302620
18/09/2022,Sex,Female,Over 52 Weeks,225055
18/09/2022,Sex,Female,Total,3649910
18/09/2022,Sex,Male,Unknown Clock Start,3595
18/09/2022,Sex,Male,01 To 18 Weeks,1648070
18/09/2022,Sex,Male,18 To 52 Weeks,991690
18/09/2022,Sex,Male,Over 52 Weeks,167775
18/09/2022,Sex,Male,Total,2811120
25/09/2022,Age,0-18 Years,Unknown Clock Start,145
25/09/2022,Age,0-18 Years,01 To 18 Weeks,429245
25/09/2022,Age,0-18 Years,18 To 52 Weeks,278860
25/09/2022,Age,0-18 Years,Over 52 Weeks,35510
25/09/2022,Age,0-18 Years,Total,743755
25/09/2022,Age,19-64 Years,Unknown Clock Start,2000
25/09/2022,Age,19-64 Years,01 To 18 Weeks,1999210
25/09/2022,Age,19-64 Years,18 To 52 Weeks,1302545
25/09/2022,Age,19-64 Years,Over 52 Weeks,232090
25/09/2022,Age,19-64 Years,Total,3535845
25/09/2022,Age,Over 65 Years,Unknown Clock Start,2275
25/09/2022,Age,Over 65 Years,01 To 18 Weeks,1331475
25/09/2022,Age,Over 65 Years,18 To 52 Weeks,726565
25/09/2022,Age,Over 65 Years,Over 52 Weeks,116275
25/09/2022,Age,Over 65 Years,Total,2176590
25/09/2022,Sex,Female,Unknown Clock Start,2345
25/09/2022,Sex,Female,01 To 18 Weeks,2060100
25/09/2022,Sex,Female,18 To 52 Weeks,1274060
25/09/2022,Sex,Female,Over 52 Weeks,213460
25/09/2022,Sex,Female,Total,3549960
25/09/2022,Sex,Male,Unknown Clock Start,1940
25/09/2022,Sex,Male,01 To 18 Weeks,1603430
25/09/2022,Sex,Male,18 To 52 Weeks,968650
25/09/2022,Sex,Male,Over 52 Weeks,160065
25/09/2022,Sex,Male,Total,2734085
02/10/2022,Age,0-18 Years,Unknown Clock Start,370
02/10/2022,Age,0-18 Years,01 To 18 Weeks,440805
02/10/2022,Age,0-18 Years,18 To 52 Weeks,298830
02/10/2022,Age,0-18 Years,Over 52 Weeks,38950
02/10/2022,Age,0-18 Years,Total,778960
02/10/2022,Age,19-64 Years,Unknown Clock Start,1135
02/10/2022,Age,19-64 Years,01 To 18 Weeks,2028255
02/10/2022,Age,19-64 Years,18 To 52 Weeks,1354505
02/10/2022,Age,19-64 Years,Over 52 Weeks,246805
02/10/2022,Age,19-64 Years,Total,3630695
02/10/2022,Age,Over 65 Years,Unknown Clock Start,1915
02/10/2022,Age,Over 65 Years,01 To 18 Weeks,1347475
02/10/2022,Age,Over 65 Years,18 To 52 Weeks,752325
02/10/2022,Age,Over 65 Years,Over 52 Weeks,121265
02/10/2022,Age,Over 65 Years,Total,2222980
02/10/2022,Sex,Female,Unknown Clock Start,1830
02/10/2022,Sex,Female,01 To 18 Weeks,2090240
02/10/2022,Sex,Female,18 To 52 Weeks,1329335
02/10/2022,Sex,Female,Over 52 Weeks,227650
02/10/2022,Sex,Female,Total,3649055
02/10/2022,Sex,Male,Unknown Clock Start,1580
02/10/2022,Sex,Male,01 To 18 Weeks,1628330
02/10/2022,Sex,Male,18 To 52 Weeks,1009960
02/10/2022,Sex,Male,Over 52 Weeks,169155
02/10/2022,Sex,Male,Total,2809025
09/10/2022,Age,0-18 Years,Unknown Clock Start,930
09/10/2022,Age,0-18 Years,01 To 18 Weeks,440440
09/10/2022,Age,0-18 Years,18 To 52 Weeks,286935
09/10/2022,Age,0-18 Years,Over 52 Weeks,37820
09/10/2022,Age,0-18 Years,Total,766125
09/10/2022,Age,19-64 Years,Unknown Clock Start,2305
09/10/2022,Age,19-64 Years,01 To 18 Weeks,2070915
09/10/2022,Age,19-64 Years,18 To 52 Weeks,1337660
09/10/2022,Age,19-64 Years,Over 52 Weeks,246370
09/10/2022,Age,19-64 Years,Total,3657250
09/10/2022,Age,Over 65 Years,Unknown Clock Start,2245
09/10/2022,Age,Over 65 Years,01 To 18 Weeks,1369580
09/10/2022,Age,Over 65 Years,18 To 52 Weeks,738715
09/10/2022,Age,Over 65 Years,Over 52 Weeks,120670
09/10/2022,Age,Over 65 Years,Total,2231205
09/10/2022,Sex,Female,Unknown Clock Start,3000
09/10/2022,Sex,Female,01 To 18 Weeks,2122610
09/10/2022,Sex,Female,18 To 52 Weeks,1304535
09/10/2022,Sex,Female,Over 52 Weeks,226260
09/10/2022,Sex,Female,Total,3656405
09/10/2022,Sex,Male,Unknown Clock Start,2485
09/10/2022,Sex,Male,01 To 18 Weeks,1658150
09/10/2022,Sex,Male,18 To 52 Weeks,993820
09/10/2022,Sex,Male,Over 52 Weeks,168165
09/10/2022,Sex,Male,Total,2822625
16/10/2022,Age,0-18 Years,Unknown Clock Start,1170
16/10/2022,Age,0-18 Years,01 To 18 Weeks,429270
16/10/2022,Age,0-18 Years,18 To 52 Weeks,275130
16/10/2022,Age,0-18 Years,Over 52 Weeks,36245
16/10/2022,Age,0-18 Years,Total,741820
16/10/2022,Age,19-64 Years,Unknown Clock Start,2550
16/10/2022,Age,19-64 Years,01 To 18 Weeks,2018715
16/10/2022,Age,19-64 Years,18 To 52 Weeks,1286305
16/10/2022,Age,19-64 Years,Over 52 Weeks,231705
16/10/2022,Age,19-64 Years,Total,3539275
16/10/2022,Age,Over 65 Years,Unknown Clock Start,2185
16/10/2022,Age,Over 65 Years,01 To 18 Weeks,1333865
16/10/2022,Age,Over 65 Years,18 To 52 Weeks,719285
16/10/2022,Age,Over 65 Years,Over 52 Weeks,116015
16/10/2022,Age,Over 65 Years,Total,2171350
16/10/2022,Sex,Female,Unknown Clock Start,3365
16/10/2022,Sex,Female,01 To 18 Weeks,2070870
16/10/2022,Sex,Female,18 To 52 Weeks,1259185
16/10/2022,Sex,Female,Over 52 Weeks,213610
16/10/2022,Sex,Female,Total,3547030
16/10/2022,Sex,Male,Unknown Clock Start,2555
16/10/2022,Sex,Male,01 To 18 Weeks,1611590
16/10/2022,Sex,Male,18 To 52 Weeks,958470
16/10/2022,Sex,Male,Over 52 Weeks,160315
16/10/2022,Sex,Male,Total,2732930
23/10/2022,Age,0-18 Years,Unknown Clock Start,750
23/10/2022,Age,0-18 Years,01 To 18 Weeks,455710
23/10/2022,Age,0-18 Years,18 To 52 Weeks,299315
23/10/2022,Age,0-18 Years,Over 52 Weeks,40075
23/10/2022,Age,0-18 Years,Total,795850
23/10/2022,Age,19-64 Years,Unknown Clock Start,2630
23/10/2022,Age,19-64 Years,01 To 18 Weeks,2109490
23/10/2022,Age,19-64 Years,18 To 52 Weeks,1364825
23/10/2022,Age,19-64 Years,Over 52 Weeks,250770
23/10/2022,Age,19-64 Years,Total,3727710
23/10/2022,Age,Over 65 Years,Unknown Clock Start,2385
23/10/2022,Age,Over 65 Years,01 To 18 Weeks,1384815
23/10/2022,Age,Over 65 Years,18 To 52 Weeks,755950
23/10/2022,Age,Over 65 Years,Over 52 Weeks,122680
23/10/2022,Age,Over 65 Years,Total,2265830
23/10/2022,Sex,Female,Unknown Clock Start,3175
23/10/2022,Sex,Female,01 To 18 Weeks,2153345
23/10/2022,Sex,Female,18 To 52 Weeks,1334750
23/10/2022,Sex,Female,Over 52 Weeks,231065
23/10/2022,Sex,Female,Total,3722335
23/10/2022,Sex,Male,Unknown Clock Start,2495
23/10/2022,Sex,Male,01 To 18 Weeks,1672770
23/10/2022,Sex,Male,18 To 52 Weeks,1015755
23/10/2022,Sex,Male,Over 52 Weeks,171750
23/10/2022,Sex,Male,Total,2862770
30/10/2022,Age,0-18 Years,Unknown Clock Start,900
30/10/2022,Age,0-18 Years,01 To 18 Weeks,451550
30/10/2022,Age,0-18 Years,18 To 52 Weeks,302275
30/10/2022,Age,0-18 Years,Over 52 Weeks,40335
30/10/2022,Age,0-18 Years,Total,795060
30/10/2022,Age,19-64 Years,Unknown Clock Start,2850
30/10/2022,Age,19-64 Years,01 To 18 Weeks,2093250
30/10/2022,Age,19-64 Years,18 To 52 Weeks,1365215
30/10/2022,Age,19-64 Years,Over 52 Weeks,251425
30/10/2022,Age,19-64 Years,Total,3712745
30/10/2022,Age,Over 65 Years,Unknown Clock Start,2870
30/10/2022,Age,Over 65 Years,01 To 18 Weeks,1373240
30/10/2022,Age,Over 65 Years,18 To 52 Weeks,758685
30/10/2022,Age,Over 65 Years,Over 52 Weeks,123060
30/10/2022,Age,Over 65 Years,Total,2257855
30/10/2022,Sex,Female,Unknown Clock Start,3740
30/10/2022,Sex,Female,01 To 18 Weeks,2153265
30/10/2022,Sex,Female,18 To 52 Weeks,1341835
30/10/2022,Sex,Female,Over 52 Weeks,231990
30/10/2022,Sex,Female,Total,3730830
30/10/2022,Sex,Male,Unknown Clock Start,2885
30/10/2022,Sex,Male,01 To 18 Weeks,1668390
30/10/2022,Sex,Male,18 To 52 Weeks,1021010
30/10/2022,Sex,Male,Over 52 Weeks,172770
30/10/2022,Sex,Male,Total,2865055
06/11/2022,Age,0-18 Years,Unknown Clock Start,1030
06/11/2022,Age,0-18 Years,01 To 18 Weeks,448475
06/11/2022,Age,0-18 Years,18 To 52 Weeks,303055
06/11/2022,Age,0-18 Years,Over 52 Weeks,40485
06/11/2022,Age,0-18 Years,Total,793040
06/11/2022,Age,19-64 Years,Unknown Clock Start,3945
06/11/2022,Age,19-64 Years,01 To 18 Weeks,2102005
06/11/2022,Age,19-64 Years,18 To 52 Weeks,1375500
06/11/2022,Age,19-64 Years,Over 52 Weeks,251860
06/11/2022,Age,19-64 Years,Total,3733310
06/11/2022,Age,Over 65 Years,Unknown Clock Start,3875
06/11/2022,Age,Over 65 Years,01 To 18 Weeks,1371380
06/11/2022,Age,Over 65 Years,18 To 52 Weeks,763485
06/11/2022,Age,Over 65 Years,Over 52 Weeks,122890
06/11/2022,Age,Over 65 Years,Total,2261630
06/11/2022,Sex,Female,Unknown Clock Start,3420
06/11/2022,Sex,Female,01 To 18 Weeks,2167025
06/11/2022,Sex,Female,18 To 52 Weeks,1357020
06/11/2022,Sex,Female,Over 52 Weeks,232945
06/11/2022,Sex,Female,Total,3760405
06/11/2022,Sex,Male,Unknown Clock Start,2655
06/11/2022,Sex,Male,01 To 18 Weeks,1682300
06/11/2022,Sex,Male,18 To 52 Weeks,1031930
06/11/2022,Sex,Male,Over 52 Weeks,172985
06/11/2022,Sex,Male,Total,2889865
13/11/2022,Age,0-18 Years,Unknown Clock Start,820
13/11/2022,Age,0-18 Years,01 To 18 Weeks,432275
13/11/2022,Age,0-18 Years,18 To 52 Weeks,283205
13/11/2022,Age,0-18 Years,Over 52 Weeks,36850
13/11/2022,Age,0-18 Years,Total,753145
13/11/2022,Age,19-64 Years,Unknown Clock Start,2515
13/11/2022,Age,19-64 Years,01 To 18 Weeks,2061420
13/11/2022,Age,19-64 Years,18 To 52 Weeks,1324705
13/11/2022,Age,19-64 Years,Over 52 Weeks,234340
13/11/2022,Age,19-64 Years,Total,3622980
13/11/2022,Age,Over 65 Years,Unknown Clock Start,2675
13/11/2022,Age,Over 65 Years,01 To 18 Weeks,1350200
13/11/2022,Age,Over 65 Years,18 To 52 Weeks,745090
13/11/2022,Age,Over 65 Years,Over 52 Weeks,117005
13/11/2022,Age,Over 65 Years,Total,2214970
13/11/2022,Sex,Female,Unknown Clock Start,3440
13/11/2022,Sex,Female,01 To 18 Weeks,2121970
13/11/2022,Sex,Female,18 To 52 Weeks,1305530
13/11/2022,Sex,Female,Over 52 Weeks,216530
13/11/2022,Sex,Female,Total,3647470
13/11/2022,Sex,Male,Unknown Clock Start,2560
13/11/2022,Sex,Male,01 To 18 Weeks,1647005
13/11/2022,Sex,Male,18 To 52 Weeks,993465
13/11/2022,Sex,Male,Over 52 Weeks,161895
13/11/2022,Sex,Male,Total,2804925
20/11/2022,Age,0-18 Years,Unknown Clock Start,815
20/11/2022,Age,0-18 Years,01 To 18 Weeks,434730
20/11/2022,Age,0-18 Years,18 To 52 Weeks,281910
20/11/2022,Age,0-18 Years,Over 52 Weeks,36585
20/11/2022,Age,0-18 Years,Total,754040
20/11/2022,Age,19-64 Years,Unknown Clock Start,2405
20/11/2022,Age,19-64 Years,01 To 18 Weeks,2068380
20/11/2022,Age,19-64 Years,18 To 52 Weeks,1322100
20/11/2022,Age,19-64 Years,Over 52 Weeks,233770
20/11/2022,Age,19-64 Years,Total,3626655
20/11/2022,Age,Over 65 Years,Unknown Clock Start,1340
20/11/2022,Age,Over 65 Years,01 To 18 Weeks,1344990
20/11/2022,Age,Over 65 Years,18 To 52 Weeks,746600
20/11/2022,Age,Over 65 Years,Over 52 Weeks,117600
20/11/2022,Age,Over 65 Years,Total,2210530
20/11/2022,Sex,Female,Unknown Clock Start,2660
20/11/2022,Sex,Female,01 To 18 Weeks,2129150
20/11/2022,Sex,Female,18 To 52 Weeks,1305915
20/11/2022,Sex,Female,Over 52 Weeks,216270
20/11/2022,Sex,Female,Total,3653990
20/11/2022,Sex,Male,Unknown Clock Start,1885
20/11/2022,Sex,Male,01 To 18 Weeks,1644095
20/11/2022,Sex,Male,18 To 52 Weeks,991450
20/11/2022,Sex,Male,Over 52 Weeks,161805
20/11/2022,Sex,Male,Total,2799230
27/11/2022,Age,0-18 Years,Unknown Clock Start,675
27/11/2022,Age,0-18 Years,01 To 18 Weeks,436710
27/11/2022,Age,0-18 Years,18 To 52 Weeks,281790
27/11/2022,Age,0-18 Years,Over 52 Weeks,37415
27/11/2022,Age,0-18 Years,Total,756590
27/11/2022,Age,19-64 Years,Unknown Clock Start,2065
27/11/2022,Age,19-64 Years,01 To 18 Weeks,2083020
27/11/2022,Age,19-64 Years,18 To 52 Weeks,1323990
27/11/2022,Age,19-64 Years,Over 52 Weeks,232535
27/11/2022,Age,19-64 Years,Total,3641610
27/11/2022,Age,Over 65 Years,Unknown Clock Start,1210
27/11/2022,Age,Over 65 Years,01 To 18 Weeks,1356745
27/11/2022,Age,Over 65 Years,18 To 52 Weeks,747100
27/11/2022,Age,Over 65 Years,Over 52 Weeks,116245
27/11/2022,Age,Over 65 Years,Total,2221305
27/11/2022,Sex,Female,Unknown Clock Start,2295
27/11/2022,Sex,Female,01 To 18 Weeks,2143230
27/11/2022,Sex,Female,18 To 52 Weeks,1305290
27/11/2022,Sex,Female,Over 52 Weeks,215305
27/11/2022,Sex,Female,Total,3666120
27/11/2022,Sex,Male,Unknown Clock Start,1650
27/11/2022,Sex,Male,01 To 18 Weeks,1659790
27/11/2022,Sex,Male,18 To 52 Weeks,994475
27/11/2022,Sex,Male,Over 52 Weeks,161060
27/11/2022,Sex,Male,Total,2816980
04/12/2022,Age,0-18 Years,Unknown Clock Start,765
04/12/2022,Age,0-18 Years,01 To 18 Weeks,438630
04/12/2022,Age,0-18 Years,18 To 52 Weeks,280505
04/12/2022,Age,0-18 Years,Over 52 Weeks,37745
04/12/2022,Age,0-18 Years,Total,757645
04/12/2022,Age,19-64 Years,Unknown Clock Start,2755
04/12/2022,Age,19-64 Years,01 To 18 Weeks,2085845
04/12/2022,Age,19-64 Years,18 To 52 Weeks,1328615
04/12/2022,Age,19-64 Years,Over 52 Weeks,231775
04/12/2022,Age,19-64 Years,Total,3648990
04/12/2022,Age,Over 65 Years,Unknown Clock Start,1700
04/12/2022,Age,Over 65 Years,01 To 18 Weeks,1352920
04/12/2022,Age,Over 65 Years,18 To 52 Weeks,750290
04/12/2022,Age,Over 65 Years,Over 52 Weeks,115770
04/12/2022,Age,Over 65 Years,Total,2220680
04/12/2022,Sex,Female,Unknown Clock Start,2990
04/12/2022,Sex,Female,01 To 18 Weeks,2145835
04/12/2022,Sex,Female,18 To 52 Weeks,1308675
04/12/2022,Sex,Female,Over 52 Weeks,214245
04/12/2022,Sex,Female,Total,3671745
04/12/2022,Sex,Male,Unknown Clock Start,2230
04/12/2022,Sex,Male,01 To 18 Weeks,1662245
04/12/2022,Sex,Male,18 To 52 Weeks,996590
04/12/2022,Sex,Male,Over 52 Weeks,160540
04/12/2022,Sex,Male,Total,2821600
11/12/2022,Age,0-18 Years,Unknown Clock Start,680
11/12/2022,Age,0-18 Years,01 To 18 Weeks,439860
11/12/2022,Age,0-18 Years,18 To 52 Weeks,279930
11/12/2022,Age,0-18 Years,Over 52 Weeks,37945
11/12/2022,Age,0-18 Years,Total,758415
11/12/2022,Age,19-64 Years,Unknown Clock Start,2635
11/12/2022,Age,19-64 Years,01 To 18 Weeks,2071320
11/12/2022,Age,19-64 Years,18 To 52 Weeks,1327315
11/12/2022,Age,19-64 Years,Over 52 Weeks,229795
11/12/2022,Age,19-64 Years,Total,3631070
11/12/2022,Age,Over 65 Years,Unknown Clock Start,1665
11/12/2022,Age,Over 65 Years,01 To 18 Weeks,1319450
11/12/2022,Age,Over 65 Years,18 To 52 Weeks,748745
11/12/2022,Age,Over 65 Years,Over 52 Weeks,114685
11/12/2022,Age,Over 65 Years,Total,2184545
11/12/2022,Sex,Female,Unknown Clock Start,2430
11/12/2022,Sex,Female,01 To 18 Weeks,2117535
11/12/2022,Sex,Female,18 To 52 Weeks,1307290
11/12/2022,Sex,Female,Over 52 Weeks,212940
11/12/2022,Sex,Female,Total,3640195
11/12/2022,Sex,Male,Unknown Clock Start,1800
11/12/2022,Sex,Male,01 To 18 Weeks,1642740
11/12/2022,Sex,Male,18 To 52 Weeks,996260
11/12/2022,Sex,Male,Over 52 Weeks,159590
11/12/2022,Sex,Male,Total,2800395
18/12/2022,Age,0-18 Years,Unknown Clock Start,920
18/12/2022,Age,0-18 Years,01 To 18 Weeks,457210
18/12/2022,Age,0-18 Years,18 To 52 Weeks,298395
18/12/2022,Age,0-18 Years,Over 52 Weeks,42245
18/12/2022,Age,0-18 Years,Total,798770
18/12/2022,Age,19-64 Years,Unknown Clock Start,3355
18/12/2022,Age,19-64 Years,01 To 18 Weeks,2117025
18/12/2022,Age,19-64 Years,18 To 52 Weeks,1389435
18/12/2022,Age,19-64 Years,Over 52 Weeks,248735
18/12/2022,Age,19-64 Years,Total,3758545
18/12/2022,Age,Over 65 Years,Unknown Clock Start,1970
18/12/2022,Age,Over 65 Years,01 To 18 Weeks,1355920
18/12/2022,Age,Over 65 Years,18 To 52 Weeks,778240
18/12/2022,Age,Over 65 Years,Over 52 Weeks,120735
18/12/2022,Age,Over 65 Years,Total,2256870
18/12/2022,Sex,Female,Unknown Clock Start,3495
18/12/2022,Sex,Female,01 To 18 Weeks,2165810
18/12/2022,Sex,Female,18 To 52 Weeks,1368490
18/12/2022,Sex,Female,Over 52 Weeks,230285
18/12/2022,Sex,Female,Total,3768075
18/12/2022,Sex,Male,Unknown Clock Start,2595
18/12/2022,Sex,Male,01 To 18 Weeks,1680130
18/12/2022,Sex,Male,18 To 52 Weeks,1042045
18/12/2022,Sex,Male,Over 52 Weeks,171330
18/12/2022,Sex,Male,Total,2896105
25/12/2022,Age,0-18 Years,Unknown Clock Start,520
25/12/2022,Age,0-18 Years,01 To 18 Weeks,451720
25/12/2022,Age,0-18 Years,18 To 52 Weeks,297170
25/12/2022,Age,0-18 Years,Over 52 Weeks,42285
25/12/2022,Age,0-18 Years,Total,791690
25/12/2022,Age,19-64 Years,Unknown Clock Start,705
25/12/2022,Age,19-64 Years,01 To 18 Weeks,2076865
25/12/2022,Age,19-64 Years,18 To 52 Weeks,1385365
25/12/2022,Age,19-64 Years,Over 52 Weeks,247780
25/12/2022,Age,19-64 Years,Total,3710715
25/12/2022,Age,Over 65 Years,Unknown Clock Start,380
25/12/2022,Age,Over 65 Years,01 To 18 Weeks,1330215
25/12/2022,Age,Over 65 Years,18 To 52 Weeks,777795
25/12/2022,Age,Over 65 Years,Over 52 Weeks,120070
25/12/2022,Age,Over 65 Years,Total,2228460
25/12/2022,Sex,Female,Unknown Clock Start,855
25/12/2022,Sex,Female,01 To 18 Weeks,2126270
25/12/2022,Sex,Female,18 To 52 Weeks,1364345
25/12/2022,Sex,Female,Over 52 Weeks,229485
25/12/2022,Sex,Female,Total,3720960
25/12/2022,Sex,Male,Unknown Clock Start,745
25/12/2022,Sex,Male,01 To 18 Weeks,1651875
25/12/2022,Sex,Male,18 To 52 Weeks,1039840
25/12/2022,Sex,Male,Over 52 Weeks,170540
25/12/2022,Sex,Male,Total,2863000
01/01/2023,Age,0-18 Years,Unknown Clock Start,615
01/01/2023,Age,0-18 Years,01 To 18 Weeks,448085
01/01/2023,Age,0-18 Years,18 To 52 Weeks,306645
01/01/2023,Age,0-18 Years,Over 52 Weeks,40980
01/01/2023,Age,0-18 Years,Total,796325
01/01/2023,Age,19-64 Years,Unknown Clock Start,1840
01/01/2023,Age,19-64 Years,01 To 18 Weeks,2060290
01/01/2023,Age,19-64 Years,18 To 52 Weeks,1445020
01/01/2023,Age,19-64 Years,Over 52 Weeks,247445
01/01/2023,Age,19-64 Years,Total,3754595
01/01/2023,Age,Over 65 Years,Unknown Clock Start,1100
01/01/2023,Age,Over 65 Years,01 To 18 Weeks,1321770
01/01/2023,Age,Over 65 Years,18 To 52 Weeks,815820
01/01/2023,Age,Over 65 Years,Over 52 Weeks,119890
01/01/2023,Age,Over 65 Years,Total,2258580
01/01/2023,Sex,Female,Unknown Clock Start,2005
01/01/2023,Sex,Female,01 To 18 Weeks,2110360
01/01/2023,Sex,Female,18 To 52 Weeks,1425295
01/01/2023,Sex,Female,Over 52 Weeks,228460
01/01/2023,Sex,Female,Total,3766120
01/01/2023,Sex,Male,Unknown Clock Start,1555
01/01/2023,Sex,Male,01 To 18 Weeks,1641335
01/01/2023,Sex,Male,18 To 52 Weeks,1084285
01/01/2023,Sex,Male,Over 52 Weeks,169885
01/01/2023,Sex,Male,Total,2897060
08/01/2023,Age,0-18 Years,Unknown Clock Start,755
08/01/2023,Age,0-18 Years,01 To 18 Weeks,452785
08/01/2023,Age,0-18 Years,18 To 52 Weeks,309485
08/01/2023,Age,0-18 Years,Over 52 Weeks,41800
08/01/2023,Age,0-18 Years,Total,804830
08/01/2023,Age,19-64 Years,Unknown Clock Start,2770
08/01/2023,Age,19-64 Years,01 To 18 Weeks,2054855
08/01/2023,Age,19-64 Years,18 To 52 Weeks,1448275
08/01/2023,Age,19-64 Years,Over 52 Weeks,245810
08/01/2023,Age,19-64 Years,Total,3751715
08/01/2023,Age,Over 65 Years,Unknown Clock Start,1745
08/01/2023,Age,Over 65 Years,01 To 18 Weeks,1312905
08/01/2023,Age,Over 65 Years,18 To 52 Weeks,820125
08/01/2023,Age,Over 65 Years,Over 52 Weeks,119005
08/01/2023,Age,Over 65 Years,Total,2253785
08/01/2023,Sex,Female,Unknown Clock Start,3015
08/01/2023,Sex,Female,01 To 18 Weeks,2104830
08/01/2023,Sex,Female,18 To 52 Weeks,1433335
08/01/2023,Sex,Female,Over 52 Weeks,227425
08/01/2023,Sex,Female,Total,3768605
08/01/2023,Sex,Male,Unknown Clock Start,2255
08/01/2023,Sex,Male,01 To 18 Weeks,1634800
08/01/2023,Sex,Male,18 To 52 Weeks,1086680
08/01/2023,Sex,Male,Over 52 Weeks,169050
08/01/2023,Sex,Male,Total,2892785
15/01/2023,Age,0-18 Years,Unknown Clock Start,730
15/01/2023,Age,0-18 Years,01 To 18 Weeks,465135
15/01/2023,Age,0-18 Years,18 To 52 Weeks,322430
15/01/2023,Age,0-18 Years,Over 52 Weeks,49620
15/01/2023,Age,0-18 Years,Total,837910
15/01/2023,Age,19-64 Years,Unknown Clock Start,2335
15/01/2023,Age,19-64 Years,01 To 18 Weeks,2075000
15/01/2023,Age,19-64 Years,18 To 52 Weeks,1454860
15/01/2023,Age,19-64 Years,Over 52 Weeks,242725
15/01/2023,Age,19-64 Years,Total,3774920
15/01/2023,Age,Over 65 Years,Unknown Clock Start,1370
15/01/2023,Age,Over 65 Years,01 To 18 Weeks,1321615
15/01/2023,Age,Over 65 Years,18 To 52 Weeks,825800
15/01/2023,Age,Over 65 Years,Over 52 Weeks,117185
15/01/2023,Age,Over 65 Years,Total,2265970
15/01/2023,Sex,Female,Unknown Clock Start,2535
15/01/2023,Sex,Female,01 To 18 Weeks,2121285
15/01/2023,Sex,Female,18 To 52 Weeks,1441010
15/01/2023,Sex,Female,Over 52 Weeks,226745
15/01/2023,Sex,Female,Total,3791570
15/01/2023,Sex,Male,Unknown Clock Start,1860
15/01/2023,Sex,Male,01 To 18 Weeks,1659795
15/01/2023,Sex,Male,18 To 52 Weeks,1103700
15/01/2023,Sex,Male,Over 52 Weeks,172825
15/01/2023,Sex,Male,Total,2938175
22/01/2023,Age,0-18 Years,Unknown Clock Start,685
22/01/2023,Age,0-18 Years,01 To 18 Weeks,464890
22/01/2023,Age,0-18 Years,18 To 52 Weeks,310200
22/01/2023,Age,0-18 Years,Over 52 Weeks,41520
22/01/2023,Age,0-18 Years,Total,817295
22/01/2023,Age,19-64 Years,Unknown Clock Start,1225
22/01/2023,Age,19-64 Years,01 To 18 Weeks,2103870
22/01/2023,Age,19-64 Years,18 To 52 Weeks,1480305
22/01/2023,Age,19-64 Years,Over 52 Weeks,241655
22/01/2023,Age,19-64 Years,Total,3827060
22/01/2023,Age,Over 65 Years,Unknown Clock Start,620
22/01/2023,Age,Over 65 Years,01 To 18 Weeks,1332070
22/01/2023,Age,Over 65 Years,18 To 52 Weeks,839890
22/01/2023,Age,Over 65 Years,Over 52 Weeks,116025
22/01/2023,Age,Over 65 Years,Total,2288605
22/01/2023,Sex,Female,Unknown Clock Start,1445
22/01/2023,Sex,Female,01 To 18 Weeks,2143305
22/01/2023,Sex,Female,18 To 52 Weeks,1460255
22/01/2023,Sex,Female,Over 52 Weeks,223040
22/01/2023,Sex,Female,Total,3828040
22/01/2023,Sex,Male,Unknown Clock Start,1075
22/01/2023,Sex,Male,01 To 18 Weeks,1678400
22/01/2023,Sex,Male,18 To 52 Weeks,1111610
22/01/2023,Sex,Male,Over 52 Weeks,166105
22/01/2023,Sex,Male,Total,2957190
29/01/2023,Age,0-18 Years,Unknown Clock Start,1025
29/01/2023,Age,0-18 Years,01 To 18 Weeks,463925
29/01/2023,Age,0-18 Years,18 To 52 Weeks,303545
29/01/2023,Age,0-18 Years,Over 52 Weeks,40785
29/01/2023,Age,0-18 Years,Total,809280
29/01/2023,Age,19-64 Years,Unknown Clock Start,10955
29/01/2023,Age,19-64 Years,01 To 18 Weeks,2090350
29/01/2023,Age,19-64 Years,18 To 52 Weeks,1444055
29/01/2023,Age,19-64 Years,Over 52 Weeks,234280
29/01/2023,Age,19-64 Years,Total,3779640
29/01/2023,Age,Over 65 Years,Unknown Clock Start,5625
29/01/2023,Age,Over 65 Years,01 To 18 Weeks,1314590
29/01/2023,Age,Over 65 Years,18 To 52 Weeks,817820
29/01/2023,Age,Over 65 Years,Over 52 Weeks,112050
29/01/2023,Age,Over 65 Years,Total,2250090
29/01/2023,Sex,Female,Unknown Clock Start,10310
29/01/2023,Sex,Female,01 To 18 Weeks,2131745
29/01/2023,Sex,Female,18 To 52 Weeks,1425580
29/01/2023,Sex,Female,Over 52 Weeks,215905
29/01/2023,Sex,Female,Total,3783530
29/01/2023,Sex,Male,Unknown Clock Start,7170
29/01/2023,Sex,Male,01 To 18 Weeks,1672340
29/01/2023,Sex,Male,18 To 52 Weeks,1085395
29/01/2023,Sex,Male,Over 52 Weeks,161245
29/01/2023,Sex,Male,Total,2926150
05/02/2023,Age,0-18 Years,Unknown Clock Start,1055
05/02/2023,Age,0-18 Years,01 To 18 Weeks,474940
05/02/2023,Age,0-18 Years,18 To 52 Weeks,307285
05/02/2023,Age,0-18 Years,Over 52 Weeks,40540
05/02/2023,Age,0-18 Years,Total,823825
05/02/2023,Age,19-64 Years,Unknown Clock Start,10710
05/02/2023,Age,19-64 Years,01 To 18 Weeks,2134940
05/02/2023,Age,19-64 Years,18 To 52 Weeks,1474010
05/02/2023,Age,19-64 Years,Over 52 Weeks,231120
05/02/2023,Age,19-64 Years,Total,3850780
05/02/2023,Age,Over 65 Years,Unknown Clock Start,5380
05/02/2023,Age,Over 65 Years,01 To 18 Weeks,1362075
05/02/2023,Age,Over 65 Years,18 To 52 Weeks,840405
05/02/2023,Age,Over 65 Years,Over 52 Weeks,111215
05/02/2023,Age,Over 65 Years,Total,2319070
05/02/2023,Sex,Female,Unknown Clock Start,10140
05/02/2023,Sex,Female,01 To 18 Weeks,2184420
05/02/2023,Sex,Female,18 To 52 Weeks,1456415
05/02/2023,Sex,Female,Over 52 Weeks,213590
05/02/2023,Sex,Female,Total,3864565
05/02/2023,Sex,Male,Unknown Clock Start,6965
05/02/2023,Sex,Male,01 To 18 Weeks,1710690
05/02/2023,Sex,Male,18 To 52 Weeks,1107420
05/02/2023,Sex,Male,Over 52 Weeks,159380
05/02/2023,Sex,Male,Total,2984455
12/02/2023,Age,0-18 Years,Unknown Clock Start,990
12/02/2023,Age,0-18 Years,01 To 18 Weeks,475100
12/02/2023,Age,0-18 Years,18 To 52 Weeks,305830
12/02/2023,Age,0-18 Years,Over 52 Weeks,40440
12/02/2023,Age,0-18 Years,Total,822360
12/02/2023,Age,19-64 Years,Unknown Clock Start,10105
12/02/2023,Age,19-64 Years,01 To 18 Weeks,2115450
12/02/2023,Age,19-64 Years,18 To 52 Weeks,1463835
12/02/2023,Age,19-64 Years,Over 52 Weeks,227895
12/02/2023,Age,19-64 Years,Total,3817280
12/02/2023,Age,Over 65 Years,Unknown Clock Start,5160
12/02/2023,Age,Over 65 Years,01 To 18 Weeks,1329615
12/02/2023,Age,Over 65 Years,18 To 52 Weeks,832780
12/02/2023,Age,Over 65 Years,Over 52 Weeks,109180
12/02/2023,Age,Over 65 Years,Total,2276730
12/02/2023,Sex,Female,Unknown Clock Start,9495
12/02/2023,Sex,Female,01 To 18 Weeks,2153470
12/02/2023,Sex,Female,18 To 52 Weeks,1445295
12/02/2023,Sex,Female,Over 52 Weeks,210565
12/02/2023,Sex,Female,Total,3818825
12/02/2023,Sex,Male,Unknown Clock Start,6595
12/02/2023,Sex,Male,01 To 18 Weeks,1690125
12/02/2023,Sex,Male,18 To 52 Weeks,1098795
12/02/2023,Sex,Male,Over 52 Weeks,156970
12/02/2023,Sex,Male,Total,2952480
19/02/2023,Age,0-18 Years,Unknown Clock Start,755
19/02/2023,Age,0-18 Years,01 To 18 Weeks,479810
19/02/2023,Age,0-18 Years,18 To 52 Weeks,308980
19/02/2023,Age,0-18 Years,Over 52 Weeks,40815
19/02/2023,Age,0-18 Years,Total,830360
19/02/2023,Age,19-64 Years,Unknown Clock Start,2370
19/02/2023,Age,19-64 Years,01 To 18 Weeks,2135840
19/02/2023,Age,19-64 Years,18 To 52 Weeks,1477495
19/02/2023,Age,19-64 Years,Over 52 Weeks,226400
19/02/2023,Age,19-64 Years,Total,3842105
19/02/2023,Age,Over 65 Years,Unknown Clock Start,1415
19/02/2023,Age,Over 65 Years,01 To 18 Weeks,1337780
19/02/2023,Age,Over 65 Years,18 To 52 Weeks,838825
19/02/2023,Age,Over 65 Years,Over 52 Weeks,108325
19/02/2023,Age,Over 65 Years,Total,2286345
19/02/2023,Sex,Female,Unknown Clock Start,2565
19/02/2023,Sex,Female,01 To 18 Weeks,2170845
19/02/2023,Sex,Female,18 To 52 Weeks,1458370
19/02/2023,Sex,Female,Over 52 Weeks,209315
19/02/2023,Sex,Female,Total,3841095
19/02/2023,Sex,Male,Unknown Clock Start,1855
19/02/2023,Sex,Male,01 To 18 Weeks,1703435
19/02/2023,Sex,Male,18 To 52 Weeks,1109330
19/02/2023,Sex,Male,Over 52 Weeks,156015
19/02/2023,Sex,Male,Total,2970635
26/02/2023,Age,0-18 Years,Unknown Clock Start,755
26/02/2023,Age,0-18 Years,01 To 18 Weeks,480690
26/02/2023,Age,0-18 Years,18 To 52 Weeks,310470
26/02/2023,Age,0-18 Years,Over 52 Weeks,40860
26/02/2023,Age,0-18 Years,Total,832775
26/02/2023,Age,19-64 Years,Unknown Clock Start,2875
26/02/2023,Age,19-64 Years,01 To 18 Weeks,2137820
26/02/2023,Age,19-64 Years,18 To 52 Weeks,1482595
26/02/2023,Age,19-64 Years,Over 52 Weeks,223805
26/02/2023,Age,19-64 Years,Total,3847095
26/02/2023,Age,Over 65 Years,Unknown Clock Start,1620
26/02/2023,Age,Over 65 Years,01 To 18 Weeks,1340075
26/02/2023,Age,Over 65 Years,18 To 52 Weeks,841615
26/02/2023,Age,Over 65 Years,Over 52 Weeks,107055
26/02/2023,Age,Over 65 Years,Total,2290365
26/02/2023,Sex,Female,Unknown Clock Start,2940
26/02/2023,Sex,Female,01 To 18 Weeks,2175415
26/02/2023,Sex,Female,18 To 52 Weeks,1464175
26/02/2023,Sex,Female,Over 52 Weeks,206880
26/02/2023,Sex,Female,Total,3849410
26/02/2023,Sex,Male,Unknown Clock Start,2305
26/02/2023,Sex,Male,01 To 18 Weeks,1704655
26/02/2023,Sex,Male,18 To 52 Weeks,1113150
26/02/2023,Sex,Male,Over 52 Weeks,154510
26/02/2023,Sex,Male,Total,2974620
05/03/2023,Age,0-18 Years,Unknown Clock Start,1040
05/03/2023,Age,0-18 Years,01 To 18 Weeks,486740
05/03/2023,Age,0-18 Years,18 To 52 Weeks,309055
05/03/2023,Age,0-18 Years,Over 52 Weeks,40935
05/03/2023,Age,0-18 Years,Total,837775
05/03/2023,Age,19-64 Years,Unknown Clock Start,7010
05/03/2023,Age,19-64 Years,01 To 18 Weeks,2148150
05/03/2023,Age,19-64 Years,18 To 52 Weeks,1474945
05/03/2023,Age,19-64 Years,Over 52 Weeks,220760
05/03/2023,Age,19-64 Years,Total,3850860
05/03/2023,Age,Over 65 Years,Unknown Clock Start,3585
05/03/2023,Age,Over 65 Years,01 To 18 Weeks,1349440
05/03/2023,Age,Over 65 Years,18 To 52 Weeks,836910
05/03/2023,Age,Over 65 Years,Over 52 Weeks,105480
05/03/2023,Age,Over 65 Years,Total,2295415
05/03/2023,Sex,Female,Unknown Clock Start,6860
05/03/2023,Sex,Female,01 To 18 Weeks,2191110
05/03/2023,Sex,Female,18 To 52 Weeks,1456755
05/03/2023,Sex,Female,Over 52 Weeks,204450
05/03/2023,Sex,Female,Total,3859175
05/03/2023,Sex,Male,Unknown Clock Start,4590
05/03/2023,Sex,Male,01 To 18 Weeks,1716595
05/03/2023,Sex,Male,18 To 52 Weeks,1107065
05/03/2023,Sex,Male,Over 52 Weeks,152530
05/03/2023,Sex,Male,Total,2980775
12/03/2023,Age,0-18 Years,Unknown Clock Start,910
12/03/2023,Age,0-18 Years,01 To 18 Weeks,490085
12/03/2023,Age,0-18 Years,18 To 52 Weeks,309790
12/03/2023,Age,0-18 Years,Over 52 Weeks,41050
12/03/2023,Age,0-18 Years,Total,841835
12/03/2023,Age,19-64 Years,Unknown Clock Start,5760
12/03/2023,Age,19-64 Years,01 To 18 Weeks,2143890
12/03/2023,Age,19-64 Years,18 To 52 Weeks,1476845
12/03/2023,Age,19-64 Years,Over 52 Weeks,219670
12/03/2023,Age,19-64 Years,Total,3846170
12/03/2023,Age,Over 65 Years,Unknown Clock Start,3000
12/03/2023,Age,Over 65 Years,01 To 18 Weeks,1341615
12/03/2023,Age,Over 65 Years,18 To 52 Weeks,837225
12/03/2023,Age,Over 65 Years,Over 52 Weeks,104630
12/03/2023,Age,Over 65 Years,Total,2286470
12/03/2023,Sex,Female,Unknown Clock Start,5720
12/03/2023,Sex,Female,01 To 18 Weeks,2187015
12/03/2023,Sex,Female,18 To 52 Weeks,1459310
12/03/2023,Sex,Female,Over 52 Weeks,203765
12/03/2023,Sex,Female,Total,3855810
12/03/2023,Sex,Male,Unknown Clock Start,3765
12/03/2023,Sex,Male,01 To 18 Weeks,1711845
12/03/2023,Sex,Male,18 To 52 Weeks,1108270
12/03/2023,Sex,Male,Over 52 Weeks,151415
12/03/2023,Sex,Male,Total,2975295
19/03/2023,Age,0-18 Years,Unknown Clock Start,1000
19/03/2023,Age,0-18 Years,01 To 18 Weeks,492295
19/03/2023,Age,0-18 Years,18 To 52 Weeks,311500
19/03/2023,Age,0-18 Years,Over 52 Weeks,41630
19/03/2023,Age,0-18 Years,Total,846430
19/03/2023,Age,19-64 Years,Unknown Clock Start,5160
19/03/2023,Age,19-64 Years,01 To 18 Weeks,2144360
19/03/2023,Age,19-64 Years,18 To 52 Weeks,1482455
19/03/2023,Age,19-64 Years,Over 52 Weeks,220460
19/03/2023,Age,19-64 Years,Total,3852440
19/03/2023,Age,Over 65 Years,Unknown Clock Start,2785
19/03/2023,Age,Over 65 Years,01 To 18 Weeks,1346520
19/03/2023,Age,Over 65 Years,18 To 52 Weeks,839905
19/03/2023,Age,Over 65 Years,Over 52 Weeks,105105
19/03/2023,Age,Over 65 Years,Total,2294315
19/03/2023,Sex,Female,Unknown Clock Start,5220
19/03/2023,Sex,Female,01 To 18 Weeks,2190410
19/03/2023,Sex,Female,18 To 52 Weeks,1465000
19/03/2023,Sex,Female,Over 52 Weeks,204670
19/03/2023,Sex,Female,Total,3865300
19/03/2023,Sex,Male,Unknown Clock Start,3865
19/03/2023,Sex,Male,01 To 18 Weeks,1715855
19/03/2023,Sex,Male,18 To 52 Weeks,1113160
19/03/2023,Sex,Male,Over 52 Weeks,152200
19/03/2023,Sex,Male,Total,2985085
26/03/2023,Age,0-18 Years,Unknown Clock Start,955
26/03/2023,Age,0-18 Years,01 To 18 Weeks,497045
26/03/2023,Age,0-18 Years,18 To 52 Weeks,314300
26/03/2023,Age,0-18 Years,Over 52 Weeks,41980
26/03/2023,Age,0-18 Years,Total,854280
26/03/2023,Age,19-64 Years,Unknown Clock Start,4810
26/03/2023,Age,19-64 Years,01 To 18 Weeks,2149115
26/03/2023,Age,19-64 Years,18 To 52 Weeks,1491785
26/03/2023,Age,19-64 Years,Over 52 Weeks,218465
26/03/2023,Age,19-64 Years,Total,3864175
26/03/2023,Age,Over 65 Years,Unknown Clock Start,2615
26/03/2023,Age,Over 65 Years,01 To 18 Weeks,1342410
26/03/2023,Age,Over 65 Years,18 To 52 Weeks,842945
26/03/2023,Age,Over 65 Years,Over 52 Weeks,104295
26/03/2023,Age,Over 65 Years,Total,2292260
26/03/2023,Sex,Female,Unknown Clock Start,4770
26/03/2023,Sex,Female,01 To 18 Weeks,2194115
26/03/2023,Sex,Female,18 To 52 Weeks,1474275
26/03/2023,Sex,Female,Over 52 Weeks,203000
26/03/2023,Sex,Female,Total,3876160
26/03/2023,Sex,Male,Unknown Clock Start,3420
26/03/2023,Sex,Male,01 To 18 Weeks,1716810
26/03/2023,Sex,Male,18 To 52 Weeks,1119095
26/03/2023,Sex,Male,Over 52 Weeks,151280
26/03/2023,Sex,Male,Total,2990600
02/04/2023,Age,0-18 Years,Unknown Clock Start,895
02/04/2023,Age,0-18 Years,01 To 18 Weeks,489125
02/04/2023,Age,0-18 Years,18 To 52 Weeks,309275
02/04/2023,Age,0-18 Years,Over 52 Weeks,41105
02/04/2023,Age,0-18 Years,Total,840405
02/04/2023,Age,19-64 Years,Unknown Clock Start,2995
02/04/2023,Age,19-64 Years,01 To 18 Weeks,2096325
02/04/2023,Age,19-64 Years,18 To 52 Weeks,1461240
02/04/2023,Age,19-64 Years,Over 52 Weeks,212245
02/04/2023,Age,19-64 Years,Total,3772805
02/04/2023,Age,Over 65 Years,Unknown Clock Start,1760
02/04/2023,Age,Over 65 Years,01 To 18 Weeks,1313780
02/04/2023,Age,Over 65 Years,18 To 52 Weeks,826880
02/04/2023,Age,Over 65 Years,Over 52 Weeks,101835
02/04/2023,Age,Over 65 Years,Total,2244260
02/04/2023,Sex,Female,Unknown Clock Start,3120
02/04/2023,Sex,Female,01 To 18 Weeks,2143940
02/04/2023,Sex,Female,18 To 52 Weeks,1444580
02/04/2023,Sex,Female,Over 52 Weeks,197775
02/04/2023,Sex,Female,Total,3789410
02/04/2023,Sex,Male,Unknown Clock Start,2385
02/04/2023,Sex,Male,01 To 18 Weeks,1678400
02/04/2023,Sex,Male,18 To 52 Weeks,1096450
02/04/2023,Sex,Male,Over 52 Weeks,147005
02/04/2023,Sex,Male,Total,2924240
09/04/2023,Age,0-18 Years,Unknown Clock Start,680
09/04/2023,Age,0-18 Years,01 To 18 Weeks,494380
09/04/2023,Age,0-18 Years,18 To 52 Weeks,319800
09/04/2023,Age,0-18 Years,Over 52 Weeks,43450
09/04/2023,Age,0-18 Years,Total,858305
09/04/2023,Age,19-64 Years,Unknown Clock Start,1265
09/04/2023,Age,19-64 Years,01 To 18 Weeks,2149755
09/04/2023,Age,19-64 Years,18 To 52 Weeks,1512575
09/04/2023,Age,19-64 Years,Over 52 Weeks,222480
09/04/2023,Age,19-64 Years,Total,3886075
09/04/2023,Age,Over 65 Years,Unknown Clock Start,760
09/04/2023,Age,Over 65 Years,01 To 18 Weeks,1348210
09/04/2023,Age,Over 65 Years,18 To 52 Weeks,853720
09/04/2023,Age,Over 65 Years,Over 52 Weeks,106860
09/04/2023,Age,Over 65 Years,Total,2309555
09/04/2023,Sex,Female,Unknown Clock Start,1195
09/04/2023,Sex,Female,01 To 18 Weeks,2196975
09/04/2023,Sex,Female,18 To 52 Weeks,1494635
09/04/2023,Sex,Female,Over 52 Weeks,207360
09/04/2023,Sex,Female,Total,3900165
09/04/2023,Sex,Male,Unknown Clock Start,910
09/04/2023,Sex,Male,01 To 18 Weeks,1718325
09/04/2023,Sex,Male,18 To 52 Weeks,1134590
09/04/2023,Sex,Male,Over 52 Weeks,154760
09/04/2023,Sex,Male,Total,3008585
16/04/2023,Age,0-18 Years,Unknown Clock Start,25160
16/04/2023,Age,0-18 Years,01 To 18 Weeks,483720
16/04/2023,Age,0-18 Years,18 To 52 Weeks,315215
16/04/2023,Age,0-18 Years,Over 52 Weeks,44260
16/04/2023,Age,0-18 Years,Total,868355
16/04/2023,Age,19-64 Years,Unknown Clock Start,2090
16/04/2023,Age,19-64 Years,01 To 18 Weeks,2155020
16/04/2023,Age,19-64 Years,18 To 52 Weeks,1535370
16/04/2023,Age,19-64 Years,Over 52 Weeks,225925
16/04/2023,Age,19-64 Years,Total,3918405
16/04/2023,Age,Over 65 Years,Unknown Clock Start,1175
16/04/2023,Age,Over 65 Years,01 To 18 Weeks,1351490
16/04/2023,Age,Over 65 Years,18 To 52 Weeks,865625
16/04/2023,Age,Over 65 Years,Over 52 Weeks,108715
16/04/2023,Age,Over 65 Years,Total,2327005
16/04/2023,Sex,Female,Unknown Clock Start,13255
16/04/2023,Sex,Female,01 To 18 Weeks,2197340
16/04/2023,Sex,Female,18 To 52 Weeks,1512200
16/04/2023,Sex,Female,Over 52 Weeks,210590
16/04/2023,Sex,Female,Total,3933380
16/04/2023,Sex,Male,Unknown Clock Start,15130
16/04/2023,Sex,Male,01 To 18 Weeks,1716710
16/04/2023,Sex,Male,18 To 52 Weeks,1145870
16/04/2023,Sex,Male,Over 52 Weeks,157290
16/04/2023,Sex,Male,Total,3035000
23/04/2023,Age,0-18 Years,Unknown Clock Start,840
23/04/2023,Age,0-18 Years,01 To 18 Weeks,490385
23/04/2023,Age,0-18 Years,18 To 52 Weeks,320240
23/04/2023,Age,0-18 Years,Over 52 Weeks,44060
23/04/2023,Age,0-18 Years,Total,855530
23/04/2023,Age,19-64 Years,Unknown Clock Start,2665
23/04/2023,Age,19-64 Years,01 To 18 Weeks,2107420
23/04/2023,Age,19-64 Years,18 To 52 Weeks,1487030
23/04/2023,Age,19-64 Years,Over 52 Weeks,217735
23/04/2023,Age,19-64 Years,Total,3814845
23/04/2023,Age,Over 65 Years,Unknown Clock Start,1555
23/04/2023,Age,Over 65 Years,01 To 18 Weeks,1323975
23/04/2023,Age,Over 65 Years,18 To 52 Weeks,838995
23/04/2023,Age,Over 65 Years,Over 52 Weeks,104960
23/04/2023,Age,Over 65 Years,Total,2269485
23/04/2023,Sex,Female,Unknown Clock Start,2880
23/04/2023,Sex,Female,01 To 18 Weeks,2166190
23/04/2023,Sex,Female,18 To 52 Weeks,1472440
23/04/2023,Sex,Female,Over 52 Weeks,203220
23/04/2023,Sex,Female,Total,3844730
23/04/2023,Sex,Male,Unknown Clock Start,1980
23/04/2023,Sex,Male,01 To 18 Weeks,1694385
23/04/2023,Sex,Male,18 To 52 Weeks,1120040
23/04/2023,Sex,Male,Over 52 Weeks,152560
23/04/2023,Sex,Male,Total,2968960
30/04/2023,Age,0-18 Years,Unknown Clock Start,25695
30/04/2023,Age,0-18 Years,01 To 18 Weeks,482955
30/04/2023,Age,0-18 Years,18 To 52 Weeks,308595
30/04/2023,Age,0-18 Years,Over 52 Weeks,44045
30/04/2023,Age,0-18 Years,Total,861290
30/04/2023,Age,19-64 Years,Unknown Clock Start,1825
30/04/2023,Age,19-64 Years,01 To 18 Weeks,2146885
30/04/2023,Age,19-64 Years,18 To 52 Weeks,1496920
30/04/2023,Age,19-64 Years,Over 52 Weeks,221465
30/04/2023,Age,19-64 Years,Total,3867090
30/04/2023,Age,Over 65 Years,Unknown Clock Start,950
30/04/2023,Age,Over 65 Years,01 To 18 Weeks,1344305
30/04/2023,Age,Over 65 Years,18 To 52 Weeks,839520
30/04/2023,Age,Over 65 Years,Over 52 Weeks,106315
30/04/2023,Age,Over 65 Years,Total,2291090
30/04/2023,Sex,Female,Unknown Clock Start,13150
30/04/2023,Sex,Female,01 To 18 Weeks,2198195
30/04/2023,Sex,Female,18 To 52 Weeks,1472100
30/04/2023,Sex,Female,Over 52 Weeks,206430
30/04/2023,Sex,Female,Total,3889880
30/04/2023,Sex,Male,Unknown Clock Start,15160
30/04/2023,Sex,Male,01 To 18 Weeks,1713305
30/04/2023,Sex,Male,18 To 52 Weeks,1118655
30/04/2023,Sex,Male,Over 52 Weeks,154370
30/04/2023,Sex,Male,Total,3001495
07/05/2023,Age,0-18 Years,Unknown Clock Start,765
07/05/2023,Age,0-18 Years,01 To 18 Weeks,507065
07/05/2023,Age,0-18 Years,18 To 52 Weeks,312225
07/05/2023,Age,0-18 Years,Over 52 Weeks,45380
07/05/2023,Age,0-18 Years,Total,865430
07/05/2023,Age,19-64 Years,Unknown Clock Start,1930
07/05/2023,Age,19-64 Years,01 To 18 Weeks,2210325
07/05/2023,Age,19-64 Years,18 To 52 Weeks,1476185
07/05/2023,Age,19-64 Years,Over 52 Weeks,224600
07/05/2023,Age,19-64 Years,Total,3913040
07/05/2023,Age,Over 65 Years,Unknown Clock Start,1060
07/05/2023,Age,Over 65 Years,01 To 18 Weeks,1384305
07/05/2023,Age,Over 65 Years,18 To 52 Weeks,827020
07/05/2023,Age,Over 65 Years,Over 52 Weeks,109375
07/05/2023,Age,Over 65 Years,Total,2321760
07/05/2023,Sex,Female,Unknown Clock Start,2135
07/05/2023,Sex,Female,01 To 18 Weeks,2261495
07/05/2023,Sex,Female,18 To 52 Weeks,1451525
07/05/2023,Sex,Female,Over 52 Weeks,210645
07/05/2023,Sex,Female,Total,3925805
07/05/2023,Sex,Male,Unknown Clock Start,1510
07/05/2023,Sex,Male,01 To 18 Weeks,1760850
07/05/2023,Sex,Male,18 To 52 Weeks,1106460
07/05/2023,Sex,Male,Over 52 Weeks,157490
07/05/2023,Sex,Male,Total,3026305
14/05/2023,Age,0-18 Years,Unknown Clock Start,890
14/05/2023,Age,0-18 Years,01 To 18 Weeks,515170
14/05/2023,Age,0-18 Years,18 To 52 Weeks,312905
14/05/2023,Age,0-18 Years,Over 52 Weeks,46505
14/05/2023,Age,0-18 Years,Total,875465
14/05/2023,Age,19-64 Years,Unknown Clock Start,2440
14/05/2023,Age,19-64 Years,01 To 18 Weeks,2243315
14/05/2023,Age,19-64 Years,18 To 52 Weeks,1473625
14/05/2023,Age,19-64 Years,Over 52 Weeks,227090
14/05/2023,Age,19-64 Years,Total,3946465
14/05/2023,Age,Over 65 Years,Unknown Clock Start,1440
14/05/2023,Age,Over 65 Years,01 To 18 Weeks,1405930
14/05/2023,Age,Over 65 Years,18 To 52 Weeks,824105
14/05/2023,Age,Over 65 Years,Over 52 Weeks,110570
14/05/2023,Age,Over 65 Years,Total,2342045
14/05/2023,Sex,Female,Unknown Clock Start,2705
14/05/2023,Sex,Female,01 To 18 Weeks,2299370
14/05/2023,Sex,Female,18 To 52 Weeks,1447425
14/05/2023,Sex,Female,Over 52 Weeks,212540
14/05/2023,Sex,Female,Total,3962040
14/05/2023,Sex,Male,Unknown Clock Start,1910
14/05/2023,Sex,Male,01 To 18 Weeks,1785445
14/05/2023,Sex,Male,18 To 52 Weeks,1105685
14/05/2023,Sex,Male,Over 52 Weeks,159755
14/05/2023,Sex,Male,Total,3052795
21/05/2023,Age,0-18 Years,Unknown Clock Start,915
21/05/2023,Age,0-18 Years,01 To 18 Weeks,516845
21/05/2023,Age,0-18 Years,18 To 52 Weeks,312915
21/05/2023,Age,0-18 Years,Over 52 Weeks,47010
21/05/2023,Age,0-18 Years,Total,877685
21/05/2023,Age,19-64 Years,Unknown Clock Start,2270
21/05/2023,Age,19-64 Years,01 To 18 Weeks,2247195
21/05/2023,Age,19-64 Years,18 To 52 Weeks,1469520
21/05/2023,Age,19-64 Years,Over 52 Weeks,227150
21/05/2023,Age,19-64 Years,Total,3946135
21/05/2023,Age,Over 65 Years,Unknown Clock Start,1260
21/05/2023,Age,Over 65 Years,01 To 18 Weeks,1409645
21/05/2023,Age,Over 65 Years,18 To 52 Weeks,821355
21/05/2023,Age,Over 65 Years,Over 52 Weeks,110610
21/05/2023,Age,Over 65 Years,Total,2342870
21/05/2023,Sex,Female,Unknown Clock Start,2470
21/05/2023,Sex,Female,01 To 18 Weeks,2306900
21/05/2023,Sex,Female,18 To 52 Weeks,1442840
21/05/2023,Sex,Female,Over 52 Weeks,212645
21/05/2023,Sex,Female,Total,3964860
21/05/2023,Sex,Male,Unknown Clock Start,1745
21/05/2023,Sex,Male,01 To 18 Weeks,1784960
21/05/2023,Sex,Male,18 To 52 Weeks,1102795
21/05/2023,Sex,Male,Over 52 Weeks,159980
21/05/2023,Sex,Male,Total,3049480
28/05/2023,Age,0-18 Years,Unknown Clock Start,750
28/05/2023,Age,0-18 Years,01 To 18 Weeks,517010
28/05/2023,Age,0-18 Years,18 To 52 Weeks,314435
28/05/2023,Age,0-18 Years,Over 52 Weeks,47705
28/05/2023,Age,0-18 Years,Total,879900
28/05/2023,Age,19-64 Years,Unknown Clock Start,1960
28/05/2023,Age,19-64 Years,01 To 18 Weeks,2251195
28/05/2023,Age,19-64 Years,18 To 52 Weeks,1473295
28/05/2023,Age,19-64 Years,Over 52 Weeks,227665
28/05/2023,Age,19-64 Years,Total,3954110
28/05/2023,Age,Over 65 Years,Unknown Clock Start,1090
28/05/2023,Age,Over 65 Years,01 To 18 Weeks,1415305
28/05/2023,Age,Over 65 Years,18 To 52 Weeks,820395
28/05/2023,Age,Over 65 Years,Over 52 Weeks,111070
28/05/2023,Age,Over 65 Years,Total,2347860
28/05/2023,Sex,Female,Unknown Clock Start,2165
28/05/2023,Sex,Female,01 To 18 Weeks,2314380
28/05/2023,Sex,Female,18 To 52 Weeks,1444055
28/05/2023,Sex,Female,Over 52 Weeks,213510
28/05/2023,Sex,Female,Total,3974105
28/05/2023,Sex,Male,Unknown Clock Start,1490
28/05/2023,Sex,Male,01 To 18 Weeks,1789285
28/05/2023,Sex,Male,18 To 52 Weeks,1106305
28/05/2023,Sex,Male,Over 52 Weeks,160740
28/05/2023,Sex,Male,Total,3057820
04/06/2023,Age,0-18 Years,Unknown Clock Start,820
04/06/2023,Age,0-18 Years,01 To 18 Weeks,515555
04/06/2023,Age,0-18 Years,18 To 52 Weeks,322235
04/06/2023,Age,0-18 Years,Over 52 Weeks,47355
04/06/2023,Age,0-18 Years,Total,885965
04/06/2023,Age,19-64 Years,Unknown Clock Start,2260
04/06/2023,Age,19-64 Years,01 To 18 Weeks,2248875
04/06/2023,Age,19-64 Years,18 To 52 Weeks,1502430
04/06/2023,Age,19-64 Years,Over 52 Weeks,225215
04/06/2023,Age,19-64 Years,Total,3978780
04/06/2023,Age,Over 65 Years,Unknown Clock Start,1285
04/06/2023,Age,Over 65 Years,01 To 18 Weeks,1418295
04/06/2023,Age,Over 65 Years,18 To 52 Weeks,835775
04/06/2023,Age,Over 65 Years,Over 52 Weeks,110105
04/06/2023,Age,Over 65 Years,Total,2365465
04/06/2023,Sex,Female,Unknown Clock Start,2390
04/06/2023,Sex,Female,01 To 18 Weeks,2313890
04/06/2023,Sex,Female,18 To 52 Weeks,1471415
04/06/2023,Sex,Female,Over 52 Weeks,211200
04/06/2023,Sex,Female,Total,3998895
04/06/2023,Sex,Male,Unknown Clock Start,1765
04/06/2023,Sex,Male,01 To 18 Weeks,1787750
04/06/2023,Sex,Male,18 To 52 Weeks,1128695
04/06/2023,Sex,Male,Over 52 Weeks,159300
04/06/2023,Sex,Male,Total,3077515
11/06/2023,Age,0-18 Years,Unknown Clock Start,875
11/06/2023,Age,0-18 Years,01 To 18 Weeks,509935
11/06/2023,Age,0-18 Years,18 To 52 Weeks,323415
11/06/2023,Age,0-18 Years,Over 52 Weeks,47520
11/06/2023,Age,0-18 Years,Total,881750
11/06/2023,Age,19-64 Years,Unknown Clock Start,2485
11/06/2023,Age,19-64 Years,01 To 18 Weeks,2218030
11/06/2023,Age,19-64 Years,18 To 52 Weeks,1493615
11/06/2023,Age,19-64 Years,Over 52 Weeks,223770
11/06/2023,Age,19-64 Years,Total,3937900
11/06/2023,Age,Over 65 Years,Unknown Clock Start,1360
11/06/2023,Age,Over 65 Years,01 To 18 Weeks,1405220
11/06/2023,Age,Over 65 Years,18 To 52 Weeks,830210
11/06/2023,Age,Over 65 Years,Over 52 Weeks,109265
11/06/2023,Age,Over 65 Years,Total,2346055
11/06/2023,Sex,Female,Unknown Clock Start,2655
11/06/2023,Sex,Female,01 To 18 Weeks,2286845
11/06/2023,Sex,Female,18 To 52 Weeks,1462650
11/06/2023,Sex,Female,Over 52 Weeks,209580
11/06/2023,Sex,Female,Total,3961730
11/06/2023,Sex,Male,Unknown Clock Start,1880
11/06/2023,Sex,Male,01 To 18 Weeks,1764850
11/06/2023,Sex,Male,18 To 52 Weeks,1123125
11/06/2023,Sex,Male,Over 52 Weeks,158290
11/06/2023,Sex,Male,Total,3048145
18/06/2023,Age,0-18 Years,Unknown Clock Start,820
18/06/2023,Age,0-18 Years,01 To 18 Weeks,509130
18/06/2023,Age,0-18 Years,18 To 52 Weeks,325370
18/06/2023,Age,0-18 Years,Over 52 Weeks,48480
18/06/2023,Age,0-18 Years,Total,883795
18/06/2023,Age,19-64 Years,Unknown Clock Start,2465
18/06/2023,Age,19-64 Years,01 To 18 Weeks,2235680
18/06/2023,Age,19-64 Years,18 To 52 Weeks,1507670
18/06/2023,Age,19-64 Years,Over 52 Weeks,226640
18/06/2023,Age,19-64 Years,Total,3972455
18/06/2023,Age,Over 65 Years,Unknown Clock Start,1410
18/06/2023,Age,Over 65 Years,01 To 18 Weeks,1421325
18/06/2023,Age,Over 65 Years,18 To 52 Weeks,836855
18/06/2023,Age,Over 65 Years,Over 52 Weeks,110860
18/06/2023,Age,Over 65 Years,Total,2370455
18/06/2023,Sex,Female,Unknown Clock Start,2605
18/06/2023,Sex,Female,01 To 18 Weeks,2305730
18/06/2023,Sex,Female,18 To 52 Weeks,1475055
18/06/2023,Sex,Female,Over 52 Weeks,211890
18/06/2023,Sex,Female,Total,3995280
18/06/2023,Sex,Male,Unknown Clock Start,1855
18/06/2023,Sex,Male,01 To 18 Weeks,1777280
18/06/2023,Sex,Male,18 To 52 Weeks,1132305
18/06/2023,Sex,Male,Over 52 Weeks,161045
18/06/2023,Sex,Male,Total,3072480
25/06/2023,Age,0-18 Years,Unknown Clock Start,885
25/06/2023,Age,0-18 Years,01 To 18 Weeks,503755
25/06/2023,Age,0-18 Years,18 To 52 Weeks,324510
25/06/2023,Age,0-18 Years,Over 52 Weeks,48655
25/06/2023,Age,0-18 Years,Total,877800
25/06/2023,Age,19-64 Years,Unknown Clock Start,3035
25/06/2023,Age,19-64 Years,01 To 18 Weeks,2230235
25/06/2023,Age,19-64 Years,18 To 52 Weeks,1502880
25/06/2023,Age,19-64 Years,Over 52 Weeks,226190
25/06/2023,Age,19-64 Years,Total,3962340
25/06/2023,Age,Over 65 Years,Unknown Clock Start,1715
25/06/2023,Age,Over 65 Years,01 To 18 Weeks,1421650
25/06/2023,Age,Over 65 Years,18 To 52 Weeks,833570
25/06/2023,Age,Over 65 Years,Over 52 Weeks,111200
25/06/2023,Age,Over 65 Years,Total,2368130
25/06/2023,Sex,Female,Unknown Clock Start,3200
25/06/2023,Sex,Female,01 To 18 Weeks,2304285
25/06/2023,Sex,Female,18 To 52 Weeks,1472245
25/06/2023,Sex,Female,Over 52 Weeks,211905
25/06/2023,Sex,Female,Total,3991640
25/06/2023,Sex,Male,Unknown Clock Start,2265
25/06/2023,Sex,Male,01 To 18 Weeks,1767835
25/06/2023,Sex,Male,18 To 52 Weeks,1125020
25/06/2023,Sex,Male,Over 52 Weeks,160970
25/06/2023,Sex,Male,Total,3056090
02/07/2023,Age,0-18 Years,Unknown Clock Start,825
02/07/2023,Age,0-18 Years,01 To 18 Weeks,498425
02/07/2023,Age,0-18 Years,18 To 52 Weeks,323895
02/07/2023,Age,0-18 Years,Over 52 Weeks,48385
02/07/2023,Age,0-18 Years,Total,871535
02/07/2023,Age,19-64 Years,Unknown Clock Start,2620
02/07/2023,Age,19-64 Years,01 To 18 Weeks,2221310
02/07/2023,Age,19-64 Years,18 To 52 Weeks,1501440
02/07/2023,Age,19-64 Years,Over 52 Weeks,226355
02/07/2023,Age,19-64 Years,Total,3951725
02/07/2023,Age,Over 65 Years,Unknown Clock Start,1395
02/07/2023,Age,Over 65 Years,01 To 18 Weeks,1421155
02/07/2023,Age,Over 65 Years,18 To 52 Weeks,830140
02/07/2023,Age,Over 65 Years,Over 52 Weeks,111565
02/07/2023,Age,Over 65 Years,Total,2364255
02/07/2023,Sex,Female,Unknown Clock Start,2700
02/07/2023,Sex,Female,01 To 18 Weeks,2296215
02/07/2023,Sex,Female,18 To 52 Weeks,1469430
02/07/2023,Sex,Female,Over 52 Weeks,212285
02/07/2023,Sex,Female,Total,3980625
02/07/2023,Sex,Male,Unknown Clock Start,1995
02/07/2023,Sex,Male,01 To 18 Weeks,1759690
02/07/2023,Sex,Male,18 To 52 Weeks,1121505
02/07/2023,Sex,Male,Over 52 Weeks,160600
02/07/2023,Sex,Male,Total,3043795
09/07/2023,Age,0-18 Years,Unknown Clock Start,785
09/07/2023,Age,0-18 Years,01 To 18 Weeks,501005
09/07/2023,Age,0-18 Years,18 To 52 Weeks,329710
09/07/2023,Age,0-18 Years,Over 52 Weeks,49420
09/07/2023,Age,0-18 Years,Total,880920
09/07/2023,Age,19-64 Years,Unknown Clock Start,2355
09/07/2023,Age,19-64 Years,01 To 18 Weeks,2239615
09/07/2023,Age,19-64 Years,18 To 52 Weeks,1521900
09/07/2023,Age,19-64 Years,Over 52 Weeks,227985
09/07/2023,Age,19-64 Years,Total,3991855
09/07/2023,Age,Over 65 Years,Unknown Clock Start,1310
09/07/2023,Age,Over 65 Years,01 To 18 Weeks,1438450
09/07/2023,Age,Over 65 Years,18 To 52 Weeks,841505
09/07/2023,Age,Over 65 Years,Over 52 Weeks,112555
09/07/2023,Age,Over 65 Years,Total,2393820
09/07/2023,Sex,Female,Unknown Clock Start,2470
09/07/2023,Sex,Female,01 To 18 Weeks,2316205
09/07/2023,Sex,Female,18 To 52 Weeks,1489935
09/07/2023,Sex,Female,Over 52 Weeks,213835
09/07/2023,Sex,Female,Total,4022450
09/07/2023,Sex,Male,Unknown Clock Start,1815
09/07/2023,Sex,Male,01 To 18 Weeks,1775910
09/07/2023,Sex,Male,18 To 52 Weeks,1137725
09/07/2023,Sex,Male,Over 52 Weeks,162510
09/07/2023,Sex,Male,Total,3077960
16/07/2023,Age,0-18 Years,Unknown Clock Start,885
16/07/2023,Age,0-18 Years,01 To 18 Weeks,494745
16/07/2023,Age,0-18 Years,18 To 52 Weeks,329865
16/07/2023,Age,0-18 Years,Over 52 Weeks,49370
16/07/2023,Age,0-18 Years,Total,874855
16/07/2023,Age,19-64 Years,Unknown Clock Start,2705
16/07/2023,Age,19-64 Years,01 To 18 Weeks,2221625
16/07/2023,Age,19-64 Years,18 To 52 Weeks,1519560
16/07/2023,Age,19-64 Years,Over 52 Weeks,227235
16/07/2023,Age,19-64 Years,Total,3971120
16/07/2023,Age,Over 65 Years,Unknown Clock Start,1510
16/07/2023,Age,Over 65 Years,01 To 18 Weeks,1429555
16/07/2023,Age,Over 65 Years,18 To 52 Weeks,837805
16/07/2023,Age,Over 65 Years,Over 52 Weeks,112400
16/07/2023,Age,Over 65 Years,Total,2381270
16/07/2023,Sex,Female,Unknown Clock Start,2780
16/07/2023,Sex,Female,01 To 18 Weeks,2296715
16/07/2023,Sex,Female,18 To 52 Weeks,1486765
16/07/2023,Sex,Female,Over 52 Weeks,213005
16/07/2023,Sex,Female,Total,3999260
16/07/2023,Sex,Male,Unknown Clock Start,2060
16/07/2023,Sex,Male,01 To 18 Weeks,1760850
16/07/2023,Sex,Male,18 To 52 Weeks,1134320
16/07/2023,Sex,Male,Over 52 Weeks,162125
16/07/2023,Sex,Male,Total,3059355
23/07/2023,Age,0-18 Years,Unknown Clock Start,865
23/07/2023,Age,0-18 Years,01 To 18 Weeks,496110
23/07/2023,Age,0-18 Years,18 To 52 Weeks,336325
23/07/2023,Age,0-18 Years,Over 52 Weeks,50390
23/07/2023,Age,0-18 Years,Total,883690
23/07/2023,Age,19-64 Years,Unknown Clock Start,1860
23/07/2023,Age,19-64 Years,01 To 18 Weeks,2224470
23/07/2023,Age,19-64 Years,18 To 52 Weeks,1531170
23/07/2023,Age,19-64 Years,Over 52 Weeks,229425
23/07/2023,Age,19-64 Years,Total,3986925
23/07/2023,Age,Over 65 Years,Unknown Clock Start,1090
23/07/2023,Age,Over 65 Years,01 To 18 Weeks,1441550
23/07/2023,Age,Over 65 Years,18 To 52 Weeks,843705
23/07/2023,Age,Over 65 Years,Over 52 Weeks,113625
23/07/2023,Age,Over 65 Years,Total,2399965
23/07/2023,Sex,Female,Unknown Clock Start,2190
23/07/2023,Sex,Female,01 To 18 Weeks,2306800
23/07/2023,Sex,Female,18 To 52 Weeks,1501785
23/07/2023,Sex,Female,Over 52 Weeks,215650
23/07/2023,Sex,Female,Total,4026420
23/07/2023,Sex,Male,Unknown Clock Start,1620
23/07/2023,Sex,Male,01 To 18 Weeks,1767930
23/07/2023,Sex,Male,18 To 52 Weeks,1142605
23/07/2023,Sex,Male,Over 52 Weeks,163745
23/07/2023,Sex,Male,Total,3075905
30/07/2023,Age,0-18 Years,Unknown Clock Start,835
30/07/2023,Age,0-18 Years,01 To 18 Weeks,492360
30/07/2023,Age,0-18 Years,18 To 52 Weeks,340010
30/07/2023,Age,0-18 Years,Over 52 Weeks,50010
30/07/2023,Age,0-18 Years,Total,883215
30/07/2023,Age,19-64 Years,Unknown Clock Start,2365
30/07/2023,Age,19-64 Years,01 To 18 Weeks,2243890
30/07/2023,Age,19-64 Years,18 To 52 Weeks,1549780
30/07/2023,Age,19-64 Years,Over 52 Weeks,229570
30/07/2023,Age,19-64 Years,Total,4025605
30/07/2023,Age,Over 65 Years,Unknown Clock Start,1320
30/07/2023,Age,Over 65 Years,01 To 18 Weeks,1454875
30/07/2023,Age,Over 65 Years,18 To 52 Weeks,851645
30/07/2023,Age,Over 65 Years,Over 52 Weeks,114150
30/07/2023,Age,Over 65 Years,Total,2421990
30/07/2023,Sex,Female,Unknown Clock Start,2515
30/07/2023,Sex,Female,01 To 18 Weeks,2320445
30/07/2023,Sex,Female,18 To 52 Weeks,1516900
30/07/2023,Sex,Female,Over 52 Weeks,215190
30/07/2023,Sex,Female,Total,4055050
30/07/2023,Sex,Male,Unknown Clock Start,1830
30/07/2023,Sex,Male,01 To 18 Weeks,1780595
30/07/2023,Sex,Male,18 To 52 Weeks,1156785
30/07/2023,Sex,Male,Over 52 Weeks,164155
30/07/2023,Sex,Male,Total,3103365
06/08/2023,Age,0-18 Years,Unknown Clock Start,970
06/08/2023,Age,0-18 Years,01 To 18 Weeks,482730
06/08/2023,Age,0-18 Years,18 To 52 Weeks,338695
06/08/2023,Age,0-18 Years,Over 52 Weeks,49305
06/08/2023,Age,0-18 Years,Total,871705
06/08/2023,Age,19-64 Years,Unknown Clock Start,2295
06/08/2023,Age,19-64 Years,01 To 18 Weeks,2192980
06/08/2023,Age,19-64 Years,18 To 52 Weeks,1518660
06/08/2023,Age,19-64 Years,Over 52 Weeks,225610
06/08/2023,Age,19-64 Years,Total,3939545
06/08/2023,Age,Over 65 Years,Unknown Clock Start,1335
06/08/2023,Age,Over 65 Years,01 To 18 Weeks,1428605
06/08/2023,Age,Over 65 Years,18 To 52 Weeks,837625
06/08/2023,Age,Over 65 Years,Over 52 Weeks,112975
06/08/2023,Age,Over 65 Years,Total,2380540
06/08/2023,Sex,Female,Unknown Clock Start,2580
06/08/2023,Sex,Female,01 To 18 Weeks,2270630
06/08/2023,Sex,Female,18 To 52 Weeks,1490285
06/08/2023,Sex,Female,Over 52 Weeks,211690
06/08/2023,Sex,Female,Total,3975185
06/08/2023,Sex,Male,Unknown Clock Start,1870
06/08/2023,Sex,Male,01 To 18 Weeks,1742075
06/08/2023,Sex,Male,18 To 52 Weeks,1134560
06/08/2023,Sex,Male,Over 52 Weeks,161400
06/08/2023,Sex,Male,Total,3039905
13/08/2023,Age,0-18 Years,Unknown Clock Start,910
13/08/2023,Age,0-18 Years,01 To 18 Weeks,484190
13/08/2023,Age,0-18 Years,18 To 52 Weeks,341455
13/08/2023,Age,0-18 Years,Over 52 Weeks,49730
13/08/2023,Age,0-18 Years,Total,876285
13/08/2023,Age,19-64 Years,Unknown Clock Start,2970
13/08/2023,Age,19-64 Years,01 To 18 Weeks,2244045
13/08/2023,Age,19-64 Years,18 To 52 Weeks,1550040
13/08/2023,Age,19-64 Years,Over 52 Weeks,231105
13/08/2023,Age,19-64 Years,Total,4028165
13/08/2023,Age,Over 65 Years,Unknown Clock Start,1555
13/08/2023,Age,Over 65 Years,01 To 18 Weeks,1455640
13/08/2023,Age,Over 65 Years,18 To 52 Weeks,847280
13/08/2023,Age,Over 65 Years,Over 52 Weeks,114575
13/08/2023,Age,Over 65 Years,Total,2419045
13/08/2023,Sex,Female,Unknown Clock Start,2990
13/08/2023,Sex,Female,01 To 18 Weeks,2315340
13/08/2023,Sex,Female,18 To 52 Weeks,1516590
13/08/2023,Sex,Female,Over 52 Weeks,215870
13/08/2023,Sex,Female,Total,4050790
13/08/2023,Sex,Male,Unknown Clock Start,2200
13/08/2023,Sex,Male,01 To 18 Weeks,1776940
13/08/2023,Sex,Male,18 To 52 Weeks,1152250
13/08/2023,Sex,Male,Over 52 Weeks,164465
13/08/2023,Sex,Male,Total,3095855
20/08/2023,Age,0-18 Years,Unknown Clock Start,1335
20/08/2023,Age,0-18 Years,01 To 18 Weeks,485345
20/08/2023,Age,0-18 Years,18 To 52 Weeks,339545
20/08/2023,Age,0-18 Years,Over 52 Weeks,49290
20/08/2023,Age,0-18 Years,Total,875510
20/08/2023,Age,19-64 Years,Unknown Clock Start,3540
20/08/2023,Age,19-64 Years,01 To 18 Weeks,2265560
20/08/2023,Age,19-64 Years,18 To 52 Weeks,1534540
20/08/2023,Age,19-64 Years,Over 52 Weeks,230970
20/08/2023,Age,19-64 Years,Total,4034610
20/08/2023,Age,Over 65 Years,Unknown Clock Start,2135
20/08/2023,Age,Over 65 Years,01 To 18 Weeks,1471945
20/08/2023,Age,Over 65 Years,18 To 52 Weeks,839040
20/08/2023,Age,Over 65 Years,Over 52 Weeks,114855
20/08/2023,Age,Over 65 Years,Total,2427975
20/08/2023,Sex,Female,Unknown Clock Start,3900
20/08/2023,Sex,Female,01 To 18 Weeks,2337085
20/08/2023,Sex,Female,18 To 52 Weeks,1502280
20/08/2023,Sex,Female,Over 52 Weeks,215720
20/08/2023,Sex,Female,Total,4058985
20/08/2023,Sex,Male,Unknown Clock Start,2910
20/08/2023,Sex,Male,01 To 18 Weeks,1794305
20/08/2023,Sex,Male,18 To 52 Weeks,1141145
20/08/2023,Sex,Male,Over 52 Weeks,164125
20/08/2023,Sex,Male,Total,3102485
27/08/2023,Age,0-18 Years,Unknown Clock Start,830
27/08/2023,Age,0-18 Years,01 To 18 Weeks,480570
27/08/2023,Age,0-18 Years,18 To 52 Weeks,345975
27/08/2023,Age,0-18 Years,Over 52 Weeks,49945
27/08/2023,Age,0-18 Years,Total,877315
27/08/2023,Age,19-64 Years,Unknown Clock Start,1955
27/08/2023,Age,19-64 Years,01 To 18 Weeks,2269590
27/08/2023,Age,19-64 Years,18 To 52 Weeks,1557160
27/08/2023,Age,19-64 Years,Over 52 Weeks,235810
27/08/2023,Age,19-64 Years,Total,4064515
27/08/2023,Age,Over 65 Years,Unknown Clock Start,1030
27/08/2023,Age,Over 65 Years,01 To 18 Weeks,1475805
27/08/2023,Age,Over 65 Years,18 To 52 Weeks,850965
27/08/2023,Age,Over 65 Years,Over 52 Weeks,117415
27/08/2023,Age,Over 65 Years,Total,2445210
27/08/2023,Sex,Female,Unknown Clock Start,2180
27/08/2023,Sex,Female,01 To 18 Weeks,2339715
27/08/2023,Sex,Female,18 To 52 Weeks,1524870
27/08/2023,Sex,Female,Over 52 Weeks,220110
27/08/2023,Sex,Female,Total,4086880
27/08/2023,Sex,Male,Unknown Clock Start,1630
27/08/2023,Sex,Male,01 To 18 Weeks,1795770
27/08/2023,Sex,Male,18 To 52 Weeks,1158210
27/08/2023,Sex,Male,Over 52 Weeks,167495
27/08/2023,Sex,Male,Total,3123105
03/09/2023,Age,0-18 Years,Unknown Clock Start,1015
03/09/2023,Age,0-18 Years,01 To 18 Weeks,478695
03/09/2023,Age,0-18 Years,18 To 52 Weeks,356425
03/09/2023,Age,0-18 Years,Over 52 Weeks,49330
03/09/2023,Age,0-18 Years,Total,885465
03/09/2023,Age,19-64 Years,Unknown Clock Start,2650
03/09/2023,Age,19-64 Years,01 To 18 Weeks,2267160
03/09/2023,Age,19-64 Years,18 To 52 Weeks,1602445
03/09/2023,Age,19-64 Years,Over 52 Weeks,235530
03/09/2023,Age,19-64 Years,Total,4107785
03/09/2023,Age,Over 65 Years,Unknown Clock Start,1445
03/09/2023,Age,Over 65 Years,01 To 18 Weeks,1467040
03/09/2023,Age,Over 65 Years,18 To 52 Weeks,875770
03/09/2023,Age,Over 65 Years,Over 52 Weeks,117560
03/09/2023,Age,Over 65 Years,Total,2461815
03/09/2023,Sex,Female,Unknown Clock Start,2860
03/09/2023,Sex,Female,01 To 18 Weeks,2313220
03/09/2023,Sex,Female,18 To 52 Weeks,1560335
03/09/2023,Sex,Female,Over 52 Weeks,219085
03/09/2023,Sex,Female,Total,4095505
03/09/2023,Sex,Male,Unknown Clock Start,2185
03/09/2023,Sex,Male,01 To 18 Weeks,1778725
03/09/2023,Sex,Male,18 To 52 Weeks,1183675
03/09/2023,Sex,Male,Over 52 Weeks,166560
03/09/2023,Sex,Male,Total,3131145
10/09/2023,Age,0-18 Years,Unknown Clock Start,1020
10/09/2023,Age,0-18 Years,01 To 18 Weeks,476430
10/09/2023,Age,0-18 Years,18 To 52 Weeks,356870
10/09/2023,Age,0-18 Years,Over 52 Weeks,48590
10/09/2023,Age,0-18 Years,Total,882910
10/09/2023,Age,19-64 Years,Unknown Clock Start,2745
10/09/2023,Age,19-64 Years,01 To 18 Weeks,2265795
10/09/2023,Age,19-64 Years,18 To 52 Weeks,1592090
10/09/2023,Age,19-64 Years,Over 52 Weeks,233715
10/09/2023,Age,19-64 Years,Total,4094345
10/09/2023,Age,Over 65 Years,Unknown Clock Start,1550
10/09/2023,Age,Over 65 Years,01 To 18 Weeks,1480120
10/09/2023,Age,Over 65 Years,18 To 52 Weeks,868840
10/09/2023,Age,Over 65 Years,Over 52 Weeks,116755
10/09/2023,Age,Over 65 Years,Total,2467265
10/09/2023,Sex,Female,Unknown Clock Start,3020
10/09/2023,Sex,Female,01 To 18 Weeks,2335830
10/09/2023,Sex,Female,18 To 52 Weeks,1562035
10/09/2023,Sex,Female,Over 52 Weeks,217720
10/09/2023,Sex,Female,Total,4118605
10/09/2023,Sex,Male,Unknown Clock Start,2220
10/09/2023,Sex,Male,01 To 18 Weeks,1798800
10/09/2023,Sex,Male,18 To 52 Weeks,1183235
10/09/2023,Sex,Male,Over 52 Weeks,165510
10/09/2023,Sex,Male,Total,3149770
17/09/2023,Age,0-18 Years,Unknown Clock Start,1100
17/09/2023,Age,0-18 Years,01 To 18 Weeks,461355
17/09/2023,Age,0-18 Years,18 To 52 Weeks,343960
17/09/2023,Age,0-18 Years,Over 52 Weeks,47585
17/09/2023,Age,0-18 Years,Total,854000
17/09/2023,Age,19-64 Years,Unknown Clock Start,3410
17/09/2023,Age,19-64 Years,01 To 18 Weeks,2273080
17/09/2023,Age,19-64 Years,18 To 52 Weeks,1586405
17/09/2023,Age,19-64 Years,Over 52 Weeks,235525
17/09/2023,Age,19-64 Years,Total,4098425
17/09/2023,Age,Over 65 Years,Unknown Clock Start,2320
17/09/2023,Age,Over 65 Years,01 To 18 Weeks,1487775
17/09/2023,Age,Over 65 Years,18 To 52 Weeks,868180
17/09/2023,Age,Over 65 Years,Over 52 Weeks,117710
17/09/2023,Age,Over 65 Years,Total,2475985
17/09/2023,Sex,Female,Unknown Clock Start,3815
17/09/2023,Sex,Female,01 To 18 Weeks,2342135
17/09/2023,Sex,Female,18 To 52 Weeks,1554980
17/09/2023,Sex,Female,Over 52 Weeks,219105
17/09/2023,Sex,Female,Total,4120035
17/09/2023,Sex,Male,Unknown Clock Start,2980
17/09/2023,Sex,Male,01 To 18 Weeks,1803795
17/09/2023,Sex,Male,18 To 52 Weeks,1175990
17/09/2023,Sex,Male,Over 52 Weeks,165730
17/09/2023,Sex,Male,Total,3148495
24/09/2023,Age,0-18 Years,Unknown Clock Start,1020
24/09/2023,Age,0-18 Years,01 To 18 Weeks,460645
24/09/2023,Age,0-18 Years,18 To 52 Weeks,348055
24/09/2023,Age,0-18 Years,Over 52 Weeks,46900
24/09/2023,Age,0-18 Years,Total,856615
24/09/2023,Age,19-64 Years,Unknown Clock Start,3140
24/09/2023,Age,19-64 Years,01 To 18 Weeks,2287520
24/09/2023,Age,19-64 Years,18 To 52 Weeks,1608615
24/09/2023,Age,19-64 Years,Over 52 Weeks,235060
24/09/2023,Age,19-64 Years,Total,4134335
24/09/2023,Age,Over 65 Years,Unknown Clock Start,2075
24/09/2023,Age,Over 65 Years,01 To 18 Weeks,1496535
24/09/2023,Age,Over 65 Years,18 To 52 Weeks,879870
24/09/2023,Age,Over 65 Years,Over 52 Weeks,117335
24/09/2023,Age,Over 65 Years,Total,2495815
24/09/2023,Sex,Female,Unknown Clock Start,3455
24/09/2023,Sex,Female,01 To 18 Weeks,2349745
24/09/2023,Sex,Female,18 To 52 Weeks,1573110
24/09/2023,Sex,Female,Over 52 Weeks,218440
24/09/2023,Sex,Female,Total,4144750
24/09/2023,Sex,Male,Unknown Clock Start,2665
24/09/2023,Sex,Male,01 To 18 Weeks,1807660
24/09/2023,Sex,Male,18 To 52 Weeks,1189755
24/09/2023,Sex,Male,Over 52 Weeks,164815
24/09/2023,Sex,Male,Total,3164895
01/10/2023,Age,0-18 Years,Unknown Clock Start,1150
01/10/2023,Age,0-18 Years,01 To 18 Weeks,453875
01/10/2023,Age,0-18 Years,18 To 52 Weeks,348620
01/10/2023,Age,0-18 Years,Over 52 Weeks,46295
01/10/2023,Age,0-18 Years,Total,849940
01/10/2023,Age,19-64 Years,Unknown Clock Start,2900
01/10/2023,Age,19-64 Years,01 To 18 Weeks,2267100
01/10/2023,Age,19-64 Years,18 To 52 Weeks,1606355
01/10/2023,Age,19-64 Years,Over 52 Weeks,233415
01/10/2023,Age,19-64 Years,Total,4109770
01/10/2023,Age,Over 65 Years,Unknown Clock Start,1805
01/10/2023,Age,Over 65 Years,01 To 18 Weeks,1483340
01/10/2023,Age,Over 65 Years,18 To 52 Weeks,879440
01/10/2023,Age,Over 65 Years,Over 52 Weeks,115840
01/10/2023,Age,Over 65 Years,Total,2480425
01/10/2023,Sex,Female,Unknown Clock Start,3295
01/10/2023,Sex,Female,01 To 18 Weeks,2327200
01/10/2023,Sex,Female,18 To 52 Weeks,1572360
01/10/2023,Sex,Female,Over 52 Weeks,216595
01/10/2023,Sex,Female,Total,4119450
01/10/2023,Sex,Male,Unknown Clock Start,2560
01/10/2023,Sex,Male,01 To 18 Weeks,1789955
01/10/2023,Sex,Male,18 To 52 Weeks,1187520
01/10/2023,Sex,Male,Over 52 Weeks,162840
01/10/2023,Sex,Male,Total,3142880
08/10/2023,Age,0-18 Years,Unknown Clock Start,890
08/10/2023,Age,0-18 Years,01 To 18 Weeks,456650
08/10/2023,Age,0-18 Years,18 To 52 Weeks,346120
08/10/2023,Age,0-18 Years,Over 52 Weeks,46570
08/10/2023,Age,0-18 Years,Total,850230
08/10/2023,Age,19-64 Years,Unknown Clock Start,1890
08/10/2023,Age,19-64 Years,01 To 18 Weeks,2290410
08/10/2023,Age,19-64 Years,18 To 52 Weeks,1598560
08/10/2023,Age,19-64 Years,Over 52 Weeks,234755
08/10/2023,Age,19-64 Years,Total,4125615
08/10/2023,Age,Over 65 Years,Unknown Clock Start,1025
08/10/2023,Age,Over 65 Years,01 To 18 Weeks,1495235
08/10/2023,Age,Over 65 Years,18 To 52 Weeks,874785
08/10/2023,Age,Over 65 Years,Over 52 Weeks,116620
08/10/2023,Age,Over 65 Years,Total,2487665
08/10/2023,Sex,Female,Unknown Clock Start,2150
08/10/2023,Sex,Female,01 To 18 Weeks,2347660
08/10/2023,Sex,Female,18 To 52 Weeks,1564285
08/10/2023,Sex,Female,Over 52 Weeks,217960
08/10/2023,Sex,Female,Total,4132055
08/10/2023,Sex,Male,Unknown Clock Start,1605
08/10/2023,Sex,Male,01 To 18 Weeks,1806190
08/10/2023,Sex,Male,18 To 52 Weeks,1181235
08/10/2023,Sex,Male,Over 52 Weeks,163750
08/10/2023,Sex,Male,Total,3152780
15/10/2023,Age,0-18 Years,Unknown Clock Start,1010
15/10/2023,Age,0-18 Years,01 To 18 Weeks,447360
15/10/2023,Age,0-18 Years,18 To 52 Weeks,342500
15/10/2023,Age,0-18 Years,Over 52 Weeks,46150
15/10/2023,Age,0-18 Years,Total,837020
15/10/2023,Age,19-64 Years,Unknown Clock Start,2555
15/10/2023,Age,19-64 Years,01 To 18 Weeks,2275510
15/10/2023,Age,19-64 Years,18 To 52 Weeks,1591295
15/10/2023,Age,19-64 Years,Over 52 Weeks,232710
15/10/2023,Age,19-64 Years,Total,4102065
15/10/2023,Age,Over 65 Years,Unknown Clock Start,1505
15/10/2023,Age,Over 65 Years,01 To 18 Weeks,1481480
15/10/2023,Age,Over 65 Years,18 To 52 Weeks,870100
15/10/2023,Age,Over 65 Years,Over 52 Weeks,115325
15/10/2023,Age,Over 65 Years,Total,2468415
15/10/2023,Sex,Female,Unknown Clock Start,2570
15/10/2023,Sex,Female,01 To 18 Weeks,2293710
15/10/2023,Sex,Female,18 To 52 Weeks,1537925
15/10/2023,Sex,Female,Over 52 Weeks,215245
15/10/2023,Sex,Female,Total,4049450
15/10/2023,Sex,Male,Unknown Clock Start,1925
15/10/2023,Sex,Male,01 To 18 Weeks,1761745
15/10/2023,Sex,Male,18 To 52 Weeks,1159810
15/10/2023,Sex,Male,Over 52 Weeks,161190
15/10/2023,Sex,Male,Total,3084665
22/10/2023,Age,0-18 Years,Unknown Clock Start,940
22/10/2023,Age,0-18 Years,01 To 18 Weeks,467010
22/10/2023,Age,0-18 Years,18 To 52 Weeks,358275
22/10/2023,Age,0-18 Years,Over 52 Weeks,46995
22/10/2023,Age,0-18 Years,Total,873220
22/10/2023,Age,19-64 Years,Unknown Clock Start,1915
22/10/2023,Age,19-64 Years,01 To 18 Weeks,2297975
22/10/2023,Age,19-64 Years,18 To 52 Weeks,1606735
22/10/2023,Age,19-64 Years,Over 52 Weeks,233050
22/10/2023,Age,19-64 Years,Total,4139675
22/10/2023,Age,Over 65 Years,Unknown Clock Start,1055
22/10/2023,Age,Over 65 Years,01 To 18 Weeks,1492820
22/10/2023,Age,Over 65 Years,18 To 52 Weeks,878895
22/10/2023,Age,Over 65 Years,Over 52 Weeks,114815
22/10/2023,Age,Over 65 Years,Total,2487580
22/10/2023,Sex,Female,Unknown Clock Start,2230
22/10/2023,Sex,Female,01 To 18 Weeks,2317350
22/10/2023,Sex,Female,18 To 52 Weeks,1558070
22/10/2023,Sex,Female,Over 52 Weeks,215325
22/10/2023,Sex,Female,Total,4092975
22/10/2023,Sex,Male,Unknown Clock Start,1675
22/10/2023,Sex,Male,01 To 18 Weeks,1786330
22/10/2023,Sex,Male,18 To 52 Weeks,1178435
22/10/2023,Sex,Male,Over 52 Weeks,161395
22/10/2023,Sex,Male,Total,3127835
29/10/2023,Age,0-18 Years,Unknown Clock Start,920
29/10/2023,Age,0-18 Years,01 To 18 Weeks,464965
29/10/2023,Age,0-18 Years,18 To 52 Weeks,359490
29/10/2023,Age,0-18 Years,Over 52 Weeks,46070
29/10/2023,Age,0-18 Years,Total,871445
29/10/2023,Age,19-64 Years,Unknown Clock Start,2095
29/10/2023,Age,19-64 Years,01 To 18 Weeks,2294990
29/10/2023,Age,19-64 Years,18 To 52 Weeks,1610115
29/10/2023,Age,19-64 Years,Over 52 Weeks,229510
29/10/2023,Age,19-64 Years,Total,4136710
29/10/2023,Age,Over 65 Years,Unknown Clock Start,1270
29/10/2023,Age,Over 65 Years,01 To 18 Weeks,1487705
29/10/2023,Age,Over 65 Years,18 To 52 Weeks,880405
29/10/2023,Age,Over 65 Years,Over 52 Weeks,112960
29/10/2023,Age,Over 65 Years,Total,2482345
29/10/2023,Sex,Female,Unknown Clock Start,2425
29/10/2023,Sex,Female,01 To 18 Weeks,2279200
29/10/2023,Sex,Female,18 To 52 Weeks,1535860
29/10/2023,Sex,Female,Over 52 Weeks,209720
29/10/2023,Sex,Female,Total,4027200
29/10/2023,Sex,Male,Unknown Clock Start,1835
29/10/2023,Sex,Male,01 To 18 Weeks,1755930
29/10/2023,Sex,Male,18 To 52 Weeks,1161810
29/10/2023,Sex,Male,Over 52 Weeks,157035
29/10/2023,Sex,Male,Total,3076610
05/11/2023,Age,0-18 Years,Unknown Clock Start,1045
05/11/2023,Age,0-18 Years,01 To 18 Weeks,461110
05/11/2023,Age,0-18 Years,18 To 52 Weeks,355535
05/11/2023,Age,0-18 Years,Over 52 Weeks,45325
05/11/2023,Age,0-18 Years,Total,863010
05/11/2023,Age,19-64 Years,Unknown Clock Start,2410
05/11/2023,Age,19-64 Years,01 To 18 Weeks,2289720
05/11/2023,Age,19-64 Years,18 To 52 Weeks,1610175
05/11/2023,Age,19-64 Years,Over 52 Weeks,227565
05/11/2023,Age,19-64 Years,Total,4129870
05/11/2023,Age,Over 65 Years,Unknown Clock Start,1400
05/11/2023,Age,Over 65 Years,01 To 18 Weeks,1483255
05/11/2023,Age,Over 65 Years,18 To 52 Weeks,880150
05/11/2023,Age,Over 65 Years,Over 52 Weeks,111900
05/11/2023,Age,Over 65 Years,Total,2476705
05/11/2023,Sex,Female,Unknown Clock Start,2770
05/11/2023,Sex,Female,01 To 18 Weeks,2275475
05/11/2023,Sex,Female,18 To 52 Weeks,1535955
05/11/2023,Sex,Female,Over 52 Weeks,207705
05/11/2023,Sex,Female,Total,4021910
05/11/2023,Sex,Male,Unknown Clock Start,2070
05/11/2023,Sex,Male,01 To 18 Weeks,1754520
05/11/2023,Sex,Male,18 To 52 Weeks,1160715
05/11/2023,Sex,Male,Over 52 Weeks,155650
05/11/2023,Sex,Male,Total,3072950
12/11/2023,Age,0-18 Years,Unknown Clock Start,990
12/11/2023,Age,0-18 Years,01 To 18 Weeks,460495
12/11/2023,Age,0-18 Years,18 To 52 Weeks,356250
12/11/2023,Age,0-18 Years,Over 52 Weeks,45330
12/11/2023,Age,0-18 Years,Total,863065
12/11/2023,Age,19-64 Years,Unknown Clock Start,2455
12/11/2023,Age,19-64 Years,01 To 18 Weeks,2279990
12/11/2023,Age,19-64 Years,18 To 52 Weeks,1601310
12/11/2023,Age,19-64 Years,Over 52 Weeks,224175
12/11/2023,Age,19-64 Years,Total,4107930
12/11/2023,Age,Over 65 Years,Unknown Clock Start,1355
12/11/2023,Age,Over 65 Years,01 To 18 Weeks,1471785
12/11/2023,Age,Over 65 Years,18 To 52 Weeks,873915
12/11/2023,Age,Over 65 Years,Over 52 Weeks,109990
12/11/2023,Age,Over 65 Years,Total,2457045
12/11/2023,Sex,Female,Unknown Clock Start,2740
12/11/2023,Sex,Female,01 To 18 Weeks,2262300
12/11/2023,Sex,Female,18 To 52 Weeks,1527735
12/11/2023,Sex,Female,Over 52 Weeks,204505
12/11/2023,Sex,Female,Total,3997275
12/11/2023,Sex,Male,Unknown Clock Start,2060
12/11/2023,Sex,Male,01 To 18 Weeks,1745180
12/11/2023,Sex,Male,18 To 52 Weeks,1154440
12/11/2023,Sex,Male,Over 52 Weeks,153510
12/11/2023,Sex,Male,Total,3055185
19/11/2023,Age,0-18 Years,Unknown Clock Start,1035
19/11/2023,Age,0-18 Years,01 To 18 Weeks,463145
19/11/2023,Age,0-18 Years,18 To 52 Weeks,355670
19/11/2023,Age,0-18 Years,Over 52 Weeks,44925
19/11/2023,Age,0-18 Years,Total,864770
19/11/2023,Age,19-64 Years,Unknown Clock Start,2305
19/11/2023,Age,19-64 Years,01 To 18 Weeks,2251750
19/11/2023,Age,19-64 Years,18 To 52 Weeks,1585220
19/11/2023,Age,19-64 Years,Over 52 Weeks,222015
19/11/2023,Age,19-64 Years,Total,4061290
19/11/2023,Age,Over 65 Years,Unknown Clock Start,1265
19/11/2023,Age,Over 65 Years,01 To 18 Weeks,1454820
19/11/2023,Age,Over 65 Years,18 To 52 Weeks,866505
19/11/2023,Age,Over 65 Years,Over 52 Weeks,108470
19/11/2023,Age,Over 65 Years,Total,2431055
19/11/2023,Sex,Female,Unknown Clock Start,2590
19/11/2023,Sex,Female,01 To 18 Weeks,2237425
19/11/2023,Sex,Female,18 To 52 Weeks,1513745
19/11/2023,Sex,Female,Over 52 Weeks,202325
19/11/2023,Sex,Female,Total,3956080
19/11/2023,Sex,Male,Unknown Clock Start,1980
19/11/2023,Sex,Male,01 To 18 Weeks,1725630
19/11/2023,Sex,Male,18 To 52 Weeks,1144515
19/11/2023,Sex,Male,Over 52 Weeks,151830
19/11/2023,Sex,Male,Total,3023950
26/11/2023,Age,0-18 Years,Unknown Clock Start,970
26/11/2023,Age,0-18 Years,01 To 18 Weeks,463950
26/11/2023,Age,0-18 Years,18 To 52 Weeks,354165
26/11/2023,Age,0-18 Years,Over 52 Weeks,44345
26/11/2023,Age,0-18 Years,Total,863435
26/11/2023,Age,19-64 Years,Unknown Clock Start,2125
26/11/2023,Age,19-64 Years,01 To 18 Weeks,2272920
26/11/2023,Age,19-64 Years,18 To 52 Weeks,1593880
26/11/2023,Age,19-64 Years,Over 52 Weeks,218335
26/11/2023,Age,19-64 Years,Total,4087255
26/11/2023,Age,Over 65 Years,Unknown Clock Start,1260
26/11/2023,Age,Over 65 Years,01 To 18 Weeks,1455680
26/11/2023,Age,Over 65 Years,18 To 52 Weeks,870895
26/11/2023,Age,Over 65 Years,Over 52 Weeks,106355
26/11/2023,Age,Over 65 Years,Total,2434185
26/11/2023,Sex,Female,Unknown Clock Start,2475
26/11/2023,Sex,Female,01 To 18 Weeks,2248310
26/11/2023,Sex,Female,18 To 52 Weeks,1519930
26/11/2023,Sex,Female,Over 52 Weeks,198615
26/11/2023,Sex,Female,Total,3969335
26/11/2023,Sex,Male,Unknown Clock Start,1825
26/11/2023,Sex,Male,01 To 18 Weeks,1737950
26/11/2023,Sex,Male,18 To 52 Weeks,1149240
26/11/2023,Sex,Male,Over 52 Weeks,149320
26/11/2023,Sex,Male,Total,3038335
03/12/2023,Age,0-18 Years,Unknown Clock Start,990
03/12/2023,Age,0-18 Years,01 To 18 Weeks,460045
03/12/2023,Age,0-18 Years,18 To 52 Weeks,347520
03/12/2023,Age,0-18 Years,Over 52 Weeks,43010
03/12/2023,Age,0-18 Years,Total,851565
03/12/2023,Age,19-64 Years,Unknown Clock Start,2155
03/12/2023,Age,19-64 Years,01 To 18 Weeks,2242495
03/12/2023,Age,19-64 Years,18 To 52 Weeks,1576370
03/12/2023,Age,19-64 Years,Over 52 Weeks,210800
03/12/2023,Age,19-64 Years,Total,4031820
03/12/2023,Age,Over 65 Years,Unknown Clock Start,1195
03/12/2023,Age,Over 65 Years,01 To 18 Weeks,1446230
03/12/2023,Age,Over 65 Years,18 To 52 Weeks,863330
03/12/2023,Age,Over 65 Years,Over 52 Weeks,102930
03/12/2023,Age,Over 65 Years,Total,2413685
03/12/2023,Sex,Female,Unknown Clock Start,2510
03/12/2023,Sex,Female,01 To 18 Weeks,2223070
03/12/2023,Sex,Female,18 To 52 Weeks,1501710
03/12/2023,Sex,Female,Over 52 Weeks,191720
03/12/2023,Sex,Female,Total,3919015
03/12/2023,Sex,Male,Unknown Clock Start,1825
03/12/2023,Sex,Male,01 To 18 Weeks,1723130
03/12/2023,Sex,Male,18 To 52 Weeks,1134785
03/12/2023,Sex,Male,Over 52 Weeks,143960
03/12/2023,Sex,Male,Total,3003700
10/12/2023,Age,0-18 Years,Unknown Clock Start,1015
10/12/2023,Age,0-18 Years,01 To 18 Weeks,466380
10/12/2023,Age,0-18 Years,18 To 52 Weeks,350075
10/12/2023,Age,0-18 Years,Over 52 Weeks,42565
10/12/2023,Age,0-18 Years,Total,860030
10/12/2023,Age,19-64 Years,Unknown Clock Start,2105
10/12/2023,Age,19-64 Years,01 To 18 Weeks,2266660
10/12/2023,Age,19-64 Years,18 To 52 Weeks,1602905
10/12/2023,Age,19-64 Years,Over 52 Weeks,210445
10/12/2023,Age,19-64 Years,Total,4082115
10/12/2023,Age,Over 65 Years,Unknown Clock Start,1150
10/12/2023,Age,Over 65 Years,01 To 18 Weeks,1456070
10/12/2023,Age,Over 65 Years,18 To 52 Weeks,877065
10/12/2023,Age,Over 65 Years,Over 52 Weeks,101805
10/12/2023,Age,Over 65 Years,Total,2436085
10/12/2023,Sex,Female,Unknown Clock Start,2430
10/12/2023,Sex,Female,01 To 18 Weeks,2247205
10/12/2023,Sex,Female,18 To 52 Weeks,1527175
10/12/2023,Sex,Female,Over 52 Weeks,191185
10/12/2023,Sex,Female,Total,3967995
10/12/2023,Sex,Male,Unknown Clock Start,1820
10/12/2023,Sex,Male,01 To 18 Weeks,1741775
10/12/2023,Sex,Male,18 To 52 Weeks,1151995
10/12/2023,Sex,Male,Over 52 Weeks,143275
10/12/2023,Sex,Male,Total,3038865
17/12/2023,Age,0-18 Years,Unknown Clock Start,1135
17/12/2023,Age,0-18 Years,01 To 18 Weeks,462575
17/12/2023,Age,0-18 Years,18 To 52 Weeks,343990
17/12/2023,Age,0-18 Years,Over 52 Weeks,41405
17/12/2023,Age,0-18 Years,Total,849105
17/12/2023,Age,19-64 Years,Unknown Clock Start,2585
17/12/2023,Age,19-64 Years,01 To 18 Weeks,2226990
17/12/2023,Age,19-64 Years,18 To 52 Weeks,1585390
17/12/2023,Age,19-64 Years,Over 52 Weeks,201990
17/12/2023,Age,19-64 Years,Total,4016955
17/12/2023,Age,Over 65 Years,Unknown Clock Start,1385
17/12/2023,Age,Over 65 Years,01 To 18 Weeks,1426855
17/12/2023,Age,Over 65 Years,18 To 52 Weeks,867720
17/12/2023,Age,Over 65 Years,Over 52 Weeks,98105
17/12/2023,Age,Over 65 Years,Total,2394065
17/12/2023,Sex,Female,Unknown Clock Start,2945
17/12/2023,Sex,Female,01 To 18 Weeks,2220840
17/12/2023,Sex,Female,18 To 52 Weeks,1510660
17/12/2023,Sex,Female,Over 52 Weeks,183160
17/12/2023,Sex,Female,Total,3917600
17/12/2023,Sex,Male,Unknown Clock Start,2165
17/12/2023,Sex,Male,01 To 18 Weeks,1723730
17/12/2023,Sex,Male,18 To 52 Weeks,1139610
17/12/2023,Sex,Male,Over 52 Weeks,138000
17/12/2023,Sex,Male,Total,3003505
24/12/2023,Age,0-18 Years,Unknown Clock Start,1155
24/12/2023,Age,0-18 Years,01 To 18 Weeks,469125
24/12/2023,Age,0-18 Years,18 To 52 Weeks,346530
24/12/2023,Age,0-18 Years,Over 52 Weeks,41480
24/12/2023,Age,0-18 Years,Total,858285
24/12/2023,Age,19-64 Years,Unknown Clock Start,2160
24/12/2023,Age,19-64 Years,01 To 18 Weeks,2243675
24/12/2023,Age,19-64 Years,18 To 52 Weeks,1603685
24/12/2023,Age,19-64 Years,Over 52 Weeks,201955
24/12/2023,Age,19-64 Years,Total,4051475
24/12/2023,Age,Over 65 Years,Unknown Clock Start,1250
24/12/2023,Age,Over 65 Years,01 To 18 Weeks,1438745
24/12/2023,Age,Over 65 Years,18 To 52 Weeks,880185
24/12/2023,Age,Over 65 Years,Over 52 Weeks,97370
24/12/2023,Age,Over 65 Years,Total,2417555
24/12/2023,Sex,Female,Unknown Clock Start,2590
24/12/2023,Sex,Female,01 To 18 Weeks,2224940
24/12/2023,Sex,Female,18 To 52 Weeks,1527000
24/12/2023,Sex,Female,Over 52 Weeks,182695
24/12/2023,Sex,Female,Total,3937220
24/12/2023,Sex,Male,Unknown Clock Start,1955
24/12/2023,Sex,Male,01 To 18 Weeks,1729255
24/12/2023,Sex,Male,18 To 52 Weeks,1149485
24/12/2023,Sex,Male,Over 52 Weeks,137470
24/12/2023,Sex,Male,Total,3018160
31/12/2023,Age,0-18 Years,Unknown Clock Start,1020
31/12/2023,Age,0-18 Years,01 To 18 Weeks,465390
31/12/2023,Age,0-18 Years,18 To 52 Weeks,358025
31/12/2023,Age,0-18 Years,Over 52 Weeks,41530
31/12/2023,Age,0-18 Years,Total,865965
31/12/2023,Age,19-64 Years,Unknown Clock Start,1910
31/12/2023,Age,19-64 Years,01 To 18 Weeks,2220080
31/12/2023,Age,19-64 Years,18 To 52 Weeks,1665250
31/12/2023,Age,19-64 Years,Over 52 Weeks,202760
31/12/2023,Age,19-64 Years,Total,4090000
31/12/2023,Age,Over 65 Years,Unknown Clock Start,1065
31/12/2023,Age,Over 65 Years,01 To 18 Weeks,1423850
31/12/2023,Age,Over 65 Years,18 To 52 Weeks,917265
31/12/2023,Age,Over 65 Years,Over 52 Weeks,98110
31/12/2023,Age,Over 65 Years,Total,2440290
31/12/2023,Sex,Female,Unknown Clock Start,2265
31/12/2023,Sex,Female,01 To 18 Weeks,2202125
31/12/2023,Sex,Female,18 To 52 Weeks,1586460
31/12/2023,Sex,Female,Over 52 Weeks,183340
31/12/2023,Sex,Female,Total,3974190
31/12/2023,Sex,Male,Unknown Clock Start,1725
31/12/2023,Sex,Male,01 To 18 Weeks,1714395
31/12/2023,Sex,Male,18 To 52 Weeks,1194380
31/12/2023,Sex,Male,Over 52 Weeks,138330
31/12/2023,Sex,Male,Total,3048830
07/01/2024,Age,0-18 Years,Unknown Clock Start,990
07/01/2024,Age,0-18 Years,01 To 18 Weeks,467230
07/01/2024,Age,0-18 Years,18 To 52 Weeks,359095
07/01/2024,Age,0-18 Years,Over 52 Weeks,42200
07/01/2024,Age,0-18 Years,Total,869515
07/01/2024,Age,19-64 Years,Unknown Clock Start,2340
07/01/2024,Age,19-64 Years,01 To 18 Weeks,2196605
07/01/2024,Age,19-64 Years,18 To 52 Weeks,1667285
07/01/2024,Age,19-64 Years,Over 52 Weeks,202915
07/01/2024,Age,19-64 Years,Total,4069150
07/01/2024,Age,Over 65 Years,Unknown Clock Start,1295
07/01/2024,Age,Over 65 Years,01 To 18 Weeks,1409790
07/01/2024,Age,Over 65 Years,18 To 52 Weeks,921405
07/01/2024,Age,Over 65 Years,Over 52 Weeks,98200
07/01/2024,Age,Over 65 Years,Total,2430690
07/01/2024,Sex,Female,Unknown Clock Start,2680
07/01/2024,Sex,Female,01 To 18 Weeks,2178300
07/01/2024,Sex,Female,18 To 52 Weeks,1589585
07/01/2024,Sex,Female,Over 52 Weeks,183040
07/01/2024,Sex,Female,Total,3953610
07/01/2024,Sex,Male,Unknown Clock Start,1940
07/01/2024,Sex,Male,01 To 18 Weeks,1698845
07/01/2024,Sex,Male,18 To 52 Weeks,1196515
07/01/2024,Sex,Male,Over 52 Weeks,138925
07/01/2024,Sex,Male,Total,3036230
14/01/2024,Age,0-18 Years,Unknown Clock Start,1065
14/01/2024,Age,0-18 Years,01 To 18 Weeks,458230
14/01/2024,Age,0-18 Years,18 To 52 Weeks,349285
14/01/2024,Age,0-18 Years,Over 52 Weeks,40935
14/01/2024,Age,0-18 Years,Total,849515
14/01/2024,Age,19-64 Years,Unknown Clock Start,2750
14/01/2024,Age,19-64 Years,01 To 18 Weeks,2140315
14/01/2024,Age,19-64 Years,18 To 52 Weeks,1618895
14/01/2024,Age,19-64 Years,Over 52 Weeks,193295
14/01/2024,Age,19-64 Years,Total,3955260
14/01/2024,Age,Over 65 Years,Unknown Clock Start,1615
14/01/2024,Age,Over 65 Years,01 To 18 Weeks,1371725
14/01/2024,Age,Over 65 Years,18 To 52 Weeks,899920
14/01/2024,Age,Over 65 Years,Over 52 Weeks,93990
14/01/2024,Age,Over 65 Years,Total,2367255
14/01/2024,Sex,Female,Unknown Clock Start,3075
14/01/2024,Sex,Female,01 To 18 Weeks,2137275
14/01/2024,Sex,Female,18 To 52 Weeks,1546995
14/01/2024,Sex,Female,Over 52 Weeks,174395
14/01/2024,Sex,Female,Total,3861740
14/01/2024,Sex,Male,Unknown Clock Start,2180
14/01/2024,Sex,Male,01 To 18 Weeks,1668965
14/01/2024,Sex,Male,18 To 52 Weeks,1165855
14/01/2024,Sex,Male,Over 52 Weeks,132625
14/01/2024,Sex,Male,Total,2969620
21/01/2024,Age,0-18 Years,Unknown Clock Start,1095
21/01/2024,Age,0-18 Years,01 To 18 Weeks,472225
21/01/2024,Age,0-18 Years,18 To 52 Weeks,354235
21/01/2024,Age,0-18 Years,Over 52 Weeks,41890
21/01/2024,Age,0-18 Years,Total,869450
21/01/2024,Age,19-64 Years,Unknown Clock Start,6395
21/01/2024,Age,19-64 Years,01 To 18 Weeks,2211010
21/01/2024,Age,19-64 Years,18 To 52 Weeks,1675445
21/01/2024,Age,19-64 Years,Over 52 Weeks,199460
21/01/2024,Age,19-64 Years,Total,4092310
21/01/2024,Age,Over 65 Years,Unknown Clock Start,2610
21/01/2024,Age,Over 65 Years,01 To 18 Weeks,1408145
21/01/2024,Age,Over 65 Years,18 To 52 Weeks,928305
21/01/2024,Age,Over 65 Years,Over 52 Weeks,96000
21/01/2024,Age,Over 65 Years,Total,2435065
21/01/2024,Sex,Female,Unknown Clock Start,5880
21/01/2024,Sex,Female,01 To 18 Weeks,2190155
21/01/2024,Sex,Female,18 To 52 Weeks,1596120
21/01/2024,Sex,Female,Over 52 Weeks,178935
21/01/2024,Sex,Female,Total,3971090
21/01/2024,Sex,Male,Unknown Clock Start,4190
21/01/2024,Sex,Male,01 To 18 Weeks,1712090
21/01/2024,Sex,Male,18 To 52 Weeks,1201350
21/01/2024,Sex,Male,Over 52 Weeks,136920
21/01/2024,Sex,Male,Total,3054550
28/01/2024,Age,0-18 Years,Unknown Clock Start,1075
28/01/2024,Age,0-18 Years,01 To 18 Weeks,473150
28/01/2024,Age,0-18 Years,18 To 52 Weeks,350155
28/01/2024,Age,0-18 Years,Over 52 Weeks,41785
28/01/2024,Age,0-18 Years,Total,866165
28/01/2024,Age,19-64 Years,Unknown Clock Start,2460
28/01/2024,Age,19-64 Years,01 To 18 Weeks,2215855
28/01/2024,Age,19-64 Years,18 To 52 Weeks,1669985
28/01/2024,Age,19-64 Years,Over 52 Weeks,196365
28/01/2024,Age,19-64 Years,Total,4084665
28/01/2024,Age,Over 65 Years,Unknown Clock Start,1455
28/01/2024,Age,Over 65 Years,01 To 18 Weeks,1406120
28/01/2024,Age,Over 65 Years,18 To 52 Weeks,924965
28/01/2024,Age,Over 65 Years,Over 52 Weeks,94290
28/01/2024,Age,Over 65 Years,Total,2426830
28/01/2024,Sex,Female,Unknown Clock Start,2850
28/01/2024,Sex,Female,01 To 18 Weeks,2193375
28/01/2024,Sex,Female,18 To 52 Weeks,1590075
28/01/2024,Sex,Female,Over 52 Weeks,175915
28/01/2024,Sex,Female,Total,3962210
28/01/2024,Sex,Male,Unknown Clock Start,2130
28/01/2024,Sex,Male,01 To 18 Weeks,1715835
28/01/2024,Sex,Male,18 To 52 Weeks,1195450
28/01/2024,Sex,Male,Over 52 Weeks,134865
28/01/2024,Sex,Male,Total,3048280
04/02/2024,Age,0-18 Years,Unknown Clock Start,1020
04/02/2024,Age,0-18 Years,01 To 18 Weeks,467125
04/02/2024,Age,0-18 Years,18 To 52 Weeks,343435
04/02/2024,Age,0-18 Years,Over 52 Weeks,44355
04/02/2024,Age,0-18 Years,Total,855935
04/02/2024,Age,19-64 Years,Unknown Clock Start,2820
04/02/2024,Age,19-64 Years,01 To 18 Weeks,2201005
04/02/2024,Age,19-64 Years,18 To 52 Weeks,1652245
04/02/2024,Age,19-64 Years,Over 52 Weeks,192525
04/02/2024,Age,19-64 Years,Total,4048590
04/02/2024,Age,Over 65 Years,Unknown Clock Start,1545
04/02/2024,Age,Over 65 Years,01 To 18 Weeks,1395190
04/02/2024,Age,Over 65 Years,18 To 52 Weeks,917255
04/02/2024,Age,Over 65 Years,Over 52 Weeks,92515
04/02/2024,Age,Over 65 Years,Total,2406505
04/02/2024,Sex,Female,Unknown Clock Start,3140
04/02/2024,Sex,Female,01 To 18 Weeks,2173965
04/02/2024,Sex,Female,18 To 52 Weeks,1570140
04/02/2024,Sex,Female,Over 52 Weeks,173155
04/02/2024,Sex,Female,Total,3920400
04/02/2024,Sex,Male,Unknown Clock Start,2245
04/02/2024,Sex,Male,01 To 18 Weeks,1705455
04/02/2024,Sex,Male,18 To 52 Weeks,1183675
04/02/2024,Sex,Male,Over 52 Weeks,134355
04/02/2024,Sex,Male,Total,3025735
11/02/2024,Age,0-18 Years,Unknown Clock Start,1145
11/02/2024,Age,0-18 Years,01 To 18 Weeks,468150
11/02/2024,Age,0-18 Years,18 To 52 Weeks,334265
11/02/2024,Age,0-18 Years,Over 52 Weeks,38240
11/02/2024,Age,0-18 Years,Total,841795
11/02/2024,Age,19-64 Years,Unknown Clock Start,2345
11/02/2024,Age,19-64 Years,01 To 18 Weeks,2208240
11/02/2024,Age,19-64 Years,18 To 52 Weeks,1651025
11/02/2024,Age,19-64 Years,Over 52 Weeks,190655
11/02/2024,Age,19-64 Years,Total,4052265
11/02/2024,Age,Over 65 Years,Unknown Clock Start,1230
11/02/2024,Age,Over 65 Years,01 To 18 Weeks,1384775
11/02/2024,Age,Over 65 Years,18 To 52 Weeks,914390
11/02/2024,Age,Over 65 Years,Over 52 Weeks,91005
11/02/2024,Age,Over 65 Years,Total,2391400
11/02/2024,Sex,Female,Unknown Clock Start,2680
11/02/2024,Sex,Female,01 To 18 Weeks,2174800
11/02/2024,Sex,Female,18 To 52 Weeks,1567020
11/02/2024,Sex,Female,Over 52 Weeks,169395
11/02/2024,Sex,Female,Total,3913895
11/02/2024,Sex,Male,Unknown Clock Start,2025
11/02/2024,Sex,Male,01 To 18 Weeks,1702295
11/02/2024,Sex,Male,18 To 52 Weeks,1174240
11/02/2024,Sex,Male,Over 52 Weeks,128560
11/02/2024,Sex,Male,Total,3007120
18/02/2024,Age,0-18 Years,Unknown Clock Start,1210
18/02/2024,Age,0-18 Years,01 To 18 Weeks,467115
18/02/2024,Age,0-18 Years,18 To 52 Weeks,331185
18/02/2024,Age,0-18 Years,Over 52 Weeks,37390
18/02/2024,Age,0-18 Years,Total,836895
18/02/2024,Age,19-64 Years,Unknown Clock Start,2720
18/02/2024,Age,19-64 Years,01 To 18 Weeks,2205230
18/02/2024,Age,19-64 Years,18 To 52 Weeks,1657135
18/02/2024,Age,19-64 Years,Over 52 Weeks,189885
18/02/2024,Age,19-64 Years,Total,4054975
18/02/2024,Age,Over 65 Years,Unknown Clock Start,1560
18/02/2024,Age,Over 65 Years,01 To 18 Weeks,1396755
18/02/2024,Age,Over 65 Years,18 To 52 Weeks,918380
18/02/2024,Age,Over 65 Years,Over 52 Weeks,90305
18/02/2024,Age,Over 65 Years,Total,2407005
18/02/2024,Sex,Female,Unknown Clock Start,3160
18/02/2024,Sex,Female,01 To 18 Weeks,2180015
18/02/2024,Sex,Female,18 To 52 Weeks,1572290
18/02/2024,Sex,Female,Over 52 Weeks,168125
18/02/2024,Sex,Female,Total,3923590
18/02/2024,Sex,Male,Unknown Clock Start,2330
18/02/2024,Sex,Male,01 To 18 Weeks,1706280
18/02/2024,Sex,Male,18 To 52 Weeks,1176405
18/02/2024,Sex,Male,Over 52 Weeks,127340
18/02/2024,Sex,Male,Total,3012350
25/02/2024,Age,0-18 Years,Unknown Clock Start,1200
25/02/2024,Age,0-18 Years,01 To 18 Weeks,467090
25/02/2024,Age,0-18 Years,18 To 52 Weeks,328175
25/02/2024,Age,0-18 Years,Over 52 Weeks,37360
25/02/2024,Age,0-18 Years,Total,833830
25/02/2024,Age,19-64 Years,Unknown Clock Start,2820
25/02/2024,Age,19-64 Years,01 To 18 Weeks,2220695
25/02/2024,Age,19-64 Years,18 To 52 Weeks,1660180
25/02/2024,Age,19-64 Years,Over 52 Weeks,188060
25/02/2024,Age,19-64 Years,Total,4071755
25/02/2024,Age,Over 65 Years,Unknown Clock Start,1530
25/02/2024,Age,Over 65 Years,01 To 18 Weeks,1402640
25/02/2024,Age,Over 65 Years,18 To 52 Weeks,921220
25/02/2024,Age,Over 65 Years,Over 52 Weeks,89845
25/02/2024,Age,Over 65 Years,Total,2415240
25/02/2024,Sex,Female,Unknown Clock Start,3195
25/02/2024,Sex,Female,01 To 18 Weeks,2193680
25/02/2024,Sex,Female,18 To 52 Weeks,1575425
25/02/2024,Sex,Female,Over 52 Weeks,166760
25/02/2024,Sex,Female,Total,3939060
25/02/2024,Sex,Male,Unknown Clock Start,2345
25/02/2024,Sex,Male,01 To 18 Weeks,1715695
25/02/2024,Sex,Male,18 To 52 Weeks,1178940
25/02/2024,Sex,Male,Over 52 Weeks,126450
25/02/2024,Sex,Male,Total,3023430
03/03/2024,Age,0-18 Years,Unknown Clock Start,1200
03/03/2024,Age,0-18 Years,01 To 18 Weeks,464580
03/03/2024,Age,0-18 Years,18 To 52 Weeks,321760
03/03/2024,Age,0-18 Years,Over 52 Weeks,36705
03/03/2024,Age,0-18 Years,Total,824245
03/03/2024,Age,19-64 Years,Unknown Clock Start,3085
03/03/2024,Age,19-64 Years,01 To 18 Weeks,2212695
03/03/2024,Age,19-64 Years,18 To 52 Weeks,1648115
03/03/2024,Age,19-64 Years,Over 52 Weeks,187475
03/03/2024,Age,19-64 Years,Total,4051370
03/03/2024,Age,Over 65 Years,Unknown Clock Start,1645
03/03/2024,Age,Over 65 Years,01 To 18 Weeks,1392045
03/03/2024,Age,Over 65 Years,18 To 52 Weeks,913580
03/03/2024,Age,Over 65 Years,Over 52 Weeks,89510
03/03/2024,Age,Over 65 Years,Total,2396780
03/03/2024,Sex,Female,Unknown Clock Start,3345
03/03/2024,Sex,Female,01 To 18 Weeks,2183645
03/03/2024,Sex,Female,18 To 52 Weeks,1561945
03/03/2024,Sex,Female,Over 52 Weeks,165670
03/03/2024,Sex,Female,Total,3914605
03/03/2024,Sex,Male,Unknown Clock Start,2585
03/03/2024,Sex,Male,01 To 18 Weeks,1703785
03/03/2024,Sex,Male,18 To 52 Weeks,1167260
03/03/2024,Sex,Male,Over 52 Weeks,125260
03/03/2024,Sex,Male,Total,2998895
10/03/2024,Age,0-18 Years,Unknown Clock Start,1330
10/03/2024,Age,0-18 Years,01 To 18 Weeks,469465
10/03/2024,Age,0-18 Years,18 To 52 Weeks,320455
10/03/2024,Age,0-18 Years,Over 52 Weeks,37220
10/03/2024,Age,0-18 Years,Total,828475
10/03/2024,Age,19-64 Years,Unknown Clock Start,1805
10/03/2024,Age,19-64 Years,01 To 18 Weeks,2237970
10/03/2024,Age,19-64 Years,18 To 52 Weeks,1649410
10/03/2024,Age,19-64 Years,Over 52 Weeks,186705
10/03/2024,Age,19-64 Years,Total,4075890
10/03/2024,Age,Over 65 Years,Unknown Clock Start,900
10/03/2024,Age,Over 65 Years,01 To 18 Weeks,1407810
10/03/2024,Age,Over 65 Years,18 To 52 Weeks,915430
10/03/2024,Age,Over 65 Years,Over 52 Weeks,88390
10/03/2024,Age,Over 65 Years,Total,2412530
10/03/2024,Sex,Female,Unknown Clock Start,2185
10/03/2024,Sex,Female,01 To 18 Weeks,2212320
10/03/2024,Sex,Female,18 To 52 Weeks,1562865
10/03/2024,Sex,Female,Over 52 Weeks,164945
10/03/2024,Sex,Female,Total,3942315
10/03/2024,Sex,Male,Unknown Clock Start,1870
10/03/2024,Sex,Male,01 To 18 Weeks,1725455
10/03/2024,Sex,Male,18 To 52 Weeks,1169560
10/03/2024,Sex,Male,Over 52 Weeks,124545
10/03/2024,Sex,Male,Total,3021430
17/03/2024,Age,0-18 Years,Unknown Clock Start,1225
17/03/2024,Age,0-18 Years,01 To 18 Weeks,472050
17/03/2024,Age,0-18 Years,18 To 52 Weeks,320060
17/03/2024,Age,0-18 Years,Over 52 Weeks,37370
17/03/2024,Age,0-18 Years,Total,830700
17/03/2024,Age,19-64 Years,Unknown Clock Start,2870
17/03/2024,Age,19-64 Years,01 To 18 Weeks,2242330
17/03/2024,Age,19-64 Years,18 To 52 Weeks,1649240
17/03/2024,Age,19-64 Years,Over 52 Weeks,185190
17/03/2024,Age,19-64 Years,Total,4079630
17/03/2024,Age,Over 65 Years,Unknown Clock Start,1525
17/03/2024,Age,Over 65 Years,01 To 18 Weeks,1407835
17/03/2024,Age,Over 65 Years,18 To 52 Weeks,915360
17/03/2024,Age,Over 65 Years,Over 52 Weeks,87590
17/03/2024,Age,Over 65 Years,Total,2412315
17/03/2024,Sex,Female,Unknown Clock Start,3240
17/03/2024,Sex,Female,01 To 18 Weeks,2217320
17/03/2024,Sex,Female,18 To 52 Weeks,1563100
17/03/2024,Sex,Female,Over 52 Weeks,163955
17/03/2024,Sex,Female,Total,3947610
17/03/2024,Sex,Male,Unknown Clock Start,2380
17/03/2024,Sex,Male,01 To 18 Weeks,1727380
17/03/2024,Sex,Male,18 To 52 Weeks,1170110
17/03/2024,Sex,Male,Over 52 Weeks,123200
17/03/2024,Sex,Male,Total,3023065
24/03/2024,Age,0-18 Years,Unknown Clock Start,1145
24/03/2024,Age,0-18 Years,01 To 18 Weeks,471510
24/03/2024,Age,0-18 Years,18 To 52 Weeks,317095
24/03/2024,Age,0-18 Years,Over 52 Weeks,37050
24/03/2024,Age,0-18 Years,Total,826800
24/03/2024,Age,19-64 Years,Unknown Clock Start,2905
24/03/2024,Age,19-64 Years,01 To 18 Weeks,2243190
24/03/2024,Age,19-64 Years,18 To 52 Weeks,1648745
24/03/2024,Age,19-64 Years,Over 52 Weeks,184985
24/03/2024,Age,19-64 Years,Total,4079820
24/03/2024,Age,Over 65 Years,Unknown Clock Start,1420
24/03/2024,Age,Over 65 Years,01 To 18 Weeks,1407740
24/03/2024,Age,Over 65 Years,18 To 52 Weeks,915040
24/03/2024,Age,Over 65 Years,Over 52 Weeks,87445
24/03/2024,Age,Over 65 Years,Total,2411645
24/03/2024,Sex,Female,Unknown Clock Start,3125
24/03/2024,Sex,Female,01 To 18 Weeks,2217020
24/03/2024,Sex,Female,18 To 52 Weeks,1561995
24/03/2024,Sex,Female,Over 52 Weeks,163940
24/03/2024,Sex,Female,Total,3946080
24/03/2024,Sex,Male,Unknown Clock Start,2325
24/03/2024,Sex,Male,01 To 18 Weeks,1727995
24/03/2024,Sex,Male,18 To 52 Weeks,1168305
24/03/2024,Sex,Male,Over 52 Weeks,122380
24/03/2024,Sex,Male,Total,3021005
31/03/2024,Age,0-18 Years,Unknown Clock Start,1015
31/03/2024,Age,0-18 Years,01 To 18 Weeks,469670
31/03/2024,Age,0-18 Years,18 To 52 Weeks,321360
31/03/2024,Age,0-18 Years,Over 52 Weeks,38145
31/03/2024,Age,0-18 Years,Total,830190
31/03/2024,Age,19-64 Years,Unknown Clock Start,2245
31/03/2024,Age,19-64 Years,01 To 18 Weeks,2228980
31/03/2024,Age,19-64 Years,18 To 52 Weeks,1665680
31/03/2024,Age,19-64 Years,Over 52 Weeks,189060
31/03/2024,Age,19-64 Years,Total,4085965
31/03/2024,Age,Over 65 Years,Unknown Clock Start,1090
31/03/2024,Age,Over 65 Years,01 To 18 Weeks,1399705
31/03/2024,Age,Over 65 Years,18 To 52 Weeks,925080
31/03/2024,Age,Over 65 Years,Over 52 Weeks,89680
31/03/2024,Age,Over 65 Years,Total,2415555
31/03/2024,Sex,Female,Unknown Clock Start,2540
31/03/2024,Sex,Female,01 To 18 Weeks,2205525
31/03/2024,Sex,Female,18 To 52 Weeks,1579390
31/03/2024,Sex,Female,Over 52 Weeks,167800
31/03/2024,Sex,Female,Total,3955260
31/03/2024,Sex,Male,Unknown Clock Start,1790
31/03/2024,Sex,Male,01 To 18 Weeks,1717805
31/03/2024,Sex,Male,18 To 52 Weeks,1181960
31/03/2024,Sex,Male,Over 52 Weeks,125295
31/03/2024,Sex,Male,Total,3026855
07/04/2024,Age,0-18 Years,Unknown Clock Start,1130
07/04/2024,Age,0-18 Years,01 To 18 Weeks,467625
07/04/2024,Age,0-18 Years,18 To 52 Weeks,324420
07/04/2024,Age,0-18 Years,Over 52 Weeks,38680
07/04/2024,Age,0-18 Years,Total,831860
07/04/2024,Age,19-64 Years,Unknown Clock Start,1520
07/04/2024,Age,19-64 Years,01 To 18 Weeks,2217690
07/04/2024,Age,19-64 Years,18 To 52 Weeks,1682330
07/04/2024,Age,19-64 Years,Over 52 Weeks,191810
07/04/2024,Age,19-64 Years,Total,4093340
07/04/2024,Age,Over 65 Years,Unknown Clock Start,860
07/04/2024,Age,Over 65 Years,01 To 18 Weeks,1391535
07/04/2024,Age,Over 65 Years,18 To 52 Weeks,934070
07/04/2024,Age,Over 65 Years,Over 52 Weeks,90775
07/04/2024,Age,Over 65 Years,Total,2417245
07/04/2024,Sex,Female,Unknown Clock Start,1880
07/04/2024,Sex,Female,01 To 18 Weeks,2194060
07/04/2024,Sex,Female,18 To 52 Weeks,1595155
07/04/2024,Sex,Female,Over 52 Weeks,169975
07/04/2024,Sex,Female,Total,3961075
07/04/2024,Sex,Male,Unknown Clock Start,1610
07/04/2024,Sex,Male,01 To 18 Weeks,1707160
07/04/2024,Sex,Male,18 To 52 Weeks,1193410
07/04/2024,Sex,Male,Over 52 Weeks,127015
07/04/2024,Sex,Male,Total,3029190
14/04/2024,Age,0-18 Years,Unknown Clock Start,295
14/04/2024,Age,0-18 Years,01 To 18 Weeks,458975
14/04/2024,Age,0-18 Years,18 To 52 Weeks,320100
14/04/2024,Age,0-18 Years,Over 52 Weeks,38475
14/04/2024,Age,0-18 Years,Total,817845
14/04/2024,Age,19-64 Years,Unknown Clock Start,1265
14/04/2024,Age,19-64 Years,01 To 18 Weeks,2192740
14/04/2024,Age,19-64 Years,18 To 52 Weeks,1669310
14/04/2024,Age,19-64 Years,Over 52 Weeks,188450
14/04/2024,Age,19-64 Years,Total,4051765
14/04/2024,Age,Over 65 Years,Unknown Clock Start,705
14/04/2024,Age,Over 65 Years,01 To 18 Weeks,1381755
14/04/2024,Age,Over 65 Years,18 To 52 Weeks,927630
14/04/2024,Age,Over 65 Years,Over 52 Weeks,89320
14/04/2024,Age,Over 65 Years,Total,2399410
14/04/2024,Sex,Female,Unknown Clock Start,1250
14/04/2024,Sex,Female,01 To 18 Weeks,2170095
14/04/2024,Sex,Female,18 To 52 Weeks,1581550
14/04/2024,Sex,Female,Over 52 Weeks,166820
14/04/2024,Sex,Female,Total,3919720
14/04/2024,Sex,Male,Unknown Clock Start,995
14/04/2024,Sex,Male,01 To 18 Weeks,1687815
14/04/2024,Sex,Male,18 To 52 Weeks,1183675
14/04/2024,Sex,Male,Over 52 Weeks,125155
14/04/2024,Sex,Male,Total,2997640
21/04/2024,Age,0-18 Years,Unknown Clock Start,190
21/04/2024,Age,0-18 Years,01 To 18 Weeks,465060
21/04/2024,Age,0-18 Years,18 To 52 Weeks,320215
21/04/2024,Age,0-18 Years,Over 52 Weeks,38610
21/04/2024,Age,0-18 Years,Total,824070
21/04/2024,Age,19-64 Years,Unknown Clock Start,1930
21/04/2024,Age,19-64 Years,01 To 18 Weeks,2188405
21/04/2024,Age,19-64 Years,18 To 52 Weeks,1660410
21/04/2024,Age,19-64 Years,Over 52 Weeks,189290
21/04/2024,Age,19-64 Years,Total,4040035
21/04/2024,Age,Over 65 Years,Unknown Clock Start,1320
21/04/2024,Age,Over 65 Years,01 To 18 Weeks,1379330
21/04/2024,Age,Over 65 Years,18 To 52 Weeks,920915
21/04/2024,Age,Over 65 Years,Over 52 Weeks,89765
21/04/2024,Age,Over 65 Years,Total,2391330
21/04/2024,Sex,Female,Unknown Clock Start,1985
21/04/2024,Sex,Female,01 To 18 Weeks,2171690
21/04/2024,Sex,Female,18 To 52 Weeks,1574590
21/04/2024,Sex,Female,Over 52 Weeks,167755
21/04/2024,Sex,Female,Total,3916020
21/04/2024,Sex,Male,Unknown Clock Start,1435
21/04/2024,Sex,Male,01 To 18 Weeks,1687600
21/04/2024,Sex,Male,18 To 52 Weeks,1179785
21/04/2024,Sex,Male,Over 52 Weeks,125455
21/04/2024,Sex,Male,Total,2994275
28/04/2024,Age,0-18 Years,Unknown Clock Start,180
28/04/2024,Age,0-18 Years,01 To 18 Weeks,468475
28/04/2024,Age,0-18 Years,18 To 52 Weeks,317185
28/04/2024,Age,0-18 Years,Over 52 Weeks,38390
28/04/2024,Age,0-18 Years,Total,824230
28/04/2024,Age,19-64 Years,Unknown Clock Start,600
28/04/2024,Age,19-64 Years,01 To 18 Weeks,2232590
28/04/2024,Age,19-64 Years,18 To 52 Weeks,1649245
28/04/2024,Age,19-64 Years,Over 52 Weeks,188590
28/04/2024,Age,19-64 Years,Total,4071025
28/04/2024,Age,Over 65 Years,Unknown Clock Start,415
28/04/2024,Age,Over 65 Years,01 To 18 Weeks,1401795
28/04/2024,Age,Over 65 Years,18 To 52 Weeks,914855
28/04/2024,Age,Over 65 Years,Over 52 Weeks,89525
28/04/2024,Age,Over 65 Years,Total,2406590
28/04/2024,Sex,Female,Unknown Clock Start,660
28/04/2024,Sex,Female,01 To 18 Weeks,2213340
28/04/2024,Sex,Female,18 To 52 Weeks,1562565
28/04/2024,Sex,Female,Over 52 Weeks,167460
28/04/2024,Sex,Female,Total,3944025
28/04/2024,Sex,Male,Unknown Clock Start,535
28/04/2024,Sex,Male,01 To 18 Weeks,1713210
28/04/2024,Sex,Male,18 To 52 Weeks,1174130
28/04/2024,Sex,Male,Over 52 Weeks,124695
28/04/2024,Sex,Male,Total,3012570
05/05/2024,Age,0-18 Years,Unknown Clock Start,240
05/05/2024,Age,0-18 Years,01 To 18 Weeks,483565
05/05/2024,Age,0-18 Years,18 To 52 Weeks,307780
05/05/2024,Age,0-18 Years,Over 52 Weeks,38445
05/05/2024,Age,0-18 Years,Total,830030
05/05/2024,Age,19-64 Years,Unknown Clock Start,1705
05/05/2024,Age,19-64 Years,01 To 18 Weeks,2303370
05/05/2024,Age,19-64 Years,18 To 52 Weeks,1612670
05/05/2024,Age,19-64 Years,Over 52 Weeks,186860
05/05/2024,Age,19-64 Years,Total,4104605
05/05/2024,Age,Over 65 Years,Unknown Clock Start,1045
05/05/2024,Age,Over 65 Years,01 To 18 Weeks,1442665
05/05/2024,Age,Over 65 Years,18 To 52 Weeks,890105
05/05/2024,Age,Over 65 Years,Over 52 Weeks,89055
05/05/2024,Age,Over 65 Years,Total,2422875
05/05/2024,Sex,Female,Unknown Clock Start,1880
05/05/2024,Sex,Female,01 To 18 Weeks,2282945
05/05/2024,Sex,Female,18 To 52 Weeks,1524815
05/05/2024,Sex,Female,Over 52 Weeks,166400
05/05/2024,Sex,Female,Total,3976035
05/05/2024,Sex,Male,Unknown Clock Start,1110
05/05/2024,Sex,Male,01 To 18 Weeks,1763930
05/05/2024,Sex,Male,18 To 52 Weeks,1145300
05/05/2024,Sex,Male,Over 52 Weeks,123750
05/05/2024,Sex,Male,Total,3034090
12/05/2024,Age,0-18 Years,Unknown Clock Start,250
12/05/2024,Age,0-18 Years,01 To 18 Weeks,487700
12/05/2024,Age,0-18 Years,18 To 52 Weeks,304445
12/05/2024,Age,0-18 Years,Over 52 Weeks,38695
12/05/2024,Age,0-18 Years,Total,831085
12/05/2024,Age,19-64 Years,Unknown Clock Start,2255
12/05/2024,Age,19-64 Years,01 To 18 Weeks,2326190
12/05/2024,Age,19-64 Years,18 To 52 Weeks,1599160
12/05/2024,Age,19-64 Years,Over 52 Weeks,187015
12/05/2024,Age,19-64 Years,Total,4114615
12/05/2024,Age,Over 65 Years,Unknown Clock Start,1330
12/05/2024,Age,Over 65 Years,01 To 18 Weeks,1456475
12/05/2024,Age,Over 65 Years,18 To 52 Weeks,881030
12/05/2024,Age,Over 65 Years,Over 52 Weeks,89300
12/05/2024,Age,Over 65 Years,Total,2428135
12/05/2024,Sex,Female,Unknown Clock Start,2400
12/05/2024,Sex,Female,01 To 18 Weeks,2306385
12/05/2024,Sex,Female,18 To 52 Weeks,1510570
12/05/2024,Sex,Female,Over 52 Weeks,166750
12/05/2024,Sex,Female,Total,3986110
12/05/2024,Sex,Male,Unknown Clock Start,1430
12/05/2024,Sex,Male,01 To 18 Weeks,1779890
12/05/2024,Sex,Male,18 To 52 Weeks,1136715
12/05/2024,Sex,Male,Over 52 Weeks,124025
12/05/2024,Sex,Male,Total,3042060
19/05/2024,Age,0-18 Years,Unknown Clock Start,260
19/05/2024,Age,0-18 Years,01 To 18 Weeks,483390
19/05/2024,Age,0-18 Years,18 To 52 Weeks,301335
19/05/2024,Age,0-18 Years,Over 52 Weeks,38920
19/05/2024,Age,0-18 Years,Total,823910
19/05/2024,Age,19-64 Years,Unknown Clock Start,2200
19/05/2024,Age,19-64 Years,01 To 18 Weeks,2294075
19/05/2024,Age,19-64 Years,18 To 52 Weeks,1581630
19/05/2024,Age,19-64 Years,Over 52 Weeks,186680
19/05/2024,Age,19-64 Years,Total,4064590
19/05/2024,Age,Over 65 Years,Unknown Clock Start,1255
19/05/2024,Age,Over 65 Years,01 To 18 Weeks,1440300
19/05/2024,Age,Over 65 Years,18 To 52 Weeks,870295
19/05/2024,Age,Over 65 Years,Over 52 Weeks,89240
19/05/2024,Age,Over 65 Years,Total,2401085
19/05/2024,Sex,Female,Unknown Clock Start,2315
19/05/2024,Sex,Female,01 To 18 Weeks,2294940
19/05/2024,Sex,Female,18 To 52 Weeks,1497485
19/05/2024,Sex,Female,Over 52 Weeks,166655
19/05/2024,Sex,Female,Total,3961395
19/05/2024,Sex,Male,Unknown Clock Start,1390
19/05/2024,Sex,Male,01 To 18 Weeks,1766195
19/05/2024,Sex,Male,18 To 52 Weeks,1126280
19/05/2024,Sex,Male,Over 52 Weeks,123465
19/05/2024,Sex,Male,Total,3017330
26/05/2024,Age,0-18 Years,Unknown Clock Start,225
26/05/2024,Age,0-18 Years,01 To 18 Weeks,487040
26/05/2024,Age,0-18 Years,18 To 52 Weeks,302230
26/05/2024,Age,0-18 Years,Over 52 Weeks,39335
26/05/2024,Age,0-18 Years,Total,828830
26/05/2024,Age,19-64 Years,Unknown Clock Start,1960
26/05/2024,Age,19-64 Years,01 To 18 Weeks,2320640
26/05/2024,Age,19-64 Years,18 To 52 Weeks,1592495
26/05/2024,Age,19-64 Years,Over 52 Weeks,188375
26/05/2024,Age,19-64 Years,Total,4103475
26/05/2024,Age,Over 65 Years,Unknown Clock Start,1065
26/05/2024,Age,Over 65 Years,01 To 18 Weeks,1457680
26/05/2024,Age,Over 65 Years,18 To 52 Weeks,874305
26/05/2024,Age,Over 65 Years,Over 52 Weeks,90020
26/05/2024,Age,Over 65 Years,Total,2423065
26/05/2024,Sex,Female,Unknown Clock Start,2045
26/05/2024,Sex,Female,01 To 18 Weeks,2321915
26/05/2024,Sex,Female,18 To 52 Weeks,1505845
26/05/2024,Sex,Female,Over 52 Weeks,168555
26/05/2024,Sex,Female,Total,3998355
26/05/2024,Sex,Male,Unknown Clock Start,1205
26/05/2024,Sex,Male,01 To 18 Weeks,1787410
26/05/2024,Sex,Male,18 To 52 Weeks,1134295
26/05/2024,Sex,Male,Over 52 Weeks,124215
26/05/2024,Sex,Male,Total,3047130
02/06/2024,Age,0-18 Years,Unknown Clock Start,260
02/06/2024,Age,0-18 Years,01 To 18 Weeks,487660
02/06/2024,Age,0-18 Years,18 To 52 Weeks,308145
02/06/2024,Age,0-18 Years,Over 52 Weeks,39020
02/06/2024,Age,0-18 Years,Total,835090
02/06/2024,Age,19-64 Years,Unknown Clock Start,2625
02/06/2024,Age,19-64 Years,01 To 18 Weeks,2317230
02/06/2024,Age,19-64 Years,18 To 52 Weeks,1618210
02/06/2024,Age,19-64 Years,Over 52 Weeks,187095
02/06/2024,Age,19-64 Years,Total,4125160
02/06/2024,Age,Over 65 Years,Unknown Clock Start,1445
02/06/2024,Age,Over 65 Years,01 To 18 Weeks,1447370
02/06/2024,Age,Over 65 Years,18 To 52 Weeks,885840
02/06/2024,Age,Over 65 Years,Over 52 Weeks,89475
02/06/2024,Age,Over 65 Years,Total,2424130
02/06/2024,Sex,Female,Unknown Clock Start,2705
02/06/2024,Sex,Female,01 To 18 Weeks,2304540
02/06/2024,Sex,Female,18 To 52 Weeks,1528480
02/06/2024,Sex,Female,Over 52 Weeks,167710
02/06/2024,Sex,Female,Total,4003435
02/06/2024,Sex,Male,Unknown Clock Start,1620
02/06/2024,Sex,Male,01 To 18 Weeks,1772225
02/06/2024,Sex,Male,18 To 52 Weeks,1151080
02/06/2024,Sex,Male,Over 52 Weeks,123330
02/06/2024,Sex,Male,Total,3048260
09/06/2024,Age,0-18 Years,Unknown Clock Start,255
09/06/2024,Age,0-18 Years,01 To 18 Weeks,486945
09/06/2024,Age,0-18 Years,18 To 52 Weeks,308630
09/06/2024,Age,0-18 Years,Over 52 Weeks,38775
09/06/2024,Age,0-18 Years,Total,834605
09/06/2024,Age,19-64 Years,Unknown Clock Start,2370
09/06/2024,Age,19-64 Years,01 To 18 Weeks,2312435
09/06/2024,Age,19-64 Years,18 To 52 Weeks,1615645
09/06/2024,Age,19-64 Years,Over 52 Weeks,187460
09/06/2024,Age,19-64 Years,Total,4117915
09/06/2024,Age,Over 65 Years,Unknown Clock Start,1450
09/06/2024,Age,Over 65 Years,01 To 18 Weeks,1460955
09/06/2024,Age,Over 65 Years,18 To 52 Weeks,884275
09/06/2024,Age,Over 65 Years,Over 52 Weeks,89660
09/06/2024,Age,Over 65 Years,Total,2436340
09/06/2024,Sex,Female,Unknown Clock Start,2470
09/06/2024,Sex,Female,01 To 18 Weeks,2307395
09/06/2024,Sex,Female,18 To 52 Weeks,1525560
09/06/2024,Sex,Female,Over 52 Weeks,167660
09/06/2024,Sex,Female,Total,4003085
09/06/2024,Sex,Male,Unknown Clock Start,1600
09/06/2024,Sex,Male,01 To 18 Weeks,1772160
09/06/2024,Sex,Male,18 To 52 Weeks,1148780
09/06/2024,Sex,Male,Over 52 Weeks,123065
09/06/2024,Sex,Male,Total,3045610
16/06/2024,Age,0-18 Years,Unknown Clock Start,215
16/06/2024,Age,0-18 Years,01 To 18 Weeks,484855
16/06/2024,Age,0-18 Years,18 To 52 Weeks,309555
16/06/2024,Age,0-18 Years,Over 52 Weeks,38325
16/06/2024,Age,0-18 Years,Total,832950
16/06/2024,Age,19-64 Years,Unknown Clock Start,2420
16/06/2024,Age,19-64 Years,01 To 18 Weeks,2321635
16/06/2024,Age,19-64 Years,18 To 52 Weeks,1625545
16/06/2024,Age,19-64 Years,Over 52 Weeks,186315
16/06/2024,Age,19-64 Years,Total,4135915
16/06/2024,Age,Over 65 Years,Unknown Clock Start,2030
16/06/2024,Age,Over 65 Years,01 To 18 Weeks,1473865
16/06/2024,Age,Over 65 Years,18 To 52 Weeks,887245
16/06/2024,Age,Over 65 Years,Over 52 Weeks,89610
16/06/2024,Age,Over 65 Years,Total,2452745
16/06/2024,Sex,Female,Unknown Clock Start,2875
16/06/2024,Sex,Female,01 To 18 Weeks,2319885
16/06/2024,Sex,Female,18 To 52 Weeks,1534255
16/06/2024,Sex,Female,Over 52 Weeks,166940
16/06/2024,Sex,Female,Total,4023950
16/06/2024,Sex,Male,Unknown Clock Start,1755
16/06/2024,Sex,Male,01 To 18 Weeks,1779650
16/06/2024,Sex,Male,18 To 52 Weeks,1154730
16/06/2024,Sex,Male,Over 52 Weeks,122360
16/06/2024,Sex,Male,Total,3058500
23/06/2024,Age,0-18 Years,Unknown Clock Start,260
23/06/2024,Age,0-18 Years,01 To 18 Weeks,486145
23/06/2024,Age,0-18 Years,18 To 52 Weeks,309775
23/06/2024,Age,0-18 Years,Over 52 Weeks,37805
23/06/2024,Age,0-18 Years,Total,833990
23/06/2024,Age,19-64 Years,Unknown Clock Start,3065
23/06/2024,Age,19-64 Years,01 To 18 Weeks,2339145
23/06/2024,Age,19-64 Years,18 To 52 Weeks,1629175
23/06/2024,Age,19-64 Years,Over 52 Weeks,186175
23/06/2024,Age,19-64 Years,Total,4157560
23/06/2024,Age,Over 65 Years,Unknown Clock Start,3335
23/06/2024,Age,Over 65 Years,01 To 18 Weeks,1486885
23/06/2024,Age,Over 65 Years,18 To 52 Weeks,888810
23/06/2024,Age,Over 65 Years,Over 52 Weeks,90005
23/06/2024,Age,Over 65 Years,Total,2469035
23/06/2024,Sex,Female,Unknown Clock Start,4085
23/06/2024,Sex,Female,01 To 18 Weeks,2337290
23/06/2024,Sex,Female,18 To 52 Weeks,1536570
23/06/2024,Sex,Female,Over 52 Weeks,167060
23/06/2024,Sex,Female,Total,4045005
23/06/2024,Sex,Male,Unknown Clock Start,2555
23/06/2024,Sex,Male,01 To 18 Weeks,1794695
23/06/2024,Sex,Male,18 To 52 Weeks,1158325
23/06/2024,Sex,Male,Over 52 Weeks,121990
23/06/2024,Sex,Male,Total,3077565
30/06/2024,Age,0-18 Years,Unknown Clock Start,330
30/06/2024,Age,0-18 Years,01 To 18 Weeks,485145
30/06/2024,Age,0-18 Years,18 To 52 Weeks,311045
30/06/2024,Age,0-18 Years,Over 52 Weeks,37360
30/06/2024,Age,0-18 Years,Total,833875
30/06/2024,Age,19-64 Years,Unknown Clock Start,2865
30/06/2024,Age,19-64 Years,01 To 18 Weeks,2337705
30/06/2024,Age,19-64 Years,18 To 52 Weeks,1631215
30/06/2024,Age,19-64 Years,Over 52 Weeks,183890
30/06/2024,Age,19-64 Years,Total,4155680
30/06/2024,Age,Over 65 Years,Unknown Clock Start,2440
30/06/2024,Age,Over 65 Years,01 To 18 Weeks,1478600
30/06/2024,Age,Over 65 Years,18 To 52 Weeks,887795
30/06/2024,Age,Over 65 Years,Over 52 Weeks,89405
30/06/2024,Age,Over 65 Years,Total,2458245
30/06/2024,Sex,Female,Unknown Clock Start,3455
30/06/2024,Sex,Female,01 To 18 Weeks,2330685
30/06/2024,Sex,Female,18 To 52 Weeks,1537605
30/06/2024,Sex,Female,Over 52 Weeks,164855
30/06/2024,Sex,Female,Total,4036600
30/06/2024,Sex,Male,Unknown Clock Start,2160
30/06/2024,Sex,Male,01 To 18 Weeks,1788860
30/06/2024,Sex,Male,18 To 52 Weeks,1159805
30/06/2024,Sex,Male,Over 52 Weeks,120750
30/06/2024,Sex,Male,Total,3071575
07/07/2024,Age,0-18 Years,Unknown Clock Start,320
07/07/2024,Age,0-18 Years,01 To 18 Weeks,482650
07/07/2024,Age,0-18 Years,18 To 52 Weeks,311795
07/07/2024,Age,0-18 Years,Over 52 Weeks,37215
07/07/2024,Age,0-18 Years,Total,831980
07/07/2024,Age,19-64 Years,Unknown Clock Start,1610
07/07/2024,Age,19-64 Years,01 To 18 Weeks,2324245
07/07/2024,Age,19-64 Years,18 To 52 Weeks,1625975
07/07/2024,Age,19-64 Years,Over 52 Weeks,183235
07/07/2024,Age,19-64 Years,Total,4135070
07/07/2024,Age,Over 65 Years,Unknown Clock Start,2240
07/07/2024,Age,Over 65 Years,01 To 18 Weeks,1480330
07/07/2024,Age,Over 65 Years,18 To 52 Weeks,882135
07/07/2024,Age,Over 65 Years,Over 52 Weeks,88975
07/07/2024,Age,Over 65 Years,Total,2453680
07/07/2024,Sex,Female,Unknown Clock Start,2520
07/07/2024,Sex,Female,01 To 18 Weeks,2322850
07/07/2024,Sex,Female,18 To 52 Weeks,1532885
07/07/2024,Sex,Female,Over 52 Weeks,164120
07/07/2024,Sex,Female,Total,4022375
07/07/2024,Sex,Male,Unknown Clock Start,1650
07/07/2024,Sex,Male,01 To 18 Weeks,1783210
07/07/2024,Sex,Male,18 To 52 Weeks,1156285
07/07/2024,Sex,Male,Over 52 Weeks,120245
07/07/2024,Sex,Male,Total,3061390
14/07/2024,Age,0-18 Years,Unknown Clock Start,280
14/07/2024,Age,0-18 Years,01 To 18 Weeks,481010
14/07/2024,Age,0-18 Years,18 To 52 Weeks,314210
14/07/2024,Age,0-18 Years,Over 52 Weeks,36770
14/07/2024,Age,0-18 Years,Total,832270
14/07/2024,Age,19-64 Years,Unknown Clock Start,2390
14/07/2024,Age,19-64 Years,01 To 18 Weeks,2332650
14/07/2024,Age,19-64 Years,18 To 52 Weeks,1640735
14/07/2024,Age,19-64 Years,Over 52 Weeks,183375
14/07/2024,Age,19-64 Years,Total,4159150
14/07/2024,Age,Over 65 Years,Unknown Clock Start,1720
14/07/2024,Age,Over 65 Years,01 To 18 Weeks,1489235
14/07/2024,Age,Over 65 Years,18 To 52 Weeks,889765
14/07/2024,Age,Over 65 Years,Over 52 Weeks,89080
14/07/2024,Age,Over 65 Years,Total,2469800
14/07/2024,Sex,Female,Unknown Clock Start,2775
14/07/2024,Sex,Female,01 To 18 Weeks,2332410
14/07/2024,Sex,Female,18 To 52 Weeks,1548165
14/07/2024,Sex,Female,Over 52 Weeks,163945
14/07/2024,Sex,Female,Total,4047290
14/07/2024,Sex,Male,Unknown Clock Start,1600
14/07/2024,Sex,Male,01 To 18 Weeks,1790035
14/07/2024,Sex,Male,18 To 52 Weeks,1166235
14/07/2024,Sex,Male,Over 52 Weeks,120360
14/07/2024,Sex,Male,Total,3078230
21/07/2024,Age,0-18 Years,Unknown Clock Start,290
21/07/2024,Age,0-18 Years,01 To 18 Weeks,471560
21/07/2024,Age,0-18 Years,18 To 52 Weeks,315765
21/07/2024,Age,0-18 Years,Over 52 Weeks,36250
21/07/2024,Age,0-18 Years,Total,823860
21/07/2024,Age,19-64 Years,Unknown Clock Start,2845
21/07/2024,Age,19-64 Years,01 To 18 Weeks,2302130
21/07/2024,Age,19-64 Years,18 To 52 Weeks,1640560
21/07/2024,Age,19-64 Years,Over 52 Weeks,182320
21/07/2024,Age,19-64 Years,Total,4127855
21/07/2024,Age,Over 65 Years,Unknown Clock Start,3180
21/07/2024,Age,Over 65 Years,01 To 18 Weeks,1473425
21/07/2024,Age,Over 65 Years,18 To 52 Weeks,888280
21/07/2024,Age,Over 65 Years,Over 52 Weeks,88765
21/07/2024,Age,Over 65 Years,Total,2453645
21/07/2024,Sex,Female,Unknown Clock Start,3945
21/07/2024,Sex,Female,01 To 18 Weeks,2317400
21/07/2024,Sex,Female,18 To 52 Weeks,1550975
21/07/2024,Sex,Female,Over 52 Weeks,162910
21/07/2024,Sex,Female,Total,4035230
21/07/2024,Sex,Male,Unknown Clock Start,2360
21/07/2024,Sex,Male,01 To 18 Weeks,1779150
21/07/2024,Sex,Male,18 To 52 Weeks,1168455
21/07/2024,Sex,Male,Over 52 Weeks,119740
21/07/2024,Sex,Male,Total,3069710
28/07/2024,Age,0-18 Years,Unknown Clock Start,155
28/07/2024,Age,0-18 Years,01 To 18 Weeks,468840
28/07/2024,Age,0-18 Years,18 To 52 Weeks,314400
28/07/2024,Age,0-18 Years,Over 52 Weeks,35155
28/07/2024,Age,0-18 Years,Total,818545
28/07/2024,Age,19-64 Years,Unknown Clock Start,2930
28/07/2024,Age,19-64 Years,01 To 18 Weeks,2297915
28/07/2024,Age,19-64 Years,18 To 52 Weeks,1629900
28/07/2024,Age,19-64 Years,Over 52 Weeks,179430
28/07/2024,Age,19-64 Years,Total,4110175
28/07/2024,Age,Over 65 Years,Unknown Clock Start,4065
28/07/2024,Age,Over 65 Years,01 To 18 Weeks,1481285
28/07/2024,Age,Over 65 Years,18 To 52 Weeks,882865
28/07/2024,Age,Over 65 Years,Over 52 Weeks,87985
28/07/2024,Age,Over 65 Years,Total,2456200
28/07/2024,Sex,Female,Unknown Clock Start,4395
28/07/2024,Sex,Female,01 To 18 Weeks,2304715
28/07/2024,Sex,Female,18 To 52 Weeks,1538625
28/07/2024,Sex,Female,Over 52 Weeks,160580
28/07/2024,Sex,Female,Total,4008315
28/07/2024,Sex,Male,Unknown Clock Start,2740
28/07/2024,Sex,Male,01 To 18 Weeks,1766820
28/07/2024,Sex,Male,18 To 52 Weeks,1157625
28/07/2024,Sex,Male,Over 52 Weeks,117715
28/07/2024,Sex,Male,Total,3044900
04/08/2024,Age,0-18 Years,Unknown Clock Start,75
04/08/2024,Age,0-18 Years,01 To 18 Weeks,469410
04/08/2024,Age,0-18 Years,18 To 52 Weeks,314750
04/08/2024,Age,0-18 Years,Over 52 Weeks,34360
04/08/2024,Age,0-18 Years,Total,818595
04/08/2024,Age,19-64 Years,Unknown Clock Start,1950
04/08/2024,Age,19-64 Years,01 To 18 Weeks,2305945
04/08/2024,Age,19-64 Years,18 To 52 Weeks,1624970
04/08/2024,Age,19-64 Years,Over 52 Weeks,178505
04/08/2024,Age,19-64 Years,Total,4111375
04/08/2024,Age,Over 65 Years,Unknown Clock Start,1745
04/08/2024,Age,Over 65 Years,01 To 18 Weeks,1480570
04/08/2024,Age,Over 65 Years,18 To 52 Weeks,877280
04/08/2024,Age,Over 65 Years,Over 52 Weeks,87055
04/08/2024,Age,Over 65 Years,Total,2446645
04/08/2024,Sex,Female,Unknown Clock Start,2400
04/08/2024,Sex,Female,01 To 18 Weeks,2311885
04/08/2024,Sex,Female,18 To 52 Weeks,1533500
04/08/2024,Sex,Female,Over 52 Weeks,159505
04/08/2024,Sex,Female,Total,4007295
04/08/2024,Sex,Male,Unknown Clock Start,1355
04/08/2024,Sex,Male,01 To 18 Weeks,1775645
04/08/2024,Sex,Male,18 To 52 Weeks,1154950
04/08/2024,Sex,Male,Over 52 Weeks,116775
04/08/2024,Sex,Male,Total,3048730
11/08/2024,Age,0-18 Years,Unknown Clock Start,110
11/08/2024,Age,0-18 Years,01 To 18 Weeks,473325
11/08/2024,Age,0-18 Years,18 To 52 Weeks,314905
11/08/2024,Age,0-18 Years,Over 52 Weeks,34170
11/08/2024,Age,0-18 Years,Total,822505
11/08/2024,Age,19-64 Years,Unknown Clock Start,2915
11/08/2024,Age,19-64 Years,01 To 18 Weeks,2349225
11/08/2024,Age,19-64 Years,18 To 52 Weeks,1626620
11/08/2024,Age,19-64 Years,Over 52 Weeks,179365
11/08/2024,Age,19-64 Years,Total,4158125
11/08/2024,Age,Over 65 Years,Unknown Clock Start,2310
11/08/2024,Age,Over 65 Years,01 To 18 Weeks,1512890
11/08/2024,Age,Over 65 Years,18 To 52 Weeks,877040
11/08/2024,Age,Over 65 Years,Over 52 Weeks,87695
11/08/2024,Age,Over 65 Years,Total,2479940
11/08/2024,Sex,Female,Unknown Clock Start,3375
11/08/2024,Sex,Female,01 To 18 Weeks,2352700
11/08/2024,Sex,Female,18 To 52 Weeks,1534550
11/08/2024,Sex,Female,Over 52 Weeks,160330
11/08/2024,Sex,Female,Total,4050955
11/08/2024,Sex,Male,Unknown Clock Start,1960
11/08/2024,Sex,Male,01 To 18 Weeks,1805110
11/08/2024,Sex,Male,18 To 52 Weeks,1155425
11/08/2024,Sex,Male,Over 52 Weeks,117640
11/08/2024,Sex,Male,Total,3080135
18/08/2024,Age,0-18 Years,Unknown Clock Start,130
18/08/2024,Age,0-18 Years,01 To 18 Weeks,469500
18/08/2024,Age,0-18 Years,18 To 52 Weeks,316205
18/08/2024,Age,0-18 Years,Over 52 Weeks,33360
18/08/2024,Age,0-18 Years,Total,819195
18/08/2024,Age,19-64 Years,Unknown Clock Start,2550
18/08/2024,Age,19-64 Years,01 To 18 Weeks,2337390
18/08/2024,Age,19-64 Years,18 To 52 Weeks,1626595
18/08/2024,Age,19-64 Years,Over 52 Weeks,177230
18/08/2024,Age,19-64 Years,Total,4143765
18/08/2024,Age,Over 65 Years,Unknown Clock Start,2070
18/08/2024,Age,Over 65 Years,01 To 18 Weeks,1507815
18/08/2024,Age,Over 65 Years,18 To 52 Weeks,874510
18/08/2024,Age,Over 65 Years,Over 52 Weeks,86950
18/08/2024,Age,Over 65 Years,Total,2471350
18/08/2024,Sex,Female,Unknown Clock Start,3075
18/08/2024,Sex,Female,01 To 18 Weeks,2339610
18/08/2024,Sex,Female,18 To 52 Weeks,1533755
18/08/2024,Sex,Female,Over 52 Weeks,158540
18/08/2024,Sex,Female,Total,4034980
18/08/2024,Sex,Male,Unknown Clock Start,1675
18/08/2024,Sex,Male,01 To 18 Weeks,1797410
18/08/2024,Sex,Male,18 To 52 Weeks,1155145
18/08/2024,Sex,Male,Over 52 Weeks,116395
18/08/2024,Sex,Male,Total,3070620
25/08/2024,Age,0-18 Years,Unknown Clock Start,110
25/08/2024,Age,0-18 Years,01 To 18 Weeks,463440
25/08/2024,Age,0-18 Years,18 To 52 Weeks,318310
25/08/2024,Age,0-18 Years,Over 52 Weeks,32340
25/08/2024,Age,0-18 Years,Total,814200
25/08/2024,Age,19-64 Years,Unknown Clock Start,2035
25/08/2024,Age,19-64 Years,01 To 18 Weeks,2313160
25/08/2024,Age,19-64 Years,18 To 52 Weeks,1626835
25/08/2024,Age,19-64 Years,Over 52 Weeks,175025
25/08/2024,Age,19-64 Years,Total,4117055
25/08/2024,Age,Over 65 Years,Unknown Clock Start,1855
25/08/2024,Age,Over 65 Years,01 To 18 Weeks,1494565
25/08/2024,Age,Over 65 Years,18 To 52 Weeks,873510
25/08/2024,Age,Over 65 Years,Over 52 Weeks,85570
25/08/2024,Age,Over 65 Years,Total,2455500
25/08/2024,Sex,Female,Unknown Clock Start,2555
25/08/2024,Sex,Female,01 To 18 Weeks,2321125
25/08/2024,Sex,Female,18 To 52 Weeks,1535695
25/08/2024,Sex,Female,Over 52 Weeks,156245
25/08/2024,Sex,Female,Total,4015615
25/08/2024,Sex,Male,Unknown Clock Start,1420
25/08/2024,Sex,Male,01 To 18 Weeks,1783770
25/08/2024,Sex,Male,18 To 52 Weeks,1155390
25/08/2024,Sex,Male,Over 52 Weeks,114435
25/08/2024,Sex,Male,Total,3055015
01/09/2024,Age,0-18 Years,Unknown Clock Start,165
01/09/2024,Age,0-18 Years,01 To 18 Weeks,455550
01/09/2024,Age,0-18 Years,18 To 52 Weeks,325580
01/09/2024,Age,0-18 Years,Over 52 Weeks,31230
01/09/2024,Age,0-18 Years,Total,812525
01/09/2024,Age,19-64 Years,Unknown Clock Start,2195
01/09/2024,Age,19-64 Years,01 To 18 Weeks,2301950
01/09/2024,Age,19-64 Years,18 To 52 Weeks,1665525
01/09/2024,Age,19-64 Years,Over 52 Weeks,171250
01/09/2024,Age,19-64 Years,Total,4140920
01/09/2024,Age,Over 65 Years,Unknown Clock Start,1985
01/09/2024,Age,Over 65 Years,01 To 18 Weeks,1490550
01/09/2024,Age,Over 65 Years,18 To 52 Weeks,894610
01/09/2024,Age,Over 65 Years,Over 52 Weeks,84320
01/09/2024,Age,Over 65 Years,Total,2471465
01/09/2024,Sex,Female,Unknown Clock Start,2755
01/09/2024,Sex,Female,01 To 18 Weeks,2296735
01/09/2024,Sex,Female,18 To 52 Weeks,1567315
01/09/2024,Sex,Female,Over 52 Weeks,152465
01/09/2024,Sex,Female,Total,4019270
01/09/2024,Sex,Male,Unknown Clock Start,1590
01/09/2024,Sex,Male,01 To 18 Weeks,1766375
01/09/2024,Sex,Male,18 To 52 Weeks,1177935
01/09/2024,Sex,Male,Over 52 Weeks,112070
01/09/2024,Sex,Male,Total,3057970
08/09/2024,Age,0-18 Years,Unknown Clock Start,165
08/09/2024,Age,0-18 Years,01 To 18 Weeks,452600
08/09/2024,Age,0-18 Years,18 To 52 Weeks,330575
08/09/2024,Age,0-18 Years,Over 52 Weeks,30555
08/09/2024,Age,0-18 Years,Total,813895
08/09/2024,Age,19-64 Years,Unknown Clock Start,2185
08/09/2024,Age,19-64 Years,01 To 18 Weeks,2301705
08/09/2024,Age,19-64 Years,18 To 52 Weeks,1686270
08/09/2024,Age,19-64 Years,Over 52 Weeks,170505
08/09/2024,Age,19-64 Years,Total,4160665
08/09/2024,Age,Over 65 Years,Unknown Clock Start,1975
08/09/2024,Age,Over 65 Years,01 To 18 Weeks,1494420
08/09/2024,Age,Over 65 Years,18 To 52 Weeks,905695
08/09/2024,Age,Over 65 Years,Over 52 Weeks,83850
08/09/2024,Age,Over 65 Years,Total,2485940
08/09/2024,Sex,Female,Unknown Clock Start,2755
08/09/2024,Sex,Female,01 To 18 Weeks,2300935
08/09/2024,Sex,Female,18 To 52 Weeks,1593980
08/09/2024,Sex,Female,Over 52 Weeks,152395
08/09/2024,Sex,Female,Total,4050070
08/09/2024,Sex,Male,Unknown Clock Start,1565
08/09/2024,Sex,Male,01 To 18 Weeks,1769205
08/09/2024,Sex,Male,18 To 52 Weeks,1196950
08/09/2024,Sex,Male,Over 52 Weeks,111615
08/09/2024,Sex,Male,Total,3079335
15/09/2024,Age,0-18 Years,Unknown Clock Start,180
15/09/2024,Age,0-18 Years,01 To 18 Weeks,445100
15/09/2024,Age,0-18 Years,18 To 52 Weeks,321500
15/09/2024,Age,0-18 Years,Over 52 Weeks,29020
15/09/2024,Age,0-18 Years,Total,795800
15/09/2024,Age,19-64 Years,Unknown Clock Start,3785
15/09/2024,Age,19-64 Years,01 To 18 Weeks,2315290
15/09/2024,Age,19-64 Years,18 To 52 Weeks,1667675
15/09/2024,Age,19-64 Years,Over 52 Weeks,167670
15/09/2024,Age,19-64 Years,Total,4154420
15/09/2024,Age,Over 65 Years,Unknown Clock Start,9790
15/09/2024,Age,Over 65 Years,01 To 18 Weeks,1503555
15/09/2024,Age,Over 65 Years,18 To 52 Weeks,901530
15/09/2024,Age,Over 65 Years,Over 52 Weeks,82660
15/09/2024,Age,Over 65 Years,Total,2497535
15/09/2024,Sex,Female,Unknown Clock Start,8330
15/09/2024,Sex,Female,01 To 18 Weeks,2308715
15/09/2024,Sex,Female,18 To 52 Weeks,1576655
15/09/2024,Sex,Female,Over 52 Weeks,149575
15/09/2024,Sex,Female,Total,4043275
15/09/2024,Sex,Male,Unknown Clock Start,5410
15/09/2024,Sex,Male,01 To 18 Weeks,1775710
15/09/2024,Sex,Male,18 To 52 Weeks,1183700
15/09/2024,Sex,Male,Over 52 Weeks,109675
15/09/2024,Sex,Male,Total,3074495
22/09/2024,Age,0-18 Years,Unknown Clock Start,105
22/09/2024,Age,0-18 Years,01 To 18 Weeks,447165
22/09/2024,Age,0-18 Years,18 To 52 Weeks,328555
22/09/2024,Age,0-18 Years,Over 52 Weeks,28490
22/09/2024,Age,0-18 Years,Total,804315
22/09/2024,Age,19-64 Years,Unknown Clock Start,2190
22/09/2024,Age,19-64 Years,01 To 18 Weeks,2284865
22/09/2024,Age,19-64 Years,18 To 52 Weeks,1667860
22/09/2024,Age,19-64 Years,Over 52 Weeks,163530
22/09/2024,Age,19-64 Years,Total,4118445
22/09/2024,Age,Over 65 Years,Unknown Clock Start,1225
22/09/2024,Age,Over 65 Years,01 To 18 Weeks,1480750
22/09/2024,Age,Over 65 Years,18 To 52 Weeks,901060
22/09/2024,Age,Over 65 Years,Over 52 Weeks,80610
22/09/2024,Age,Over 65 Years,Total,2463645
22/09/2024,Sex,Female,Unknown Clock Start,2285
22/09/2024,Sex,Female,01 To 18 Weeks,2280780
22/09/2024,Sex,Female,18 To 52 Weeks,1580930
22/09/2024,Sex,Female,Over 52 Weeks,146220
22/09/2024,Sex,Female,Total,4010210
22/09/2024,Sex,Male,Unknown Clock Start,1235
22/09/2024,Sex,Male,01 To 18 Weeks,1754950
22/09/2024,Sex,Male,18 To 52 Weeks,1186365
22/09/2024,Sex,Male,Over 52 Weeks,107045
22/09/2024,Sex,Male,Total,3049595
29/09/2024,Age,0-18 Years,Unknown Clock Start,230
29/09/2024,Age,0-18 Years,01 To 18 Weeks,444770
29/09/2024,Age,0-18 Years,18 To 52 Weeks,329420
29/09/2024,Age,0-18 Years,Over 52 Weeks,27210
29/09/2024,Age,0-18 Years,Total,801630
29/09/2024,Age,19-64 Years,Unknown Clock Start,2665
29/09/2024,Age,19-64 Years,01 To 18 Weeks,2298280
29/09/2024,Age,19-64 Years,18 To 52 Weeks,1682875
29/09/2024,Age,19-64 Years,Over 52 Weeks,158525
29/09/2024,Age,19-64 Years,Total,4142345
29/09/2024,Age,Over 65 Years,Unknown Clock Start,1555
29/09/2024,Age,Over 65 Years,01 To 18 Weeks,1483720
29/09/2024,Age,Over 65 Years,18 To 52 Weeks,906285
29/09/2024,Age,Over 65 Years,Over 52 Weeks,78315
29/09/2024,Age,Over 65 Years,Total,2469875
29/09/2024,Sex,Female,Unknown Clock Start,2825
29/09/2024,Sex,Female,01 To 18 Weeks,2291965
29/09/2024,Sex,Female,18 To 52 Weeks,1593695
29/09/2024,Sex,Female,Over 52 Weeks,141850
29/09/2024,Sex,Female,Total,4030335
29/09/2024,Sex,Male,Unknown Clock Start,1625
29/09/2024,Sex,Male,01 To 18 Weeks,1759710
29/09/2024,Sex,Male,18 To 52 Weeks,1195515
29/09/2024,Sex,Male,Over 52 Weeks,103750
29/09/2024,Sex,Male,Total,3060600
06/10/2024,Age,0-18 Years,Unknown Clock Start,150
06/10/2024,Age,0-18 Years,01 To 18 Weeks,446870
06/10/2024,Age,0-18 Years,18 To 52 Weeks,325475
06/10/2024,Age,0-18 Years,Over 52 Weeks,26735
06/10/2024,Age,0-18 Years,Total,799230
06/10/2024,Age,19-64 Years,Unknown Clock Start,2315
06/10/2024,Age,19-64 Years,01 To 18 Weeks,2316705
06/10/2024,Age,19-64 Years,18 To 52 Weeks,1661370
06/10/2024,Age,19-64 Years,Over 52 Weeks,156965
06/10/2024,Age,19-64 Years,Total,4137360
06/10/2024,Age,Over 65 Years,Unknown Clock Start,1865
06/10/2024,Age,Over 65 Years,01 To 18 Weeks,1484780
06/10/2024,Age,Over 65 Years,18 To 52 Weeks,894595
06/10/2024,Age,Over 65 Years,Over 52 Weeks,77095
06/10/2024,Age,Over 65 Years,Total,2458335
06/10/2024,Sex,Female,Unknown Clock Start,2745
06/10/2024,Sex,Female,01 To 18 Weeks,2303580
06/10/2024,Sex,Female,18 To 52 Weeks,1573985
06/10/2024,Sex,Female,Over 52 Weeks,139830
06/10/2024,Sex,Female,Total,4020140
06/10/2024,Sex,Male,Unknown Clock Start,1585
06/10/2024,Sex,Male,01 To 18 Weeks,1768455
06/10/2024,Sex,Male,18 To 52 Weeks,1180620
06/10/2024,Sex,Male,Over 52 Weeks,102840
06/10/2024,Sex,Male,Total,3053500
13/10/2024,Age,0-18 Years,Unknown Clock Start,140
13/10/2024,Age,0-18 Years,01 To 18 Weeks,441120
13/10/2024,Age,0-18 Years,18 To 52 Weeks,321585
13/10/2024,Age,0-18 Years,Over 52 Weeks,26040
13/10/2024,Age,0-18 Years,Total,788885
13/10/2024,Age,19-64 Years,Unknown Clock Start,2535
13/10/2024,Age,19-64 Years,01 To 18 Weeks,2291700
13/10/2024,Age,19-64 Years,18 To 52 Weeks,1638875
13/10/2024,Age,19-64 Years,Over 52 Weeks,154100
13/10/2024,Age,19-64 Years,Total,4087210
13/10/2024,Age,Over 65 Years,Unknown Clock Start,2385
13/10/2024,Age,Over 65 Years,01 To 18 Weeks,1484700
13/10/2024,Age,Over 65 Years,18 To 52 Weeks,885920
13/10/2024,Age,Over 65 Years,Over 52 Weeks,76310
13/10/2024,Age,Over 65 Years,Total,2449315
13/10/2024,Sex,Female,Unknown Clock Start,3140
13/10/2024,Sex,Female,01 To 18 Weeks,2286410
13/10/2024,Sex,Female,18 To 52 Weeks,1555975
13/10/2024,Sex,Female,Over 52 Weeks,137720
13/10/2024,Sex,Female,Total,3983245
13/10/2024,Sex,Male,Unknown Clock Start,1920
13/10/2024,Sex,Male,01 To 18 Weeks,1754235
13/10/2024,Sex,Male,18 To 52 Weeks,1164620
13/10/2024,Sex,Male,Over 52 Weeks,101185
13/10/2024,Sex,Male,Total,3021955
20/10/2024,Age,0-18 Years,Unknown Clock Start,205
20/10/2024,Age,0-18 Years,01 To 18 Weeks,443335
20/10/2024,Age,0-18 Years,18 To 52 Weeks,323915
20/10/2024,Age,0-18 Years,Over 52 Weeks,25765
20/10/2024,Age,0-18 Years,Total,793220
20/10/2024,Age,19-64 Years,Unknown Clock Start,2405
20/10/2024,Age,19-64 Years,01 To 18 Weeks,2316210
20/10/2024,Age,19-64 Years,18 To 52 Weeks,1656515
20/10/2024,Age,19-64 Years,Over 52 Weeks,153635
20/10/2024,Age,19-64 Years,Total,4128760
20/10/2024,Age,Over 65 Years,Unknown Clock Start,1985
20/10/2024,Age,Over 65 Years,01 To 18 Weeks,1491260
20/10/2024,Age,Over 65 Years,18 To 52 Weeks,890085
20/10/2024,Age,Over 65 Years,Over 52 Weeks,75540
20/10/2024,Age,Over 65 Years,Total,2458870
20/10/2024,Sex,Female,Unknown Clock Start,2800
20/10/2024,Sex,Female,01 To 18 Weeks,2306730
20/10/2024,Sex,Female,18 To 52 Weeks,1570265
20/10/2024,Sex,Female,Over 52 Weeks,137485
20/10/2024,Sex,Female,Total,4017280
20/10/2024,Sex,Male,Unknown Clock Start,1690
20/10/2024,Sex,Male,01 To 18 Weeks,1766890
20/10/2024,Sex,Male,18 To 52 Weeks,1176050
20/10/2024,Sex,Male,Over 52 Weeks,100890
20/10/2024,Sex,Male,Total,3045520
27/10/2024,Age,0-18 Years,Unknown Clock Start,110
27/10/2024,Age,0-18 Years,01 To 18 Weeks,438335
27/10/2024,Age,0-18 Years,18 To 52 Weeks,322995
27/10/2024,Age,0-18 Years,Over 52 Weeks,25030
27/10/2024,Age,0-18 Years,Total,786470
27/10/2024,Age,19-64 Years,Unknown Clock Start,2260
27/10/2024,Age,19-64 Years,01 To 18 Weeks,2303715
27/10/2024,Age,19-64 Years,18 To 52 Weeks,1653320
27/10/2024,Age,19-64 Years,Over 52 Weeks,150630
27/10/2024,Age,19-64 Years,Total,4109930
27/10/2024,Age,Over 65 Years,Unknown Clock Start,1940
27/10/2024,Age,Over 65 Years,01 To 18 Weeks,1477270
27/10/2024,Age,Over 65 Years,18 To 52 Weeks,887970
27/10/2024,Age,Over 65 Years,Over 52 Weeks,74245
27/10/2024,Age,Over 65 Years,Total,2441425
27/10/2024,Sex,Female,Unknown Clock Start,2745
27/10/2024,Sex,Female,01 To 18 Weeks,2304905
27/10/2024,Sex,Female,18 To 52 Weeks,1570905
27/10/2024,Sex,Female,Over 52 Weeks,135030
27/10/2024,Sex,Female,Total,4013590
27/10/2024,Sex,Male,Unknown Clock Start,1570
27/10/2024,Sex,Male,01 To 18 Weeks,1764265
27/10/2024,Sex,Male,18 To 52 Weeks,1176655
27/10/2024,Sex,Male,Over 52 Weeks,98815
27/10/2024,Sex,Male,Total,3041300
03/11/2024,Age,0-18 Years,Unknown Clock Start,95
03/11/2024,Age,0-18 Years,01 To 18 Weeks,439330
03/11/2024,Age,0-18 Years,18 To 52 Weeks,322245
03/11/2024,Age,0-18 Years,Over 52 Weeks,24680
03/11/2024,Age,0-18 Years,Total,786355
03/11/2024,Age,19-64 Years,Unknown Clock Start,2260
03/11/2024,Age,19-64 Years,01 To 18 Weeks,2313735
03/11/2024,Age,19-64 Years,18 To 52 Weeks,1651290
03/11/2024,Age,19-64 Years,Over 52 Weeks,147920
03/11/2024,Age,19-64 Years,Total,4115200
03/11/2024,Age,Over 65 Years,Unknown Clock Start,1935
03/11/2024,Age,Over 65 Years,01 To 18 Weeks,1482655
03/11/2024,Age,Over 65 Years,18 To 52 Weeks,888225
03/11/2024,Age,Over 65 Years,Over 52 Weeks,72905
03/11/2024,Age,Over 65 Years,Total,2445720
03/11/2024,Sex,Female,Unknown Clock Start,2720
03/11/2024,Sex,Female,01 To 18 Weeks,2301660
03/11/2024,Sex,Female,18 To 52 Weeks,1563695
03/11/2024,Sex,Female,Over 52 Weeks,132740
03/11/2024,Sex,Female,Total,4000820
03/11/2024,Sex,Male,Unknown Clock Start,1570
03/11/2024,Sex,Male,01 To 18 Weeks,1763015
03/11/2024,Sex,Male,18 To 52 Weeks,1170260
03/11/2024,Sex,Male,Over 52 Weeks,97235
03/11/2024,Sex,Male,Total,3032075
10/11/2024,Age,0-18 Years,Unknown Clock Start,125
10/11/2024,Age,0-18 Years,01 To 18 Weeks,438315
10/11/2024,Age,0-18 Years,18 To 52 Weeks,320880
10/11/2024,Age,0-18 Years,Over 52 Weeks,24515
10/11/2024,Age,0-18 Years,Total,783835
10/11/2024,Age,19-64 Years,Unknown Clock Start,3665
10/11/2024,Age,19-64 Years,01 To 18 Weeks,2318265
10/11/2024,Age,19-64 Years,18 To 52 Weeks,1647125
10/11/2024,Age,19-64 Years,Over 52 Weeks,148000
10/11/2024,Age,19-64 Years,Total,4117055
10/11/2024,Age,Over 65 Years,Unknown Clock Start,12370
10/11/2024,Age,Over 65 Years,01 To 18 Weeks,1484060
10/11/2024,Age,Over 65 Years,18 To 52 Weeks,890920
10/11/2024,Age,Over 65 Years,Over 52 Weeks,72710
10/11/2024,Age,Over 65 Years,Total,2460060
10/11/2024,Sex,Female,Unknown Clock Start,9765
10/11/2024,Sex,Female,01 To 18 Weeks,2300460
10/11/2024,Sex,Female,18 To 52 Weeks,1565835
10/11/2024,Sex,Female,Over 52 Weeks,133035
10/11/2024,Sex,Female,Total,4009090
10/11/2024,Sex,Male,Unknown Clock Start,6390
10/11/2024,Sex,Male,01 To 18 Weeks,1765555
10/11/2024,Sex,Male,18 To 52 Weeks,1172335
10/11/2024,Sex,Male,Over 52 Weeks,97325
10/11/2024,Sex,Male,Total,3041605
17/11/2024,Age,0-18 Years,Unknown Clock Start,160
17/11/2024,Age,0-18 Years,01 To 18 Weeks,438330
17/11/2024,Age,0-18 Years,18 To 52 Weeks,319090
17/11/2024,Age,0-18 Years,Over 52 Weeks,24135
17/11/2024,Age,0-18 Years,Total,781710
17/11/2024,Age,19-64 Years,Unknown Clock Start,3795
17/11/2024,Age,19-64 Years,01 To 18 Weeks,2323305
17/11/2024,Age,19-64 Years,18 To 52 Weeks,1644760
17/11/2024,Age,19-64 Years,Over 52 Weeks,145740
17/11/2024,Age,19-64 Years,Total,4117605
17/11/2024,Age,Over 65 Years,Unknown Clock Start,12730
17/11/2024,Age,Over 65 Years,01 To 18 Weeks,1484795
17/11/2024,Age,Over 65 Years,18 To 52 Weeks,889430
17/11/2024,Age,Over 65 Years,Over 52 Weeks,71185
17/11/2024,Age,Over 65 Years,Total,2458135
17/11/2024,Sex,Female,Unknown Clock Start,10060
17/11/2024,Sex,Female,01 To 18 Weeks,2302055
17/11/2024,Sex,Female,18 To 52 Weeks,1563105
17/11/2024,Sex,Female,Over 52 Weeks,131065
17/11/2024,Sex,Female,Total,4006285
17/11/2024,Sex,Male,Unknown Clock Start,6615
17/11/2024,Sex,Male,01 To 18 Weeks,1766205
17/11/2024,Sex,Male,18 To 52 Weeks,1170600
17/11/2024,Sex,Male,Over 52 Weeks,95720
17/11/2024,Sex,Male,Total,3039140
24/11/2024,Age,0-18 Years,Unknown Clock Start,125
24/11/2024,Age,0-18 Years,01 To 18 Weeks,440005
24/11/2024,Age,0-18 Years,18 To 52 Weeks,316185
24/11/2024,Age,0-18 Years,Over 52 Weeks,23420
24/11/2024,Age,0-18 Years,Total,779730
24/11/2024,Age,19-64 Years,Unknown Clock Start,465
24/11/2024,Age,19-64 Years,01 To 18 Weeks,2329055
24/11/2024,Age,19-64 Years,18 To 52 Weeks,1633750
24/11/2024,Age,19-64 Years,Over 52 Weeks,141505
24/11/2024,Age,19-64 Years,Total,4104780
24/11/2024,Age,Over 65 Years,Unknown Clock Start,325
24/11/2024,Age,Over 65 Years,01 To 18 Weeks,1471975
24/11/2024,Age,Over 65 Years,18 To 52 Weeks,878055
24/11/2024,Age,Over 65 Years,Over 52 Weeks,68925
24/11/2024,Age,Over 65 Years,Total,2419280
24/11/2024,Sex,Female,Unknown Clock Start,470
24/11/2024,Sex,Female,01 To 18 Weeks,2294880
24/11/2024,Sex,Female,18 To 52 Weeks,1549745
24/11/2024,Sex,Female,Over 52 Weeks,126860
24/11/2024,Sex,Female,Total,3971960
24/11/2024,Sex,Male,Unknown Clock Start,385
24/11/2024,Sex,Male,01 To 18 Weeks,1762300
24/11/2024,Sex,Male,18 To 52 Weeks,1159860
24/11/2024,Sex,Male,Over 52 Weeks,93355
24/11/2024,Sex,Male,Total,3015905
01/12/2024,Age,0-18 Years,Unknown Clock Start,155
01/12/2024,Age,0-18 Years,01 To 18 Weeks,437415
01/12/2024,Age,0-18 Years,18 To 52 Weeks,312000
01/12/2024,Age,0-18 Years,Over 52 Weeks,22850
01/12/2024,Age,0-18 Years,Total,772420
01/12/2024,Age,19-64 Years,Unknown Clock Start,3895
01/12/2024,Age,19-64 Years,01 To 18 Weeks,2317970
01/12/2024,Age,19-64 Years,18 To 52 Weeks,1622720
01/12/2024,Age,19-64 Years,Over 52 Weeks,137685
01/12/2024,Age,19-64 Years,Total,4082265
01/12/2024,Age,Over 65 Years,Unknown Clock Start,13415
01/12/2024,Age,Over 65 Years,01 To 18 Weeks,1469460
01/12/2024,Age,Over 65 Years,18 To 52 Weeks,877605
01/12/2024,Age,Over 65 Years,Over 52 Weeks,67230
01/12/2024,Age,Over 65 Years,Total,2427710
01/12/2024,Sex,Female,Unknown Clock Start,10520
01/12/2024,Sex,Female,01 To 18 Weeks,2285965
01/12/2024,Sex,Female,18 To 52 Weeks,1541705
01/12/2024,Sex,Female,Over 52 Weeks,123285
01/12/2024,Sex,Female,Total,3961475
01/12/2024,Sex,Male,Unknown Clock Start,6940
01/12/2024,Sex,Male,01 To 18 Weeks,1756885
01/12/2024,Sex,Male,18 To 52 Weeks,1153345
01/12/2024,Sex,Male,Over 52 Weeks,90925
01/12/2024,Sex,Male,Total,3008100
08/12/2024,Age,0-18 Years,Unknown Clock Start,145
08/12/2024,Age,0-18 Years,01 To 18 Weeks,442205
08/12/2024,Age,0-18 Years,18 To 52 Weeks,311780
08/12/2024,Age,0-18 Years,Over 52 Weeks,22675
08/12/2024,Age,0-18 Years,Total,776800
08/12/2024,Age,19-64 Years,Unknown Clock Start,5295
08/12/2024,Age,19-64 Years,01 To 18 Weeks,2342330
08/12/2024,Age,19-64 Years,18 To 52 Weeks,1633485
08/12/2024,Age,19-64 Years,Over 52 Weeks,137495
08/12/2024,Age,19-64 Years,Total,4118610
08/12/2024,Age,Over 65 Years,Unknown Clock Start,24645
08/12/2024,Age,Over 65 Years,01 To 18 Weeks,1485780
08/12/2024,Age,Over 65 Years,18 To 52 Weeks,886115
08/12/2024,Age,Over 65 Years,Over 52 Weeks,74095
08/12/2024,Age,Over 65 Years,Total,2470630
08/12/2024,Sex,Female,Unknown Clock Start,17945
08/12/2024,Sex,Female,01 To 18 Weeks,2283075
08/12/2024,Sex,Female,18 To 52 Weeks,1536750
08/12/2024,Sex,Female,Over 52 Weeks,126770
08/12/2024,Sex,Female,Total,3964540
08/12/2024,Sex,Male,Unknown Clock Start,12125
08/12/2024,Sex,Male,01 To 18 Weeks,1757525
08/12/2024,Sex,Male,18 To 52 Weeks,1148680
08/12/2024,Sex,Male,Over 52 Weeks,93275
08/12/2024,Sex,Male,Total,3011605
15/12/2024,Age,0-18 Years,Unknown Clock Start,120
15/12/2024,Age,0-18 Years,01 To 18 Weeks,438045
15/12/2024,Age,0-18 Years,18 To 52 Weeks,304250
15/12/2024,Age,0-18 Years,Over 52 Weeks,22075
15/12/2024,Age,0-18 Years,Total,764490
15/12/2024,Age,19-64 Years,Unknown Clock Start,2130
15/12/2024,Age,19-64 Years,01 To 18 Weeks,2314695
15/12/2024,Age,19-64 Years,18 To 52 Weeks,1613395
15/12/2024,Age,19-64 Years,Over 52 Weeks,131805
15/12/2024,Age,19-64 Years,Total,4062025
15/12/2024,Age,Over 65 Years,Unknown Clock Start,1220
15/12/2024,Age,Over 65 Years,01 To 18 Weeks,1458805
15/12/2024,Age,Over 65 Years,18 To 52 Weeks,870020
15/12/2024,Age,Over 65 Years,Over 52 Weeks,64345
15/12/2024,Age,Over 65 Years,Total,2394390
15/12/2024,Sex,Female,Unknown Clock Start,2245
15/12/2024,Sex,Female,01 To 18 Weeks,2280720
15/12/2024,Sex,Female,18 To 52 Weeks,1531760
15/12/2024,Sex,Female,Over 52 Weeks,118870
15/12/2024,Sex,Female,Total,3933595
15/12/2024,Sex,Male,Unknown Clock Start,1220
15/12/2024,Sex,Male,01 To 18 Weeks,1756525
15/12/2024,Sex,Male,18 To 52 Weeks,1142625
15/12/2024,Sex,Male,Over 52 Weeks,87275
15/12/2024,Sex,Male,Total,2987645
22/12/2024,Age,0-18 Years,Unknown Clock Start,140
22/12/2024,Age,0-18 Years,01 To 18 Weeks,440625
22/12/2024,Age,0-18 Years,18 To 52 Weeks,302735
22/12/2024,Age,0-18 Years,Over 52 Weeks,21835
22/12/2024,Age,0-18 Years,Total,765335
22/12/2024,Age,19-64 Years,Unknown Clock Start,2000
22/12/2024,Age,19-64 Years,01 To 18 Weeks,2298055
22/12/2024,Age,19-64 Years,18 To 52 Weeks,1596730
22/12/2024,Age,19-64 Years,Over 52 Weeks,127730
22/12/2024,Age,19-64 Years,Total,4024520
22/12/2024,Age,Over 65 Years,Unknown Clock Start,1150
22/12/2024,Age,Over 65 Years,01 To 18 Weeks,1447570
22/12/2024,Age,Over 65 Years,18 To 52 Weeks,863055
22/12/2024,Age,Over 65 Years,Over 52 Weeks,62375
22/12/2024,Age,Over 65 Years,Total,2374150
22/12/2024,Sex,Female,Unknown Clock Start,2130
22/12/2024,Sex,Female,01 To 18 Weeks,2262235
22/12/2024,Sex,Female,18 To 52 Weeks,1517210
22/12/2024,Sex,Female,Over 52 Weeks,115300
22/12/2024,Sex,Female,Total,3896875
22/12/2024,Sex,Male,Unknown Clock Start,1160
22/12/2024,Sex,Male,01 To 18 Weeks,1748185
22/12/2024,Sex,Male,18 To 52 Weeks,1131560
22/12/2024,Sex,Male,Over 52 Weeks,84995
22/12/2024,Sex,Male,Total,2965895
29/12/2024,Age,0-18 Years,Unknown Clock Start,105
29/12/2024,Age,0-18 Years,01 To 18 Weeks,438890
29/12/2024,Age,0-18 Years,18 To 52 Weeks,314550
29/12/2024,Age,0-18 Years,Over 52 Weeks,21905
29/12/2024,Age,0-18 Years,Total,775450
29/12/2024,Age,19-64 Years,Unknown Clock Start,2050
29/12/2024,Age,19-64 Years,01 To 18 Weeks,2306635
29/12/2024,Age,19-64 Years,18 To 52 Weeks,1672355
29/12/2024,Age,19-64 Years,Over 52 Weeks,128900
29/12/2024,Age,19-64 Years,Total,4109940
29/12/2024,Age,Over 65 Years,Unknown Clock Start,1195
29/12/2024,Age,Over 65 Years,01 To 18 Weeks,1456250
29/12/2024,Age,Over 65 Years,18 To 52 Weeks,908780
29/12/2024,Age,Over 65 Years,Over 52 Weeks,62610
29/12/2024,Age,Over 65 Years,Total,2428840
29/12/2024,Sex,Female,Unknown Clock Start,2175
29/12/2024,Sex,Female,01 To 18 Weeks,2269625
29/12/2024,Sex,Female,18 To 52 Weeks,1592105
29/12/2024,Sex,Female,Over 52 Weeks,116435
29/12/2024,Sex,Female,Total,3980340
29/12/2024,Sex,Male,Unknown Clock Start,1165
29/12/2024,Sex,Male,01 To 18 Weeks,1752755
29/12/2024,Sex,Male,18 To 52 Weeks,1184580
29/12/2024,Sex,Male,Over 52 Weeks,85415
29/12/2024,Sex,Male,Total,3023920
05/01/2025,Age,0-18 Years,Unknown Clock Start,85
05/01/2025,Age,0-18 Years,01 To 18 Weeks,427255
05/01/2025,Age,0-18 Years,18 To 52 Weeks,306550
05/01/2025,Age,0-18 Years,Over 52 Weeks,21855
05/01/2025,Age,0-18 Years,Total,755745
05/01/2025,Age,19-64 Years,Unknown Clock Start,2165
05/01/2025,Age,19-64 Years,01 To 18 Weeks,2212100
05/01/2025,Age,19-64 Years,18 To 52 Weeks,1607585
05/01/2025,Age,19-64 Years,Over 52 Weeks,124110
05/01/2025,Age,19-64 Years,Total,3945965
05/01/2025,Age,Over 65 Years,Unknown Clock Start,1235
05/01/2025,Age,Over 65 Years,01 To 18 Weeks,1404860
05/01/2025,Age,Over 65 Years,18 To 52 Weeks,881800
05/01/2025,Age,Over 65 Years,Over 52 Weeks,60610
05/01/2025,Age,Over 65 Years,Total,2348500
05/01/2025,Sex,Female,Unknown Clock Start,2240
05/01/2025,Sex,Female,01 To 18 Weeks,2179830
05/01/2025,Sex,Female,18 To 52 Weeks,1535295
05/01/2025,Sex,Female,Over 52 Weeks,112610
05/01/2025,Sex,Female,Total,3829975
05/01/2025,Sex,Male,Unknown Clock Start,1245
05/01/2025,Sex,Male,01 To 18 Weeks,1686160
05/01/2025,Sex,Male,18 To 52 Weeks,1142060
05/01/2025,Sex,Male,Over 52 Weeks,82525
05/01/2025,Sex,Male,Total,2911985
12/01/2025,Age,0-18 Years,Unknown Clock Start,150
12/01/2025,Age,0-18 Years,01 To 18 Weeks,439045
12/01/2025,Age,0-18 Years,18 To 52 Weeks,314865
12/01/2025,Age,0-18 Years,Over 52 Weeks,22300
12/01/2025,Age,0-18 Years,Total,776365
12/01/2025,Age,19-64 Years,Unknown Clock Start,2470
12/01/2025,Age,19-64 Years,01 To 18 Weeks,2300790
12/01/2025,Age,19-64 Years,18 To 52 Weeks,1680450
12/01/2025,Age,19-64 Years,Over 52 Weeks,129850
12/01/2025,Age,19-64 Years,Total,4113560
12/01/2025,Age,Over 65 Years,Unknown Clock Start,1300
12/01/2025,Age,Over 65 Years,01 To 18 Weeks,1448250
12/01/2025,Age,Over 65 Years,18 To 52 Weeks,916735
12/01/2025,Age,Over 65 Years,Over 52 Weeks,62610
12/01/2025,Age,Over 65 Years,Total,2428890
12/01/2025,Sex,Female,Unknown Clock Start,2475
12/01/2025,Sex,Female,01 To 18 Weeks,2244385
12/01/2025,Sex,Female,18 To 52 Weeks,1591820
12/01/2025,Sex,Female,Over 52 Weeks,116870
12/01/2025,Sex,Female,Total,3955555
12/01/2025,Sex,Male,Unknown Clock Start,1445
12/01/2025,Sex,Male,01 To 18 Weeks,1763990
12/01/2025,Sex,Male,18 To 52 Weeks,1200200
12/01/2025,Sex,Male,Over 52 Weeks,86675
12/01/2025,Sex,Male,Total,3052310
19/01/2025,Age,0-18 Years,Unknown Clock Start,85
19/01/2025,Age,0-18 Years,01 To 18 Weeks,440915
19/01/2025,Age,0-18 Years,18 To 52 Weeks,311735
19/01/2025,Age,0-18 Years,Over 52 Weeks,22090
19/01/2025,Age,0-18 Years,Total,774825
19/01/2025,Age,19-64 Years,Unknown Clock Start,2090
19/01/2025,Age,19-64 Years,01 To 18 Weeks,2306885
19/01/2025,Age,19-64 Years,18 To 52 Weeks,1672800
19/01/2025,Age,19-64 Years,Over 52 Weeks,128480
19/01/2025,Age,19-64 Years,Total,4110250
19/01/2025,Age,Over 65 Years,Unknown Clock Start,1215
19/01/2025,Age,Over 65 Years,01 To 18 Weeks,1447335
19/01/2025,Age,Over 65 Years,18 To 52 Weeks,913475
19/01/2025,Age,Over 65 Years,Over 52 Weeks,61715
19/01/2025,Age,Over 65 Years,Total,2423740
19/01/2025,Sex,Female,Unknown Clock Start,2175
19/01/2025,Sex,Female,01 To 18 Weeks,2261185
19/01/2025,Sex,Female,18 To 52 Weeks,1593640
19/01/2025,Sex,Female,Over 52 Weeks,115880
19/01/2025,Sex,Female,Total,3972875
19/01/2025,Sex,Male,Unknown Clock Start,1210
19/01/2025,Sex,Male,01 To 18 Weeks,1755110
19/01/2025,Sex,Male,18 To 52 Weeks,1185180
19/01/2025,Sex,Male,Over 52 Weeks,85370
19/01/2025,Sex,Male,Total,3026870
26/01/2025,Age,0-18 Years,Unknown Clock Start,135
26/01/2025,Age,0-18 Years,01 To 18 Weeks,441840
26/01/2025,Age,0-18 Years,18 To 52 Weeks,308660
26/01/2025,Age,0-18 Years,Over 52 Weeks,21820
26/01/2025,Age,0-18 Years,Total,772455
26/01/2025,Age,19-64 Years,Unknown Clock Start,2315
26/01/2025,Age,19-64 Years,01 To 18 Weeks,2307200
26/01/2025,Age,19-64 Years,18 To 52 Weeks,1663600
26/01/2025,Age,19-64 Years,Over 52 Weeks,127145
26/01/2025,Age,19-64 Years,Total,4100260
26/01/2025,Age,Over 65 Years,Unknown Clock Start,1340
26/01/2025,Age,Over 65 Years,01 To 18 Weeks,1443540
26/01/2025,Age,Over 65 Years,18 To 52 Weeks,908215
26/01/2025,Age,Over 65 Years,Over 52 Weeks,60670
26/01/2025,Age,Over 65 Years,Total,2413765
26/01/2025,Sex,Female,Unknown Clock Start,2415
26/01/2025,Sex,Female,01 To 18 Weeks,2258540
26/01/2025,Sex,Female,18 To 52 Weeks,1584575
26/01/2025,Sex,Female,Over 52 Weeks,114620
26/01/2025,Sex,Female,Total,3960150
26/01/2025,Sex,Male,Unknown Clock Start,1375
26/01/2025,Sex,Male,01 To 18 Weeks,1754050
26/01/2025,Sex,Male,18 To 52 Weeks,1178055
26/01/2025,Sex,Male,Over 52 Weeks,84300
26/01/2025,Sex,Male,Total,3017775
02/02/2025,Age,0-18 Years,Unknown Clock Start,145
02/02/2025,Age,0-18 Years,01 To 18 Weeks,443925
02/02/2025,Age,0-18 Years,18 To 52 Weeks,306095
02/02/2025,Age,0-18 Years,Over 52 Weeks,21615
02/02/2025,Age,0-18 Years,Total,771785
02/02/2025,Age,19-64 Years,Unknown Clock Start,2280
02/02/2025,Age,19-64 Years,01 To 18 Weeks,2312650
02/02/2025,Age,19-64 Years,18 To 52 Weeks,1657485
02/02/2025,Age,19-64 Years,Over 52 Weeks,126075
02/02/2025,Age,19-64 Years,Total,4098495
02/02/2025,Age,Over 65 Years,Unknown Clock Start,1300
02/02/2025,Age,Over 65 Years,01 To 18 Weeks,1440335
02/02/2025,Age,Over 65 Years,18 To 52 Weeks,903990
02/02/2025,Age,Over 65 Years,Over 52 Weeks,59735
02/02/2025,Age,Over 65 Years,Total,2405360
02/02/2025,Sex,Female,Unknown Clock Start,2405
02/02/2025,Sex,Female,01 To 18 Weeks,2257945
02/02/2025,Sex,Female,18 To 52 Weeks,1578200
02/02/2025,Sex,Female,Over 52 Weeks,113485
02/02/2025,Sex,Female,Total,3952030
02/02/2025,Sex,Male,Unknown Clock Start,1320
02/02/2025,Sex,Male,01 To 18 Weeks,1755320
02/02/2025,Sex,Male,18 To 52 Weeks,1172375
02/02/2025,Sex,Male,Over 52 Weeks,83475
02/02/2025,Sex,Male,Total,3012490
09/02/2025,Age,0-18 Years,Unknown Clock Start,200
09/02/2025,Age,0-18 Years,01 To 18 Weeks,442975
09/02/2025,Age,0-18 Years,18 To 52 Weeks,302150
09/02/2025,Age,0-18 Years,Over 52 Weeks,21760
09/02/2025,Age,0-18 Years,Total,767080
09/02/2025,Age,19-64 Years,Unknown Clock Start,2575
09/02/2025,Age,19-64 Years,01 To 18 Weeks,2305305
09/02/2025,Age,19-64 Years,18 To 52 Weeks,1644200
09/02/2025,Age,19-64 Years,Over 52 Weeks,125620
09/02/2025,Age,19-64 Years,Total,4077705
09/02/2025,Age,Over 65 Years,Unknown Clock Start,1445
09/02/2025,Age,Over 65 Years,01 To 18 Weeks,1434365
09/02/2025,Age,Over 65 Years,18 To 52 Weeks,894350
09/02/2025,Age,Over 65 Years,Over 52 Weeks,59405
09/02/2025,Age,Over 65 Years,Total,2389560
09/02/2025,Sex,Female,Unknown Clock Start,2675
09/02/2025,Sex,Female,01 To 18 Weeks,2250685
09/02/2025,Sex,Female,18 To 52 Weeks,1563720
09/02/2025,Sex,Female,Over 52 Weeks,113000
09/02/2025,Sex,Female,Total,3930080
09/02/2025,Sex,Male,Unknown Clock Start,1535
09/02/2025,Sex,Male,01 To 18 Weeks,1749080
09/02/2025,Sex,Male,18 To 52 Weeks,1160905
09/02/2025,Sex,Male,Over 52 Weeks,83375
09/02/2025,Sex,Male,Total,2994895
16/02/2025,Age,0-18 Years,Unknown Clock Start,135
16/02/2025,Age,0-18 Years,01 To 18 Weeks,445370
16/02/2025,Age,0-18 Years,18 To 52 Weeks,302000
16/02/2025,Age,0-18 Years,Over 52 Weeks,21570
16/02/2025,Age,0-18 Years,Total,769075
16/02/2025,Age,19-64 Years,Unknown Clock Start,2300
16/02/2025,Age,19-64 Years,01 To 18 Weeks,2317690
16/02/2025,Age,19-64 Years,18 To 52 Weeks,1651055
16/02/2025,Age,19-64 Years,Over 52 Weeks,124650
16/02/2025,Age,19-64 Years,Total,4095690
16/02/2025,Age,Over 65 Years,Unknown Clock Start,1275
16/02/2025,Age,Over 65 Years,01 To 18 Weeks,1444650
16/02/2025,Age,Over 65 Years,18 To 52 Weeks,898580
16/02/2025,Age,Over 65 Years,Over 52 Weeks,58800
16/02/2025,Age,Over 65 Years,Total,2403305
16/02/2025,Sex,Female,Unknown Clock Start,2360
16/02/2025,Sex,Female,01 To 18 Weeks,2263770
16/02/2025,Sex,Female,18 To 52 Weeks,1571300
16/02/2025,Sex,Female,Over 52 Weeks,112225
16/02/2025,Sex,Female,Total,3949655
16/02/2025,Sex,Male,Unknown Clock Start,1345
16/02/2025,Sex,Male,01 To 18 Weeks,1760280
16/02/2025,Sex,Male,18 To 52 Weeks,1166555
16/02/2025,Sex,Male,Over 52 Weeks,82595
16/02/2025,Sex,Male,Total,3010780
23/02/2025,Age,0-18 Years,Unknown Clock Start,235
23/02/2025,Age,0-18 Years,01 To 18 Weeks,447470
23/02/2025,Age,0-18 Years,18 To 52 Weeks,302025
23/02/2025,Age,0-18 Years,Over 52 Weeks,21785
23/02/2025,Age,0-18 Years,Total,771515
23/02/2025,Age,19-64 Years,Unknown Clock Start,2780
23/02/2025,Age,19-64 Years,01 To 18 Weeks,2316445
23/02/2025,Age,19-64 Years,18 To 52 Weeks,1651995
23/02/2025,Age,19-64 Years,Over 52 Weeks,124755
23/02/2025,Age,19-64 Years,Total,4095970
23/02/2025,Age,Over 65 Years,Unknown Clock Start,1715
23/02/2025,Age,Over 65 Years,01 To 18 Weeks,1444760
23/02/2025,Age,Over 65 Years,18 To 52 Weeks,898310
23/02/2025,Age,Over 65 Years,Over 52 Weeks,59070
23/02/2025,Age,Over 65 Years,Total,2403850
23/02/2025,Sex,Female,Unknown Clock Start,2990
23/02/2025,Sex,Female,01 To 18 Weeks,2265075
23/02/2025,Sex,Female,18 To 52 Weeks,1572090
23/02/2025,Sex,Female,Over 52 Weeks,112500
23/02/2025,Sex,Female,Total,3952655
23/02/2025,Sex,Male,Unknown Clock Start,1740
23/02/2025,Sex,Male,01 To 18 Weeks,1761235
23/02/2025,Sex,Male,18 To 52 Weeks,1165895
23/02/2025,Sex,Male,Over 52 Weeks,82935
23/02/2025,Sex,Male,Total,3011805
02/03/2025,Age,0-18 Years,Unknown Clock Start,105
02/03/2025,Age,0-18 Years,01 To 18 Weeks,449130
02/03/2025,Age,0-18 Years,18 To 52 Weeks,300320
02/03/2025,Age,0-18 Years,Over 52 Weeks,21760
02/03/2025,Age,0-18 Years,Total,771315
02/03/2025,Age,19-64 Years,Unknown Clock Start,2195
02/03/2025,Age,19-64 Years,01 To 18 Weeks,2313640
02/03/2025,Age,19-64 Years,18 To 52 Weeks,1647610
02/03/2025,Age,19-64 Years,Over 52 Weeks,122840
02/03/2025,Age,19-64 Years,Total,4086290
02/03/2025,Age,Over 65 Years,Unknown Clock Start,1245
02/03/2025,Age,Over 65 Years,01 To 18 Weeks,1444205
02/03/2025,Age,Over 65 Years,18 To 52 Weeks,895910
02/03/2025,Age,Over 65 Years,Over 52 Weeks,57850
02/03/2025,Age,Over 65 Years,Total,2399210
02/03/2025,Sex,Female,Unknown Clock Start,2310
02/03/2025,Sex,Female,01 To 18 Weeks,2265065
02/03/2025,Sex,Female,18 To 52 Weeks,1567195
02/03/2025,Sex,Female,Over 52 Weeks,110775
02/03/2025,Sex,Female,Total,3945345
02/03/2025,Sex,Male,Unknown Clock Start,1235
02/03/2025,Sex,Male,01 To 18 Weeks,1761240
02/03/2025,Sex,Male,18 To 52 Weeks,1162105
02/03/2025,Sex,Male,Over 52 Weeks,81545
02/03/2025,Sex,Male,Total,3006130
09/03/2025,Age,0-18 Years,Unknown Clock Start,145
09/03/2025,Age,0-18 Years,01 To 18 Weeks,452665
09/03/2025,Age,0-18 Years,18 To 52 Weeks,297420
09/03/2025,Age,0-18 Years,Over 52 Weeks,22040
09/03/2025,Age,0-18 Years,Total,772270
09/03/2025,Age,19-64 Years,Unknown Clock Start,705
09/03/2025,Age,19-64 Years,01 To 18 Weeks,2322015
09/03/2025,Age,19-64 Years,18 To 52 Weeks,1637705
09/03/2025,Age,19-64 Years,Over 52 Weeks,122730
09/03/2025,Age,19-64 Years,Total,4083155
09/03/2025,Age,Over 65 Years,Unknown Clock Start,475
09/03/2025,Age,Over 65 Years,01 To 18 Weeks,1449195
09/03/2025,Age,Over 65 Years,18 To 52 Weeks,890380
09/03/2025,Age,Over 65 Years,Over 52 Weeks,57610
09/03/2025,Age,Over 65 Years,Total,2397660
09/03/2025,Sex,Female,Unknown Clock Start,720
09/03/2025,Sex,Female,01 To 18 Weeks,2275310
09/03/2025,Sex,Female,18 To 52 Weeks,1557245
09/03/2025,Sex,Female,Over 52 Weeks,110710
09/03/2025,Sex,Female,Total,3943985
09/03/2025,Sex,Male,Unknown Clock Start,605
09/03/2025,Sex,Male,01 To 18 Weeks,1766860
09/03/2025,Sex,Male,18 To 52 Weeks,1154780
09/03/2025,Sex,Male,Over 52 Weeks,81725
09/03/2025,Sex,Male,Total,3003965
16/03/2025,Age,0-18 Years,Unknown Clock Start,175
16/03/2025,Age,0-18 Years,01 To 18 Weeks,445565
16/03/2025,Age,0-18 Years,18 To 52 Weeks,289310
16/03/2025,Age,0-18 Years,Over 52 Weeks,21315
16/03/2025,Age,0-18 Years,Total,756370
16/03/2025,Age,19-64 Years,Unknown Clock Start,2300
16/03/2025,Age,19-64 Years,01 To 18 Weeks,2264880
16/03/2025,Age,19-64 Years,18 To 52 Weeks,1589320
16/03/2025,Age,19-64 Years,Over 52 Weeks,119280
16/03/2025,Age,19-64 Years,Total,3975775
16/03/2025,Age,Over 65 Years,Unknown Clock Start,1330
16/03/2025,Age,Over 65 Years,01 To 18 Weeks,1414790
16/03/2025,Age,Over 65 Years,18 To 52 Weeks,864765
16/03/2025,Age,Over 65 Years,Over 52 Weeks,56240
16/03/2025,Age,Over 65 Years,Total,2337125
16/03/2025,Sex,Female,Unknown Clock Start,2435
16/03/2025,Sex,Female,01 To 18 Weeks,2219630
16/03/2025,Sex,Female,18 To 52 Weeks,1509940
16/03/2025,Sex,Female,Over 52 Weeks,107475
16/03/2025,Sex,Female,Total,3839480
16/03/2025,Sex,Male,Unknown Clock Start,1365
16/03/2025,Sex,Male,01 To 18 Weeks,1723225
16/03/2025,Sex,Male,18 To 52 Weeks,1120070
16/03/2025,Sex,Male,Over 52 Weeks,79505
16/03/2025,Sex,Male,Total,2924165
23/03/2025,Age,0-18 Years,Unknown Clock Start,170
23/03/2025,Age,0-18 Years,01 To 18 Weeks,457500
23/03/2025,Age,0-18 Years,18 To 52 Weeks,294980
23/03/2025,Age,0-18 Years,Over 52 Weeks,21790
23/03/2025,Age,0-18 Years,Total,774440
23/03/2025,Age,19-64 Years,Unknown Clock Start,2425
23/03/2025,Age,19-64 Years,01 To 18 Weeks,2332675
23/03/2025,Age,19-64 Years,18 To 52 Weeks,1634600
23/03/2025,Age,19-64 Years,Over 52 Weeks,120485
23/03/2025,Age,19-64 Years,Total,4090190
23/03/2025,Age,Over 65 Years,Unknown Clock Start,1480
23/03/2025,Age,Over 65 Years,01 To 18 Weeks,1453275
23/03/2025,Age,Over 65 Years,18 To 52 Weeks,888310
23/03/2025,Age,Over 65 Years,Over 52 Weeks,56580
23/03/2025,Age,Over 65 Years,Total,2399645
23/03/2025,Sex,Female,Unknown Clock Start,2605
23/03/2025,Sex,Female,01 To 18 Weeks,2288900
23/03/2025,Sex,Female,18 To 52 Weeks,1553245
23/03/2025,Sex,Female,Over 52 Weeks,108885
23/03/2025,Sex,Female,Total,3953635
23/03/2025,Sex,Male,Unknown Clock Start,1470
23/03/2025,Sex,Male,01 To 18 Weeks,1773315
23/03/2025,Sex,Male,18 To 52 Weeks,1150375
23/03/2025,Sex,Male,Over 52 Weeks,80375
23/03/2025,Sex,Male,Total,3005535
30/03/2025,Age,0-18 Years,Unknown Clock Start,210
30/03/2025,Age,0-18 Years,01 To 18 Weeks,459000
30/03/2025,Age,0-18 Years,18 To 52 Weeks,295515
30/03/2025,Age,0-18 Years,Over 52 Weeks,21105
30/03/2025,Age,0-18 Years,Total,775830
30/03/2025,Age,19-64 Years,Unknown Clock Start,2665
30/03/2025,Age,19-64 Years,01 To 18 Weeks,2337255
30/03/2025,Age,19-64 Years,18 To 52 Weeks,1640095
30/03/2025,Age,19-64 Years,Over 52 Weeks,115940
30/03/2025,Age,19-64 Years,Total,4095950
30/03/2025,Age,Over 65 Years,Unknown Clock Start,1600
30/03/2025,Age,Over 65 Years,01 To 18 Weeks,1459245
30/03/2025,Age,Over 65 Years,18 To 52 Weeks,890500
30/03/2025,Age,Over 65 Years,Over 52 Weeks,54680
30/03/2025,Age,Over 65 Years,Total,2406020
30/03/2025,Sex,Female,Unknown Clock Start,2815
30/03/2025,Sex,Female,01 To 18 Weeks,2297560
30/03/2025,Sex,Female,18 To 52 Weeks,1557310
30/03/2025,Sex,Female,Over 52 Weeks,104775
30/03/2025,Sex,Female,Total,3962460
30/03/2025,Sex,Male,Unknown Clock Start,1655
30/03/2025,Sex,Male,01 To 18 Weeks,1777930
30/03/2025,Sex,Male,18 To 52 Weeks,1153570
30/03/2025,Sex,Male,Over 52 Weeks,77575
30/03/2025,Sex,Male,Total,3010735
06/04/2025,Age,0-18 Years,Unknown Clock Start,135
06/04/2025,Age,0-18 Years,01 To 18 Weeks,460200
06/04/2025,Age,0-18 Years,18 To 52 Weeks,295950
06/04/2025,Age,0-18 Years,Over 52 Weeks,20820
06/04/2025,Age,0-18 Years,Total,777100
06/04/2025,Age,19-64 Years,Unknown Clock Start,2635
06/04/2025,Age,19-64 Years,01 To 18 Weeks,2341310
06/04/2025,Age,19-64 Years,18 To 52 Weeks,1642215
06/04/2025,Age,19-64 Years,Over 52 Weeks,113295
06/04/2025,Age,19-64 Years,Total,4099455
06/04/2025,Age,Over 65 Years,Unknown Clock Start,1540
06/04/2025,Age,Over 65 Years,01 To 18 Weeks,1467845
06/04/2025,Age,Over 65 Years,18 To 52 Weeks,890015
06/04/2025,Age,Over 65 Years,Over 52 Weeks,53650
06/04/2025,Age,Over 65 Years,Total,2413050
06/04/2025,Sex,Female,Unknown Clock Start,2695
06/04/2025,Sex,Female,01 To 18 Weeks,2305825
06/04/2025,Sex,Female,18 To 52 Weeks,1556950
06/04/2025,Sex,Female,Over 52 Weeks,102735
06/04/2025,Sex,Female,Total,3968205
06/04/2025,Sex,Male,Unknown Clock Start,1590
06/04/2025,Sex,Male,01 To 18 Weeks,1782550
06/04/2025,Sex,Male,18 To 52 Weeks,1153415
06/04/2025,Sex,Male,Over 52 Weeks,75845
06/04/2025,Sex,Male,Total,3013400
13/04/2025,Age,0-18 Years,Unknown Clock Start,105
13/04/2025,Age,0-18 Years,01 To 18 Weeks,463500
13/04/2025,Age,0-18 Years,18 To 52 Weeks,296845
13/04/2025,Age,0-18 Years,Over 52 Weeks,21065
13/04/2025,Age,0-18 Years,Total,781515
13/04/2025,Age,19-64 Years,Unknown Clock Start,2615
13/04/2025,Age,19-64 Years,01 To 18 Weeks,2348815
13/04/2025,Age,19-64 Years,18 To 52 Weeks,1641420
13/04/2025,Age,19-64 Years,Over 52 Weeks,113695
13/04/2025,Age,19-64 Years,Total,4106550
13/04/2025,Age,Over 65 Years,Unknown Clock Start,1545
13/04/2025,Age,Over 65 Years,01 To 18 Weeks,1474240
13/04/2025,Age,Over 65 Years,18 To 52 Weeks,887260
13/04/2025,Age,Over 65 Years,Over 52 Weeks,53855
13/04/2025,Age,Over 65 Years,Total,2416905
13/04/2025,Sex,Female,Unknown Clock Start,2690
13/04/2025,Sex,Female,01 To 18 Weeks,2294785
13/04/2025,Sex,Female,18 To 52 Weeks,1541950
13/04/2025,Sex,Female,Over 52 Weeks,102065
13/04/2025,Sex,Female,Total,3941495
13/04/2025,Sex,Male,Unknown Clock Start,1560
13/04/2025,Sex,Male,01 To 18 Weeks,1772265
13/04/2025,Sex,Male,18 To 52 Weeks,1142010
13/04/2025,Sex,Male,Over 52 Weeks,75480
13/04/2025,Sex,Male,Total,2991315
20/04/2025,Age,0-18 Years,Unknown Clock Start,60
20/04/2025,Age,0-18 Years,01 To 18 Weeks,461795
20/04/2025,Age,0-18 Years,18 To 52 Weeks,299550
20/04/2025,Age,0-18 Years,Over 52 Weeks,22290
20/04/2025,Age,0-18 Years,Total,783695
20/04/2025,Age,19-64 Years,Unknown Clock Start,2040
20/04/2025,Age,19-64 Years,01 To 18 Weeks,2332705
20/04/2025,Age,19-64 Years,18 To 52 Weeks,1652960
20/04/2025,Age,19-64 Years,Over 52 Weeks,118785
20/04/2025,Age,19-64 Years,Total,4106490
20/04/2025,Age,Over 65 Years,Unknown Clock Start,1170
20/04/2025,Age,Over 65 Years,01 To 18 Weeks,1469360
20/04/2025,Age,Over 65 Years,18 To 52 Weeks,891675
20/04/2025,Age,Over 65 Years,Over 52 Weeks,56450
20/04/2025,Age,Over 65 Years,Total,2418660
20/04/2025,Sex,Female,Unknown Clock Start,2120
20/04/2025,Sex,Female,01 To 18 Weeks,2298410
20/04/2025,Sex,Female,18 To 52 Weeks,1562270
20/04/2025,Sex,Female,Over 52 Weeks,108290
20/04/2025,Sex,Female,Total,3971090
20/04/2025,Sex,Male,Unknown Clock Start,1135
20/04/2025,Sex,Male,01 To 18 Weeks,1773825
20/04/2025,Sex,Male,18 To 52 Weeks,1158305
20/04/2025,Sex,Male,Over 52 Weeks,79600
20/04/2025,Sex,Male,Total,3012860
27/04/2025,Age,0-18 Years,Unknown Clock Start,110
27/04/2025,Age,0-18 Years,01 To 18 Weeks,457990
27/04/2025,Age,0-18 Years,18 To 52 Weeks,300605
27/04/2025,Age,0-18 Years,Over 52 Weeks,23020
27/04/2025,Age,0-18 Years,Total,781725
27/04/2025,Age,19-64 Years,Unknown Clock Start,2270
27/04/2025,Age,19-64 Years,01 To 18 Weeks,2309460
27/04/2025,Age,19-64 Years,18 To 52 Weeks,1656195
27/04/2025,Age,19-64 Years,Over 52 Weeks,121250
27/04/2025,Age,19-64 Years,Total,4089175
27/04/2025,Age,Over 65 Years,Unknown Clock Start,1325
27/04/2025,Age,Over 65 Years,01 To 18 Weeks,1458110
27/04/2025,Age,Over 65 Years,18 To 52 Weeks,892575
27/04/2025,Age,Over 65 Years,Over 52 Weeks,57710
27/04/2025,Age,Over 65 Years,Total,2409720
27/04/2025,Sex,Female,Unknown Clock Start,2330
27/04/2025,Sex,Female,01 To 18 Weeks,2279740
27/04/2025,Sex,Female,18 To 52 Weeks,1564875
27/04/2025,Sex,Female,Over 52 Weeks,111125
27/04/2025,Sex,Female,Total,3958070
27/04/2025,Sex,Male,Unknown Clock Start,1365
27/04/2025,Sex,Male,01 To 18 Weeks,1757690
27/04/2025,Sex,Male,18 To 52 Weeks,1161380
27/04/2025,Sex,Male,Over 52 Weeks,81115
27/04/2025,Sex,Male,Total,3001550
04/05/2025,Age,0-18 Years,Unknown Clock Start,155
04/05/2025,Age,0-18 Years,01 To 18 Weeks,466610
04/05/2025,Age,0-18 Years,18 To 52 Weeks,289650
04/05/2025,Age,0-18 Years,Over 52 Weeks,23475
04/05/2025,Age,0-18 Years,Total,779885
04/05/2025,Age,19-64 Years,Unknown Clock Start,2325
04/05/2025,Age,19-64 Years,01 To 18 Weeks,2362715
04/05/2025,Age,19-64 Years,18 To 52 Weeks,1603750
04/05/2025,Age,19-64 Years,Over 52 Weeks,122285
04/05/2025,Age,19-64 Years,Total,4091080
04/05/2025,Age,Over 65 Years,Unknown Clock Start,1405
04/05/2025,Age,Over 65 Years,01 To 18 Weeks,1489955
04/05/2025,Age,Over 65 Years,18 To 52 Weeks,858100
04/05/2025,Age,Over 65 Years,Over 52 Weeks,58245
04/05/2025,Age,Over 65 Years,Total,2407700
04/05/2025,Sex,Female,Unknown Clock Start,2475
04/05/2025,Sex,Female,01 To 18 Weeks,2330005
04/05/2025,Sex,Female,18 To 52 Weeks,1511370
04/05/2025,Sex,Female,Over 52 Weeks,112695
04/05/2025,Sex,Female,Total,3956545
04/05/2025,Sex,Male,Unknown Clock Start,1405
04/05/2025,Sex,Male,01 To 18 Weeks,1794100
04/05/2025,Sex,Male,18 To 52 Weeks,1120725
04/05/2025,Sex,Male,Over 52 Weeks,81670
04/05/2025,Sex,Male,Total,2997900
11/05/2025,Age,0-18 Years,Unknown Clock Start,340
11/05/2025,Age,0-18 Years,01 To 18 Weeks,469630
11/05/2025,Age,0-18 Years,18 To 52 Weeks,283750
11/05/2025,Age,0-18 Years,Over 52 Weeks,23610
11/05/2025,Age,0-18 Years,Total,777325
11/05/2025,Age,19-64 Years,Unknown Clock Start,3535
11/05/2025,Age,19-64 Years,01 To 18 Weeks,2364415
11/05/2025,Age,19-64 Years,18 To 52 Weeks,1570145
11/05/2025,Age,19-64 Years,Over 52 Weeks,122105
11/05/2025,Age,19-64 Years,Total,4060205
11/05/2025,Age,Over 65 Years,Unknown Clock Start,2135
11/05/2025,Age,Over 65 Years,01 To 18 Weeks,1492655
11/05/2025,Age,Over 65 Years,18 To 52 Weeks,837630
11/05/2025,Age,Over 65 Years,Over 52 Weeks,58530
11/05/2025,Age,Over 65 Years,Total,2390950
11/05/2025,Sex,Female,Unknown Clock Start,3710
11/05/2025,Sex,Female,01 To 18 Weeks,2334170
11/05/2025,Sex,Female,18 To 52 Weeks,1478215
11/05/2025,Sex,Female,Over 52 Weeks,112915
11/05/2025,Sex,Female,Total,3929015
11/05/2025,Sex,Male,Unknown Clock Start,2285
11/05/2025,Sex,Male,01 To 18 Weeks,1795785
11/05/2025,Sex,Male,18 To 52 Weeks,1096535
11/05/2025,Sex,Male,Over 52 Weeks,81805
11/05/2025,Sex,Male,Total,2976410
18/05/2025,Age,0-18 Years,Unknown Clock Start,185
18/05/2025,Age,0-18 Years,01 To 18 Weeks,469465
18/05/2025,Age,0-18 Years,18 To 52 Weeks,280890
18/05/2025,Age,0-18 Years,Over 52 Weeks,23935
18/05/2025,Age,0-18 Years,Total,774475
18/05/2025,Age,19-64 Years,Unknown Clock Start,2820
18/05/2025,Age,19-64 Years,01 To 18 Weeks,2369285
18/05/2025,Age,19-64 Years,18 To 52 Weeks,1557025
18/05/2025,Age,19-64 Years,Over 52 Weeks,122155
18/05/2025,Age,19-64 Years,Total,4051285
18/05/2025,Age,Over 65 Years,Unknown Clock Start,1825
18/05/2025,Age,Over 65 Years,01 To 18 Weeks,1492870
18/05/2025,Age,Over 65 Years,18 To 52 Weeks,825175
18/05/2025,Age,Over 65 Years,Over 52 Weeks,58665
18/05/2025,Age,Over 65 Years,Total,2378540
18/05/2025,Sex,Female,Unknown Clock Start,3000
18/05/2025,Sex,Female,01 To 18 Weeks,2330920
18/05/2025,Sex,Female,18 To 52 Weeks,1455230
18/05/2025,Sex,Female,Over 52 Weeks,112885
18/05/2025,Sex,Female,Total,3902035
18/05/2025,Sex,Male,Unknown Clock Start,1810
18/05/2025,Sex,Male,01 To 18 Weeks,1789825
18/05/2025,Sex,Male,18 To 52 Weeks,1080875
18/05/2025,Sex,Male,Over 52 Weeks,81755
18/05/2025,Sex,Male,Total,2954265
25/05/2025,Age,0-18 Years,Unknown Clock Start,115
25/05/2025,Age,0-18 Years,01 To 18 Weeks,473250
25/05/2025,Age,0-18 Years,18 To 52 Weeks,282775
25/05/2025,Age,0-18 Years,Over 52 Weeks,24255
25/05/2025,Age,0-18 Years,Total,780400
25/05/2025,Age,19-64 Years,Unknown Clock Start,2175
25/05/2025,Age,19-64 Years,01 To 18 Weeks,2353915
25/05/2025,Age,19-64 Years,18 To 52 Weeks,1550620
25/05/2025,Age,19-64 Years,Over 52 Weeks,122320
25/05/2025,Age,19-64 Years,Total,4029030
25/05/2025,Age,Over 65 Years,Unknown Clock Start,1270
25/05/2025,Age,Over 65 Years,01 To 18 Weeks,1494505
25/05/2025,Age,Over 65 Years,18 To 52 Weeks,820630
25/05/2025,Age,Over 65 Years,Over 52 Weeks,58935
25/05/2025,Age,Over 65 Years,Total,2375340
25/05/2025,Sex,Female,Unknown Clock Start,2290
25/05/2025,Sex,Female,01 To 18 Weeks,2321350
25/05/2025,Sex,Female,18 To 52 Weeks,1447270
25/05/2025,Sex,Female,Over 52 Weeks,113090
25/05/2025,Sex,Female,Total,3883995
25/05/2025,Sex,Male,Unknown Clock Start,1260
25/05/2025,Sex,Male,01 To 18 Weeks,1777550
25/05/2025,Sex,Male,18 To 52 Weeks,1075015
25/05/2025,Sex,Male,Over 52 Weeks,82115
25/05/2025,Sex,Male,Total,2935940
01/06/2025,Age,0-18 Years,Unknown Clock Start,145
01/06/2025,Age,0-18 Years,01 To 18 Weeks,469690
01/06/2025,Age,0-18 Years,18 To 52 Weeks,286920
01/06/2025,Age,0-18 Years,Over 52 Weeks,24155
01/06/2025,Age,0-18 Years,Total,780910
01/06/2025,Age,19-64 Years,Unknown Clock Start,830
01/06/2025,Age,19-64 Years,01 To 18 Weeks,2358425
01/06/2025,Age,19-64 Years,18 To 52 Weeks,1574470
01/06/2025,Age,19-64 Years,Over 52 Weeks,121050
01/06/2025,Age,19-64 Years,Total,4054775
01/06/2025,Age,Over 65 Years,Unknown Clock Start,585
01/06/2025,Age,Over 65 Years,01 To 18 Weeks,1498405
01/06/2025,Age,Over 65 Years,18 To 52 Weeks,831405
01/06/2025,Age,Over 65 Years,Over 52 Weeks,58310
01/06/2025,Age,Over 65 Years,Total,2388705
01/06/2025,Sex,Female,Unknown Clock Start,880
01/06/2025,Sex,Female,01 To 18 Weeks,2324650
01/06/2025,Sex,Female,18 To 52 Weeks,1467335
01/06/2025,Sex,Female,Over 52 Weeks,111850
01/06/2025,Sex,Female,Total,3904715
01/06/2025,Sex,Male,Unknown Clock Start,675
01/06/2025,Sex,Male,01 To 18 Weeks,1778490
01/06/2025,Sex,Male,18 To 52 Weeks,1090645
01/06/2025,Sex,Male,Over 52 Weeks,81200
01/06/2025,Sex,Male,Total,2951010
08/06/2025,Age,0-18 Years,Unknown Clock Start,600
08/06/2025,Age,0-18 Years,01 To 18 Weeks,469190
08/06/2025,Age,0-18 Years,18 To 52 Weeks,286885
08/06/2025,Age,0-18 Years,Over 52 Weeks,24140
08/06/2025,Age,0-18 Years,Total,780815
08/06/2025,Age,19-64 Years,Unknown Clock Start,4405
08/06/2025,Age,19-64 Years,01 To 18 Weeks,2357005
08/06/2025,Age,19-64 Years,18 To 52 Weeks,1574135
08/06/2025,Age,19-64 Years,Over 52 Weeks,122260
08/06/2025,Age,19-64 Years,Total,4057805
08/06/2025,Age,Over 65 Years,Unknown Clock Start,2850
08/06/2025,Age,Over 65 Years,01 To 18 Weeks,1502640
08/06/2025,Age,Over 65 Years,18 To 52 Weeks,829220
08/06/2025,Age,Over 65 Years,Over 52 Weeks,58770
08/06/2025,Age,Over 65 Years,Total,2393480
08/06/2025,Sex,Female,Unknown Clock Start,3805
08/06/2025,Sex,Female,01 To 18 Weeks,2330915
08/06/2025,Sex,Female,18 To 52 Weeks,1468495
08/06/2025,Sex,Female,Over 52 Weeks,113040
08/06/2025,Sex,Female,Total,3916255
08/06/2025,Sex,Male,Unknown Clock Start,2420
08/06/2025,Sex,Male,01 To 18 Weeks,1780840
08/06/2025,Sex,Male,18 To 52 Weeks,1091065
08/06/2025,Sex,Male,Over 52 Weeks,81740
08/06/2025,Sex,Male,Total,2956060
15/06/2025,Age,0-18 Years,Unknown Clock Start,580
15/06/2025,Age,0-18 Years,01 To 18 Weeks,467565
15/06/2025,Age,0-18 Years,18 To 52 Weeks,286870
15/06/2025,Age,0-18 Years,Over 52 Weeks,24360
15/06/2025,Age,0-18 Years,Total,779375
15/06/2025,Age,19-64 Years,Unknown Clock Start,3370
15/06/2025,Age,19-64 Years,01 To 18 Weeks,2346460
15/06/2025,Age,19-64 Years,18 To 52 Weeks,1567750
15/06/2025,Age,19-64 Years,Over 52 Weeks,122870
15/06/2025,Age,19-64 Years,Total,4040445
15/06/2025,Age,Over 65 Years,Unknown Clock Start,2175
15/06/2025,Age,Over 65 Years,01 To 18 Weeks,1500605
15/06/2025,Age,Over 65 Years,18 To 52 Weeks,823880
15/06/2025,Age,Over 65 Years,Over 52 Weeks,58900
15/06/2025,Age,Over 65 Years,Total,2385560
15/06/2025,Sex,Female,Unknown Clock Start,2920
15/06/2025,Sex,Female,01 To 18 Weeks,2325050
15/06/2025,Sex,Female,18 To 52 Weeks,1462950
15/06/2025,Sex,Female,Over 52 Weeks,113780
15/06/2025,Sex,Female,Total,3904700
15/06/2025,Sex,Male,Unknown Clock Start,1825
15/06/2025,Sex,Male,01 To 18 Weeks,1775610
15/06/2025,Sex,Male,18 To 52 Weeks,1086125
15/06/2025,Sex,Male,Over 52 Weeks,82120
15/06/2025,Sex,Male,Total,2945680
22/06/2025,Age,0-18 Years,Unknown Clock Start,265
22/06/2025,Age,0-18 Years,01 To 18 Weeks,468155
22/06/2025,Age,0-18 Years,18 To 52 Weeks,289230
22/06/2025,Age,0-18 Years,Over 52 Weeks,24265
22/06/2025,Age,0-18 Years,Total,781920
22/06/2025,Age,19-64 Years,Unknown Clock Start,3030
22/06/2025,Age,19-64 Years,01 To 18 Weeks,2356025
22/06/2025,Age,19-64 Years,18 To 52 Weeks,1573200
22/06/2025,Age,19-64 Years,Over 52 Weeks,122760
22/06/2025,Age,19-64 Years,Total,4055015
22/06/2025,Age,Over 65 Years,Unknown Clock Start,1855
22/06/2025,Age,Over 65 Years,01 To 18 Weeks,1508065
22/06/2025,Age,Over 65 Years,18 To 52 Weeks,824840
22/06/2025,Age,Over 65 Years,Over 52 Weeks,58980
22/06/2025,Age,Over 65 Years,Total,2393745
22/06/2025,Sex,Female,Unknown Clock Start,3250
22/06/2025,Sex,Female,01 To 18 Weeks,2338575
22/06/2025,Sex,Female,18 To 52 Weeks,1467450
22/06/2025,Sex,Female,Over 52 Weeks,113775
22/06/2025,Sex,Female,Total,3923050
22/06/2025,Sex,Male,Unknown Clock Start,1900
22/06/2025,Sex,Male,01 To 18 Weeks,1784260
22/06/2025,Sex,Male,18 To 52 Weeks,1089605
22/06/2025,Sex,Male,Over 52 Weeks,82410
22/06/2025,Sex,Male,Total,2958170
29/06/2025,Age,0-18 Years,Unknown Clock Start,620
29/06/2025,Age,0-18 Years,01 To 18 Weeks,466290
29/06/2025,Age,0-18 Years,18 To 52 Weeks,286580
29/06/2025,Age,0-18 Years,Over 52 Weeks,23590
29/06/2025,Age,0-18 Years,Total,777080
29/06/2025,Age,19-64 Years,Unknown Clock Start,3955
29/06/2025,Age,19-64 Years,01 To 18 Weeks,2353320
29/06/2025,Age,19-64 Years,18 To 52 Weeks,1562520
29/06/2025,Age,19-64 Years,Over 52 Weeks,121010
29/06/2025,Age,19-64 Years,Total,4040805
29/06/2025,Age,Over 65 Years,Unknown Clock Start,2565
29/06/2025,Age,Over 65 Years,01 To 18 Weeks,1508990
29/06/2025,Age,Over 65 Years,18 To 52 Weeks,815365
29/06/2025,Age,Over 65 Years,Over 52 Weeks,58230
29/06/2025,Age,Over 65 Years,Total,2385155
29/06/2025,Sex,Female,Unknown Clock Start,3975
29/06/2025,Sex,Female,01 To 18 Weeks,2337350
29/06/2025,Sex,Female,18 To 52 Weeks,1455650
29/06/2025,Sex,Female,Over 52 Weeks,112270
29/06/2025,Sex,Female,Total,3909240
29/06/2025,Sex,Male,Unknown Clock Start,2710
29/06/2025,Sex,Male,01 To 18 Weeks,1783860
29/06/2025,Sex,Male,18 To 52 Weeks,1080380
29/06/2025,Sex,Male,Over 52 Weeks,81025
29/06/2025,Sex,Male,Total,2947970
06/07/2025,Age,0-18 Years,Unknown Clock Start,510
06/07/2025,Age,0-18 Years,01 To 18 Weeks,467220
06/07/2025,Age,0-18 Years,18 To 52 Weeks,289220
06/07/2025,Age,0-18 Years,Over 52 Weeks,23575
06/07/2025,Age,0-18 Years,Total,780520
06/07/2025,Age,19-64 Years,Unknown Clock Start,3805
06/07/2025,Age,19-64 Years,01 To 18 Weeks,2357850
06/07/2025,Age,19-64 Years,18 To 52 Weeks,1565825
06/07/2025,Age,19-64 Years,Over 52 Weeks,121600
06/07/2025,Age,19-64 Years,Total,4049080
06/07/2025,Age,Over 65 Years,Unknown Clock Start,2505
06/07/2025,Age,Over 65 Years,01 To 18 Weeks,1516845
06/07/2025,Age,Over 65 Years,18 To 52 Weeks,818175
06/07/2025,Age,Over 65 Years,Over 52 Weeks,58450
06/07/2025,Age,Over 65 Years,Total,2395975
06/07/2025,Sex,Female,Unknown Clock Start,3880
06/07/2025,Sex,Female,01 To 18 Weeks,2350700
06/07/2025,Sex,Female,18 To 52 Weeks,1462925
06/07/2025,Sex,Female,Over 52 Weeks,113030
06/07/2025,Sex,Female,Total,3930535
06/07/2025,Sex,Male,Unknown Clock Start,2655
06/07/2025,Sex,Male,01 To 18 Weeks,1786005
06/07/2025,Sex,Male,18 To 52 Weeks,1083070
06/07/2025,Sex,Male,Over 52 Weeks,80995
06/07/2025,Sex,Male,Total,2952725
13/07/2025,Age,0-18 Years,Unknown Clock Start,555
13/07/2025,Age,0-18 Years,01 To 18 Weeks,465675
13/07/2025,Age,0-18 Years,18 To 52 Weeks,290250
13/07/2025,Age,0-18 Years,Over 52 Weeks,23275
13/07/2025,Age,0-18 Years,Total,779755
13/07/2025,Age,19-64 Years,Unknown Clock Start,1790
13/07/2025,Age,19-64 Years,01 To 18 Weeks,2371705
13/07/2025,Age,19-64 Years,18 To 52 Weeks,1574240
13/07/2025,Age,19-64 Years,Over 52 Weeks,122480
13/07/2025,Age,19-64 Years,Total,4070215
13/07/2025,Age,Over 65 Years,Unknown Clock Start,1335
13/07/2025,Age,Over 65 Years,01 To 18 Weeks,1528345
13/07/2025,Age,Over 65 Years,18 To 52 Weeks,820810
13/07/2025,Age,Over 65 Years,Over 52 Weeks,58800
13/07/2025,Age,Over 65 Years,Total,2409290
13/07/2025,Sex,Female,Unknown Clock Start,1790
13/07/2025,Sex,Female,01 To 18 Weeks,2365485
13/07/2025,Sex,Female,18 To 52 Weeks,1469525
13/07/2025,Sex,Female,Over 52 Weeks,113120
13/07/2025,Sex,Female,Total,3949915
13/07/2025,Sex,Male,Unknown Clock Start,1680
13/07/2025,Sex,Male,01 To 18 Weeks,1795370
13/07/2025,Sex,Male,18 To 52 Weeks,1086620
13/07/2025,Sex,Male,Over 52 Weeks,81460
13/07/2025,Sex,Male,Total,2965125
20/07/2025,Age,0-18 Years,Unknown Clock Start,450
20/07/2025,Age,0-18 Years,01 To 18 Weeks,460215
20/07/2025,Age,0-18 Years,18 To 52 Weeks,290430
20/07/2025,Age,0-18 Years,Over 52 Weeks,22810
20/07/2025,Age,0-18 Years,Total,773910
20/07/2025,Age,19-64 Years,Unknown Clock Start,3540
20/07/2025,Age,19-64 Years,01 To 18 Weeks,2336995
20/07/2025,Age,19-64 Years,18 To 52 Weeks,1554770
20/07/2025,Age,19-64 Years,Over 52 Weeks,120210
20/07/2025,Age,19-64 Years,Total,4015515
20/07/2025,Age,Over 65 Years,Unknown Clock Start,2275
20/07/2025,Age,Over 65 Years,01 To 18 Weeks,1506015
20/07/2025,Age,Over 65 Years,18 To 52 Weeks,810125
20/07/2025,Age,Over 65 Years,Over 52 Weeks,57640
20/07/2025,Age,Over 65 Years,Total,2376055
20/07/2025,Sex,Female,Unknown Clock Start,3650
20/07/2025,Sex,Female,01 To 18 Weeks,2330525
20/07/2025,Sex,Female,18 To 52 Weeks,1454195
20/07/2025,Sex,Female,Over 52 Weeks,111060
20/07/2025,Sex,Female,Total,3899430
20/07/2025,Sex,Male,Unknown Clock Start,2460
20/07/2025,Sex,Male,01 To 18 Weeks,1768010
20/07/2025,Sex,Male,18 To 52 Weeks,1074390
20/07/2025,Sex,Male,Over 52 Weeks,79615
20/07/2025,Sex,Male,Total,2924480
27/07/2025,Age,0-18 Years,Unknown Clock Start,515
27/07/2025,Age,0-18 Years,01 To 18 Weeks,458405
27/07/2025,Age,0-18 Years,18 To 52 Weeks,292115
27/07/2025,Age,0-18 Years,Over 52 Weeks,22615
27/07/2025,Age,0-18 Years,Total,773650
27/07/2025,Age,19-64 Years,Unknown Clock Start,3760
27/07/2025,Age,19-64 Years,01 To 18 Weeks,2345195
27/07/2025,Age,19-64 Years,18 To 52 Weeks,1562555
27/07/2025,Age,19-64 Years,Over 52 Weeks,120315
27/07/2025,Age,19-64 Years,Total,4031825
27/07/2025,Age,Over 65 Years,Unknown Clock Start,2480
27/07/2025,Age,Over 65 Years,01 To 18 Weeks,1521900
27/07/2025,Age,Over 65 Years,18 To 52 Weeks,813425
27/07/2025,Age,Over 65 Years,Over 52 Weeks,57695
27/07/2025,Age,Over 65 Years,Total,2395505
27/07/2025,Sex,Female,Unknown Clock Start,3925
27/07/2025,Sex,Female,01 To 18 Weeks,2343375
27/07/2025,Sex,Female,18 To 52 Weeks,1462025
27/07/2025,Sex,Female,Over 52 Weeks,111010
27/07/2025,Sex,Female,Total,3920340
27/07/2025,Sex,Male,Unknown Clock Start,2675
27/07/2025,Sex,Male,01 To 18 Weeks,1778920
27/07/2025,Sex,Male,18 To 52 Weeks,1080405
27/07/2025,Sex,Male,Over 52 Weeks,79710
27/07/2025,Sex,Male,Total,2941710
03/08/2025,Age,0-18 Years,Unknown Clock Start,650
03/08/2025,Age,0-18 Years,01 To 18 Weeks,456080
03/08/2025,Age,0-18 Years,18 To 52 Weeks,294205
03/08/2025,Age,0-18 Years,Over 52 Weeks,22245
03/08/2025,Age,0-18 Years,Total,773180
03/08/2025,Age,19-64 Years,Unknown Clock Start,4255
03/08/2025,Age,19-64 Years,01 To 18 Weeks,2343450
03/08/2025,Age,19-64 Years,18 To 52 Weeks,1566545
03/08/2025,Age,19-64 Years,Over 52 Weeks,119565
03/08/2025,Age,19-64 Years,Total,4033815
03/08/2025,Age,Over 65 Years,Unknown Clock Start,2765
03/08/2025,Age,Over 65 Years,01 To 18 Weeks,1522925
03/08/2025,Age,Over 65 Years,18 To 52 Weeks,814320
03/08/2025,Age,Over 65 Years,Over 52 Weeks,57385
03/08/2025,Age,Over 65 Years,Total,2397395
03/08/2025,Sex,Female,Unknown Clock Start,4435
03/08/2025,Sex,Female,01 To 18 Weeks,2342000
03/08/2025,Sex,Female,18 To 52 Weeks,1467030
03/08/2025,Sex,Female,Over 52 Weeks,110130
03/08/2025,Sex,Female,Total,3923595
03/08/2025,Sex,Male,Unknown Clock Start,3105
03/08/2025,Sex,Male,01 To 18 Weeks,1778050
03/08/2025,Sex,Male,18 To 52 Weeks,1083140
03/08/2025,Sex,Male,Over 52 Weeks,79075
03/08/2025,Sex,Male,Total,2943370
10/08/2025,Age,0-18 Years,Unknown Clock Start,645
10/08/2025,Age,0-18 Years,01 To 18 Weeks,452680
10/08/2025,Age,0-18 Years,18 To 52 Weeks,295390
10/08/2025,Age,0-18 Years,Over 52 Weeks,22085
10/08/2025,Age,0-18 Years,Total,770800
10/08/2025,Age,19-64 Years,Unknown Clock Start,4235
10/08/2025,Age,19-64 Years,01 To 18 Weeks,2338675
10/08/2025,Age,19-64 Years,18 To 52 Weeks,1572905
10/08/2025,Age,19-64 Years,Over 52 Weeks,120425
10/08/2025,Age,19-64 Years,Total,4036245
10/08/2025,Age,Over 65 Years,Unknown Clock Start,2850
10/08/2025,Age,Over 65 Years,01 To 18 Weeks,1520080
10/08/2025,Age,Over 65 Years,18 To 52 Weeks,816840
10/08/2025,Age,Over 65 Years,Over 52 Weeks,57730
10/08/2025,Age,Over 65 Years,Total,2397495
10/08/2025,Sex,Female,Unknown Clock Start,4460
10/08/2025,Sex,Female,01 To 18 Weeks,2336885
10/08/2025,Sex,Female,18 To 52 Weeks,1474265
10/08/2025,Sex,Female,Over 52 Weeks,110790
10/08/2025,Sex,Female,Total,3926400
10/08/2025,Sex,Male,Unknown Clock Start,3155
10/08/2025,Sex,Male,01 To 18 Weeks,1774390
10/08/2025,Sex,Male,18 To 52 Weeks,1086505
10/08/2025,Sex,Male,Over 52 Weeks,79535
10/08/2025,Sex,Male,Total,2943585
17/08/2025,Age,0-18 Years,Unknown Clock Start,725
17/08/2025,Age,0-18 Years,01 To 18 Weeks,447630
17/08/2025,Age,0-18 Years,18 To 52 Weeks,297765
17/08/2025,Age,0-18 Years,Over 52 Weeks,21885
17/08/2025,Age,0-18 Years,Total,768005
17/08/2025,Age,19-64 Years,Unknown Clock Start,4570
17/08/2025,Age,19-64 Years,01 To 18 Weeks,2315320
17/08/2025,Age,19-64 Years,18 To 52 Weeks,1573680
17/08/2025,Age,19-64 Years,Over 52 Weeks,120085
17/08/2025,Age,19-64 Years,Total,4013660
17/08/2025,Age,Over 65 Years,Unknown Clock Start,2960
17/08/2025,Age,Over 65 Years,01 To 18 Weeks,1515265
17/08/2025,Age,Over 65 Years,18 To 52 Weeks,818655
17/08/2025,Age,Over 65 Years,Over 52 Weeks,57720
17/08/2025,Age,Over 65 Years,Total,2394600
17/08/2025,Sex,Female,Unknown Clock Start,4795
17/08/2025,Sex,Female,01 To 18 Weeks,2319720
17/08/2025,Sex,Female,18 To 52 Weeks,1477095
17/08/2025,Sex,Female,Over 52 Weeks,110390
17/08/2025,Sex,Female,Total,3912000
17/08/2025,Sex,Male,Unknown Clock Start,3355
17/08/2025,Sex,Male,01 To 18 Weeks,1761835
17/08/2025,Sex,Male,18 To 52 Weeks,1088625
17/08/2025,Sex,Male,Over 52 Weeks,79470
17/08/2025,Sex,Male,Total,2933285
24/08/2025,Age,0-18 Years,Unknown Clock Start,710
24/08/2025,Age,0-18 Years,01 To 18 Weeks,446210
24/08/2025,Age,0-18 Years,18 To 52 Weeks,297095
24/08/2025,Age,0-18 Years,Over 52 Weeks,21580
24/08/2025,Age,0-18 Years,Total,765595
24/08/2025,Age,19-64 Years,Unknown Clock Start,4055
24/08/2025,Age,19-64 Years,01 To 18 Weeks,2338960
24/08/2025,Age,19-64 Years,18 To 52 Weeks,1572455
24/08/2025,Age,19-64 Years,Over 52 Weeks,120925
24/08/2025,Age,19-64 Years,Total,4036400
24/08/2025,Age,Over 65 Years,Unknown Clock Start,2710
24/08/2025,Age,Over 65 Years,01 To 18 Weeks,1529810
24/08/2025,Age,Over 65 Years,18 To 52 Weeks,816580
24/08/2025,Age,Over 65 Years,Over 52 Weeks,58180
24/08/2025,Age,Over 65 Years,Total,2407285
24/08/2025,Sex,Female,Unknown Clock Start,4305
24/08/2025,Sex,Female,01 To 18 Weeks,2340805
24/08/2025,Sex,Female,18 To 52 Weeks,1475425
24/08/2025,Sex,Female,Over 52 Weeks,110955
24/08/2025,Sex,Female,Total,3931495
24/08/2025,Sex,Male,Unknown Clock Start,3060
24/08/2025,Sex,Male,01 To 18 Weeks,1778895
24/08/2025,Sex,Male,18 To 52 Weeks,1087015
24/08/2025,Sex,Male,Over 52 Weeks,80055
24/08/2025,Sex,Male,Total,2949025
31/08/2025,Age,0-18 Years,Unknown Clock Start,820
31/08/2025,Age,0-18 Years,01 To 18 Weeks,443780
31/08/2025,Age,0-18 Years,18 To 52 Weeks,296300
31/08/2025,Age,0-18 Years,Over 52 Weeks,20980
31/08/2025,Age,0-18 Years,Total,761880
31/08/2025,Age,19-64 Years,Unknown Clock Start,4530
31/08/2025,Age,19-64 Years,01 To 18 Weeks,2331665
31/08/2025,Age,19-64 Years,18 To 52 Weeks,1571175
31/08/2025,Age,19-64 Years,Over 52 Weeks,118085
31/08/2025,Age,19-64 Years,Total,4025455
31/08/2025,Age,Over 65 Years,Unknown Clock Start,2985
31/08/2025,Age,Over 65 Years,01 To 18 Weeks,1513745
31/08/2025,Age,Over 65 Years,18 To 52 Weeks,815670
31/08/2025,Age,Over 65 Years,Over 52 Weeks,57285
31/08/2025,Age,Over 65 Years,Total,2389680
31/08/2025,Sex,Female,Unknown Clock Start,4830
31/08/2025,Sex,Female,01 To 18 Weeks,2324610
31/08/2025,Sex,Female,18 To 52 Weeks,1474065
31/08/2025,Sex,Female,Over 52 Weeks,108490
31/08/2025,Sex,Female,Total,3911995
31/08/2025,Sex,Male,Unknown Clock Start,3410
31/08/2025,Sex,Male,01 To 18 Weeks,1768310
31/08/2025,Sex,Male,18 To 52 Weeks,1086250
31/08/2025,Sex,Male,Over 52 Weeks,78420
31/08/2025,Sex,Male,Total,2936390
07/09/2025,Age,0-18 Years,Unknown Clock Start,865
07/09/2025,Age,0-18 Years,01 To 18 Weeks,440515
07/09/2025,Age,0-18 Years,18 To 52 Weeks,299065
07/09/2025,Age,0-18 Years,Over 52 Weeks,21160
07/09/2025,Age,0-18 Years,Total,761605
07/09/2025,Age,19-64 Years,Unknown Clock Start,4850
07/09/2025,Age,19-64 Years,01 To 18 Weeks,2333745
07/09/2025,Age,19-64 Years,18 To 52 Weeks,1577830
07/09/2025,Age,19-64 Years,Over 52 Weeks,118425
07/09/2025,Age,19-64 Years,Total,4034855
07/09/2025,Age,Over 65 Years,Unknown Clock Start,3200
07/09/2025,Age,Over 65 Years,01 To 18 Weeks,1530750
07/09/2025,Age,Over 65 Years,18 To 52 Weeks,821995
07/09/2025,Age,Over 65 Years,Over 52 Weeks,57465
07/09/2025,Age,Over 65 Years,Total,2413410
07/09/2025,Sex,Female,Unknown Clock Start,5160
07/09/2025,Sex,Female,01 To 18 Weeks,2334710
07/09/2025,Sex,Female,18 To 52 Weeks,1483740
07/09/2025,Sex,Female,Over 52 Weeks,109085
07/09/2025,Sex,Female,Total,3932695
07/09/2025,Sex,Male,Unknown Clock Start,3665
07/09/2025,Sex,Male,01 To 18 Weeks,1776580
07/09/2025,Sex,Male,18 To 52 Weeks,1093300
07/09/2025,Sex,Male,Over 52 Weeks,78895
07/09/2025,Sex,Male,Total,2952445
14/09/2025,Age,0-18 Years,Unknown Clock Start,800
14/09/2025,Age,0-18 Years,01 To 18 Weeks,438935
14/09/2025,Age,0-18 Years,18 To 52 Weeks,296045
14/09/2025,Age,0-18 Years,Over 52 Weeks,20735
14/09/2025,Age,0-18 Years,Total,756515
14/09/2025,Age,19-64 Years,Unknown Clock Start,4380
14/09/2025,Age,19-64 Years,01 To 18 Weeks,2335600
14/09/2025,Age,19-64 Years,18 To 52 Weeks,1559585
14/09/2025,Age,19-64 Years,Over 52 Weeks,118080
14/09/2025,Age,19-64 Years,Total,4017640
14/09/2025,Age,Over 65 Years,Unknown Clock Start,3090
14/09/2025,Age,Over 65 Years,01 To 18 Weeks,1533125
14/09/2025,Age,Over 65 Years,18 To 52 Weeks,812840
14/09/2025,Age,Over 65 Years,Over 52 Weeks,57370
14/09/2025,Age,Over 65 Years,Total,2406425
14/09/2025,Sex,Female,Unknown Clock Start,4740
14/09/2025,Sex,Female,01 To 18 Weeks,2335795
14/09/2025,Sex,Female,18 To 52 Weeks,1467455
14/09/2025,Sex,Female,Over 52 Weeks,108895
14/09/2025,Sex,Female,Total,3916885
14/09/2025,Sex,Male,Unknown Clock Start,3440
14/09/2025,Sex,Male,01 To 18 Weeks,1776930
14/09/2025,Sex,Male,18 To 52 Weeks,1080430
14/09/2025,Sex,Male,Over 52 Weeks,78610
14/09/2025,Sex,Male,Total,2939410
21/09/2025,Age,0-18 Years,Unknown Clock Start,660
21/09/2025,Age,0-18 Years,01 To 18 Weeks,437510
21/09/2025,Age,0-18 Years,18 To 52 Weeks,296960
21/09/2025,Age,0-18 Years,Over 52 Weeks,20245
21/09/2025,Age,0-18 Years,Total,755375
21/09/2025,Age,19-64 Years,Unknown Clock Start,4560
21/09/2025,Age,19-64 Years,01 To 18 Weeks,2351360
21/09/2025,Age,19-64 Years,18 To 52 Weeks,1562990
21/09/2025,Age,19-64 Years,Over 52 Weeks,117495
21/09/2025,Age,19-64 Years,Total,4036405
21/09/2025,Age,Over 65 Years,Unknown Clock Start,3315
21/09/2025,Age,Over 65 Years,01 To 18 Weeks,1539450
21/09/2025,Age,Over 65 Years,18 To 52 Weeks,816205
21/09/2025,Age,Over 65 Years,Over 52 Weeks,57110
21/09/2025,Age,Over 65 Years,Total,2416080
21/09/2025,Sex,Female,Unknown Clock Start,4890
21/09/2025,Sex,Female,01 To 18 Weeks,2348590
21/09/2025,Sex,Female,18 To 52 Weeks,1473025
21/09/2025,Sex,Female,Over 52 Weeks,108550
21/09/2025,Sex,Female,Total,3935050
21/09/2025,Sex,Male,Unknown Clock Start,3515
21/09/2025,Sex,Male,01 To 18 Weeks,1784680
21/09/2025,Sex,Male,18 To 52 Weeks,1083670
21/09/2025,Sex,Male,Over 52 Weeks,77905
21/09/2025,Sex,Male,Total,2949770
28/09/2025,Age,0-18 Years,Unknown Clock Start,790
28/09/2025,Age,0-18 Years,01 To 18 Weeks,432620
28/09/2025,Age,0-18 Years,18 To 52 Weeks,296010
28/09/2025,Age,0-18 Years,Over 52 Weeks,19595
28/09/2025,Age,0-18 Years,Total,749010
28/09/2025,Age,19-64 Years,Unknown Clock Start,4765
28/09/2025,Age,19-64 Years,01 To 18 Weeks,2330370
28/09/2025,Age,19-64 Years,18 To 52 Weeks,1557585
28/09/2025,Age,19-64 Years,Over 52 Weeks,114610
28/09/2025,Age,19-64 Years,Total,4007330
28/09/2025,Age,Over 65 Years,Unknown Clock Start,3500
28/09/2025,Age,Over 65 Years,01 To 18 Weeks,1528660
28/09/2025,Age,Over 65 Years,18 To 52 Weeks,814035
28/09/2025,Age,Over 65 Years,Over 52 Weeks,55550
28/09/2025,Age,Over 65 Years,Total,2401750
28/09/2025,Sex,Female,Unknown Clock Start,5205
28/09/2025,Sex,Female,01 To 18 Weeks,2330105
28/09/2025,Sex,Female,18 To 52 Weeks,1468085
28/09/2025,Sex,Female,Over 52 Weeks,106005
28/09/2025,Sex,Female,Total,3909400
28/09/2025,Sex,Male,Unknown Clock Start,3770
28/09/2025,Sex,Male,01 To 18 Weeks,1769585
28/09/2025,Sex,Male,18 To 52 Weeks,1079750
28/09/2025,Sex,Male,Over 52 Weeks,75600
28/09/2025,Sex,Male,Total,2928705
05/10/2025,Age,0-18 Years,Unknown Clock Start,760
05/10/2025,Age,0-18 Years,01 To 18 Weeks,433340
05/10/2025,Age,0-18 Years,18 To 52 Weeks,290350
05/10/2025,Age,0-18 Years,Over 52 Weeks,19070
05/10/2025,Age,0-18 Years,Total,743515
05/10/2025,Age,19-64 Years,Unknown Clock Start,4580
05/10/2025,Age,19-64 Years,01 To 18 Weeks,2343420
05/10/2025,Age,19-64 Years,18 To 52 Weeks,1528285
05/10/2025,Age,19-64 Years,Over 52 Weeks,112330
05/10/2025,Age,19-64 Years,Total,3988615
05/10/2025,Age,Over 65 Years,Unknown Clock Start,3395
05/10/2025,Age,Over 65 Years,01 To 18 Weeks,1532625
05/10/2025,Age,Over 65 Years,18 To 52 Weeks,796100
05/10/2025,Age,Over 65 Years,Over 52 Weeks,54050
05/10/2025,Age,Over 65 Years,Total,2386170
05/10/2025,Sex,Female,Unknown Clock Start,4985
05/10/2025,Sex,Female,01 To 18 Weeks,2338500
05/10/2025,Sex,Female,18 To 52 Weeks,1439135
05/10/2025,Sex,Female,Over 52 Weeks,103730
05/10/2025,Sex,Female,Total,3886350
05/10/2025,Sex,Male,Unknown Clock Start,3670
05/10/2025,Sex,Male,01 To 18 Weeks,1776080
05/10/2025,Sex,Male,18 To 52 Weeks,1057660
05/10/2025,Sex,Male,Over 52 Weeks,73785
05/10/2025,Sex,Male,Total,2911195
12/10/2025,Age,0-18 Years,Unknown Clock Start,910
12/10/2025,Age,0-18 Years,01 To 18 Weeks,427685
12/10/2025,Age,0-18 Years,18 To 52 Weeks,285360
12/10/2025,Age,0-18 Years,Over 52 Weeks,18820
12/10/2025,Age,0-18 Years,Total,732770
12/10/2025,Age,19-64 Years,Unknown Clock Start,3175
12/10/2025,Age,19-64 Years,01 To 18 Weeks,2294965
12/10/2025,Age,19-64 Years,18 To 52 Weeks,1499080
12/10/2025,Age,19-64 Years,Over 52 Weeks,110785
12/10/2025,Age,19-64 Years,Total,3908005
12/10/2025,Age,Over 65 Years,Unknown Clock Start,2690
12/10/2025,Age,Over 65 Years,01 To 18 Weeks,1502075
12/10/2025,Age,Over 65 Years,18 To 52 Weeks,783445
12/10/2025,Age,Over 65 Years,Over 52 Weeks,53540
12/10/2025,Age,Over 65 Years,Total,2341750
12/10/2025,Sex,Female,Unknown Clock Start,11530
12/10/2025,Sex,Female,01 To 18 Weeks,2293215
12/10/2025,Sex,Female,18 To 52 Weeks,1411705
12/10/2025,Sex,Female,Over 52 Weeks,102665
12/10/2025,Sex,Female,Total,3819115
12/10/2025,Sex,Male,Unknown Clock Start,5100
12/10/2025,Sex,Male,01 To 18 Weeks,1740290
12/10/2025,Sex,Male,18 To 52 Weeks,1038585
12/10/2025,Sex,Male,Over 52 Weeks,72760
12/10/2025,Sex,Male,Total,2856740
19/10/2025,Age,0-18 Years,Unknown Clock Start,930
19/10/2025,Age,0-18 Years,01 To 18 Weeks,425790
19/10/2025,Age,0-18 Years,18 To 52 Weeks,285755
19/10/2025,Age,0-18 Years,Over 52 Weeks,18370
19/10/2025,Age,0-18 Years,Total,730850
19/10/2025,Age,19-64 Years,Unknown Clock Start,5275
19/10/2025,Age,19-64 Years,01 To 18 Weeks,2315485
19/10/2025,Age,19-64 Years,18 To 52 Weeks,1505955
19/10/2025,Age,19-64 Years,Over 52 Weeks,109550
19/10/2025,Age,19-64 Years,Total,3936265
19/10/2025,Age,Over 65 Years,Unknown Clock Start,3950
19/10/2025,Age,Over 65 Years,01 To 18 Weeks,1516170
19/10/2025,Age,Over 65 Years,18 To 52 Weeks,788575
19/10/2025,Age,Over 65 Years,Over 52 Weeks,52610
19/10/2025,Age,Over 65 Years,Total,2361300
19/10/2025,Sex,Female,Unknown Clock Start,13530
19/10/2025,Sex,Female,01 To 18 Weeks,2312430
19/10/2025,Sex,Female,18 To 52 Weeks,1419355
19/10/2025,Sex,Female,Over 52 Weeks,101290
19/10/2025,Sex,Female,Total,3846605
19/10/2025,Sex,Male,Unknown Clock Start,6380
19/10/2025,Sex,Male,01 To 18 Weeks,1752375
19/10/2025,Sex,Male,18 To 52 Weeks,1043780
19/10/2025,Sex,Male,Over 52 Weeks,71720
19/10/2025,Sex,Male,Total,2874250
26/10/2025,Age,0-18 Years,Unknown Clock Start,965
26/10/2025,Age,0-18 Years,01 To 18 Weeks,420080
26/10/2025,Age,0-18 Years,18 To 52 Weeks,281700
26/10/2025,Age,0-18 Years,Over 52 Weeks,17895
26/10/2025,Age,0-18 Years,Total,720640
26/10/2025,Age,19-64 Years,Unknown Clock Start,5180
26/10/2025,Age,19-64 Years,01 To 18 Weeks,2343915
26/10/2025,Age,19-64 Years,18 To 52 Weeks,1526030
26/10/2025,Age,19-64 Years,Over 52 Weeks,109485
26/10/2025,Age,19-64 Years,Total,3984615
26/10/2025,Age,Over 65 Years,Unknown Clock Start,3875
26/10/2025,Age,Over 65 Years,01 To 18 Weeks,1530705
26/10/2025,Age,Over 65 Years,18 To 52 Weeks,798845
26/10/2025,Age,Over 65 Years,Over 52 Weeks,52255
26/10/2025,Age,Over 65 Years,Total,2385680
26/10/2025,Sex,Female,Unknown Clock Start,14145
26/10/2025,Sex,Female,01 To 18 Weeks,2335455
26/10/2025,Sex,Female,18 To 52 Weeks,1435825
26/10/2025,Sex,Female,Over 52 Weeks,101050
26/10/2025,Sex,Female,Total,3886475
26/10/2025,Sex,Male,Unknown Clock Start,6950
26/10/2025,Sex,Male,01 To 18 Weeks,1765630
26/10/2025,Sex,Male,18 To 52 Weeks,1054850
26/10/2025,Sex,Male,Over 52 Weeks,71175
26/10/2025,Sex,Male,Total,2898605
02/11/2025,Age,0-18 Years,Unknown Clock Start,860
02/11/2025,Age,0-18 Years,01 To 18 Weeks,430730
02/11/2025,Age,0-18 Years,18 To 52 Weeks,288790
02/11/2025,Age,0-18 Years,Over 52 Weeks,17625
02/11/2025,Age,0-18 Years,Total,738005
02/11/2025,Age,19-64 Years,Unknown Clock Start,4660
02/11/2025,Age,19-64 Years,01 To 18 Weeks,2341455
02/11/2025,Age,19-64 Years,18 To 52 Weeks,1531735
02/11/2025,Age,19-64 Years,Over 52 Weeks,106605
02/11/2025,Age,19-64 Years,Total,3984450
02/11/2025,Age,Over 65 Years,Unknown Clock Start,3410
02/11/2025,Age,Over 65 Years,01 To 18 Weeks,1528345
02/11/2025,Age,Over 65 Years,18 To 52 Weeks,803360
02/11/2025,Age,Over 65 Years,Over 52 Weeks,50780
02/11/2025,Age,Over 65 Years,Total,2385895
02/11/2025,Sex,Female,Unknown Clock Start,5175
02/11/2025,Sex,Female,01 To 18 Weeks,2337910
02/11/2025,Sex,Female,18 To 52 Weeks,1445290
02/11/2025,Sex,Female,Over 52 Weeks,98340
02/11/2025,Sex,Female,Total,3886715
02/11/2025,Sex,Male,Unknown Clock Start,3700
02/11/2025,Sex,Male,01 To 18 Weeks,1768295
02/11/2025,Sex,Male,18 To 52 Weeks,1062085
02/11/2025,Sex,Male,Over 52 Weeks,69365
02/11/2025,Sex,Male,Total,2903445
09/11/2025,Age,0-18 Years,Unknown Clock Start,915
09/11/2025,Age,0-18 Years,01 To 18 Weeks,420730
09/11/2025,Age,0-18 Years,18 To 52 Weeks,283930
09/11/2025,Age,0-18 Years,Over 52 Weeks,17145
09/11/2025,Age,0-18 Years,Total,722720
09/11/2025,Age,19-64 Years,Unknown Clock Start,4830
09/11/2025,Age,19-64 Years,01 To 18 Weeks,2294775
09/11/2025,Age,19-64 Years,18 To 52 Weeks,1497505
09/11/2025,Age,19-64 Years,Over 52 Weeks,103405
09/11/2025,Age,19-64 Years,Total,3900510
09/11/2025,Age,Over 65 Years,Unknown Clock Start,3455
09/11/2025,Age,Over 65 Years,01 To 18 Weeks,1497850
09/11/2025,Age,Over 65 Years,18 To 52 Weeks,789095
09/11/2025,Age,Over 65 Years,Over 52 Weeks,49460
09/11/2025,Age,Over 65 Years,Total,2339865
09/11/2025,Sex,Female,Unknown Clock Start,5340
09/11/2025,Sex,Female,01 To 18 Weeks,2292555
09/11/2025,Sex,Female,18 To 52 Weeks,1416635
09/11/2025,Sex,Female,Over 52 Weeks,95360
09/11/2025,Sex,Female,Total,3809890
09/11/2025,Sex,Male,Unknown Clock Start,3810
09/11/2025,Sex,Male,01 To 18 Weeks,1731580
09/11/2025,Sex,Male,18 To 52 Weeks,1041505
09/11/2025,Sex,Male,Over 52 Weeks,67450
09/11/2025,Sex,Male,Total,2844345
16/11/2025,Age,0-18 Years,Unknown Clock Start,955
16/11/2025,Age,0-18 Years,01 To 18 Weeks,422130
16/11/2025,Age,0-18 Years,18 To 52 Weeks,281845
16/11/2025,Age,0-18 Years,Over 52 Weeks,16725
16/11/2025,Age,0-18 Years,Total,721655
16/11/2025,Age,19-64 Years,Unknown Clock Start,5185
16/11/2025,Age,19-64 Years,01 To 18 Weeks,2291905
16/11/2025,Age,19-64 Years,18 To 52 Weeks,1489425
16/11/2025,Age,19-64 Years,Over 52 Weeks,102130
16/11/2025,Age,19-64 Years,Total,3888645
16/11/2025,Age,Over 65 Years,Unknown Clock Start,3700
16/11/2025,Age,Over 65 Years,01 To 18 Weeks,1495700
16/11/2025,Age,Over 65 Years,18 To 52 Weeks,786000
16/11/2025,Age,Over 65 Years,Over 52 Weeks,48320
16/11/2025,Age,Over 65 Years,Total,2333720
16/11/2025,Sex,Female,Unknown Clock Start,5725
16/11/2025,Sex,Female,01 To 18 Weeks,2288985
16/11/2025,Sex,Female,18 To 52 Weeks,1406410
16/11/2025,Sex,Female,Over 52 Weeks,93980
16/11/2025,Sex,Female,Total,3795100
16/11/2025,Sex,Male,Unknown Clock Start,4060
16/11/2025,Sex,Male,01 To 18 Weeks,1727375
16/11/2025,Sex,Male,18 To 52 Weeks,1034660
16/11/2025,Sex,Male,Over 52 Weeks,66095
16/11/2025,Sex,Male,Total,2832190
23/11/2025,Age,0-18 Years,Unknown Clock Start,990
23/11/2025,Age,0-18 Years,01 To 18 Weeks,429400
23/11/2025,Age,0-18 Years,18 To 52 Weeks,283095
23/11/2025,Age,0-18 Years,Over 52 Weeks,16555
23/11/2025,Age,0-18 Years,Total,730040
23/11/2025,Age,19-64 Years,Unknown Clock Start,5205
23/11/2025,Age,19-64 Years,01 To 18 Weeks,2321170
23/11/2025,Age,19-64 Years,18 To 52 Weeks,1508915
23/11/2025,Age,19-64 Years,Over 52 Weeks,102150
23/11/2025,Age,19-64 Years,Total,3937440
23/11/2025,Age,Over 65 Years,Unknown Clock Start,3760
23/11/2025,Age,Over 65 Years,01 To 18 Weeks,1509940
23/11/2025,Age,Over 65 Years,18 To 52 Weeks,795790
23/11/2025,Age,Over 65 Years,Over 52 Weeks,47915
23/11/2025,Age,Over 65 Years,Total,2357400
23/11/2025,Sex,Female,Unknown Clock Start,5700
23/11/2025,Sex,Female,01 To 18 Weeks,2292280
23/11/2025,Sex,Female,18 To 52 Weeks,1406520
23/11/2025,Sex,Female,Over 52 Weeks,92595
23/11/2025,Sex,Female,Total,3797095
23/11/2025,Sex,Male,Unknown Clock Start,4205
23/11/2025,Sex,Male,01 To 18 Weeks,1727895
23/11/2025,Sex,Male,18 To 52 Weeks,1035380
23/11/2025,Sex,Male,Over 52 Weeks,65630
23/11/2025,Sex,Male,Total,2833105
30/11/2025,Age,0-18 Years,Unknown Clock Start,940
30/11/2025,Age,0-18 Years,01 To 18 Weeks,429190
30/11/2025,Age,0-18 Years,18 To 52 Weeks,280265
30/11/2025,Age,0-18 Years,Over 52 Weeks,15875
30/11/2025,Age,0-18 Years,Total,726270
30/11/2025,Age,19-64 Years,Unknown Clock Start,5170
30/11/2025,Age,19-64 Years,01 To 18 Weeks,2312175
30/11/2025,Age,19-64 Years,18 To 52 Weeks,1500840
30/11/2025,Age,19-64 Years,Over 52 Weeks,97450
30/11/2025,Age,19-64 Years,Total,3915635
30/11/2025,Age,Over 65 Years,Unknown Clock Start,3490
30/11/2025,Age,Over 65 Years,01 To 18 Weeks,1498830
30/11/2025,Age,Over 65 Years,18 To 52 Weeks,792240
30/11/2025,Age,Over 65 Years,Over 52 Weeks,45480
30/11/2025,Age,Over 65 Years,Total,2340035
30/11/2025,Sex,Female,Unknown Clock Start,5590
30/11/2025,Sex,Female,01 To 18 Weeks,2277885
30/11/2025,Sex,Female,18 To 52 Weeks,1398090
30/11/2025,Sex,Female,Over 52 Weeks,88245
30/11/2025,Sex,Female,Total,3769810
30/11/2025,Sex,Male,Unknown Clock Start,3950
30/11/2025,Sex,Male,01 To 18 Weeks,1719520
30/11/2025,Sex,Male,18 To 52 Weeks,1028645
30/11/2025,Sex,Male,Over 52 Weeks,62590
30/11/2025,Sex,Male,Total,2814705
