Treatment Function Code,Metric,Category,Waiting Bands,Count
Cardiology Service,Age,0-18 Years,Unknown Clock Start,*
Cardiology Service,Age,0-18 Years,01 To 18 Weeks,4075
Cardiology Service,Age,0-18 Years,18 To 52 Weeks,2720
Cardiology Service,Age,0-18 Years,Over 52 Weeks,150
Cardiology Service,Age,0-18 Years,Total,6950
Cardiology Service,Age,19-64 Years,Unknown Clock Start,90
Cardiology Service,Age,19-64 Years,01 To 18 Weeks,113595
Cardiology Service,Age,19-64 Years,18 To 52 Weeks,72755
Cardiology Service,Age,19-64 Years,Over 52 Weeks,3885
Cardiology Service,Age,19-64 Years,Total,190320
Cardiology Service,Age,Over 65 Years,Unknown Clock Start,100
Cardiology Service,Age,Over 65 Years,01 To 18 Weeks,118750
Cardiology Service,Age,Over 65 Years,18 To 52 Weeks,66085
Cardiology Service,Age,Over 65 Years,Over 52 Weeks,3175
Cardiology Service,Age,Over 65 Years,Total,188110
Cardiology Service,Ethnicity,99: Not known,Unknown Clock Start,*
Cardiology Service,Ethnicity,99: Not known,01 To 18 Weeks,9020
Cardiology Service,Ethnicity,99: Not known,18 To 52 Weeks,3935
Cardiology Service,Ethnicity,99: Not known,Over 52 Weeks,190
Cardiology Service,Ethnicity,99: Not known,Total,13145
Cardiology Service,Ethnicity,A: British,Unknown Clock Start,145
Cardiology Service,Ethnicity,A: British,01 To 18 Weeks,172235
Cardiology Service,Ethnicity,A: British,18 To 52 Weeks,101505
Cardiology Service,Ethnicity,A: British,Over 52 Weeks,5375
Cardiology Service,Ethnicity,A: British,Total,279260
Cardiology Service,Ethnicity,B: Irish,Unknown Clock Start,*
Cardiology Service,Ethnicity,B: Irish,01 To 18 Weeks,1770
Cardiology Service,Ethnicity,B: Irish,18 To 52 Weeks,1035
Cardiology Service,Ethnicity,B: Irish,Over 52 Weeks,40
Cardiology Service,Ethnicity,B: Irish,Total,2850
Cardiology Service,Ethnicity,C: Any other white background,Unknown Clock Start,10
Cardiology Service,Ethnicity,C: Any other white background,01 To 18 Weeks,13305
Cardiology Service,Ethnicity,C: Any other white background,18 To 52 Weeks,9015
Cardiology Service,Ethnicity,C: Any other white background,Over 52 Weeks,375
Cardiology Service,Ethnicity,C: Any other white background,Total,22710
Cardiology Service,Ethnicity,D: White and Black Caribbean,Unknown Clock Start,*
Cardiology Service,Ethnicity,D: White and Black Caribbean,01 To 18 Weeks,630
Cardiology Service,Ethnicity,D: White and Black Caribbean,18 To 52 Weeks,405
Cardiology Service,Ethnicity,D: White and Black Caribbean,Over 52 Weeks,20
Cardiology Service,Ethnicity,D: White and Black Caribbean,Total,1055
Cardiology Service,Ethnicity,E: White and Black African,01 To 18 Weeks,410
Cardiology Service,Ethnicity,E: White and Black African,18 To 52 Weeks,265
Cardiology Service,Ethnicity,E: White and Black African,Over 52 Weeks,*
Cardiology Service,Ethnicity,E: White and Black African,Total,680
Cardiology Service,Ethnicity,F: White and Asian,01 To 18 Weeks,585
Cardiology Service,Ethnicity,F: White and Asian,18 To 52 Weeks,320
Cardiology Service,Ethnicity,F: White and Asian,Over 52 Weeks,15
Cardiology Service,Ethnicity,F: White and Asian,Total,920
Cardiology Service,Ethnicity,G: Any other mixed background,Unknown Clock Start,*
Cardiology Service,Ethnicity,G: Any other mixed background,01 To 18 Weeks,1250
Cardiology Service,Ethnicity,G: Any other mixed background,18 To 52 Weeks,790
Cardiology Service,Ethnicity,G: Any other mixed background,Over 52 Weeks,40
Cardiology Service,Ethnicity,G: Any other mixed background,Total,2085
Cardiology Service,Ethnicity,H: Indian,Unknown Clock Start,*
Cardiology Service,Ethnicity,H: Indian,01 To 18 Weeks,7265
Cardiology Service,Ethnicity,H: Indian,18 To 52 Weeks,4455
Cardiology Service,Ethnicity,H: Indian,Over 52 Weeks,225
Cardiology Service,Ethnicity,H: Indian,Total,11950
Cardiology Service,Ethnicity,J: Pakistani,Unknown Clock Start,*
Cardiology Service,Ethnicity,J: Pakistani,01 To 18 Weeks,5485
Cardiology Service,Ethnicity,J: Pakistani,18 To 52 Weeks,3015
Cardiology Service,Ethnicity,J: Pakistani,Over 52 Weeks,130
Cardiology Service,Ethnicity,J: Pakistani,Total,8630
Cardiology Service,Ethnicity,K: Bangladeshi,01 To 18 Weeks,2115
Cardiology Service,Ethnicity,K: Bangladeshi,18 To 52 Weeks,1070
Cardiology Service,Ethnicity,K: Bangladeshi,Over 52 Weeks,45
Cardiology Service,Ethnicity,K: Bangladeshi,Total,3230
Cardiology Service,Ethnicity,L: Any other Asian background,Unknown Clock Start,15
Cardiology Service,Ethnicity,L: Any other Asian background,01 To 18 Weeks,5540
Cardiology Service,Ethnicity,L: Any other Asian background,18 To 52 Weeks,3070
Cardiology Service,Ethnicity,L: Any other Asian background,Over 52 Weeks,130
Cardiology Service,Ethnicity,L: Any other Asian background,Total,8755
Cardiology Service,Ethnicity,M: Caribbean,Unknown Clock Start,*
Cardiology Service,Ethnicity,M: Caribbean,01 To 18 Weeks,2790
Cardiology Service,Ethnicity,M: Caribbean,18 To 52 Weeks,1785
Cardiology Service,Ethnicity,M: Caribbean,Over 52 Weeks,90
Cardiology Service,Ethnicity,M: Caribbean,Total,4670
Cardiology Service,Ethnicity,N: African,Unknown Clock Start,*
Cardiology Service,Ethnicity,N: African,01 To 18 Weeks,4160
Cardiology Service,Ethnicity,N: African,18 To 52 Weeks,2600
Cardiology Service,Ethnicity,N: African,Over 52 Weeks,125
Cardiology Service,Ethnicity,N: African,Total,6885
Cardiology Service,Ethnicity,P: Any other Black background,Unknown Clock Start,*
Cardiology Service,Ethnicity,P: Any other Black background,01 To 18 Weeks,2005
Cardiology Service,Ethnicity,P: Any other Black background,18 To 52 Weeks,1280
Cardiology Service,Ethnicity,P: Any other Black background,Over 52 Weeks,45
Cardiology Service,Ethnicity,P: Any other Black background,Total,3330
Cardiology Service,Ethnicity,R: Chinese,01 To 18 Weeks,920
Cardiology Service,Ethnicity,R: Chinese,18 To 52 Weeks,570
Cardiology Service,Ethnicity,R: Chinese,Over 52 Weeks,30
Cardiology Service,Ethnicity,R: Chinese,Total,1520
Cardiology Service,Ethnicity,S: Any other ethnic group,Unknown Clock Start,*
Cardiology Service,Ethnicity,S: Any other ethnic group,01 To 18 Weeks,2375
Cardiology Service,Ethnicity,S: Any other ethnic group,18 To 52 Weeks,1510
Cardiology Service,Ethnicity,S: Any other ethnic group,Over 52 Weeks,65
Cardiology Service,Ethnicity,S: Any other ethnic group,Total,3950
Cardiology Service,Ethnicity,Z: Not stated,Unknown Clock Start,*
Cardiology Service,Ethnicity,Z: Not stated,01 To 18 Weeks,9450
Cardiology Service,Ethnicity,Z: Not stated,18 To 52 Weeks,5800
Cardiology Service,Ethnicity,Z: Not stated,Over 52 Weeks,265
Cardiology Service,Ethnicity,Z: Not stated,Total,15525
Cardiology Service,IMD,1,Unknown Clock Start,*
Cardiology Service,IMD,1,01 To 18 Weeks,20870
Cardiology Service,IMD,1,18 To 52 Weeks,12240
Cardiology Service,IMD,1,Over 52 Weeks,655
Cardiology Service,IMD,1,Total,33770
Cardiology Service,IMD,10,Unknown Clock Start,55
Cardiology Service,IMD,10,01 To 18 Weeks,23240
Cardiology Service,IMD,10,18 To 52 Weeks,13410
Cardiology Service,IMD,10,Over 52 Weeks,635
Cardiology Service,IMD,10,Total,37345
Cardiology Service,IMD,2,Unknown Clock Start,*
Cardiology Service,IMD,2,01 To 18 Weeks,22320
Cardiology Service,IMD,2,18 To 52 Weeks,13095
Cardiology Service,IMD,2,Over 52 Weeks,710
Cardiology Service,IMD,2,Total,36125
Cardiology Service,IMD,3,Unknown Clock Start,10
Cardiology Service,IMD,3,01 To 18 Weeks,22920
Cardiology Service,IMD,3,18 To 52 Weeks,13700
Cardiology Service,IMD,3,Over 52 Weeks,650
Cardiology Service,IMD,3,Total,37285
Cardiology Service,IMD,4,Unknown Clock Start,15
Cardiology Service,IMD,4,01 To 18 Weeks,24060
Cardiology Service,IMD,4,18 To 52 Weeks,14395
Cardiology Service,IMD,4,Over 52 Weeks,785
Cardiology Service,IMD,4,Total,39255
Cardiology Service,IMD,5,Unknown Clock Start,15
Cardiology Service,IMD,5,01 To 18 Weeks,24275
Cardiology Service,IMD,5,18 To 52 Weeks,14630
Cardiology Service,IMD,5,Over 52 Weeks,790
Cardiology Service,IMD,5,Total,39705
Cardiology Service,IMD,6,Unknown Clock Start,15
Cardiology Service,IMD,6,01 To 18 Weeks,24160
Cardiology Service,IMD,6,18 To 52 Weeks,14500
Cardiology Service,IMD,6,Over 52 Weeks,680
Cardiology Service,IMD,6,Total,39355
Cardiology Service,IMD,7,Unknown Clock Start,15
Cardiology Service,IMD,7,01 To 18 Weeks,23705
Cardiology Service,IMD,7,18 To 52 Weeks,14520
Cardiology Service,IMD,7,Over 52 Weeks,700
Cardiology Service,IMD,7,Total,38945
Cardiology Service,IMD,8,Unknown Clock Start,20
Cardiology Service,IMD,8,01 To 18 Weeks,23665
Cardiology Service,IMD,8,18 To 52 Weeks,14175
Cardiology Service,IMD,8,Over 52 Weeks,700
Cardiology Service,IMD,8,Total,38560
Cardiology Service,IMD,9,Unknown Clock Start,35
Cardiology Service,IMD,9,01 To 18 Weeks,24015
Cardiology Service,IMD,9,18 To 52 Weeks,13990
Cardiology Service,IMD,9,Over 52 Weeks,750
Cardiology Service,IMD,9,Total,38790
Cardiology Service,Sex,Female,Unknown Clock Start,80
Cardiology Service,Sex,Female,01 To 18 Weeks,108680
Cardiology Service,Sex,Female,18 To 52 Weeks,66795
Cardiology Service,Sex,Female,Over 52 Weeks,3500
Cardiology Service,Sex,Female,Total,179060
Cardiology Service,Sex,Male,Unknown Clock Start,110
Cardiology Service,Sex,Male,01 To 18 Weeks,114995
Cardiology Service,Sex,Male,18 To 52 Weeks,67375
Cardiology Service,Sex,Male,Over 52 Weeks,3225
Cardiology Service,Sex,Male,Total,185710
Cardiothoracic Surgery Service,Age,0-18 Years,01 To 18 Weeks,255
Cardiothoracic Surgery Service,Age,0-18 Years,18 To 52 Weeks,165
Cardiothoracic Surgery Service,Age,0-18 Years,Over 52 Weeks,*
Cardiothoracic Surgery Service,Age,0-18 Years,Total,425
Cardiothoracic Surgery Service,Age,19-64 Years,Unknown Clock Start,*
Cardiothoracic Surgery Service,Age,19-64 Years,01 To 18 Weeks,4230
Cardiothoracic Surgery Service,Age,19-64 Years,18 To 52 Weeks,1840
Cardiothoracic Surgery Service,Age,19-64 Years,Over 52 Weeks,85
Cardiothoracic Surgery Service,Age,19-64 Years,Total,6160
Cardiothoracic Surgery Service,Age,Over 65 Years,Unknown Clock Start,*
Cardiothoracic Surgery Service,Age,Over 65 Years,01 To 18 Weeks,5155
Cardiothoracic Surgery Service,Age,Over 65 Years,18 To 52 Weeks,2105
Cardiothoracic Surgery Service,Age,Over 65 Years,Over 52 Weeks,140
Cardiothoracic Surgery Service,Age,Over 65 Years,Total,7400
Cardiothoracic Surgery Service,Ethnicity,99: Not known,01 To 18 Weeks,215
Cardiothoracic Surgery Service,Ethnicity,99: Not known,18 To 52 Weeks,80
Cardiothoracic Surgery Service,Ethnicity,99: Not known,Over 52 Weeks,*
Cardiothoracic Surgery Service,Ethnicity,99: Not known,Total,295
Cardiothoracic Surgery Service,Ethnicity,A: British,Unknown Clock Start,*
Cardiothoracic Surgery Service,Ethnicity,A: British,01 To 18 Weeks,7340
Cardiothoracic Surgery Service,Ethnicity,A: British,18 To 52 Weeks,3040
Cardiothoracic Surgery Service,Ethnicity,A: British,Over 52 Weeks,190
Cardiothoracic Surgery Service,Ethnicity,A: British,Total,10580
Cardiothoracic Surgery Service,Ethnicity,B: Irish,01 To 18 Weeks,65
Cardiothoracic Surgery Service,Ethnicity,B: Irish,18 To 52 Weeks,25
Cardiothoracic Surgery Service,Ethnicity,B: Irish,Over 52 Weeks,*
Cardiothoracic Surgery Service,Ethnicity,B: Irish,Total,90
Cardiothoracic Surgery Service,Ethnicity,C: Any other white background,Unknown Clock Start,*
Cardiothoracic Surgery Service,Ethnicity,C: Any other white background,01 To 18 Weeks,490
Cardiothoracic Surgery Service,Ethnicity,C: Any other white background,18 To 52 Weeks,255
Cardiothoracic Surgery Service,Ethnicity,C: Any other white background,Over 52 Weeks,10
Cardiothoracic Surgery Service,Ethnicity,C: Any other white background,Total,755
Cardiothoracic Surgery Service,Ethnicity,D: White and Black Caribbean,01 To 18 Weeks,20
Cardiothoracic Surgery Service,Ethnicity,D: White and Black Caribbean,18 To 52 Weeks,*
Cardiothoracic Surgery Service,Ethnicity,D: White and Black Caribbean,Over 52 Weeks,*
Cardiothoracic Surgery Service,Ethnicity,D: White and Black Caribbean,Total,30
Cardiothoracic Surgery Service,Ethnicity,E: White and Black African,01 To 18 Weeks,20
Cardiothoracic Surgery Service,Ethnicity,E: White and Black African,18 To 52 Weeks,10
Cardiothoracic Surgery Service,Ethnicity,E: White and Black African,Over 52 Weeks,*
Cardiothoracic Surgery Service,Ethnicity,E: White and Black African,Total,30
Cardiothoracic Surgery Service,Ethnicity,F: White and Asian,01 To 18 Weeks,20
Cardiothoracic Surgery Service,Ethnicity,F: White and Asian,18 To 52 Weeks,10
Cardiothoracic Surgery Service,Ethnicity,F: White and Asian,Total,30
Cardiothoracic Surgery Service,Ethnicity,G: Any other mixed background,01 To 18 Weeks,55
Cardiothoracic Surgery Service,Ethnicity,G: Any other mixed background,18 To 52 Weeks,15
Cardiothoracic Surgery Service,Ethnicity,G: Any other mixed background,Over 52 Weeks,*
Cardiothoracic Surgery Service,Ethnicity,G: Any other mixed background,Total,65
Cardiothoracic Surgery Service,Ethnicity,H: Indian,01 To 18 Weeks,230
Cardiothoracic Surgery Service,Ethnicity,H: Indian,18 To 52 Weeks,135
Cardiothoracic Surgery Service,Ethnicity,H: Indian,Over 52 Weeks,*
Cardiothoracic Surgery Service,Ethnicity,H: Indian,Total,375
Cardiothoracic Surgery Service,Ethnicity,J: Pakistani,01 To 18 Weeks,180
Cardiothoracic Surgery Service,Ethnicity,J: Pakistani,18 To 52 Weeks,75
Cardiothoracic Surgery Service,Ethnicity,J: Pakistani,Over 52 Weeks,*
Cardiothoracic Surgery Service,Ethnicity,J: Pakistani,Total,260
Cardiothoracic Surgery Service,Ethnicity,K: Bangladeshi,01 To 18 Weeks,65
Cardiothoracic Surgery Service,Ethnicity,K: Bangladeshi,18 To 52 Weeks,35
Cardiothoracic Surgery Service,Ethnicity,K: Bangladeshi,Over 52 Weeks,*
Cardiothoracic Surgery Service,Ethnicity,K: Bangladeshi,Total,105
Cardiothoracic Surgery Service,Ethnicity,L: Any other Asian background,01 To 18 Weeks,200
Cardiothoracic Surgery Service,Ethnicity,L: Any other Asian background,18 To 52 Weeks,110
Cardiothoracic Surgery Service,Ethnicity,L: Any other Asian background,Over 52 Weeks,*
Cardiothoracic Surgery Service,Ethnicity,L: Any other Asian background,Total,310
Cardiothoracic Surgery Service,Ethnicity,M: Caribbean,01 To 18 Weeks,80
Cardiothoracic Surgery Service,Ethnicity,M: Caribbean,18 To 52 Weeks,35
Cardiothoracic Surgery Service,Ethnicity,M: Caribbean,Total,115
Cardiothoracic Surgery Service,Ethnicity,N: African,01 To 18 Weeks,125
Cardiothoracic Surgery Service,Ethnicity,N: African,18 To 52 Weeks,70
Cardiothoracic Surgery Service,Ethnicity,N: African,Over 52 Weeks,*
Cardiothoracic Surgery Service,Ethnicity,N: African,Total,200
Cardiothoracic Surgery Service,Ethnicity,P: Any other Black background,01 To 18 Weeks,60
Cardiothoracic Surgery Service,Ethnicity,P: Any other Black background,18 To 52 Weeks,35
Cardiothoracic Surgery Service,Ethnicity,P: Any other Black background,Over 52 Weeks,*
Cardiothoracic Surgery Service,Ethnicity,P: Any other Black background,Total,95
Cardiothoracic Surgery Service,Ethnicity,R: Chinese,01 To 18 Weeks,45
Cardiothoracic Surgery Service,Ethnicity,R: Chinese,18 To 52 Weeks,25
Cardiothoracic Surgery Service,Ethnicity,R: Chinese,Over 52 Weeks,*
Cardiothoracic Surgery Service,Ethnicity,R: Chinese,Total,70
Cardiothoracic Surgery Service,Ethnicity,S: Any other ethnic group,01 To 18 Weeks,75
Cardiothoracic Surgery Service,Ethnicity,S: Any other ethnic group,18 To 52 Weeks,40
Cardiothoracic Surgery Service,Ethnicity,S: Any other ethnic group,Over 52 Weeks,*
Cardiothoracic Surgery Service,Ethnicity,S: Any other ethnic group,Total,115
Cardiothoracic Surgery Service,Ethnicity,Z: Not stated,01 To 18 Weeks,365
Cardiothoracic Surgery Service,Ethnicity,Z: Not stated,18 To 52 Weeks,110
Cardiothoracic Surgery Service,Ethnicity,Z: Not stated,Over 52 Weeks,*
Cardiothoracic Surgery Service,Ethnicity,Z: Not stated,Total,480
Cardiothoracic Surgery Service,IMD,1,01 To 18 Weeks,885
Cardiothoracic Surgery Service,IMD,1,18 To 52 Weeks,400
Cardiothoracic Surgery Service,IMD,1,Over 52 Weeks,25
Cardiothoracic Surgery Service,IMD,1,Total,1310
Cardiothoracic Surgery Service,IMD,10,01 To 18 Weeks,840
Cardiothoracic Surgery Service,IMD,10,18 To 52 Weeks,325
Cardiothoracic Surgery Service,IMD,10,Over 52 Weeks,15
Cardiothoracic Surgery Service,IMD,10,Total,1175
Cardiothoracic Surgery Service,IMD,2,Unknown Clock Start,*
Cardiothoracic Surgery Service,IMD,2,01 To 18 Weeks,920
Cardiothoracic Surgery Service,IMD,2,18 To 52 Weeks,370
Cardiothoracic Surgery Service,IMD,2,Over 52 Weeks,25
Cardiothoracic Surgery Service,IMD,2,Total,1315
Cardiothoracic Surgery Service,IMD,3,Unknown Clock Start,*
Cardiothoracic Surgery Service,IMD,3,01 To 18 Weeks,930
Cardiothoracic Surgery Service,IMD,3,18 To 52 Weeks,425
Cardiothoracic Surgery Service,IMD,3,Over 52 Weeks,30
Cardiothoracic Surgery Service,IMD,3,Total,1385
Cardiothoracic Surgery Service,IMD,4,01 To 18 Weeks,905
Cardiothoracic Surgery Service,IMD,4,18 To 52 Weeks,450
Cardiothoracic Surgery Service,IMD,4,Over 52 Weeks,25
Cardiothoracic Surgery Service,IMD,4,Total,1385
Cardiothoracic Surgery Service,IMD,5,Unknown Clock Start,*
Cardiothoracic Surgery Service,IMD,5,01 To 18 Weeks,965
Cardiothoracic Surgery Service,IMD,5,18 To 52 Weeks,425
Cardiothoracic Surgery Service,IMD,5,Over 52 Weeks,15
Cardiothoracic Surgery Service,IMD,5,Total,1410
Cardiothoracic Surgery Service,IMD,6,Unknown Clock Start,*
Cardiothoracic Surgery Service,IMD,6,01 To 18 Weeks,995
Cardiothoracic Surgery Service,IMD,6,18 To 52 Weeks,410
Cardiothoracic Surgery Service,IMD,6,Over 52 Weeks,25
Cardiothoracic Surgery Service,IMD,6,Total,1430
Cardiothoracic Surgery Service,IMD,7,Unknown Clock Start,*
Cardiothoracic Surgery Service,IMD,7,01 To 18 Weeks,1020
Cardiothoracic Surgery Service,IMD,7,18 To 52 Weeks,385
Cardiothoracic Surgery Service,IMD,7,Over 52 Weeks,20
Cardiothoracic Surgery Service,IMD,7,Total,1430
Cardiothoracic Surgery Service,IMD,8,Unknown Clock Start,*
Cardiothoracic Surgery Service,IMD,8,01 To 18 Weeks,1040
Cardiothoracic Surgery Service,IMD,8,18 To 52 Weeks,430
Cardiothoracic Surgery Service,IMD,8,Over 52 Weeks,20
Cardiothoracic Surgery Service,IMD,8,Total,1490
Cardiothoracic Surgery Service,IMD,9,01 To 18 Weeks,960
Cardiothoracic Surgery Service,IMD,9,18 To 52 Weeks,405
Cardiothoracic Surgery Service,IMD,9,Over 52 Weeks,30
Cardiothoracic Surgery Service,IMD,9,Total,1395
Cardiothoracic Surgery Service,Sex,Female,Unknown Clock Start,*
Cardiothoracic Surgery Service,Sex,Female,01 To 18 Weeks,3045
Cardiothoracic Surgery Service,Sex,Female,18 To 52 Weeks,1240
Cardiothoracic Surgery Service,Sex,Female,Over 52 Weeks,65
Cardiothoracic Surgery Service,Sex,Female,Total,4355
Cardiothoracic Surgery Service,Sex,Male,Unknown Clock Start,*
Cardiothoracic Surgery Service,Sex,Male,01 To 18 Weeks,5450
Cardiothoracic Surgery Service,Sex,Male,18 To 52 Weeks,2200
Cardiothoracic Surgery Service,Sex,Male,Over 52 Weeks,130
Cardiothoracic Surgery Service,Sex,Male,Total,7785
Dermatology Service,Age,0-18 Years,Unknown Clock Start,10
Dermatology Service,Age,0-18 Years,01 To 18 Weeks,15355
Dermatology Service,Age,0-18 Years,18 To 52 Weeks,13445
Dermatology Service,Age,0-18 Years,Over 52 Weeks,795
Dermatology Service,Age,0-18 Years,Total,29600
Dermatology Service,Age,19-64 Years,Unknown Clock Start,100
Dermatology Service,Age,19-64 Years,01 To 18 Weeks,131725
Dermatology Service,Age,19-64 Years,18 To 52 Weeks,88120
Dermatology Service,Age,19-64 Years,Over 52 Weeks,5905
Dermatology Service,Age,19-64 Years,Total,225845
Dermatology Service,Age,Over 65 Years,Unknown Clock Start,125
Dermatology Service,Age,Over 65 Years,01 To 18 Weeks,102715
Dermatology Service,Age,Over 65 Years,18 To 52 Weeks,43915
Dermatology Service,Age,Over 65 Years,Over 52 Weeks,3070
Dermatology Service,Age,Over 65 Years,Total,149825
Dermatology Service,Ethnicity,99: Not known,Unknown Clock Start,10
Dermatology Service,Ethnicity,99: Not known,01 To 18 Weeks,10990
Dermatology Service,Ethnicity,99: Not known,18 To 52 Weeks,5705
Dermatology Service,Ethnicity,99: Not known,Over 52 Weeks,520
Dermatology Service,Ethnicity,99: Not known,Total,17225
Dermatology Service,Ethnicity,A: British,Unknown Clock Start,3275
Dermatology Service,Ethnicity,A: British,01 To 18 Weeks,186125
Dermatology Service,Ethnicity,A: British,18 To 52 Weeks,101910
Dermatology Service,Ethnicity,A: British,Over 52 Weeks,7205
Dermatology Service,Ethnicity,A: British,Total,298520
Dermatology Service,Ethnicity,B: Irish,Unknown Clock Start,20
Dermatology Service,Ethnicity,B: Irish,01 To 18 Weeks,1825
Dermatology Service,Ethnicity,B: Irish,18 To 52 Weeks,980
Dermatology Service,Ethnicity,B: Irish,Over 52 Weeks,65
Dermatology Service,Ethnicity,B: Irish,Total,2890
Dermatology Service,Ethnicity,C: Any other white background,Unknown Clock Start,120
Dermatology Service,Ethnicity,C: Any other white background,01 To 18 Weeks,14045
Dermatology Service,Ethnicity,C: Any other white background,18 To 52 Weeks,9175
Dermatology Service,Ethnicity,C: Any other white background,Over 52 Weeks,555
Dermatology Service,Ethnicity,C: Any other white background,Total,23890
Dermatology Service,Ethnicity,D: White and Black Caribbean,Unknown Clock Start,15
Dermatology Service,Ethnicity,D: White and Black Caribbean,01 To 18 Weeks,735
Dermatology Service,Ethnicity,D: White and Black Caribbean,18 To 52 Weeks,605
Dermatology Service,Ethnicity,D: White and Black Caribbean,Over 52 Weeks,25
Dermatology Service,Ethnicity,D: White and Black Caribbean,Total,1380
Dermatology Service,Ethnicity,E: White and Black African,Unknown Clock Start,*
Dermatology Service,Ethnicity,E: White and Black African,01 To 18 Weeks,405
Dermatology Service,Ethnicity,E: White and Black African,18 To 52 Weeks,345
Dermatology Service,Ethnicity,E: White and Black African,Over 52 Weeks,30
Dermatology Service,Ethnicity,E: White and Black African,Total,785
Dermatology Service,Ethnicity,F: White and Asian,Unknown Clock Start,10
Dermatology Service,Ethnicity,F: White and Asian,01 To 18 Weeks,680
Dermatology Service,Ethnicity,F: White and Asian,18 To 52 Weeks,505
Dermatology Service,Ethnicity,F: White and Asian,Over 52 Weeks,40
Dermatology Service,Ethnicity,F: White and Asian,Total,1235
Dermatology Service,Ethnicity,G: Any other mixed background,Unknown Clock Start,20
Dermatology Service,Ethnicity,G: Any other mixed background,01 To 18 Weeks,1570
Dermatology Service,Ethnicity,G: Any other mixed background,18 To 52 Weeks,1245
Dermatology Service,Ethnicity,G: Any other mixed background,Over 52 Weeks,80
Dermatology Service,Ethnicity,G: Any other mixed background,Total,2915
Dermatology Service,Ethnicity,H: Indian,Unknown Clock Start,75
Dermatology Service,Ethnicity,H: Indian,01 To 18 Weeks,4975
Dermatology Service,Ethnicity,H: Indian,18 To 52 Weeks,3995
Dermatology Service,Ethnicity,H: Indian,Over 52 Weeks,225
Dermatology Service,Ethnicity,H: Indian,Total,9270
Dermatology Service,Ethnicity,J: Pakistani,Unknown Clock Start,110
Dermatology Service,Ethnicity,J: Pakistani,01 To 18 Weeks,4325
Dermatology Service,Ethnicity,J: Pakistani,18 To 52 Weeks,3435
Dermatology Service,Ethnicity,J: Pakistani,Over 52 Weeks,205
Dermatology Service,Ethnicity,J: Pakistani,Total,8075
Dermatology Service,Ethnicity,K: Bangladeshi,Unknown Clock Start,20
Dermatology Service,Ethnicity,K: Bangladeshi,01 To 18 Weeks,1815
Dermatology Service,Ethnicity,K: Bangladeshi,18 To 52 Weeks,1735
Dermatology Service,Ethnicity,K: Bangladeshi,Over 52 Weeks,70
Dermatology Service,Ethnicity,K: Bangladeshi,Total,3640
Dermatology Service,Ethnicity,L: Any other Asian background,Unknown Clock Start,35
Dermatology Service,Ethnicity,L: Any other Asian background,01 To 18 Weeks,4220
Dermatology Service,Ethnicity,L: Any other Asian background,18 To 52 Weeks,3485
Dermatology Service,Ethnicity,L: Any other Asian background,Over 52 Weeks,230
Dermatology Service,Ethnicity,L: Any other Asian background,Total,7975
Dermatology Service,Ethnicity,M: Caribbean,Unknown Clock Start,20
Dermatology Service,Ethnicity,M: Caribbean,01 To 18 Weeks,2030
Dermatology Service,Ethnicity,M: Caribbean,18 To 52 Weeks,1600
Dermatology Service,Ethnicity,M: Caribbean,Over 52 Weeks,85
Dermatology Service,Ethnicity,M: Caribbean,Total,3735
Dermatology Service,Ethnicity,N: African,Unknown Clock Start,30
Dermatology Service,Ethnicity,N: African,01 To 18 Weeks,3080
Dermatology Service,Ethnicity,N: African,18 To 52 Weeks,2640
Dermatology Service,Ethnicity,N: African,Over 52 Weeks,155
Dermatology Service,Ethnicity,N: African,Total,5900
Dermatology Service,Ethnicity,P: Any other Black background,Unknown Clock Start,10
Dermatology Service,Ethnicity,P: Any other Black background,01 To 18 Weeks,1695
Dermatology Service,Ethnicity,P: Any other Black background,18 To 52 Weeks,1420
Dermatology Service,Ethnicity,P: Any other Black background,Over 52 Weeks,85
Dermatology Service,Ethnicity,P: Any other Black background,Total,3210
Dermatology Service,Ethnicity,R: Chinese,Unknown Clock Start,10
Dermatology Service,Ethnicity,R: Chinese,01 To 18 Weeks,945
Dermatology Service,Ethnicity,R: Chinese,18 To 52 Weeks,670
Dermatology Service,Ethnicity,R: Chinese,Over 52 Weeks,50
Dermatology Service,Ethnicity,R: Chinese,Total,1675
Dermatology Service,Ethnicity,S: Any other ethnic group,Unknown Clock Start,20
Dermatology Service,Ethnicity,S: Any other ethnic group,01 To 18 Weeks,2265
Dermatology Service,Ethnicity,S: Any other ethnic group,18 To 52 Weeks,1650
Dermatology Service,Ethnicity,S: Any other ethnic group,Over 52 Weeks,105
Dermatology Service,Ethnicity,S: Any other ethnic group,Total,4045
Dermatology Service,Ethnicity,Z: Not stated,Unknown Clock Start,385
Dermatology Service,Ethnicity,Z: Not stated,01 To 18 Weeks,13510
Dermatology Service,Ethnicity,Z: Not stated,18 To 52 Weeks,7940
Dermatology Service,Ethnicity,Z: Not stated,Over 52 Weeks,495
Dermatology Service,Ethnicity,Z: Not stated,Total,22330
Dermatology Service,IMD,1,Unknown Clock Start,395
Dermatology Service,IMD,1,01 To 18 Weeks,17205
Dermatology Service,IMD,1,18 To 52 Weeks,12270
Dermatology Service,IMD,1,Over 52 Weeks,845
Dermatology Service,IMD,1,Total,30710
Dermatology Service,IMD,10,Unknown Clock Start,395
Dermatology Service,IMD,10,01 To 18 Weeks,28545
Dermatology Service,IMD,10,18 To 52 Weeks,15535
Dermatology Service,IMD,10,Over 52 Weeks,1245
Dermatology Service,IMD,10,Total,45720
Dermatology Service,IMD,2,Unknown Clock Start,380
Dermatology Service,IMD,2,01 To 18 Weeks,19840
Dermatology Service,IMD,2,18 To 52 Weeks,13350
Dermatology Service,IMD,2,Over 52 Weeks,770
Dermatology Service,IMD,2,Total,34340
Dermatology Service,IMD,3,Unknown Clock Start,380
Dermatology Service,IMD,3,01 To 18 Weeks,22290
Dermatology Service,IMD,3,18 To 52 Weeks,14245
Dermatology Service,IMD,3,Over 52 Weeks,905
Dermatology Service,IMD,3,Total,37815
Dermatology Service,IMD,4,Unknown Clock Start,290
Dermatology Service,IMD,4,01 To 18 Weeks,24020
Dermatology Service,IMD,4,18 To 52 Weeks,14355
Dermatology Service,IMD,4,Over 52 Weeks,845
Dermatology Service,IMD,4,Total,39515
Dermatology Service,IMD,5,Unknown Clock Start,390
Dermatology Service,IMD,5,01 To 18 Weeks,25215
Dermatology Service,IMD,5,18 To 52 Weeks,14250
Dermatology Service,IMD,5,Over 52 Weeks,915
Dermatology Service,IMD,5,Total,40770
Dermatology Service,IMD,6,Unknown Clock Start,450
Dermatology Service,IMD,6,01 To 18 Weeks,26245
Dermatology Service,IMD,6,18 To 52 Weeks,15105
Dermatology Service,IMD,6,Over 52 Weeks,1045
Dermatology Service,IMD,6,Total,42840
Dermatology Service,IMD,7,Unknown Clock Start,480
Dermatology Service,IMD,7,01 To 18 Weeks,26905
Dermatology Service,IMD,7,18 To 52 Weeks,15030
Dermatology Service,IMD,7,Over 52 Weeks,1100
Dermatology Service,IMD,7,Total,43520
Dermatology Service,IMD,8,Unknown Clock Start,495
Dermatology Service,IMD,8,01 To 18 Weeks,27755
Dermatology Service,IMD,8,18 To 52 Weeks,15140
Dermatology Service,IMD,8,Over 52 Weeks,1145
Dermatology Service,IMD,8,Total,44540
Dermatology Service,IMD,9,Unknown Clock Start,480
Dermatology Service,IMD,9,01 To 18 Weeks,28365
Dermatology Service,IMD,9,18 To 52 Weeks,15540
Dermatology Service,IMD,9,Over 52 Weeks,1175
Dermatology Service,IMD,9,Total,45560
Dermatology Service,Sex,Female,Unknown Clock Start,2360
Dermatology Service,Sex,Female,01 To 18 Weeks,133865
Dermatology Service,Sex,Female,18 To 52 Weeks,81945
Dermatology Service,Sex,Female,Over 52 Weeks,5530
Dermatology Service,Sex,Female,Total,223700
Dermatology Service,Sex,Male,Unknown Clock Start,1835
Dermatology Service,Sex,Male,01 To 18 Weeks,103450
Dermatology Service,Sex,Male,18 To 52 Weeks,57685
Dermatology Service,Sex,Male,Over 52 Weeks,3950
Dermatology Service,Sex,Male,Total,166920
Ear Nose and Throat Service,Age,0-18 Years,Unknown Clock Start,20
Ear Nose and Throat Service,Age,0-18 Years,01 To 18 Weeks,37645
Ear Nose and Throat Service,Age,0-18 Years,18 To 52 Weeks,44790
Ear Nose and Throat Service,Age,0-18 Years,Over 52 Weeks,3745
Ear Nose and Throat Service,Age,0-18 Years,Total,86200
Ear Nose and Throat Service,Age,19-64 Years,Unknown Clock Start,165
Ear Nose and Throat Service,Age,19-64 Years,01 To 18 Weeks,167845
Ear Nose and Throat Service,Age,19-64 Years,18 To 52 Weeks,154150
Ear Nose and Throat Service,Age,19-64 Years,Over 52 Weeks,13555
Ear Nose and Throat Service,Age,19-64 Years,Total,335715
Ear Nose and Throat Service,Age,Over 65 Years,Unknown Clock Start,95
Ear Nose and Throat Service,Age,Over 65 Years,01 To 18 Weeks,84305
Ear Nose and Throat Service,Age,Over 65 Years,18 To 52 Weeks,65080
Ear Nose and Throat Service,Age,Over 65 Years,Over 52 Weeks,5125
Ear Nose and Throat Service,Age,Over 65 Years,Total,154610
Ear Nose and Throat Service,Ethnicity,99: Not known,Unknown Clock Start,35
Ear Nose and Throat Service,Ethnicity,99: Not known,01 To 18 Weeks,11840
Ear Nose and Throat Service,Ethnicity,99: Not known,18 To 52 Weeks,9355
Ear Nose and Throat Service,Ethnicity,99: Not known,Over 52 Weeks,770
Ear Nose and Throat Service,Ethnicity,99: Not known,Total,22000
Ear Nose and Throat Service,Ethnicity,A: British,Unknown Clock Start,235
Ear Nose and Throat Service,Ethnicity,A: British,01 To 18 Weeks,204405
Ear Nose and Throat Service,Ethnicity,A: British,18 To 52 Weeks,178520
Ear Nose and Throat Service,Ethnicity,A: British,Over 52 Weeks,15370
Ear Nose and Throat Service,Ethnicity,A: British,Total,398530
Ear Nose and Throat Service,Ethnicity,B: Irish,01 To 18 Weeks,1535
Ear Nose and Throat Service,Ethnicity,B: Irish,18 To 52 Weeks,1320
Ear Nose and Throat Service,Ethnicity,B: Irish,Over 52 Weeks,105
Ear Nose and Throat Service,Ethnicity,B: Irish,Total,2960
Ear Nose and Throat Service,Ethnicity,C: Any other white background,Unknown Clock Start,10
Ear Nose and Throat Service,Ethnicity,C: Any other white background,01 To 18 Weeks,18915
Ear Nose and Throat Service,Ethnicity,C: Any other white background,18 To 52 Weeks,18710
Ear Nose and Throat Service,Ethnicity,C: Any other white background,Over 52 Weeks,1550
Ear Nose and Throat Service,Ethnicity,C: Any other white background,Total,39185
Ear Nose and Throat Service,Ethnicity,D: White and Black Caribbean,Unknown Clock Start,*
Ear Nose and Throat Service,Ethnicity,D: White and Black Caribbean,01 To 18 Weeks,1105
Ear Nose and Throat Service,Ethnicity,D: White and Black Caribbean,18 To 52 Weeks,1235
Ear Nose and Throat Service,Ethnicity,D: White and Black Caribbean,Over 52 Weeks,100
Ear Nose and Throat Service,Ethnicity,D: White and Black Caribbean,Total,2440
Ear Nose and Throat Service,Ethnicity,E: White and Black African,01 To 18 Weeks,620
Ear Nose and Throat Service,Ethnicity,E: White and Black African,18 To 52 Weeks,630
Ear Nose and Throat Service,Ethnicity,E: White and Black African,Over 52 Weeks,55
Ear Nose and Throat Service,Ethnicity,E: White and Black African,Total,1305
Ear Nose and Throat Service,Ethnicity,F: White and Asian,01 To 18 Weeks,1030
Ear Nose and Throat Service,Ethnicity,F: White and Asian,18 To 52 Weeks,1045
Ear Nose and Throat Service,Ethnicity,F: White and Asian,Over 52 Weeks,70
Ear Nose and Throat Service,Ethnicity,F: White and Asian,Total,2145
Ear Nose and Throat Service,Ethnicity,G: Any other mixed background,Unknown Clock Start,*
Ear Nose and Throat Service,Ethnicity,G: Any other mixed background,01 To 18 Weeks,2505
Ear Nose and Throat Service,Ethnicity,G: Any other mixed background,18 To 52 Weeks,2505
Ear Nose and Throat Service,Ethnicity,G: Any other mixed background,Over 52 Weeks,215
Ear Nose and Throat Service,Ethnicity,G: Any other mixed background,Total,5225
Ear Nose and Throat Service,Ethnicity,H: Indian,Unknown Clock Start,*
Ear Nose and Throat Service,Ethnicity,H: Indian,01 To 18 Weeks,8300
Ear Nose and Throat Service,Ethnicity,H: Indian,18 To 52 Weeks,8780
Ear Nose and Throat Service,Ethnicity,H: Indian,Over 52 Weeks,720
Ear Nose and Throat Service,Ethnicity,H: Indian,Total,17805
Ear Nose and Throat Service,Ethnicity,J: Pakistani,Unknown Clock Start,*
Ear Nose and Throat Service,Ethnicity,J: Pakistani,01 To 18 Weeks,8605
Ear Nose and Throat Service,Ethnicity,J: Pakistani,18 To 52 Weeks,7920
Ear Nose and Throat Service,Ethnicity,J: Pakistani,Over 52 Weeks,635
Ear Nose and Throat Service,Ethnicity,J: Pakistani,Total,17165
Ear Nose and Throat Service,Ethnicity,K: Bangladeshi,Unknown Clock Start,*
Ear Nose and Throat Service,Ethnicity,K: Bangladeshi,01 To 18 Weeks,3180
Ear Nose and Throat Service,Ethnicity,K: Bangladeshi,18 To 52 Weeks,2815
Ear Nose and Throat Service,Ethnicity,K: Bangladeshi,Over 52 Weeks,270
Ear Nose and Throat Service,Ethnicity,K: Bangladeshi,Total,6270
Ear Nose and Throat Service,Ethnicity,L: Any other Asian background,Unknown Clock Start,*
Ear Nose and Throat Service,Ethnicity,L: Any other Asian background,01 To 18 Weeks,6995
Ear Nose and Throat Service,Ethnicity,L: Any other Asian background,18 To 52 Weeks,7020
Ear Nose and Throat Service,Ethnicity,L: Any other Asian background,Over 52 Weeks,580
Ear Nose and Throat Service,Ethnicity,L: Any other Asian background,Total,14595
Ear Nose and Throat Service,Ethnicity,M: Caribbean,Unknown Clock Start,*
Ear Nose and Throat Service,Ethnicity,M: Caribbean,01 To 18 Weeks,2625
Ear Nose and Throat Service,Ethnicity,M: Caribbean,18 To 52 Weeks,2405
Ear Nose and Throat Service,Ethnicity,M: Caribbean,Over 52 Weeks,175
Ear Nose and Throat Service,Ethnicity,M: Caribbean,Total,5200
Ear Nose and Throat Service,Ethnicity,N: African,Unknown Clock Start,*
Ear Nose and Throat Service,Ethnicity,N: African,01 To 18 Weeks,4680
Ear Nose and Throat Service,Ethnicity,N: African,18 To 52 Weeks,4550
Ear Nose and Throat Service,Ethnicity,N: African,Over 52 Weeks,430
Ear Nose and Throat Service,Ethnicity,N: African,Total,9660
Ear Nose and Throat Service,Ethnicity,P: Any other Black background,Unknown Clock Start,*
Ear Nose and Throat Service,Ethnicity,P: Any other Black background,01 To 18 Weeks,2055
Ear Nose and Throat Service,Ethnicity,P: Any other Black background,18 To 52 Weeks,2035
Ear Nose and Throat Service,Ethnicity,P: Any other Black background,Over 52 Weeks,155
Ear Nose and Throat Service,Ethnicity,P: Any other Black background,Total,4245
Ear Nose and Throat Service,Ethnicity,R: Chinese,01 To 18 Weeks,1260
Ear Nose and Throat Service,Ethnicity,R: Chinese,18 To 52 Weeks,1060
Ear Nose and Throat Service,Ethnicity,R: Chinese,Over 52 Weeks,95
Ear Nose and Throat Service,Ethnicity,R: Chinese,Total,2415
Ear Nose and Throat Service,Ethnicity,S: Any other ethnic group,Unknown Clock Start,*
Ear Nose and Throat Service,Ethnicity,S: Any other ethnic group,01 To 18 Weeks,3485
Ear Nose and Throat Service,Ethnicity,S: Any other ethnic group,18 To 52 Weeks,3315
Ear Nose and Throat Service,Ethnicity,S: Any other ethnic group,Over 52 Weeks,270
Ear Nose and Throat Service,Ethnicity,S: Any other ethnic group,Total,7070
Ear Nose and Throat Service,Ethnicity,Z: Not stated,Unknown Clock Start,15
Ear Nose and Throat Service,Ethnicity,Z: Not stated,01 To 18 Weeks,13710
Ear Nose and Throat Service,Ethnicity,Z: Not stated,18 To 52 Weeks,11780
Ear Nose and Throat Service,Ethnicity,Z: Not stated,Over 52 Weeks,870
Ear Nose and Throat Service,Ethnicity,Z: Not stated,Total,26375
Ear Nose and Throat Service,IMD,1,Unknown Clock Start,30
Ear Nose and Throat Service,IMD,1,01 To 18 Weeks,29385
Ear Nose and Throat Service,IMD,1,18 To 52 Weeks,26830
Ear Nose and Throat Service,IMD,1,Over 52 Weeks,2580
Ear Nose and Throat Service,IMD,1,Total,58825
Ear Nose and Throat Service,IMD,10,Unknown Clock Start,25
Ear Nose and Throat Service,IMD,10,01 To 18 Weeks,25620
Ear Nose and Throat Service,IMD,10,18 To 52 Weeks,22340
Ear Nose and Throat Service,IMD,10,Over 52 Weeks,1810
Ear Nose and Throat Service,IMD,10,Total,49790
Ear Nose and Throat Service,IMD,2,Unknown Clock Start,25
Ear Nose and Throat Service,IMD,2,01 To 18 Weeks,30440
Ear Nose and Throat Service,IMD,2,18 To 52 Weeks,26870
Ear Nose and Throat Service,IMD,2,Over 52 Weeks,2305
Ear Nose and Throat Service,IMD,2,Total,59640
Ear Nose and Throat Service,IMD,3,Unknown Clock Start,25
Ear Nose and Throat Service,IMD,3,01 To 18 Weeks,29220
Ear Nose and Throat Service,IMD,3,18 To 52 Weeks,26385
Ear Nose and Throat Service,IMD,3,Over 52 Weeks,2305
Ear Nose and Throat Service,IMD,3,Total,57935
Ear Nose and Throat Service,IMD,4,Unknown Clock Start,25
Ear Nose and Throat Service,IMD,4,01 To 18 Weeks,29300
Ear Nose and Throat Service,IMD,4,18 To 52 Weeks,26890
Ear Nose and Throat Service,IMD,4,Over 52 Weeks,2285
Ear Nose and Throat Service,IMD,4,Total,58495
Ear Nose and Throat Service,IMD,5,Unknown Clock Start,35
Ear Nose and Throat Service,IMD,5,01 To 18 Weeks,28735
Ear Nose and Throat Service,IMD,5,18 To 52 Weeks,26130
Ear Nose and Throat Service,IMD,5,Over 52 Weeks,2305
Ear Nose and Throat Service,IMD,5,Total,57205
Ear Nose and Throat Service,IMD,6,Unknown Clock Start,30
Ear Nose and Throat Service,IMD,6,01 To 18 Weeks,29230
Ear Nose and Throat Service,IMD,6,18 To 52 Weeks,26495
Ear Nose and Throat Service,IMD,6,Over 52 Weeks,2145
Ear Nose and Throat Service,IMD,6,Total,57895
Ear Nose and Throat Service,IMD,7,Unknown Clock Start,25
Ear Nose and Throat Service,IMD,7,01 To 18 Weeks,28305
Ear Nose and Throat Service,IMD,7,18 To 52 Weeks,25355
Ear Nose and Throat Service,IMD,7,Over 52 Weeks,2010
Ear Nose and Throat Service,IMD,7,Total,55700
Ear Nose and Throat Service,IMD,8,Unknown Clock Start,40
Ear Nose and Throat Service,IMD,8,01 To 18 Weeks,28375
Ear Nose and Throat Service,IMD,8,18 To 52 Weeks,24935
Ear Nose and Throat Service,IMD,8,Over 52 Weeks,2010
Ear Nose and Throat Service,IMD,8,Total,55355
Ear Nose and Throat Service,IMD,9,Unknown Clock Start,25
Ear Nose and Throat Service,IMD,9,01 To 18 Weeks,27490
Ear Nose and Throat Service,IMD,9,18 To 52 Weeks,24585
Ear Nose and Throat Service,IMD,9,Over 52 Weeks,2055
Ear Nose and Throat Service,IMD,9,Total,54150
Ear Nose and Throat Service,Sex,Female,Unknown Clock Start,185
Ear Nose and Throat Service,Sex,Female,01 To 18 Weeks,152560
Ear Nose and Throat Service,Sex,Female,18 To 52 Weeks,138840
Ear Nose and Throat Service,Sex,Female,Over 52 Weeks,11595
Ear Nose and Throat Service,Sex,Female,Total,303180
Ear Nose and Throat Service,Sex,Male,Unknown Clock Start,130
Ear Nose and Throat Service,Sex,Male,01 To 18 Weeks,126395
Ear Nose and Throat Service,Sex,Male,18 To 52 Weeks,118430
Ear Nose and Throat Service,Sex,Male,Over 52 Weeks,10340
Ear Nose and Throat Service,Sex,Male,Total,255295
Elderly Medicine Service,Age,0-18 Years,01 To 18 Weeks,45
Elderly Medicine Service,Age,0-18 Years,18 To 52 Weeks,10
Elderly Medicine Service,Age,0-18 Years,Total,60
Elderly Medicine Service,Age,19-64 Years,Unknown Clock Start,*
Elderly Medicine Service,Age,19-64 Years,01 To 18 Weeks,2705
Elderly Medicine Service,Age,19-64 Years,18 To 52 Weeks,615
Elderly Medicine Service,Age,19-64 Years,Over 52 Weeks,*
Elderly Medicine Service,Age,19-64 Years,Total,3320
Elderly Medicine Service,Age,Over 65 Years,Unknown Clock Start,30
Elderly Medicine Service,Age,Over 65 Years,01 To 18 Weeks,18490
Elderly Medicine Service,Age,Over 65 Years,18 To 52 Weeks,3705
Elderly Medicine Service,Age,Over 65 Years,Over 52 Weeks,35
Elderly Medicine Service,Age,Over 65 Years,Total,22260
Elderly Medicine Service,Ethnicity,99: Not known,01 To 18 Weeks,315
Elderly Medicine Service,Ethnicity,99: Not known,18 To 52 Weeks,85
Elderly Medicine Service,Ethnicity,99: Not known,Over 52 Weeks,*
Elderly Medicine Service,Ethnicity,99: Not known,Total,400
Elderly Medicine Service,Ethnicity,A: British,Unknown Clock Start,30
Elderly Medicine Service,Ethnicity,A: British,01 To 18 Weeks,18000
Elderly Medicine Service,Ethnicity,A: British,18 To 52 Weeks,3735
Elderly Medicine Service,Ethnicity,A: British,Over 52 Weeks,30
Elderly Medicine Service,Ethnicity,A: British,Total,21795
Elderly Medicine Service,Ethnicity,B: Irish,01 To 18 Weeks,235
Elderly Medicine Service,Ethnicity,B: Irish,18 To 52 Weeks,50
Elderly Medicine Service,Ethnicity,B: Irish,Total,285
Elderly Medicine Service,Ethnicity,C: Any other white background,01 To 18 Weeks,655
Elderly Medicine Service,Ethnicity,C: Any other white background,18 To 52 Weeks,110
Elderly Medicine Service,Ethnicity,C: Any other white background,Over 52 Weeks,*
Elderly Medicine Service,Ethnicity,C: Any other white background,Total,765
Elderly Medicine Service,Ethnicity,D: White and Black Caribbean,01 To 18 Weeks,15
Elderly Medicine Service,Ethnicity,D: White and Black Caribbean,18 To 52 Weeks,*
Elderly Medicine Service,Ethnicity,D: White and Black Caribbean,Over 52 Weeks,*
Elderly Medicine Service,Ethnicity,D: White and Black Caribbean,Total,15
Elderly Medicine Service,Ethnicity,E: White and Black African,01 To 18 Weeks,10
Elderly Medicine Service,Ethnicity,E: White and Black African,18 To 52 Weeks,*
Elderly Medicine Service,Ethnicity,E: White and Black African,Total,10
Elderly Medicine Service,Ethnicity,F: White and Asian,01 To 18 Weeks,30
Elderly Medicine Service,Ethnicity,F: White and Asian,18 To 52 Weeks,*
Elderly Medicine Service,Ethnicity,F: White and Asian,Total,35
Elderly Medicine Service,Ethnicity,G: Any other mixed background,01 To 18 Weeks,45
Elderly Medicine Service,Ethnicity,G: Any other mixed background,18 To 52 Weeks,*
Elderly Medicine Service,Ethnicity,G: Any other mixed background,Total,50
Elderly Medicine Service,Ethnicity,H: Indian,Unknown Clock Start,*
Elderly Medicine Service,Ethnicity,H: Indian,01 To 18 Weeks,405
Elderly Medicine Service,Ethnicity,H: Indian,18 To 52 Weeks,70
Elderly Medicine Service,Ethnicity,H: Indian,Total,475
Elderly Medicine Service,Ethnicity,J: Pakistani,01 To 18 Weeks,190
Elderly Medicine Service,Ethnicity,J: Pakistani,18 To 52 Weeks,35
Elderly Medicine Service,Ethnicity,J: Pakistani,Total,220
Elderly Medicine Service,Ethnicity,K: Bangladeshi,01 To 18 Weeks,100
Elderly Medicine Service,Ethnicity,K: Bangladeshi,18 To 52 Weeks,10
Elderly Medicine Service,Ethnicity,K: Bangladeshi,Total,115
Elderly Medicine Service,Ethnicity,L: Any other Asian background,01 To 18 Weeks,210
Elderly Medicine Service,Ethnicity,L: Any other Asian background,18 To 52 Weeks,30
Elderly Medicine Service,Ethnicity,L: Any other Asian background,Over 52 Weeks,*
Elderly Medicine Service,Ethnicity,L: Any other Asian background,Total,240
Elderly Medicine Service,Ethnicity,M: Caribbean,01 To 18 Weeks,275
Elderly Medicine Service,Ethnicity,M: Caribbean,18 To 52 Weeks,25
Elderly Medicine Service,Ethnicity,M: Caribbean,Total,300
Elderly Medicine Service,Ethnicity,N: African,01 To 18 Weeks,195
Elderly Medicine Service,Ethnicity,N: African,18 To 52 Weeks,15
Elderly Medicine Service,Ethnicity,N: African,Total,205
Elderly Medicine Service,Ethnicity,P: Any other Black background,01 To 18 Weeks,100
Elderly Medicine Service,Ethnicity,P: Any other Black background,18 To 52 Weeks,10
Elderly Medicine Service,Ethnicity,P: Any other Black background,Total,110
Elderly Medicine Service,Ethnicity,R: Chinese,01 To 18 Weeks,55
Elderly Medicine Service,Ethnicity,R: Chinese,18 To 52 Weeks,10
Elderly Medicine Service,Ethnicity,R: Chinese,Total,60
Elderly Medicine Service,Ethnicity,S: Any other ethnic group,Unknown Clock Start,*
Elderly Medicine Service,Ethnicity,S: Any other ethnic group,01 To 18 Weeks,95
Elderly Medicine Service,Ethnicity,S: Any other ethnic group,18 To 52 Weeks,20
Elderly Medicine Service,Ethnicity,S: Any other ethnic group,Total,115
Elderly Medicine Service,Ethnicity,Z: Not stated,Unknown Clock Start,*
Elderly Medicine Service,Ethnicity,Z: Not stated,01 To 18 Weeks,515
Elderly Medicine Service,Ethnicity,Z: Not stated,18 To 52 Weeks,120
Elderly Medicine Service,Ethnicity,Z: Not stated,Over 52 Weeks,*
Elderly Medicine Service,Ethnicity,Z: Not stated,Total,640
Elderly Medicine Service,IMD,1,Unknown Clock Start,*
Elderly Medicine Service,IMD,1,01 To 18 Weeks,1985
Elderly Medicine Service,IMD,1,18 To 52 Weeks,420
Elderly Medicine Service,IMD,1,Over 52 Weeks,*
Elderly Medicine Service,IMD,1,Total,2405
Elderly Medicine Service,IMD,10,Unknown Clock Start,10
Elderly Medicine Service,IMD,10,01 To 18 Weeks,2055
Elderly Medicine Service,IMD,10,18 To 52 Weeks,410
Elderly Medicine Service,IMD,10,Over 52 Weeks,*
Elderly Medicine Service,IMD,10,Total,2480
Elderly Medicine Service,IMD,2,Unknown Clock Start,*
Elderly Medicine Service,IMD,2,01 To 18 Weeks,2130
Elderly Medicine Service,IMD,2,18 To 52 Weeks,450
Elderly Medicine Service,IMD,2,Total,2580
Elderly Medicine Service,IMD,3,01 To 18 Weeks,2165
Elderly Medicine Service,IMD,3,18 To 52 Weeks,410
Elderly Medicine Service,IMD,3,Over 52 Weeks,*
Elderly Medicine Service,IMD,3,Total,2580
Elderly Medicine Service,IMD,4,Unknown Clock Start,*
Elderly Medicine Service,IMD,4,01 To 18 Weeks,2115
Elderly Medicine Service,IMD,4,18 To 52 Weeks,435
Elderly Medicine Service,IMD,4,Over 52 Weeks,*
Elderly Medicine Service,IMD,4,Total,2555
Elderly Medicine Service,IMD,5,Unknown Clock Start,*
Elderly Medicine Service,IMD,5,01 To 18 Weeks,2160
Elderly Medicine Service,IMD,5,18 To 52 Weeks,430
Elderly Medicine Service,IMD,5,Over 52 Weeks,*
Elderly Medicine Service,IMD,5,Total,2595
Elderly Medicine Service,IMD,6,Unknown Clock Start,*
Elderly Medicine Service,IMD,6,01 To 18 Weeks,2100
Elderly Medicine Service,IMD,6,18 To 52 Weeks,380
Elderly Medicine Service,IMD,6,Over 52 Weeks,*
Elderly Medicine Service,IMD,6,Total,2490
Elderly Medicine Service,IMD,7,Unknown Clock Start,*
Elderly Medicine Service,IMD,7,01 To 18 Weeks,2095
Elderly Medicine Service,IMD,7,18 To 52 Weeks,450
Elderly Medicine Service,IMD,7,Over 52 Weeks,*
Elderly Medicine Service,IMD,7,Total,2555
Elderly Medicine Service,IMD,8,Unknown Clock Start,*
Elderly Medicine Service,IMD,8,01 To 18 Weeks,2265
Elderly Medicine Service,IMD,8,18 To 52 Weeks,460
Elderly Medicine Service,IMD,8,Over 52 Weeks,*
Elderly Medicine Service,IMD,8,Total,2735
Elderly Medicine Service,IMD,9,Unknown Clock Start,*
Elderly Medicine Service,IMD,9,01 To 18 Weeks,2105
Elderly Medicine Service,IMD,9,18 To 52 Weeks,440
Elderly Medicine Service,IMD,9,Over 52 Weeks,*
Elderly Medicine Service,IMD,9,Total,2555
Elderly Medicine Service,Sex,Female,Unknown Clock Start,20
Elderly Medicine Service,Sex,Female,01 To 18 Weeks,11590
Elderly Medicine Service,Sex,Female,18 To 52 Weeks,2530
Elderly Medicine Service,Sex,Female,Over 52 Weeks,15
Elderly Medicine Service,Sex,Female,Total,14150
Elderly Medicine Service,Sex,Male,Unknown Clock Start,15
Elderly Medicine Service,Sex,Male,01 To 18 Weeks,9095
Elderly Medicine Service,Sex,Male,18 To 52 Weeks,1615
Elderly Medicine Service,Sex,Male,Over 52 Weeks,15
Elderly Medicine Service,Sex,Male,Total,10735
Gastroenterology Service,Age,0-18 Years,Unknown Clock Start,15
Gastroenterology Service,Age,0-18 Years,01 To 18 Weeks,3830
Gastroenterology Service,Age,0-18 Years,18 To 52 Weeks,2640
Gastroenterology Service,Age,0-18 Years,Over 52 Weeks,110
Gastroenterology Service,Age,0-18 Years,Total,6595
Gastroenterology Service,Age,19-64 Years,Unknown Clock Start,625
Gastroenterology Service,Age,19-64 Years,01 To 18 Weeks,154775
Gastroenterology Service,Age,19-64 Years,18 To 52 Weeks,87855
Gastroenterology Service,Age,19-64 Years,Over 52 Weeks,5000
Gastroenterology Service,Age,19-64 Years,Total,248260
Gastroenterology Service,Age,Over 65 Years,Unknown Clock Start,400
Gastroenterology Service,Age,Over 65 Years,01 To 18 Weeks,84740
Gastroenterology Service,Age,Over 65 Years,18 To 52 Weeks,38690
Gastroenterology Service,Age,Over 65 Years,Over 52 Weeks,1870
Gastroenterology Service,Age,Over 65 Years,Total,125700
Gastroenterology Service,Ethnicity,99: Not known,Unknown Clock Start,10
Gastroenterology Service,Ethnicity,99: Not known,01 To 18 Weeks,10125
Gastroenterology Service,Ethnicity,99: Not known,18 To 52 Weeks,3885
Gastroenterology Service,Ethnicity,99: Not known,Over 52 Weeks,180
Gastroenterology Service,Ethnicity,99: Not known,Total,14200
Gastroenterology Service,Ethnicity,A: British,Unknown Clock Start,740
Gastroenterology Service,Ethnicity,A: British,01 To 18 Weeks,174735
Gastroenterology Service,Ethnicity,A: British,18 To 52 Weeks,93045
Gastroenterology Service,Ethnicity,A: British,Over 52 Weeks,5160
Gastroenterology Service,Ethnicity,A: British,Total,273675
Gastroenterology Service,Ethnicity,B: Irish,Unknown Clock Start,15
Gastroenterology Service,Ethnicity,B: Irish,01 To 18 Weeks,1690
Gastroenterology Service,Ethnicity,B: Irish,18 To 52 Weeks,770
Gastroenterology Service,Ethnicity,B: Irish,Over 52 Weeks,50
Gastroenterology Service,Ethnicity,B: Irish,Total,2535
Gastroenterology Service,Ethnicity,C: Any other white background,Unknown Clock Start,80
Gastroenterology Service,Ethnicity,C: Any other white background,01 To 18 Weeks,15135
Gastroenterology Service,Ethnicity,C: Any other white background,18 To 52 Weeks,8145
Gastroenterology Service,Ethnicity,C: Any other white background,Over 52 Weeks,460
Gastroenterology Service,Ethnicity,C: Any other white background,Total,23810
Gastroenterology Service,Ethnicity,D: White and Black Caribbean,Unknown Clock Start,*
Gastroenterology Service,Ethnicity,D: White and Black Caribbean,01 To 18 Weeks,730
Gastroenterology Service,Ethnicity,D: White and Black Caribbean,18 To 52 Weeks,430
Gastroenterology Service,Ethnicity,D: White and Black Caribbean,Over 52 Weeks,15
Gastroenterology Service,Ethnicity,D: White and Black Caribbean,Total,1180
Gastroenterology Service,Ethnicity,E: White and Black African,01 To 18 Weeks,455
Gastroenterology Service,Ethnicity,E: White and Black African,18 To 52 Weeks,205
Gastroenterology Service,Ethnicity,E: White and Black African,Over 52 Weeks,20
Gastroenterology Service,Ethnicity,E: White and Black African,Total,685
Gastroenterology Service,Ethnicity,F: White and Asian,Unknown Clock Start,*
Gastroenterology Service,Ethnicity,F: White and Asian,01 To 18 Weeks,645
Gastroenterology Service,Ethnicity,F: White and Asian,18 To 52 Weeks,345
Gastroenterology Service,Ethnicity,F: White and Asian,Over 52 Weeks,20
Gastroenterology Service,Ethnicity,F: White and Asian,Total,1010
Gastroenterology Service,Ethnicity,G: Any other mixed background,Unknown Clock Start,15
Gastroenterology Service,Ethnicity,G: Any other mixed background,01 To 18 Weeks,1625
Gastroenterology Service,Ethnicity,G: Any other mixed background,18 To 52 Weeks,875
Gastroenterology Service,Ethnicity,G: Any other mixed background,Over 52 Weeks,45
Gastroenterology Service,Ethnicity,G: Any other mixed background,Total,2560
Gastroenterology Service,Ethnicity,H: Indian,Unknown Clock Start,30
Gastroenterology Service,Ethnicity,H: Indian,01 To 18 Weeks,7040
Gastroenterology Service,Ethnicity,H: Indian,18 To 52 Weeks,3540
Gastroenterology Service,Ethnicity,H: Indian,Over 52 Weeks,120
Gastroenterology Service,Ethnicity,H: Indian,Total,10735
Gastroenterology Service,Ethnicity,J: Pakistani,Unknown Clock Start,15
Gastroenterology Service,Ethnicity,J: Pakistani,01 To 18 Weeks,6100
Gastroenterology Service,Ethnicity,J: Pakistani,18 To 52 Weeks,3620
Gastroenterology Service,Ethnicity,J: Pakistani,Over 52 Weeks,195
Gastroenterology Service,Ethnicity,J: Pakistani,Total,9925
Gastroenterology Service,Ethnicity,K: Bangladeshi,Unknown Clock Start,*
Gastroenterology Service,Ethnicity,K: Bangladeshi,01 To 18 Weeks,2605
Gastroenterology Service,Ethnicity,K: Bangladeshi,18 To 52 Weeks,1370
Gastroenterology Service,Ethnicity,K: Bangladeshi,Over 52 Weeks,45
Gastroenterology Service,Ethnicity,K: Bangladeshi,Total,4030
Gastroenterology Service,Ethnicity,L: Any other Asian background,Unknown Clock Start,40
Gastroenterology Service,Ethnicity,L: Any other Asian background,01 To 18 Weeks,5615
Gastroenterology Service,Ethnicity,L: Any other Asian background,18 To 52 Weeks,2820
Gastroenterology Service,Ethnicity,L: Any other Asian background,Over 52 Weeks,130
Gastroenterology Service,Ethnicity,L: Any other Asian background,Total,8605
Gastroenterology Service,Ethnicity,M: Caribbean,Unknown Clock Start,*
Gastroenterology Service,Ethnicity,M: Caribbean,01 To 18 Weeks,2685
Gastroenterology Service,Ethnicity,M: Caribbean,18 To 52 Weeks,1340
Gastroenterology Service,Ethnicity,M: Caribbean,Over 52 Weeks,50
Gastroenterology Service,Ethnicity,M: Caribbean,Total,4085
Gastroenterology Service,Ethnicity,N: African,Unknown Clock Start,10
Gastroenterology Service,Ethnicity,N: African,01 To 18 Weeks,4410
Gastroenterology Service,Ethnicity,N: African,18 To 52 Weeks,2215
Gastroenterology Service,Ethnicity,N: African,Over 52 Weeks,100
Gastroenterology Service,Ethnicity,N: African,Total,6735
Gastroenterology Service,Ethnicity,P: Any other Black background,Unknown Clock Start,15
Gastroenterology Service,Ethnicity,P: Any other Black background,01 To 18 Weeks,2080
Gastroenterology Service,Ethnicity,P: Any other Black background,18 To 52 Weeks,1040
Gastroenterology Service,Ethnicity,P: Any other Black background,Over 52 Weeks,45
Gastroenterology Service,Ethnicity,P: Any other Black background,Total,3180
Gastroenterology Service,Ethnicity,R: Chinese,Unknown Clock Start,10
Gastroenterology Service,Ethnicity,R: Chinese,01 To 18 Weeks,1195
Gastroenterology Service,Ethnicity,R: Chinese,18 To 52 Weeks,605
Gastroenterology Service,Ethnicity,R: Chinese,Over 52 Weeks,35
Gastroenterology Service,Ethnicity,R: Chinese,Total,1845
Gastroenterology Service,Ethnicity,S: Any other ethnic group,Unknown Clock Start,10
Gastroenterology Service,Ethnicity,S: Any other ethnic group,01 To 18 Weeks,2705
Gastroenterology Service,Ethnicity,S: Any other ethnic group,18 To 52 Weeks,1305
Gastroenterology Service,Ethnicity,S: Any other ethnic group,Over 52 Weeks,60
Gastroenterology Service,Ethnicity,S: Any other ethnic group,Total,4085
Gastroenterology Service,Ethnicity,Z: Not stated,Unknown Clock Start,35
Gastroenterology Service,Ethnicity,Z: Not stated,01 To 18 Weeks,9715
Gastroenterology Service,Ethnicity,Z: Not stated,18 To 52 Weeks,4695
Gastroenterology Service,Ethnicity,Z: Not stated,Over 52 Weeks,255
Gastroenterology Service,Ethnicity,Z: Not stated,Total,14700
Gastroenterology Service,IMD,1,Unknown Clock Start,20
Gastroenterology Service,IMD,1,01 To 18 Weeks,25745
Gastroenterology Service,IMD,1,18 To 52 Weeks,14510
Gastroenterology Service,IMD,1,Over 52 Weeks,800
Gastroenterology Service,IMD,1,Total,41070
Gastroenterology Service,IMD,10,Unknown Clock Start,255
Gastroenterology Service,IMD,10,01 To 18 Weeks,20725
Gastroenterology Service,IMD,10,18 To 52 Weeks,10860
Gastroenterology Service,IMD,10,Over 52 Weeks,600
Gastroenterology Service,IMD,10,Total,32440
Gastroenterology Service,IMD,2,Unknown Clock Start,35
Gastroenterology Service,IMD,2,01 To 18 Weeks,25855
Gastroenterology Service,IMD,2,18 To 52 Weeks,13940
Gastroenterology Service,IMD,2,Over 52 Weeks,630
Gastroenterology Service,IMD,2,Total,40455
Gastroenterology Service,IMD,3,Unknown Clock Start,80
Gastroenterology Service,IMD,3,01 To 18 Weeks,25715
Gastroenterology Service,IMD,3,18 To 52 Weeks,13370
Gastroenterology Service,IMD,3,Over 52 Weeks,670
Gastroenterology Service,IMD,3,Total,39830
Gastroenterology Service,IMD,4,Unknown Clock Start,95
Gastroenterology Service,IMD,4,01 To 18 Weeks,24860
Gastroenterology Service,IMD,4,18 To 52 Weeks,13035
Gastroenterology Service,IMD,4,Over 52 Weeks,765
Gastroenterology Service,IMD,4,Total,38750
Gastroenterology Service,IMD,5,Unknown Clock Start,75
Gastroenterology Service,IMD,5,01 To 18 Weeks,23795
Gastroenterology Service,IMD,5,18 To 52 Weeks,12350
Gastroenterology Service,IMD,5,Over 52 Weeks,640
Gastroenterology Service,IMD,5,Total,36855
Gastroenterology Service,IMD,6,Unknown Clock Start,80
Gastroenterology Service,IMD,6,01 To 18 Weeks,23600
Gastroenterology Service,IMD,6,18 To 52 Weeks,12335
Gastroenterology Service,IMD,6,Over 52 Weeks,675
Gastroenterology Service,IMD,6,Total,36690
Gastroenterology Service,IMD,7,Unknown Clock Start,125
Gastroenterology Service,IMD,7,01 To 18 Weeks,23500
Gastroenterology Service,IMD,7,18 To 52 Weeks,12245
Gastroenterology Service,IMD,7,Over 52 Weeks,705
Gastroenterology Service,IMD,7,Total,36575
Gastroenterology Service,IMD,8,Unknown Clock Start,140
Gastroenterology Service,IMD,8,01 To 18 Weeks,23270
Gastroenterology Service,IMD,8,18 To 52 Weeks,11975
Gastroenterology Service,IMD,8,Over 52 Weeks,685
Gastroenterology Service,IMD,8,Total,36065
Gastroenterology Service,IMD,9,Unknown Clock Start,140
Gastroenterology Service,IMD,9,01 To 18 Weeks,22320
Gastroenterology Service,IMD,9,18 To 52 Weeks,11635
Gastroenterology Service,IMD,9,Over 52 Weeks,670
Gastroenterology Service,IMD,9,Total,34765
Gastroenterology Service,Sex,Female,Unknown Clock Start,605
Gastroenterology Service,Sex,Female,01 To 18 Weeks,134140
Gastroenterology Service,Sex,Female,18 To 52 Weeks,72440
Gastroenterology Service,Sex,Female,Over 52 Weeks,3955
Gastroenterology Service,Sex,Female,Total,211140
Gastroenterology Service,Sex,Male,Unknown Clock Start,435
Gastroenterology Service,Sex,Male,01 To 18 Weeks,99455
Gastroenterology Service,Sex,Male,18 To 52 Weeks,51060
Gastroenterology Service,Sex,Male,Over 52 Weeks,2460
Gastroenterology Service,Sex,Male,Total,153410
General Internal Medicine Service,Age,0-18 Years,Unknown Clock Start,*
General Internal Medicine Service,Age,0-18 Years,01 To 18 Weeks,280
General Internal Medicine Service,Age,0-18 Years,18 To 52 Weeks,100
General Internal Medicine Service,Age,0-18 Years,Over 52 Weeks,10
General Internal Medicine Service,Age,0-18 Years,Total,390
General Internal Medicine Service,Age,19-64 Years,Unknown Clock Start,30
General Internal Medicine Service,Age,19-64 Years,01 To 18 Weeks,10470
General Internal Medicine Service,Age,19-64 Years,18 To 52 Weeks,5210
General Internal Medicine Service,Age,19-64 Years,Over 52 Weeks,235
General Internal Medicine Service,Age,19-64 Years,Total,15955
General Internal Medicine Service,Age,Over 65 Years,Unknown Clock Start,40
General Internal Medicine Service,Age,Over 65 Years,01 To 18 Weeks,8150
General Internal Medicine Service,Age,Over 65 Years,18 To 52 Weeks,2605
General Internal Medicine Service,Age,Over 65 Years,Over 52 Weeks,125
General Internal Medicine Service,Age,Over 65 Years,Total,10920
General Internal Medicine Service,Ethnicity,99: Not known,01 To 18 Weeks,430
General Internal Medicine Service,Ethnicity,99: Not known,18 To 52 Weeks,220
General Internal Medicine Service,Ethnicity,99: Not known,Over 52 Weeks,15
General Internal Medicine Service,Ethnicity,99: Not known,Total,665
General Internal Medicine Service,Ethnicity,A: British,Unknown Clock Start,60
General Internal Medicine Service,Ethnicity,A: British,01 To 18 Weeks,13615
General Internal Medicine Service,Ethnicity,A: British,18 To 52 Weeks,5135
General Internal Medicine Service,Ethnicity,A: British,Over 52 Weeks,260
General Internal Medicine Service,Ethnicity,A: British,Total,19070
General Internal Medicine Service,Ethnicity,B: Irish,01 To 18 Weeks,130
General Internal Medicine Service,Ethnicity,B: Irish,18 To 52 Weeks,60
General Internal Medicine Service,Ethnicity,B: Irish,Over 52 Weeks,*
General Internal Medicine Service,Ethnicity,B: Irish,Total,195
General Internal Medicine Service,Ethnicity,C: Any other white background,Unknown Clock Start,*
General Internal Medicine Service,Ethnicity,C: Any other white background,01 To 18 Weeks,1240
General Internal Medicine Service,Ethnicity,C: Any other white background,18 To 52 Weeks,745
General Internal Medicine Service,Ethnicity,C: Any other white background,Over 52 Weeks,40
General Internal Medicine Service,Ethnicity,C: Any other white background,Total,2025
General Internal Medicine Service,Ethnicity,D: White and Black Caribbean,Unknown Clock Start,*
General Internal Medicine Service,Ethnicity,D: White and Black Caribbean,01 To 18 Weeks,70
General Internal Medicine Service,Ethnicity,D: White and Black Caribbean,18 To 52 Weeks,40
General Internal Medicine Service,Ethnicity,D: White and Black Caribbean,Total,115
General Internal Medicine Service,Ethnicity,E: White and Black African,01 To 18 Weeks,50
General Internal Medicine Service,Ethnicity,E: White and Black African,18 To 52 Weeks,20
General Internal Medicine Service,Ethnicity,E: White and Black African,Over 52 Weeks,*
General Internal Medicine Service,Ethnicity,E: White and Black African,Total,70
General Internal Medicine Service,Ethnicity,F: White and Asian,01 To 18 Weeks,45
General Internal Medicine Service,Ethnicity,F: White and Asian,18 To 52 Weeks,35
General Internal Medicine Service,Ethnicity,F: White and Asian,Over 52 Weeks,*
General Internal Medicine Service,Ethnicity,F: White and Asian,Total,85
General Internal Medicine Service,Ethnicity,G: Any other mixed background,01 To 18 Weeks,145
General Internal Medicine Service,Ethnicity,G: Any other mixed background,18 To 52 Weeks,80
General Internal Medicine Service,Ethnicity,G: Any other mixed background,Over 52 Weeks,*
General Internal Medicine Service,Ethnicity,G: Any other mixed background,Total,225
General Internal Medicine Service,Ethnicity,H: Indian,Unknown Clock Start,*
General Internal Medicine Service,Ethnicity,H: Indian,01 To 18 Weeks,495
General Internal Medicine Service,Ethnicity,H: Indian,18 To 52 Weeks,240
General Internal Medicine Service,Ethnicity,H: Indian,Over 52 Weeks,*
General Internal Medicine Service,Ethnicity,H: Indian,Total,740
General Internal Medicine Service,Ethnicity,J: Pakistani,Unknown Clock Start,*
General Internal Medicine Service,Ethnicity,J: Pakistani,01 To 18 Weeks,295
General Internal Medicine Service,Ethnicity,J: Pakistani,18 To 52 Weeks,105
General Internal Medicine Service,Ethnicity,J: Pakistani,Over 52 Weeks,*
General Internal Medicine Service,Ethnicity,J: Pakistani,Total,405
General Internal Medicine Service,Ethnicity,K: Bangladeshi,01 To 18 Weeks,155
General Internal Medicine Service,Ethnicity,K: Bangladeshi,18 To 52 Weeks,80
General Internal Medicine Service,Ethnicity,K: Bangladeshi,Over 52 Weeks,*
General Internal Medicine Service,Ethnicity,K: Bangladeshi,Total,240
General Internal Medicine Service,Ethnicity,L: Any other Asian background,Unknown Clock Start,*
General Internal Medicine Service,Ethnicity,L: Any other Asian background,01 To 18 Weeks,415
General Internal Medicine Service,Ethnicity,L: Any other Asian background,18 To 52 Weeks,190
General Internal Medicine Service,Ethnicity,L: Any other Asian background,Over 52 Weeks,10
General Internal Medicine Service,Ethnicity,L: Any other Asian background,Total,610
General Internal Medicine Service,Ethnicity,M: Caribbean,Unknown Clock Start,*
General Internal Medicine Service,Ethnicity,M: Caribbean,01 To 18 Weeks,265
General Internal Medicine Service,Ethnicity,M: Caribbean,18 To 52 Weeks,135
General Internal Medicine Service,Ethnicity,M: Caribbean,Over 52 Weeks,*
General Internal Medicine Service,Ethnicity,M: Caribbean,Total,405
General Internal Medicine Service,Ethnicity,N: African,01 To 18 Weeks,400
General Internal Medicine Service,Ethnicity,N: African,18 To 52 Weeks,205
General Internal Medicine Service,Ethnicity,N: African,Over 52 Weeks,*
General Internal Medicine Service,Ethnicity,N: African,Total,605
General Internal Medicine Service,Ethnicity,P: Any other Black background,Unknown Clock Start,*
General Internal Medicine Service,Ethnicity,P: Any other Black background,01 To 18 Weeks,205
General Internal Medicine Service,Ethnicity,P: Any other Black background,18 To 52 Weeks,120
General Internal Medicine Service,Ethnicity,P: Any other Black background,Over 52 Weeks,*
General Internal Medicine Service,Ethnicity,P: Any other Black background,Total,330
General Internal Medicine Service,Ethnicity,R: Chinese,01 To 18 Weeks,100
General Internal Medicine Service,Ethnicity,R: Chinese,18 To 52 Weeks,45
General Internal Medicine Service,Ethnicity,R: Chinese,Over 52 Weeks,*
General Internal Medicine Service,Ethnicity,R: Chinese,Total,150
General Internal Medicine Service,Ethnicity,S: Any other ethnic group,Unknown Clock Start,*
General Internal Medicine Service,Ethnicity,S: Any other ethnic group,01 To 18 Weeks,205
General Internal Medicine Service,Ethnicity,S: Any other ethnic group,18 To 52 Weeks,95
General Internal Medicine Service,Ethnicity,S: Any other ethnic group,Over 52 Weeks,*
General Internal Medicine Service,Ethnicity,S: Any other ethnic group,Total,300
General Internal Medicine Service,Ethnicity,Z: Not stated,Unknown Clock Start,*
General Internal Medicine Service,Ethnicity,Z: Not stated,01 To 18 Weeks,750
General Internal Medicine Service,Ethnicity,Z: Not stated,18 To 52 Weeks,410
General Internal Medicine Service,Ethnicity,Z: Not stated,Over 52 Weeks,15
General Internal Medicine Service,Ethnicity,Z: Not stated,Total,1175
General Internal Medicine Service,IMD,1,01 To 18 Weeks,1360
General Internal Medicine Service,IMD,1,18 To 52 Weeks,440
General Internal Medicine Service,IMD,1,Over 52 Weeks,15
General Internal Medicine Service,IMD,1,Total,1815
General Internal Medicine Service,IMD,10,Unknown Clock Start,25
General Internal Medicine Service,IMD,10,01 To 18 Weeks,1715
General Internal Medicine Service,IMD,10,18 To 52 Weeks,680
General Internal Medicine Service,IMD,10,Over 52 Weeks,45
General Internal Medicine Service,IMD,10,Total,2465
General Internal Medicine Service,IMD,2,Unknown Clock Start,*
General Internal Medicine Service,IMD,2,01 To 18 Weeks,1775
General Internal Medicine Service,IMD,2,18 To 52 Weeks,775
General Internal Medicine Service,IMD,2,Over 52 Weeks,35
General Internal Medicine Service,IMD,2,Total,2595
General Internal Medicine Service,IMD,3,Unknown Clock Start,*
General Internal Medicine Service,IMD,3,01 To 18 Weeks,1935
General Internal Medicine Service,IMD,3,18 To 52 Weeks,980
General Internal Medicine Service,IMD,3,Over 52 Weeks,45
General Internal Medicine Service,IMD,3,Total,2965
General Internal Medicine Service,IMD,4,Unknown Clock Start,*
General Internal Medicine Service,IMD,4,01 To 18 Weeks,2065
General Internal Medicine Service,IMD,4,18 To 52 Weeks,870
General Internal Medicine Service,IMD,4,Over 52 Weeks,25
General Internal Medicine Service,IMD,4,Total,2960
General Internal Medicine Service,IMD,5,Unknown Clock Start,*
General Internal Medicine Service,IMD,5,01 To 18 Weeks,2060
General Internal Medicine Service,IMD,5,18 To 52 Weeks,915
General Internal Medicine Service,IMD,5,Over 52 Weeks,40
General Internal Medicine Service,IMD,5,Total,3015
General Internal Medicine Service,IMD,6,Unknown Clock Start,*
General Internal Medicine Service,IMD,6,01 To 18 Weeks,1965
General Internal Medicine Service,IMD,6,18 To 52 Weeks,820
General Internal Medicine Service,IMD,6,Over 52 Weeks,35
General Internal Medicine Service,IMD,6,Total,2820
General Internal Medicine Service,IMD,7,Unknown Clock Start,*
General Internal Medicine Service,IMD,7,01 To 18 Weeks,1985
General Internal Medicine Service,IMD,7,18 To 52 Weeks,775
General Internal Medicine Service,IMD,7,Over 52 Weeks,45
General Internal Medicine Service,IMD,7,Total,2810
General Internal Medicine Service,IMD,8,Unknown Clock Start,15
General Internal Medicine Service,IMD,8,01 To 18 Weeks,1850
General Internal Medicine Service,IMD,8,18 To 52 Weeks,780
General Internal Medicine Service,IMD,8,Over 52 Weeks,45
General Internal Medicine Service,IMD,8,Total,2685
General Internal Medicine Service,IMD,9,Unknown Clock Start,15
General Internal Medicine Service,IMD,9,01 To 18 Weeks,1845
General Internal Medicine Service,IMD,9,18 To 52 Weeks,725
General Internal Medicine Service,IMD,9,Over 52 Weeks,40
General Internal Medicine Service,IMD,9,Total,2620
General Internal Medicine Service,Sex,Female,Unknown Clock Start,40
General Internal Medicine Service,Sex,Female,01 To 18 Weeks,11400
General Internal Medicine Service,Sex,Female,18 To 52 Weeks,4925
General Internal Medicine Service,Sex,Female,Over 52 Weeks,260
General Internal Medicine Service,Sex,Female,Total,16625
General Internal Medicine Service,Sex,Male,Unknown Clock Start,30
General Internal Medicine Service,Sex,Male,01 To 18 Weeks,7230
General Internal Medicine Service,Sex,Male,18 To 52 Weeks,2960
General Internal Medicine Service,Sex,Male,Over 52 Weeks,110
General Internal Medicine Service,Sex,Male,Total,10335
General Surgery Service,Age,0-18 Years,Unknown Clock Start,*
General Surgery Service,Age,0-18 Years,01 To 18 Weeks,2125
General Surgery Service,Age,0-18 Years,18 To 52 Weeks,1355
General Surgery Service,Age,0-18 Years,Over 52 Weeks,85
General Surgery Service,Age,0-18 Years,Total,3565
General Surgery Service,Age,19-64 Years,Unknown Clock Start,270
General Surgery Service,Age,19-64 Years,01 To 18 Weeks,117840
General Surgery Service,Age,19-64 Years,18 To 52 Weeks,79945
General Surgery Service,Age,19-64 Years,Over 52 Weeks,6140
General Surgery Service,Age,19-64 Years,Total,204195
General Surgery Service,Age,Over 65 Years,Unknown Clock Start,175
General Surgery Service,Age,Over 65 Years,01 To 18 Weeks,65700
General Surgery Service,Age,Over 65 Years,18 To 52 Weeks,39655
General Surgery Service,Age,Over 65 Years,Over 52 Weeks,2885
General Surgery Service,Age,Over 65 Years,Total,108415
General Surgery Service,Ethnicity,99: Not known,Unknown Clock Start,65
General Surgery Service,Ethnicity,99: Not known,01 To 18 Weeks,5495
General Surgery Service,Ethnicity,99: Not known,18 To 52 Weeks,2980
General Surgery Service,Ethnicity,99: Not known,Over 52 Weeks,175
General Surgery Service,Ethnicity,99: Not known,Total,8715
General Surgery Service,Ethnicity,A: British,Unknown Clock Start,330
General Surgery Service,Ethnicity,A: British,01 To 18 Weeks,133565
General Surgery Service,Ethnicity,A: British,18 To 52 Weeks,84425
General Surgery Service,Ethnicity,A: British,Over 52 Weeks,6405
General Surgery Service,Ethnicity,A: British,Total,224730
General Surgery Service,Ethnicity,B: Irish,Unknown Clock Start,10
General Surgery Service,Ethnicity,B: Irish,01 To 18 Weeks,1065
General Surgery Service,Ethnicity,B: Irish,18 To 52 Weeks,750
General Surgery Service,Ethnicity,B: Irish,Over 52 Weeks,60
General Surgery Service,Ethnicity,B: Irish,Total,1880
General Surgery Service,Ethnicity,C: Any other white background,Unknown Clock Start,35
General Surgery Service,Ethnicity,C: Any other white background,01 To 18 Weeks,12050
General Surgery Service,Ethnicity,C: Any other white background,18 To 52 Weeks,8895
General Surgery Service,Ethnicity,C: Any other white background,Over 52 Weeks,695
General Surgery Service,Ethnicity,C: Any other white background,Total,21675
General Surgery Service,Ethnicity,D: White and Black Caribbean,Unknown Clock Start,*
General Surgery Service,Ethnicity,D: White and Black Caribbean,01 To 18 Weeks,605
General Surgery Service,Ethnicity,D: White and Black Caribbean,18 To 52 Weeks,430
General Surgery Service,Ethnicity,D: White and Black Caribbean,Over 52 Weeks,25
General Surgery Service,Ethnicity,D: White and Black Caribbean,Total,1060
General Surgery Service,Ethnicity,E: White and Black African,01 To 18 Weeks,330
General Surgery Service,Ethnicity,E: White and Black African,18 To 52 Weeks,235
General Surgery Service,Ethnicity,E: White and Black African,Over 52 Weeks,15
General Surgery Service,Ethnicity,E: White and Black African,Total,580
General Surgery Service,Ethnicity,F: White and Asian,Unknown Clock Start,*
General Surgery Service,Ethnicity,F: White and Asian,01 To 18 Weeks,425
General Surgery Service,Ethnicity,F: White and Asian,18 To 52 Weeks,275
General Surgery Service,Ethnicity,F: White and Asian,Over 52 Weeks,20
General Surgery Service,Ethnicity,F: White and Asian,Total,720
General Surgery Service,Ethnicity,G: Any other mixed background,Unknown Clock Start,*
General Surgery Service,Ethnicity,G: Any other mixed background,01 To 18 Weeks,1185
General Surgery Service,Ethnicity,G: Any other mixed background,18 To 52 Weeks,805
General Surgery Service,Ethnicity,G: Any other mixed background,Over 52 Weeks,60
General Surgery Service,Ethnicity,G: Any other mixed background,Total,2050
General Surgery Service,Ethnicity,H: Indian,Unknown Clock Start,10
General Surgery Service,Ethnicity,H: Indian,01 To 18 Weeks,5020
General Surgery Service,Ethnicity,H: Indian,18 To 52 Weeks,3590
General Surgery Service,Ethnicity,H: Indian,Over 52 Weeks,215
General Surgery Service,Ethnicity,H: Indian,Total,8835
General Surgery Service,Ethnicity,J: Pakistani,Unknown Clock Start,*
General Surgery Service,Ethnicity,J: Pakistani,01 To 18 Weeks,4270
General Surgery Service,Ethnicity,J: Pakistani,18 To 52 Weeks,2840
General Surgery Service,Ethnicity,J: Pakistani,Over 52 Weeks,160
General Surgery Service,Ethnicity,J: Pakistani,Total,7270
General Surgery Service,Ethnicity,K: Bangladeshi,Unknown Clock Start,*
General Surgery Service,Ethnicity,K: Bangladeshi,01 To 18 Weeks,1835
General Surgery Service,Ethnicity,K: Bangladeshi,18 To 52 Weeks,1250
General Surgery Service,Ethnicity,K: Bangladeshi,Over 52 Weeks,110
General Surgery Service,Ethnicity,K: Bangladeshi,Total,3195
General Surgery Service,Ethnicity,L: Any other Asian background,Unknown Clock Start,15
General Surgery Service,Ethnicity,L: Any other Asian background,01 To 18 Weeks,3780
General Surgery Service,Ethnicity,L: Any other Asian background,18 To 52 Weeks,2730
General Surgery Service,Ethnicity,L: Any other Asian background,Over 52 Weeks,190
General Surgery Service,Ethnicity,L: Any other Asian background,Total,6715
General Surgery Service,Ethnicity,M: Caribbean,01 To 18 Weeks,2205
General Surgery Service,Ethnicity,M: Caribbean,18 To 52 Weeks,1600
General Surgery Service,Ethnicity,M: Caribbean,Over 52 Weeks,135
General Surgery Service,Ethnicity,M: Caribbean,Total,3945
General Surgery Service,Ethnicity,N: African,Unknown Clock Start,*
General Surgery Service,Ethnicity,N: African,01 To 18 Weeks,3435
General Surgery Service,Ethnicity,N: African,18 To 52 Weeks,2620
General Surgery Service,Ethnicity,N: African,Over 52 Weeks,225
General Surgery Service,Ethnicity,N: African,Total,6285
General Surgery Service,Ethnicity,P: Any other Black background,Unknown Clock Start,*
General Surgery Service,Ethnicity,P: Any other Black background,01 To 18 Weeks,1660
General Surgery Service,Ethnicity,P: Any other Black background,18 To 52 Weeks,1195
General Surgery Service,Ethnicity,P: Any other Black background,Over 52 Weeks,125
General Surgery Service,Ethnicity,P: Any other Black background,Total,2985
General Surgery Service,Ethnicity,R: Chinese,Unknown Clock Start,*
General Surgery Service,Ethnicity,R: Chinese,01 To 18 Weeks,665
General Surgery Service,Ethnicity,R: Chinese,18 To 52 Weeks,465
General Surgery Service,Ethnicity,R: Chinese,Over 52 Weeks,35
General Surgery Service,Ethnicity,R: Chinese,Total,1175
General Surgery Service,Ethnicity,S: Any other ethnic group,Unknown Clock Start,*
General Surgery Service,Ethnicity,S: Any other ethnic group,01 To 18 Weeks,1960
General Surgery Service,Ethnicity,S: Any other ethnic group,18 To 52 Weeks,1480
General Surgery Service,Ethnicity,S: Any other ethnic group,Over 52 Weeks,125
General Surgery Service,Ethnicity,S: Any other ethnic group,Total,3570
General Surgery Service,Ethnicity,Z: Not stated,Unknown Clock Start,20
General Surgery Service,Ethnicity,Z: Not stated,01 To 18 Weeks,7935
General Surgery Service,Ethnicity,Z: Not stated,18 To 52 Weeks,4765
General Surgery Service,Ethnicity,Z: Not stated,Over 52 Weeks,335
General Surgery Service,Ethnicity,Z: Not stated,Total,13055
General Surgery Service,IMD,1,Unknown Clock Start,20
General Surgery Service,IMD,1,01 To 18 Weeks,18335
General Surgery Service,IMD,1,18 To 52 Weeks,11885
General Surgery Service,IMD,1,Over 52 Weeks,850
General Surgery Service,IMD,1,Total,31090
General Surgery Service,IMD,10,Unknown Clock Start,70
General Surgery Service,IMD,10,01 To 18 Weeks,15810
General Surgery Service,IMD,10,18 To 52 Weeks,9430
General Surgery Service,IMD,10,Over 52 Weeks,690
General Surgery Service,IMD,10,Total,25995
General Surgery Service,IMD,2,Unknown Clock Start,25
General Surgery Service,IMD,2,01 To 18 Weeks,20040
General Surgery Service,IMD,2,18 To 52 Weeks,13680
General Surgery Service,IMD,2,Over 52 Weeks,1030
General Surgery Service,IMD,2,Total,34775
General Surgery Service,IMD,3,Unknown Clock Start,45
General Surgery Service,IMD,3,01 To 18 Weeks,19675
General Surgery Service,IMD,3,18 To 52 Weeks,13465
General Surgery Service,IMD,3,Over 52 Weeks,1035
General Surgery Service,IMD,3,Total,34220
General Surgery Service,IMD,4,Unknown Clock Start,45
General Surgery Service,IMD,4,01 To 18 Weeks,18590
General Surgery Service,IMD,4,18 To 52 Weeks,12615
General Surgery Service,IMD,4,Over 52 Weeks,960
General Surgery Service,IMD,4,Total,32205
General Surgery Service,IMD,5,Unknown Clock Start,40
General Surgery Service,IMD,5,01 To 18 Weeks,18800
General Surgery Service,IMD,5,18 To 52 Weeks,12350
General Surgery Service,IMD,5,Over 52 Weeks,985
General Surgery Service,IMD,5,Total,32170
General Surgery Service,IMD,6,Unknown Clock Start,45
General Surgery Service,IMD,6,01 To 18 Weeks,18595
General Surgery Service,IMD,6,18 To 52 Weeks,11710
General Surgery Service,IMD,6,Over 52 Weeks,875
General Surgery Service,IMD,6,Total,31225
General Surgery Service,IMD,7,Unknown Clock Start,55
General Surgery Service,IMD,7,01 To 18 Weeks,17845
General Surgery Service,IMD,7,18 To 52 Weeks,11450
General Surgery Service,IMD,7,Over 52 Weeks,855
General Surgery Service,IMD,7,Total,30205
General Surgery Service,IMD,8,Unknown Clock Start,50
General Surgery Service,IMD,8,01 To 18 Weeks,17930
General Surgery Service,IMD,8,18 To 52 Weeks,11405
General Surgery Service,IMD,8,Over 52 Weeks,870
General Surgery Service,IMD,8,Total,30255
General Surgery Service,IMD,9,Unknown Clock Start,55
General Surgery Service,IMD,9,01 To 18 Weeks,16655
General Surgery Service,IMD,9,18 To 52 Weeks,10475
General Surgery Service,IMD,9,Over 52 Weeks,780
General Surgery Service,IMD,9,Total,27960
General Surgery Service,Sex,Female,Unknown Clock Start,240
General Surgery Service,Sex,Female,01 To 18 Weeks,89190
General Surgery Service,Sex,Female,18 To 52 Weeks,56455
General Surgery Service,Sex,Female,Over 52 Weeks,4160
General Surgery Service,Sex,Female,Total,150045
General Surgery Service,Sex,Male,Unknown Clock Start,260
General Surgery Service,Sex,Male,01 To 18 Weeks,92540
General Surgery Service,Sex,Male,18 To 52 Weeks,61145
General Surgery Service,Sex,Male,Over 52 Weeks,4680
General Surgery Service,Sex,Male,Total,158625
Gynaecology Service,Age,0-18 Years,01 To 18 Weeks,6880
Gynaecology Service,Age,0-18 Years,18 To 52 Weeks,5870
Gynaecology Service,Age,0-18 Years,Over 52 Weeks,260
Gynaecology Service,Age,0-18 Years,Total,13010
Gynaecology Service,Age,19-64 Years,Unknown Clock Start,870
Gynaecology Service,Age,19-64 Years,01 To 18 Weeks,265760
Gynaecology Service,Age,19-64 Years,18 To 52 Weeks,192895
Gynaecology Service,Age,19-64 Years,Over 52 Weeks,16125
Gynaecology Service,Age,19-64 Years,Total,475645
Gynaecology Service,Age,Over 65 Years,Unknown Clock Start,100
Gynaecology Service,Age,Over 65 Years,01 To 18 Weeks,35535
Gynaecology Service,Age,Over 65 Years,18 To 52 Weeks,23510
Gynaecology Service,Age,Over 65 Years,Over 52 Weeks,1925
Gynaecology Service,Age,Over 65 Years,Total,61070
Gynaecology Service,Ethnicity,99: Not known,Unknown Clock Start,190
Gynaecology Service,Ethnicity,99: Not known,01 To 18 Weeks,13845
Gynaecology Service,Ethnicity,99: Not known,18 To 52 Weeks,7505
Gynaecology Service,Ethnicity,99: Not known,Over 52 Weeks,445
Gynaecology Service,Ethnicity,99: Not known,Total,21985
Gynaecology Service,Ethnicity,A: British,Unknown Clock Start,3500
Gynaecology Service,Ethnicity,A: British,01 To 18 Weeks,205850
Gynaecology Service,Ethnicity,A: British,18 To 52 Weeks,147245
Gynaecology Service,Ethnicity,A: British,Over 52 Weeks,13095
Gynaecology Service,Ethnicity,A: British,Total,369685
Gynaecology Service,Ethnicity,B: Irish,Unknown Clock Start,15
Gynaecology Service,Ethnicity,B: Irish,01 To 18 Weeks,1490
Gynaecology Service,Ethnicity,B: Irish,18 To 52 Weeks,1055
Gynaecology Service,Ethnicity,B: Irish,Over 52 Weeks,70
Gynaecology Service,Ethnicity,B: Irish,Total,2630
Gynaecology Service,Ethnicity,C: Any other white background,Unknown Clock Start,225
Gynaecology Service,Ethnicity,C: Any other white background,01 To 18 Weeks,23430
Gynaecology Service,Ethnicity,C: Any other white background,18 To 52 Weeks,16900
Gynaecology Service,Ethnicity,C: Any other white background,Over 52 Weeks,1305
Gynaecology Service,Ethnicity,C: Any other white background,Total,41860
Gynaecology Service,Ethnicity,D: White and Black Caribbean,Unknown Clock Start,40
Gynaecology Service,Ethnicity,D: White and Black Caribbean,01 To 18 Weeks,1800
Gynaecology Service,Ethnicity,D: White and Black Caribbean,18 To 52 Weeks,1315
Gynaecology Service,Ethnicity,D: White and Black Caribbean,Over 52 Weeks,105
Gynaecology Service,Ethnicity,D: White and Black Caribbean,Total,3260
Gynaecology Service,Ethnicity,E: White and Black African,Unknown Clock Start,20
Gynaecology Service,Ethnicity,E: White and Black African,01 To 18 Weeks,920
Gynaecology Service,Ethnicity,E: White and Black African,18 To 52 Weeks,710
Gynaecology Service,Ethnicity,E: White and Black African,Over 52 Weeks,45
Gynaecology Service,Ethnicity,E: White and Black African,Total,1695
Gynaecology Service,Ethnicity,F: White and Asian,Unknown Clock Start,20
Gynaecology Service,Ethnicity,F: White and Asian,01 To 18 Weeks,1040
Gynaecology Service,Ethnicity,F: White and Asian,18 To 52 Weeks,780
Gynaecology Service,Ethnicity,F: White and Asian,Over 52 Weeks,75
Gynaecology Service,Ethnicity,F: White and Asian,Total,1915
Gynaecology Service,Ethnicity,G: Any other mixed background,Unknown Clock Start,30
Gynaecology Service,Ethnicity,G: Any other mixed background,01 To 18 Weeks,2750
Gynaecology Service,Ethnicity,G: Any other mixed background,18 To 52 Weeks,2035
Gynaecology Service,Ethnicity,G: Any other mixed background,Over 52 Weeks,180
Gynaecology Service,Ethnicity,G: Any other mixed background,Total,4995
Gynaecology Service,Ethnicity,H: Indian,Unknown Clock Start,135
Gynaecology Service,Ethnicity,H: Indian,01 To 18 Weeks,9505
Gynaecology Service,Ethnicity,H: Indian,18 To 52 Weeks,6970
Gynaecology Service,Ethnicity,H: Indian,Over 52 Weeks,465
Gynaecology Service,Ethnicity,H: Indian,Total,17075
Gynaecology Service,Ethnicity,J: Pakistani,Unknown Clock Start,470
Gynaecology Service,Ethnicity,J: Pakistani,01 To 18 Weeks,9745
Gynaecology Service,Ethnicity,J: Pakistani,18 To 52 Weeks,7155
Gynaecology Service,Ethnicity,J: Pakistani,Over 52 Weeks,505
Gynaecology Service,Ethnicity,J: Pakistani,Total,17875
Gynaecology Service,Ethnicity,K: Bangladeshi,Unknown Clock Start,90
Gynaecology Service,Ethnicity,K: Bangladeshi,01 To 18 Weeks,3780
Gynaecology Service,Ethnicity,K: Bangladeshi,18 To 52 Weeks,2650
Gynaecology Service,Ethnicity,K: Bangladeshi,Over 52 Weeks,175
Gynaecology Service,Ethnicity,K: Bangladeshi,Total,6695
Gynaecology Service,Ethnicity,L: Any other Asian background,Unknown Clock Start,130
Gynaecology Service,Ethnicity,L: Any other Asian background,01 To 18 Weeks,7750
Gynaecology Service,Ethnicity,L: Any other Asian background,18 To 52 Weeks,5555
Gynaecology Service,Ethnicity,L: Any other Asian background,Over 52 Weeks,400
Gynaecology Service,Ethnicity,L: Any other Asian background,Total,13830
Gynaecology Service,Ethnicity,M: Caribbean,Unknown Clock Start,80
Gynaecology Service,Ethnicity,M: Caribbean,01 To 18 Weeks,4675
Gynaecology Service,Ethnicity,M: Caribbean,18 To 52 Weeks,3335
Gynaecology Service,Ethnicity,M: Caribbean,Over 52 Weeks,255
Gynaecology Service,Ethnicity,M: Caribbean,Total,8340
Gynaecology Service,Ethnicity,N: African,Unknown Clock Start,110
Gynaecology Service,Ethnicity,N: African,01 To 18 Weeks,10405
Gynaecology Service,Ethnicity,N: African,18 To 52 Weeks,7715
Gynaecology Service,Ethnicity,N: African,Over 52 Weeks,685
Gynaecology Service,Ethnicity,N: African,Total,18915
Gynaecology Service,Ethnicity,P: Any other Black background,Unknown Clock Start,40
Gynaecology Service,Ethnicity,P: Any other Black background,01 To 18 Weeks,4120
Gynaecology Service,Ethnicity,P: Any other Black background,18 To 52 Weeks,3120
Gynaecology Service,Ethnicity,P: Any other Black background,Over 52 Weeks,265
Gynaecology Service,Ethnicity,P: Any other Black background,Total,7545
Gynaecology Service,Ethnicity,R: Chinese,Unknown Clock Start,30
Gynaecology Service,Ethnicity,R: Chinese,01 To 18 Weeks,1615
Gynaecology Service,Ethnicity,R: Chinese,18 To 52 Weeks,1095
Gynaecology Service,Ethnicity,R: Chinese,Over 52 Weeks,90
Gynaecology Service,Ethnicity,R: Chinese,Total,2830
Gynaecology Service,Ethnicity,S: Any other ethnic group,Unknown Clock Start,45
Gynaecology Service,Ethnicity,S: Any other ethnic group,01 To 18 Weeks,4150
Gynaecology Service,Ethnicity,S: Any other ethnic group,18 To 52 Weeks,2915
Gynaecology Service,Ethnicity,S: Any other ethnic group,Over 52 Weeks,230
Gynaecology Service,Ethnicity,S: Any other ethnic group,Total,7340
Gynaecology Service,Ethnicity,Z: Not stated,Unknown Clock Start,690
Gynaecology Service,Ethnicity,Z: Not stated,01 To 18 Weeks,14920
Gynaecology Service,Ethnicity,Z: Not stated,18 To 52 Weeks,9555
Gynaecology Service,Ethnicity,Z: Not stated,Over 52 Weeks,750
Gynaecology Service,Ethnicity,Z: Not stated,Total,25910
Gynaecology Service,IMD,1,Unknown Clock Start,1245
Gynaecology Service,IMD,1,01 To 18 Weeks,35250
Gynaecology Service,IMD,1,18 To 52 Weeks,26920
Gynaecology Service,IMD,1,Over 52 Weeks,2750
Gynaecology Service,IMD,1,Total,66160
Gynaecology Service,IMD,10,Unknown Clock Start,225
Gynaecology Service,IMD,10,01 To 18 Weeks,24750
Gynaecology Service,IMD,10,18 To 52 Weeks,16835
Gynaecology Service,IMD,10,Over 52 Weeks,1295
Gynaecology Service,IMD,10,Total,43105
Gynaecology Service,IMD,2,Unknown Clock Start,775
Gynaecology Service,IMD,2,01 To 18 Weeks,35410
Gynaecology Service,IMD,2,18 To 52 Weeks,25390
Gynaecology Service,IMD,2,Over 52 Weeks,2155
Gynaecology Service,IMD,2,Total,63730
Gynaecology Service,IMD,3,Unknown Clock Start,595
Gynaecology Service,IMD,3,01 To 18 Weeks,34625
Gynaecology Service,IMD,3,18 To 52 Weeks,24650
Gynaecology Service,IMD,3,Over 52 Weeks,1950
Gynaecology Service,IMD,3,Total,61825
Gynaecology Service,IMD,4,Unknown Clock Start,585
Gynaecology Service,IMD,4,01 To 18 Weeks,33115
Gynaecology Service,IMD,4,18 To 52 Weeks,23190
Gynaecology Service,IMD,4,Over 52 Weeks,1975
Gynaecology Service,IMD,4,Total,58865
Gynaecology Service,IMD,5,Unknown Clock Start,495
Gynaecology Service,IMD,5,01 To 18 Weeks,31075
Gynaecology Service,IMD,5,18 To 52 Weeks,22405
Gynaecology Service,IMD,5,Over 52 Weeks,1870
Gynaecology Service,IMD,5,Total,55850
Gynaecology Service,IMD,6,Unknown Clock Start,490
Gynaecology Service,IMD,6,01 To 18 Weeks,30195
Gynaecology Service,IMD,6,18 To 52 Weeks,21330
Gynaecology Service,IMD,6,Over 52 Weeks,1765
Gynaecology Service,IMD,6,Total,53780
Gynaecology Service,IMD,7,Unknown Clock Start,435
Gynaecology Service,IMD,7,01 To 18 Weeks,29120
Gynaecology Service,IMD,7,18 To 52 Weeks,20425
Gynaecology Service,IMD,7,Over 52 Weeks,1700
Gynaecology Service,IMD,7,Total,51685
Gynaecology Service,IMD,8,Unknown Clock Start,325
Gynaecology Service,IMD,8,01 To 18 Weeks,28665
Gynaecology Service,IMD,8,18 To 52 Weeks,20365
Gynaecology Service,IMD,8,Over 52 Weeks,1610
Gynaecology Service,IMD,8,Total,50965
Gynaecology Service,IMD,9,Unknown Clock Start,355
Gynaecology Service,IMD,9,01 To 18 Weeks,27205
Gynaecology Service,IMD,9,18 To 52 Weeks,18810
Gynaecology Service,IMD,9,Over 52 Weeks,1510
Gynaecology Service,IMD,9,Total,47875
Gynaecology Service,Sex,Female,Unknown Clock Start,5835
Gynaecology Service,Sex,Female,01 To 18 Weeks,289350
Gynaecology Service,Sex,Female,18 To 52 Weeks,209805
Gynaecology Service,Sex,Female,Over 52 Weeks,17685
Gynaecology Service,Sex,Female,Total,522670
Gynaecology Service,Sex,Male,Unknown Clock Start,15
Gynaecology Service,Sex,Male,01 To 18 Weeks,4135
Gynaecology Service,Sex,Male,18 To 52 Weeks,1560
Gynaecology Service,Sex,Male,Over 52 Weeks,75
Gynaecology Service,Sex,Male,Total,5780
Neurology Service,Age,0-18 Years,Unknown Clock Start,10
Neurology Service,Age,0-18 Years,01 To 18 Weeks,3980
Neurology Service,Age,0-18 Years,18 To 52 Weeks,2400
Neurology Service,Age,0-18 Years,Over 52 Weeks,115
Neurology Service,Age,0-18 Years,Total,6510
Neurology Service,Age,19-64 Years,Unknown Clock Start,110
Neurology Service,Age,19-64 Years,01 To 18 Weeks,83100
Neurology Service,Age,19-64 Years,18 To 52 Weeks,60380
Neurology Service,Age,19-64 Years,Over 52 Weeks,4050
Neurology Service,Age,19-64 Years,Total,147635
Neurology Service,Age,Over 65 Years,Unknown Clock Start,65
Neurology Service,Age,Over 65 Years,01 To 18 Weeks,34890
Neurology Service,Age,Over 65 Years,18 To 52 Weeks,25215
Neurology Service,Age,Over 65 Years,Over 52 Weeks,1730
Neurology Service,Age,Over 65 Years,Total,61905
Neurology Service,Ethnicity,99: Not known,Unknown Clock Start,*
Neurology Service,Ethnicity,99: Not known,01 To 18 Weeks,3920
Neurology Service,Ethnicity,99: Not known,18 To 52 Weeks,2285
Neurology Service,Ethnicity,99: Not known,Over 52 Weeks,175
Neurology Service,Ethnicity,99: Not known,Total,6385
Neurology Service,Ethnicity,A: British,Unknown Clock Start,130
Neurology Service,Ethnicity,A: British,01 To 18 Weeks,88135
Neurology Service,Ethnicity,A: British,18 To 52 Weeks,62575
Neurology Service,Ethnicity,A: British,Over 52 Weeks,4260
Neurology Service,Ethnicity,A: British,Total,155100
Neurology Service,Ethnicity,B: Irish,Unknown Clock Start,*
Neurology Service,Ethnicity,B: Irish,01 To 18 Weeks,750
Neurology Service,Ethnicity,B: Irish,18 To 52 Weeks,555
Neurology Service,Ethnicity,B: Irish,Over 52 Weeks,30
Neurology Service,Ethnicity,B: Irish,Total,1335
Neurology Service,Ethnicity,C: Any other white background,Unknown Clock Start,15
Neurology Service,Ethnicity,C: Any other white background,01 To 18 Weeks,7525
Neurology Service,Ethnicity,C: Any other white background,18 To 52 Weeks,5895
Neurology Service,Ethnicity,C: Any other white background,Over 52 Weeks,375
Neurology Service,Ethnicity,C: Any other white background,Total,13810
Neurology Service,Ethnicity,D: White and Black Caribbean,Unknown Clock Start,*
Neurology Service,Ethnicity,D: White and Black Caribbean,01 To 18 Weeks,555
Neurology Service,Ethnicity,D: White and Black Caribbean,18 To 52 Weeks,410
Neurology Service,Ethnicity,D: White and Black Caribbean,Over 52 Weeks,25
Neurology Service,Ethnicity,D: White and Black Caribbean,Total,990
Neurology Service,Ethnicity,E: White and Black African,Unknown Clock Start,*
Neurology Service,Ethnicity,E: White and Black African,01 To 18 Weeks,260
Neurology Service,Ethnicity,E: White and Black African,18 To 52 Weeks,200
Neurology Service,Ethnicity,E: White and Black African,Over 52 Weeks,10
Neurology Service,Ethnicity,E: White and Black African,Total,465
Neurology Service,Ethnicity,F: White and Asian,Unknown Clock Start,*
Neurology Service,Ethnicity,F: White and Asian,01 To 18 Weeks,345
Neurology Service,Ethnicity,F: White and Asian,18 To 52 Weeks,275
Neurology Service,Ethnicity,F: White and Asian,Over 52 Weeks,25
Neurology Service,Ethnicity,F: White and Asian,Total,650
Neurology Service,Ethnicity,G: Any other mixed background,01 To 18 Weeks,895
Neurology Service,Ethnicity,G: Any other mixed background,18 To 52 Weeks,685
Neurology Service,Ethnicity,G: Any other mixed background,Over 52 Weeks,45
Neurology Service,Ethnicity,G: Any other mixed background,Total,1620
Neurology Service,Ethnicity,H: Indian,Unknown Clock Start,*
Neurology Service,Ethnicity,H: Indian,01 To 18 Weeks,3220
Neurology Service,Ethnicity,H: Indian,18 To 52 Weeks,2415
Neurology Service,Ethnicity,H: Indian,Over 52 Weeks,120
Neurology Service,Ethnicity,H: Indian,Total,5760
Neurology Service,Ethnicity,J: Pakistani,01 To 18 Weeks,3120
Neurology Service,Ethnicity,J: Pakistani,18 To 52 Weeks,2245
Neurology Service,Ethnicity,J: Pakistani,Over 52 Weeks,145
Neurology Service,Ethnicity,J: Pakistani,Total,5505
Neurology Service,Ethnicity,K: Bangladeshi,01 To 18 Weeks,1070
Neurology Service,Ethnicity,K: Bangladeshi,18 To 52 Weeks,865
Neurology Service,Ethnicity,K: Bangladeshi,Over 52 Weeks,50
Neurology Service,Ethnicity,K: Bangladeshi,Total,1985
Neurology Service,Ethnicity,L: Any other Asian background,Unknown Clock Start,*
Neurology Service,Ethnicity,L: Any other Asian background,01 To 18 Weeks,2765
Neurology Service,Ethnicity,L: Any other Asian background,18 To 52 Weeks,2105
Neurology Service,Ethnicity,L: Any other Asian background,Over 52 Weeks,105
Neurology Service,Ethnicity,L: Any other Asian background,Total,4980
Neurology Service,Ethnicity,M: Caribbean,Unknown Clock Start,*
Neurology Service,Ethnicity,M: Caribbean,01 To 18 Weeks,1635
Neurology Service,Ethnicity,M: Caribbean,18 To 52 Weeks,1140
Neurology Service,Ethnicity,M: Caribbean,Over 52 Weeks,70
Neurology Service,Ethnicity,M: Caribbean,Total,2850
Neurology Service,Ethnicity,N: African,Unknown Clock Start,*
Neurology Service,Ethnicity,N: African,01 To 18 Weeks,2430
Neurology Service,Ethnicity,N: African,18 To 52 Weeks,1725
Neurology Service,Ethnicity,N: African,Over 52 Weeks,105
Neurology Service,Ethnicity,N: African,Total,4260
Neurology Service,Ethnicity,P: Any other Black background,Unknown Clock Start,*
Neurology Service,Ethnicity,P: Any other Black background,01 To 18 Weeks,1270
Neurology Service,Ethnicity,P: Any other Black background,18 To 52 Weeks,840
Neurology Service,Ethnicity,P: Any other Black background,Over 52 Weeks,55
Neurology Service,Ethnicity,P: Any other Black background,Total,2165
Neurology Service,Ethnicity,R: Chinese,Unknown Clock Start,*
Neurology Service,Ethnicity,R: Chinese,01 To 18 Weeks,385
Neurology Service,Ethnicity,R: Chinese,18 To 52 Weeks,290
Neurology Service,Ethnicity,R: Chinese,Over 52 Weeks,25
Neurology Service,Ethnicity,R: Chinese,Total,700
Neurology Service,Ethnicity,S: Any other ethnic group,Unknown Clock Start,*
Neurology Service,Ethnicity,S: Any other ethnic group,01 To 18 Weeks,1350
Neurology Service,Ethnicity,S: Any other ethnic group,18 To 52 Weeks,960
Neurology Service,Ethnicity,S: Any other ethnic group,Over 52 Weeks,70
Neurology Service,Ethnicity,S: Any other ethnic group,Total,2385
Neurology Service,Ethnicity,Z: Not stated,Unknown Clock Start,*
Neurology Service,Ethnicity,Z: Not stated,01 To 18 Weeks,5070
Neurology Service,Ethnicity,Z: Not stated,18 To 52 Weeks,3495
Neurology Service,Ethnicity,Z: Not stated,Over 52 Weeks,210
Neurology Service,Ethnicity,Z: Not stated,Total,8785
Neurology Service,IMD,1,Unknown Clock Start,*
Neurology Service,IMD,1,01 To 18 Weeks,13290
Neurology Service,IMD,1,18 To 52 Weeks,9265
Neurology Service,IMD,1,Over 52 Weeks,730
Neurology Service,IMD,1,Total,23280
Neurology Service,IMD,10,Unknown Clock Start,50
Neurology Service,IMD,10,01 To 18 Weeks,10285
Neurology Service,IMD,10,18 To 52 Weeks,7590
Neurology Service,IMD,10,Over 52 Weeks,535
Neurology Service,IMD,10,Total,18460
Neurology Service,IMD,2,Unknown Clock Start,*
Neurology Service,IMD,2,01 To 18 Weeks,13010
Neurology Service,IMD,2,18 To 52 Weeks,9240
Neurology Service,IMD,2,Over 52 Weeks,610
Neurology Service,IMD,2,Total,22870
Neurology Service,IMD,3,Unknown Clock Start,10
Neurology Service,IMD,3,01 To 18 Weeks,12875
Neurology Service,IMD,3,18 To 52 Weeks,9340
Neurology Service,IMD,3,Over 52 Weeks,635
Neurology Service,IMD,3,Total,22855
Neurology Service,IMD,4,Unknown Clock Start,20
Neurology Service,IMD,4,01 To 18 Weeks,13105
Neurology Service,IMD,4,18 To 52 Weeks,9370
Neurology Service,IMD,4,Over 52 Weeks,600
Neurology Service,IMD,4,Total,23095
Neurology Service,IMD,5,Unknown Clock Start,*
Neurology Service,IMD,5,01 To 18 Weeks,12245
Neurology Service,IMD,5,18 To 52 Weeks,8925
Neurology Service,IMD,5,Over 52 Weeks,540
Neurology Service,IMD,5,Total,21715
Neurology Service,IMD,6,Unknown Clock Start,15
Neurology Service,IMD,6,01 To 18 Weeks,11890
Neurology Service,IMD,6,18 To 52 Weeks,8670
Neurology Service,IMD,6,Over 52 Weeks,515
Neurology Service,IMD,6,Total,21090
Neurology Service,IMD,7,Unknown Clock Start,25
Neurology Service,IMD,7,01 To 18 Weeks,11620
Neurology Service,IMD,7,18 To 52 Weeks,8165
Neurology Service,IMD,7,Over 52 Weeks,520
Neurology Service,IMD,7,Total,20335
Neurology Service,IMD,8,Unknown Clock Start,15
Neurology Service,IMD,8,01 To 18 Weeks,11305
Neurology Service,IMD,8,18 To 52 Weeks,8205
Neurology Service,IMD,8,Over 52 Weeks,605
Neurology Service,IMD,8,Total,20130
Neurology Service,IMD,9,Unknown Clock Start,35
Neurology Service,IMD,9,01 To 18 Weeks,10735
Neurology Service,IMD,9,18 To 52 Weeks,7605
Neurology Service,IMD,9,Over 52 Weeks,470
Neurology Service,IMD,9,Total,18845
Neurology Service,Sex,Female,Unknown Clock Start,90
Neurology Service,Sex,Female,01 To 18 Weeks,68375
Neurology Service,Sex,Female,18 To 52 Weeks,50235
Neurology Service,Sex,Female,Over 52 Weeks,3560
Neurology Service,Sex,Female,Total,122260
Neurology Service,Sex,Male,Unknown Clock Start,95
Neurology Service,Sex,Male,01 To 18 Weeks,49110
Neurology Service,Sex,Male,18 To 52 Weeks,34310
Neurology Service,Sex,Male,Over 52 Weeks,2250
Neurology Service,Sex,Male,Total,85760
Neurosurgical Service,Age,0-18 Years,Unknown Clock Start,*
Neurosurgical Service,Age,0-18 Years,01 To 18 Weeks,855
Neurosurgical Service,Age,0-18 Years,18 To 52 Weeks,500
Neurosurgical Service,Age,0-18 Years,Over 52 Weeks,50
Neurosurgical Service,Age,0-18 Years,Total,1410
Neurosurgical Service,Age,19-64 Years,Unknown Clock Start,15
Neurosurgical Service,Age,19-64 Years,01 To 18 Weeks,19880
Neurosurgical Service,Age,19-64 Years,18 To 52 Weeks,13135
Neurosurgical Service,Age,19-64 Years,Over 52 Weeks,795
Neurosurgical Service,Age,19-64 Years,Total,33825
Neurosurgical Service,Age,Over 65 Years,Unknown Clock Start,*
Neurosurgical Service,Age,Over 65 Years,01 To 18 Weeks,11510
Neurosurgical Service,Age,Over 65 Years,18 To 52 Weeks,7035
Neurosurgical Service,Age,Over 65 Years,Over 52 Weeks,415
Neurosurgical Service,Age,Over 65 Years,Total,18960
Neurosurgical Service,Ethnicity,99: Not known,Unknown Clock Start,*
Neurosurgical Service,Ethnicity,99: Not known,01 To 18 Weeks,680
Neurosurgical Service,Ethnicity,99: Not known,18 To 52 Weeks,390
Neurosurgical Service,Ethnicity,99: Not known,Over 52 Weeks,30
Neurosurgical Service,Ethnicity,99: Not known,Total,1105
Neurosurgical Service,Ethnicity,A: British,Unknown Clock Start,20
Neurosurgical Service,Ethnicity,A: British,01 To 18 Weeks,23115
Neurosurgical Service,Ethnicity,A: British,18 To 52 Weeks,13940
Neurosurgical Service,Ethnicity,A: British,Over 52 Weeks,750
Neurosurgical Service,Ethnicity,A: British,Total,37825
Neurosurgical Service,Ethnicity,B: Irish,01 To 18 Weeks,215
Neurosurgical Service,Ethnicity,B: Irish,18 To 52 Weeks,150
Neurosurgical Service,Ethnicity,B: Irish,Over 52 Weeks,*
Neurosurgical Service,Ethnicity,B: Irish,Total,375
Neurosurgical Service,Ethnicity,C: Any other white background,Unknown Clock Start,*
Neurosurgical Service,Ethnicity,C: Any other white background,01 To 18 Weeks,2235
Neurosurgical Service,Ethnicity,C: Any other white background,18 To 52 Weeks,1630
Neurosurgical Service,Ethnicity,C: Any other white background,Over 52 Weeks,130
Neurosurgical Service,Ethnicity,C: Any other white background,Total,4000
Neurosurgical Service,Ethnicity,D: White and Black Caribbean,01 To 18 Weeks,105
Neurosurgical Service,Ethnicity,D: White and Black Caribbean,18 To 52 Weeks,70
Neurosurgical Service,Ethnicity,D: White and Black Caribbean,Over 52 Weeks,*
Neurosurgical Service,Ethnicity,D: White and Black Caribbean,Total,180
Neurosurgical Service,Ethnicity,E: White and Black African,01 To 18 Weeks,65
Neurosurgical Service,Ethnicity,E: White and Black African,18 To 52 Weeks,40
Neurosurgical Service,Ethnicity,E: White and Black African,Over 52 Weeks,*
Neurosurgical Service,Ethnicity,E: White and Black African,Total,110
Neurosurgical Service,Ethnicity,F: White and Asian,01 To 18 Weeks,95
Neurosurgical Service,Ethnicity,F: White and Asian,18 To 52 Weeks,55
Neurosurgical Service,Ethnicity,F: White and Asian,Over 52 Weeks,*
Neurosurgical Service,Ethnicity,F: White and Asian,Total,155
Neurosurgical Service,Ethnicity,G: Any other mixed background,01 To 18 Weeks,215
Neurosurgical Service,Ethnicity,G: Any other mixed background,18 To 52 Weeks,165
Neurosurgical Service,Ethnicity,G: Any other mixed background,Over 52 Weeks,10
Neurosurgical Service,Ethnicity,G: Any other mixed background,Total,390
Neurosurgical Service,Ethnicity,H: Indian,01 To 18 Weeks,1015
Neurosurgical Service,Ethnicity,H: Indian,18 To 52 Weeks,665
Neurosurgical Service,Ethnicity,H: Indian,Over 52 Weeks,55
Neurosurgical Service,Ethnicity,H: Indian,Total,1735
Neurosurgical Service,Ethnicity,J: Pakistani,Unknown Clock Start,*
Neurosurgical Service,Ethnicity,J: Pakistani,01 To 18 Weeks,815
Neurosurgical Service,Ethnicity,J: Pakistani,18 To 52 Weeks,570
Neurosurgical Service,Ethnicity,J: Pakistani,Over 52 Weeks,35
Neurosurgical Service,Ethnicity,J: Pakistani,Total,1420
Neurosurgical Service,Ethnicity,K: Bangladeshi,01 To 18 Weeks,350
Neurosurgical Service,Ethnicity,K: Bangladeshi,18 To 52 Weeks,255
Neurosurgical Service,Ethnicity,K: Bangladeshi,Over 52 Weeks,15
Neurosurgical Service,Ethnicity,K: Bangladeshi,Total,620
Neurosurgical Service,Ethnicity,L: Any other Asian background,Unknown Clock Start,*
Neurosurgical Service,Ethnicity,L: Any other Asian background,01 To 18 Weeks,905
Neurosurgical Service,Ethnicity,L: Any other Asian background,18 To 52 Weeks,675
Neurosurgical Service,Ethnicity,L: Any other Asian background,Over 52 Weeks,55
Neurosurgical Service,Ethnicity,L: Any other Asian background,Total,1635
Neurosurgical Service,Ethnicity,M: Caribbean,01 To 18 Weeks,435
Neurosurgical Service,Ethnicity,M: Caribbean,18 To 52 Weeks,360
Neurosurgical Service,Ethnicity,M: Caribbean,Over 52 Weeks,30
Neurosurgical Service,Ethnicity,M: Caribbean,Total,825
Neurosurgical Service,Ethnicity,N: African,01 To 18 Weeks,695
Neurosurgical Service,Ethnicity,N: African,18 To 52 Weeks,515
Neurosurgical Service,Ethnicity,N: African,Over 52 Weeks,30
Neurosurgical Service,Ethnicity,N: African,Total,1235
Neurosurgical Service,Ethnicity,P: Any other Black background,01 To 18 Weeks,320
Neurosurgical Service,Ethnicity,P: Any other Black background,18 To 52 Weeks,220
Neurosurgical Service,Ethnicity,P: Any other Black background,Over 52 Weeks,25
Neurosurgical Service,Ethnicity,P: Any other Black background,Total,570
Neurosurgical Service,Ethnicity,R: Chinese,01 To 18 Weeks,135
Neurosurgical Service,Ethnicity,R: Chinese,18 To 52 Weeks,130
Neurosurgical Service,Ethnicity,R: Chinese,Over 52 Weeks,10
Neurosurgical Service,Ethnicity,R: Chinese,Total,275
Neurosurgical Service,Ethnicity,S: Any other ethnic group,01 To 18 Weeks,315
Neurosurgical Service,Ethnicity,S: Any other ethnic group,18 To 52 Weeks,250
Neurosurgical Service,Ethnicity,S: Any other ethnic group,Over 52 Weeks,25
Neurosurgical Service,Ethnicity,S: Any other ethnic group,Total,590
Neurosurgical Service,Ethnicity,Z: Not stated,01 To 18 Weeks,1270
Neurosurgical Service,Ethnicity,Z: Not stated,18 To 52 Weeks,675
Neurosurgical Service,Ethnicity,Z: Not stated,Over 52 Weeks,50
Neurosurgical Service,Ethnicity,Z: Not stated,Total,1995
Neurosurgical Service,IMD,1,Unknown Clock Start,*
Neurosurgical Service,IMD,1,01 To 18 Weeks,3760
Neurosurgical Service,IMD,1,18 To 52 Weeks,2390
Neurosurgical Service,IMD,1,Over 52 Weeks,120
Neurosurgical Service,IMD,1,Total,6270
Neurosurgical Service,IMD,10,Unknown Clock Start,*
Neurosurgical Service,IMD,10,01 To 18 Weeks,2595
Neurosurgical Service,IMD,10,18 To 52 Weeks,1530
Neurosurgical Service,IMD,10,Over 52 Weeks,110
Neurosurgical Service,IMD,10,Total,4235
Neurosurgical Service,IMD,2,Unknown Clock Start,*
Neurosurgical Service,IMD,2,01 To 18 Weeks,3535
Neurosurgical Service,IMD,2,18 To 52 Weeks,2315
Neurosurgical Service,IMD,2,Over 52 Weeks,120
Neurosurgical Service,IMD,2,Total,5970
Neurosurgical Service,IMD,3,Unknown Clock Start,*
Neurosurgical Service,IMD,3,01 To 18 Weeks,3565
Neurosurgical Service,IMD,3,18 To 52 Weeks,2325
Neurosurgical Service,IMD,3,Over 52 Weeks,155
Neurosurgical Service,IMD,3,Total,6050
Neurosurgical Service,IMD,4,Unknown Clock Start,*
Neurosurgical Service,IMD,4,01 To 18 Weeks,3305
Neurosurgical Service,IMD,4,18 To 52 Weeks,2175
Neurosurgical Service,IMD,4,Over 52 Weeks,145
Neurosurgical Service,IMD,4,Total,5630
Neurosurgical Service,IMD,5,Unknown Clock Start,*
Neurosurgical Service,IMD,5,01 To 18 Weeks,3180
Neurosurgical Service,IMD,5,18 To 52 Weeks,2060
Neurosurgical Service,IMD,5,Over 52 Weeks,115
Neurosurgical Service,IMD,5,Total,5355
Neurosurgical Service,IMD,6,Unknown Clock Start,*
Neurosurgical Service,IMD,6,01 To 18 Weeks,3190
Neurosurgical Service,IMD,6,18 To 52 Weeks,1920
Neurosurgical Service,IMD,6,Over 52 Weeks,150
Neurosurgical Service,IMD,6,Total,5260
Neurosurgical Service,IMD,7,Unknown Clock Start,*
Neurosurgical Service,IMD,7,01 To 18 Weeks,3185
Neurosurgical Service,IMD,7,18 To 52 Weeks,1900
Neurosurgical Service,IMD,7,Over 52 Weeks,115
Neurosurgical Service,IMD,7,Total,5205
Neurosurgical Service,IMD,8,Unknown Clock Start,*
Neurosurgical Service,IMD,8,01 To 18 Weeks,3030
Neurosurgical Service,IMD,8,18 To 52 Weeks,1900
Neurosurgical Service,IMD,8,Over 52 Weeks,115
Neurosurgical Service,IMD,8,Total,5050
Neurosurgical Service,IMD,9,Unknown Clock Start,*
Neurosurgical Service,IMD,9,01 To 18 Weeks,2855
Neurosurgical Service,IMD,9,18 To 52 Weeks,1780
Neurosurgical Service,IMD,9,Over 52 Weeks,95
Neurosurgical Service,IMD,9,Total,4730
Neurosurgical Service,Sex,Female,Unknown Clock Start,15
Neurosurgical Service,Sex,Female,01 To 18 Weeks,17360
Neurosurgical Service,Sex,Female,18 To 52 Weeks,11195
Neurosurgical Service,Sex,Female,Over 52 Weeks,650
Neurosurgical Service,Sex,Female,Total,29220
Neurosurgical Service,Sex,Male,Unknown Clock Start,10
Neurosurgical Service,Sex,Male,01 To 18 Weeks,13810
Neurosurgical Service,Sex,Male,18 To 52 Weeks,8680
Neurosurgical Service,Sex,Male,Over 52 Weeks,525
Neurosurgical Service,Sex,Male,Total,23030
Ophthalmology Service,Age,0-18 Years,Unknown Clock Start,35
Ophthalmology Service,Age,0-18 Years,01 To 18 Weeks,18675
Ophthalmology Service,Age,0-18 Years,18 To 52 Weeks,9315
Ophthalmology Service,Age,0-18 Years,Over 52 Weeks,240
Ophthalmology Service,Age,0-18 Years,Total,28265
Ophthalmology Service,Age,19-64 Years,Unknown Clock Start,255
Ophthalmology Service,Age,19-64 Years,01 To 18 Weeks,139240
Ophthalmology Service,Age,19-64 Years,18 To 52 Weeks,65335
Ophthalmology Service,Age,19-64 Years,Over 52 Weeks,2550
Ophthalmology Service,Age,19-64 Years,Total,207385
Ophthalmology Service,Age,Over 65 Years,Unknown Clock Start,335
Ophthalmology Service,Age,Over 65 Years,01 To 18 Weeks,250305
Ophthalmology Service,Age,Over 65 Years,18 To 52 Weeks,93320
Ophthalmology Service,Age,Over 65 Years,Over 52 Weeks,4080
Ophthalmology Service,Age,Over 65 Years,Total,348035
Ophthalmology Service,Ethnicity,99: Not known,Unknown Clock Start,15
Ophthalmology Service,Ethnicity,99: Not known,01 To 18 Weeks,16440
Ophthalmology Service,Ethnicity,99: Not known,18 To 52 Weeks,5885
Ophthalmology Service,Ethnicity,99: Not known,Over 52 Weeks,205
Ophthalmology Service,Ethnicity,99: Not known,Total,22545
Ophthalmology Service,Ethnicity,A: British,Unknown Clock Start,980
Ophthalmology Service,Ethnicity,A: British,01 To 18 Weeks,293090
Ophthalmology Service,Ethnicity,A: British,18 To 52 Weeks,120115
Ophthalmology Service,Ethnicity,A: British,Over 52 Weeks,5225
Ophthalmology Service,Ethnicity,A: British,Total,419405
Ophthalmology Service,Ethnicity,B: Irish,Unknown Clock Start,10
Ophthalmology Service,Ethnicity,B: Irish,01 To 18 Weeks,2690
Ophthalmology Service,Ethnicity,B: Irish,18 To 52 Weeks,1065
Ophthalmology Service,Ethnicity,B: Irish,Over 52 Weeks,45
Ophthalmology Service,Ethnicity,B: Irish,Total,3810
Ophthalmology Service,Ethnicity,C: Any other white background,Unknown Clock Start,60
Ophthalmology Service,Ethnicity,C: Any other white background,01 To 18 Weeks,17550
Ophthalmology Service,Ethnicity,C: Any other white background,18 To 52 Weeks,7510
Ophthalmology Service,Ethnicity,C: Any other white background,Over 52 Weeks,255
Ophthalmology Service,Ethnicity,C: Any other white background,Total,25375
Ophthalmology Service,Ethnicity,D: White and Black Caribbean,Unknown Clock Start,10
Ophthalmology Service,Ethnicity,D: White and Black Caribbean,01 To 18 Weeks,990
Ophthalmology Service,Ethnicity,D: White and Black Caribbean,18 To 52 Weeks,450
Ophthalmology Service,Ethnicity,D: White and Black Caribbean,Over 52 Weeks,10
Ophthalmology Service,Ethnicity,D: White and Black Caribbean,Total,1455
Ophthalmology Service,Ethnicity,E: White and Black African,Unknown Clock Start,*
Ophthalmology Service,Ethnicity,E: White and Black African,01 To 18 Weeks,705
Ophthalmology Service,Ethnicity,E: White and Black African,18 To 52 Weeks,310
Ophthalmology Service,Ethnicity,E: White and Black African,Over 52 Weeks,10
Ophthalmology Service,Ethnicity,E: White and Black African,Total,1030
Ophthalmology Service,Ethnicity,F: White and Asian,Unknown Clock Start,*
Ophthalmology Service,Ethnicity,F: White and Asian,01 To 18 Weeks,845
Ophthalmology Service,Ethnicity,F: White and Asian,18 To 52 Weeks,395
Ophthalmology Service,Ethnicity,F: White and Asian,Over 52 Weeks,15
Ophthalmology Service,Ethnicity,F: White and Asian,Total,1260
Ophthalmology Service,Ethnicity,G: Any other mixed background,Unknown Clock Start,10
Ophthalmology Service,Ethnicity,G: Any other mixed background,01 To 18 Weeks,2050
Ophthalmology Service,Ethnicity,G: Any other mixed background,18 To 52 Weeks,965
Ophthalmology Service,Ethnicity,G: Any other mixed background,Over 52 Weeks,40
Ophthalmology Service,Ethnicity,G: Any other mixed background,Total,3065
Ophthalmology Service,Ethnicity,H: Indian,Unknown Clock Start,40
Ophthalmology Service,Ethnicity,H: Indian,01 To 18 Weeks,12765
Ophthalmology Service,Ethnicity,H: Indian,18 To 52 Weeks,4905
Ophthalmology Service,Ethnicity,H: Indian,Over 52 Weeks,135
Ophthalmology Service,Ethnicity,H: Indian,Total,17845
Ophthalmology Service,Ethnicity,J: Pakistani,Unknown Clock Start,15
Ophthalmology Service,Ethnicity,J: Pakistani,01 To 18 Weeks,9600
Ophthalmology Service,Ethnicity,J: Pakistani,18 To 52 Weeks,4540
Ophthalmology Service,Ethnicity,J: Pakistani,Over 52 Weeks,155
Ophthalmology Service,Ethnicity,J: Pakistani,Total,14310
Ophthalmology Service,Ethnicity,K: Bangladeshi,Unknown Clock Start,10
Ophthalmology Service,Ethnicity,K: Bangladeshi,01 To 18 Weeks,3515
Ophthalmology Service,Ethnicity,K: Bangladeshi,18 To 52 Weeks,1325
Ophthalmology Service,Ethnicity,K: Bangladeshi,Over 52 Weeks,40
Ophthalmology Service,Ethnicity,K: Bangladeshi,Total,4890
Ophthalmology Service,Ethnicity,L: Any other Asian background,Unknown Clock Start,45
Ophthalmology Service,Ethnicity,L: Any other Asian background,01 To 18 Weeks,8280
Ophthalmology Service,Ethnicity,L: Any other Asian background,18 To 52 Weeks,3360
Ophthalmology Service,Ethnicity,L: Any other Asian background,Over 52 Weeks,115
Ophthalmology Service,Ethnicity,L: Any other Asian background,Total,11795
Ophthalmology Service,Ethnicity,M: Caribbean,Unknown Clock Start,15
Ophthalmology Service,Ethnicity,M: Caribbean,01 To 18 Weeks,5670
Ophthalmology Service,Ethnicity,M: Caribbean,18 To 52 Weeks,2010
Ophthalmology Service,Ethnicity,M: Caribbean,Over 52 Weeks,80
Ophthalmology Service,Ethnicity,M: Caribbean,Total,7775
Ophthalmology Service,Ethnicity,N: African,Unknown Clock Start,20
Ophthalmology Service,Ethnicity,N: African,01 To 18 Weeks,8850
Ophthalmology Service,Ethnicity,N: African,18 To 52 Weeks,3405
Ophthalmology Service,Ethnicity,N: African,Over 52 Weeks,135
Ophthalmology Service,Ethnicity,N: African,Total,12415
Ophthalmology Service,Ethnicity,P: Any other Black background,Unknown Clock Start,10
Ophthalmology Service,Ethnicity,P: Any other Black background,01 To 18 Weeks,3690
Ophthalmology Service,Ethnicity,P: Any other Black background,18 To 52 Weeks,1505
Ophthalmology Service,Ethnicity,P: Any other Black background,Over 52 Weeks,40
Ophthalmology Service,Ethnicity,P: Any other Black background,Total,5250
Ophthalmology Service,Ethnicity,R: Chinese,Unknown Clock Start,10
Ophthalmology Service,Ethnicity,R: Chinese,01 To 18 Weeks,2105
Ophthalmology Service,Ethnicity,R: Chinese,18 To 52 Weeks,840
Ophthalmology Service,Ethnicity,R: Chinese,Over 52 Weeks,35
Ophthalmology Service,Ethnicity,R: Chinese,Total,2985
Ophthalmology Service,Ethnicity,S: Any other ethnic group,Unknown Clock Start,20
Ophthalmology Service,Ethnicity,S: Any other ethnic group,01 To 18 Weeks,3625
Ophthalmology Service,Ethnicity,S: Any other ethnic group,18 To 52 Weeks,1520
Ophthalmology Service,Ethnicity,S: Any other ethnic group,Over 52 Weeks,50
Ophthalmology Service,Ethnicity,S: Any other ethnic group,Total,5215
Ophthalmology Service,Ethnicity,Z: Not stated,Unknown Clock Start,125
Ophthalmology Service,Ethnicity,Z: Not stated,01 To 18 Weeks,20185
Ophthalmology Service,Ethnicity,Z: Not stated,18 To 52 Weeks,8235
Ophthalmology Service,Ethnicity,Z: Not stated,Over 52 Weeks,280
Ophthalmology Service,Ethnicity,Z: Not stated,Total,28825
Ophthalmology Service,IMD,1,Unknown Clock Start,60
Ophthalmology Service,IMD,1,01 To 18 Weeks,36590
Ophthalmology Service,IMD,1,18 To 52 Weeks,16760
Ophthalmology Service,IMD,1,Over 52 Weeks,675
Ophthalmology Service,IMD,1,Total,54085
Ophthalmology Service,IMD,10,Unknown Clock Start,245
Ophthalmology Service,IMD,10,01 To 18 Weeks,40180
Ophthalmology Service,IMD,10,18 To 52 Weeks,15560
Ophthalmology Service,IMD,10,Over 52 Weeks,580
Ophthalmology Service,IMD,10,Total,56570
Ophthalmology Service,IMD,2,Unknown Clock Start,90
Ophthalmology Service,IMD,2,01 To 18 Weeks,38355
Ophthalmology Service,IMD,2,18 To 52 Weeks,15740
Ophthalmology Service,IMD,2,Over 52 Weeks,625
Ophthalmology Service,IMD,2,Total,54810
Ophthalmology Service,IMD,3,Unknown Clock Start,90
Ophthalmology Service,IMD,3,01 To 18 Weeks,39590
Ophthalmology Service,IMD,3,18 To 52 Weeks,15995
Ophthalmology Service,IMD,3,Over 52 Weeks,665
Ophthalmology Service,IMD,3,Total,56340
Ophthalmology Service,IMD,4,Unknown Clock Start,100
Ophthalmology Service,IMD,4,01 To 18 Weeks,40555
Ophthalmology Service,IMD,4,18 To 52 Weeks,16915
Ophthalmology Service,IMD,4,Over 52 Weeks,680
Ophthalmology Service,IMD,4,Total,58250
Ophthalmology Service,IMD,5,Unknown Clock Start,105
Ophthalmology Service,IMD,5,01 To 18 Weeks,40600
Ophthalmology Service,IMD,5,18 To 52 Weeks,16750
Ophthalmology Service,IMD,5,Over 52 Weeks,715
Ophthalmology Service,IMD,5,Total,58165
Ophthalmology Service,IMD,6,Unknown Clock Start,140
Ophthalmology Service,IMD,6,01 To 18 Weeks,41000
Ophthalmology Service,IMD,6,18 To 52 Weeks,16500
Ophthalmology Service,IMD,6,Over 52 Weeks,690
Ophthalmology Service,IMD,6,Total,58330
Ophthalmology Service,IMD,7,Unknown Clock Start,150
Ophthalmology Service,IMD,7,01 To 18 Weeks,41175
Ophthalmology Service,IMD,7,18 To 52 Weeks,16385
Ophthalmology Service,IMD,7,Over 52 Weeks,710
Ophthalmology Service,IMD,7,Total,58420
Ophthalmology Service,IMD,8,Unknown Clock Start,165
Ophthalmology Service,IMD,8,01 To 18 Weeks,41620
Ophthalmology Service,IMD,8,18 To 52 Weeks,16980
Ophthalmology Service,IMD,8,Over 52 Weeks,715
Ophthalmology Service,IMD,8,Total,59480
Ophthalmology Service,IMD,9,Unknown Clock Start,220
Ophthalmology Service,IMD,9,01 To 18 Weeks,40930
Ophthalmology Service,IMD,9,18 To 52 Weeks,16465
Ophthalmology Service,IMD,9,Over 52 Weeks,680
Ophthalmology Service,IMD,9,Total,58295
Ophthalmology Service,Sex,Female,Unknown Clock Start,775
Ophthalmology Service,Sex,Female,01 To 18 Weeks,214935
Ophthalmology Service,Sex,Female,18 To 52 Weeks,87845
Ophthalmology Service,Sex,Female,Over 52 Weeks,3495
Ophthalmology Service,Sex,Female,Total,307050
Ophthalmology Service,Sex,Male,Unknown Clock Start,615
Ophthalmology Service,Sex,Male,01 To 18 Weeks,174460
Ophthalmology Service,Sex,Male,18 To 52 Weeks,69245
Ophthalmology Service,Sex,Male,Over 52 Weeks,2645
Ophthalmology Service,Sex,Male,Total,246965
Oral Surgery Service,Age,0-18 Years,Unknown Clock Start,*
Oral Surgery Service,Age,0-18 Years,01 To 18 Weeks,16660
Oral Surgery Service,Age,0-18 Years,18 To 52 Weeks,17450
Oral Surgery Service,Age,0-18 Years,Over 52 Weeks,2020
Oral Surgery Service,Age,0-18 Years,Total,36130
Oral Surgery Service,Age,19-64 Years,Unknown Clock Start,35
Oral Surgery Service,Age,19-64 Years,01 To 18 Weeks,102280
Oral Surgery Service,Age,19-64 Years,18 To 52 Weeks,96825
Oral Surgery Service,Age,19-64 Years,Over 52 Weeks,9360
Oral Surgery Service,Age,19-64 Years,Total,208495
Oral Surgery Service,Age,Over 65 Years,Unknown Clock Start,25
Oral Surgery Service,Age,Over 65 Years,01 To 18 Weeks,36935
Oral Surgery Service,Age,Over 65 Years,18 To 52 Weeks,27920
Oral Surgery Service,Age,Over 65 Years,Over 52 Weeks,2395
Oral Surgery Service,Age,Over 65 Years,Total,67275
Oral Surgery Service,Ethnicity,99: Not known,Unknown Clock Start,*
Oral Surgery Service,Ethnicity,99: Not known,01 To 18 Weeks,5010
Oral Surgery Service,Ethnicity,99: Not known,18 To 52 Weeks,4150
Oral Surgery Service,Ethnicity,99: Not known,Over 52 Weeks,380
Oral Surgery Service,Ethnicity,99: Not known,Total,9540
Oral Surgery Service,Ethnicity,A: British,Unknown Clock Start,50
Oral Surgery Service,Ethnicity,A: British,01 To 18 Weeks,108380
Oral Surgery Service,Ethnicity,A: British,18 To 52 Weeks,100320
Oral Surgery Service,Ethnicity,A: British,Over 52 Weeks,10045
Oral Surgery Service,Ethnicity,A: British,Total,218800
Oral Surgery Service,Ethnicity,B: Irish,01 To 18 Weeks,715
Oral Surgery Service,Ethnicity,B: Irish,18 To 52 Weeks,640
Oral Surgery Service,Ethnicity,B: Irish,Over 52 Weeks,50
Oral Surgery Service,Ethnicity,B: Irish,Total,1410
Oral Surgery Service,Ethnicity,C: Any other white background,Unknown Clock Start,*
Oral Surgery Service,Ethnicity,C: Any other white background,01 To 18 Weeks,8095
Oral Surgery Service,Ethnicity,C: Any other white background,18 To 52 Weeks,7275
Oral Surgery Service,Ethnicity,C: Any other white background,Over 52 Weeks,680
Oral Surgery Service,Ethnicity,C: Any other white background,Total,16055
Oral Surgery Service,Ethnicity,D: White and Black Caribbean,01 To 18 Weeks,790
Oral Surgery Service,Ethnicity,D: White and Black Caribbean,18 To 52 Weeks,785
Oral Surgery Service,Ethnicity,D: White and Black Caribbean,Over 52 Weeks,65
Oral Surgery Service,Ethnicity,D: White and Black Caribbean,Total,1645
Oral Surgery Service,Ethnicity,E: White and Black African,01 To 18 Weeks,390
Oral Surgery Service,Ethnicity,E: White and Black African,18 To 52 Weeks,360
Oral Surgery Service,Ethnicity,E: White and Black African,Over 52 Weeks,45
Oral Surgery Service,Ethnicity,E: White and Black African,Total,795
Oral Surgery Service,Ethnicity,F: White and Asian,01 To 18 Weeks,560
Oral Surgery Service,Ethnicity,F: White and Asian,18 To 52 Weeks,560
Oral Surgery Service,Ethnicity,F: White and Asian,Over 52 Weeks,45
Oral Surgery Service,Ethnicity,F: White and Asian,Total,1165
Oral Surgery Service,Ethnicity,G: Any other mixed background,01 To 18 Weeks,1290
Oral Surgery Service,Ethnicity,G: Any other mixed background,18 To 52 Weeks,1195
Oral Surgery Service,Ethnicity,G: Any other mixed background,Over 52 Weeks,115
Oral Surgery Service,Ethnicity,G: Any other mixed background,Total,2600
Oral Surgery Service,Ethnicity,H: Indian,Unknown Clock Start,*
Oral Surgery Service,Ethnicity,H: Indian,01 To 18 Weeks,4650
Oral Surgery Service,Ethnicity,H: Indian,18 To 52 Weeks,4310
Oral Surgery Service,Ethnicity,H: Indian,Over 52 Weeks,370
Oral Surgery Service,Ethnicity,H: Indian,Total,9330
Oral Surgery Service,Ethnicity,J: Pakistani,Unknown Clock Start,*
Oral Surgery Service,Ethnicity,J: Pakistani,01 To 18 Weeks,4200
Oral Surgery Service,Ethnicity,J: Pakistani,18 To 52 Weeks,3785
Oral Surgery Service,Ethnicity,J: Pakistani,Over 52 Weeks,350
Oral Surgery Service,Ethnicity,J: Pakistani,Total,8335
Oral Surgery Service,Ethnicity,K: Bangladeshi,01 To 18 Weeks,1720
Oral Surgery Service,Ethnicity,K: Bangladeshi,18 To 52 Weeks,1395
Oral Surgery Service,Ethnicity,K: Bangladeshi,Over 52 Weeks,150
Oral Surgery Service,Ethnicity,K: Bangladeshi,Total,3260
Oral Surgery Service,Ethnicity,L: Any other Asian background,Unknown Clock Start,*
Oral Surgery Service,Ethnicity,L: Any other Asian background,01 To 18 Weeks,3380
Oral Surgery Service,Ethnicity,L: Any other Asian background,18 To 52 Weeks,2855
Oral Surgery Service,Ethnicity,L: Any other Asian background,Over 52 Weeks,250
Oral Surgery Service,Ethnicity,L: Any other Asian background,Total,6490
Oral Surgery Service,Ethnicity,M: Caribbean,01 To 18 Weeks,2225
Oral Surgery Service,Ethnicity,M: Caribbean,18 To 52 Weeks,1765
Oral Surgery Service,Ethnicity,M: Caribbean,Over 52 Weeks,120
Oral Surgery Service,Ethnicity,M: Caribbean,Total,4105
Oral Surgery Service,Ethnicity,N: African,01 To 18 Weeks,3155
Oral Surgery Service,Ethnicity,N: African,18 To 52 Weeks,2600
Oral Surgery Service,Ethnicity,N: African,Over 52 Weeks,220
Oral Surgery Service,Ethnicity,N: African,Total,5975
Oral Surgery Service,Ethnicity,P: Any other Black background,01 To 18 Weeks,1710
Oral Surgery Service,Ethnicity,P: Any other Black background,18 To 52 Weeks,1405
Oral Surgery Service,Ethnicity,P: Any other Black background,Over 52 Weeks,90
Oral Surgery Service,Ethnicity,P: Any other Black background,Total,3210
Oral Surgery Service,Ethnicity,R: Chinese,01 To 18 Weeks,740
Oral Surgery Service,Ethnicity,R: Chinese,18 To 52 Weeks,620
Oral Surgery Service,Ethnicity,R: Chinese,Over 52 Weeks,50
Oral Surgery Service,Ethnicity,R: Chinese,Total,1415
Oral Surgery Service,Ethnicity,S: Any other ethnic group,Unknown Clock Start,*
Oral Surgery Service,Ethnicity,S: Any other ethnic group,01 To 18 Weeks,1610
Oral Surgery Service,Ethnicity,S: Any other ethnic group,18 To 52 Weeks,1335
Oral Surgery Service,Ethnicity,S: Any other ethnic group,Over 52 Weeks,100
Oral Surgery Service,Ethnicity,S: Any other ethnic group,Total,3045
Oral Surgery Service,Ethnicity,Z: Not stated,Unknown Clock Start,*
Oral Surgery Service,Ethnicity,Z: Not stated,01 To 18 Weeks,8375
Oral Surgery Service,Ethnicity,Z: Not stated,18 To 52 Weeks,7195
Oral Surgery Service,Ethnicity,Z: Not stated,Over 52 Weeks,650
Oral Surgery Service,Ethnicity,Z: Not stated,Total,16225
Oral Surgery Service,IMD,1,Unknown Clock Start,*
Oral Surgery Service,IMD,1,01 To 18 Weeks,16545
Oral Surgery Service,IMD,1,18 To 52 Weeks,15610
Oral Surgery Service,IMD,1,Over 52 Weeks,1620
Oral Surgery Service,IMD,1,Total,33780
Oral Surgery Service,IMD,10,Unknown Clock Start,10
Oral Surgery Service,IMD,10,01 To 18 Weeks,12880
Oral Surgery Service,IMD,10,18 To 52 Weeks,12550
Oral Surgery Service,IMD,10,Over 52 Weeks,1175
Oral Surgery Service,IMD,10,Total,26620
Oral Surgery Service,IMD,2,Unknown Clock Start,10
Oral Surgery Service,IMD,2,01 To 18 Weeks,16620
Oral Surgery Service,IMD,2,18 To 52 Weeks,14255
Oral Surgery Service,IMD,2,Over 52 Weeks,1275
Oral Surgery Service,IMD,2,Total,32155
Oral Surgery Service,IMD,3,Unknown Clock Start,*
Oral Surgery Service,IMD,3,01 To 18 Weeks,16320
Oral Surgery Service,IMD,3,18 To 52 Weeks,14650
Oral Surgery Service,IMD,3,Over 52 Weeks,1345
Oral Surgery Service,IMD,3,Total,32325
Oral Surgery Service,IMD,4,Unknown Clock Start,*
Oral Surgery Service,IMD,4,01 To 18 Weeks,15630
Oral Surgery Service,IMD,4,18 To 52 Weeks,13990
Oral Surgery Service,IMD,4,Over 52 Weeks,1285
Oral Surgery Service,IMD,4,Total,30905
Oral Surgery Service,IMD,5,Unknown Clock Start,*
Oral Surgery Service,IMD,5,01 To 18 Weeks,15260
Oral Surgery Service,IMD,5,18 To 52 Weeks,13525
Oral Surgery Service,IMD,5,Over 52 Weeks,1370
Oral Surgery Service,IMD,5,Total,30155
Oral Surgery Service,IMD,6,Unknown Clock Start,10
Oral Surgery Service,IMD,6,01 To 18 Weeks,14970
Oral Surgery Service,IMD,6,18 To 52 Weeks,13375
Oral Surgery Service,IMD,6,Over 52 Weeks,1265
Oral Surgery Service,IMD,6,Total,29625
Oral Surgery Service,IMD,7,Unknown Clock Start,*
Oral Surgery Service,IMD,7,01 To 18 Weeks,14785
Oral Surgery Service,IMD,7,18 To 52 Weeks,13360
Oral Surgery Service,IMD,7,Over 52 Weeks,1295
Oral Surgery Service,IMD,7,Total,29445
Oral Surgery Service,IMD,8,Unknown Clock Start,*
Oral Surgery Service,IMD,8,01 To 18 Weeks,14550
Oral Surgery Service,IMD,8,18 To 52 Weeks,13540
Oral Surgery Service,IMD,8,Over 52 Weeks,1345
Oral Surgery Service,IMD,8,Total,29440
Oral Surgery Service,IMD,9,Unknown Clock Start,10
Oral Surgery Service,IMD,9,01 To 18 Weeks,13935
Oral Surgery Service,IMD,9,18 To 52 Weeks,12875
Oral Surgery Service,IMD,9,Over 52 Weeks,1375
Oral Surgery Service,IMD,9,Total,28190
Oral Surgery Service,Sex,Female,Unknown Clock Start,35
Oral Surgery Service,Sex,Female,01 To 18 Weeks,84975
Oral Surgery Service,Sex,Female,18 To 52 Weeks,80315
Oral Surgery Service,Sex,Female,Over 52 Weeks,7875
Oral Surgery Service,Sex,Female,Total,173205
Oral Surgery Service,Sex,Male,Unknown Clock Start,25
Oral Surgery Service,Sex,Male,01 To 18 Weeks,60575
Oral Surgery Service,Sex,Male,18 To 52 Weeks,53655
Oral Surgery Service,Sex,Male,Over 52 Weeks,5175
Oral Surgery Service,Sex,Male,Total,119430
Other -  Medical Services,Age,0-18 Years,Unknown Clock Start,235
Other -  Medical Services,Age,0-18 Years,01 To 18 Weeks,102665
Other -  Medical Services,Age,0-18 Years,18 To 52 Weeks,40170
Other -  Medical Services,Age,0-18 Years,Over 52 Weeks,1165
Other -  Medical Services,Age,0-18 Years,Total,144235
Other -  Medical Services,Age,19-64 Years,Unknown Clock Start,725
Other -  Medical Services,Age,19-64 Years,01 To 18 Weeks,255010
Other -  Medical Services,Age,19-64 Years,18 To 52 Weeks,148035
Other -  Medical Services,Age,19-64 Years,Over 52 Weeks,7885
Other -  Medical Services,Age,19-64 Years,Total,411650
Other -  Medical Services,Age,Over 65 Years,Unknown Clock Start,875
Other -  Medical Services,Age,Over 65 Years,01 To 18 Weeks,120025
Other -  Medical Services,Age,Over 65 Years,18 To 52 Weeks,60025
Other -  Medical Services,Age,Over 65 Years,Over 52 Weeks,3200
Other -  Medical Services,Age,Over 65 Years,Total,184120
Other -  Medical Services,Ethnicity,99: Not known,Unknown Clock Start,240
Other -  Medical Services,Ethnicity,99: Not known,01 To 18 Weeks,19050
Other -  Medical Services,Ethnicity,99: Not known,18 To 52 Weeks,7030
Other -  Medical Services,Ethnicity,99: Not known,Over 52 Weeks,335
Other -  Medical Services,Ethnicity,99: Not known,Total,26655
Other -  Medical Services,Ethnicity,A: British,Unknown Clock Start,1300
Other -  Medical Services,Ethnicity,A: British,01 To 18 Weeks,320510
Other -  Medical Services,Ethnicity,A: British,18 To 52 Weeks,166675
Other -  Medical Services,Ethnicity,A: British,Over 52 Weeks,8540
Other -  Medical Services,Ethnicity,A: British,Total,497020
Other -  Medical Services,Ethnicity,B: Irish,Unknown Clock Start,20
Other -  Medical Services,Ethnicity,B: Irish,01 To 18 Weeks,2765
Other -  Medical Services,Ethnicity,B: Irish,18 To 52 Weeks,1410
Other -  Medical Services,Ethnicity,B: Irish,Over 52 Weeks,60
Other -  Medical Services,Ethnicity,B: Irish,Total,4255
Other -  Medical Services,Ethnicity,C: Any other white background,Unknown Clock Start,115
Other -  Medical Services,Ethnicity,C: Any other white background,01 To 18 Weeks,33370
Other -  Medical Services,Ethnicity,C: Any other white background,18 To 52 Weeks,18120
Other -  Medical Services,Ethnicity,C: Any other white background,Over 52 Weeks,810
Other -  Medical Services,Ethnicity,C: Any other white background,Total,52415
Other -  Medical Services,Ethnicity,D: White and Black Caribbean,Unknown Clock Start,*
Other -  Medical Services,Ethnicity,D: White and Black Caribbean,01 To 18 Weeks,2665
Other -  Medical Services,Ethnicity,D: White and Black Caribbean,18 To 52 Weeks,1385
Other -  Medical Services,Ethnicity,D: White and Black Caribbean,Over 52 Weeks,50
Other -  Medical Services,Ethnicity,D: White and Black Caribbean,Total,4110
Other -  Medical Services,Ethnicity,E: White and Black African,Unknown Clock Start,*
Other -  Medical Services,Ethnicity,E: White and Black African,01 To 18 Weeks,1670
Other -  Medical Services,Ethnicity,E: White and Black African,18 To 52 Weeks,760
Other -  Medical Services,Ethnicity,E: White and Black African,Over 52 Weeks,35
Other -  Medical Services,Ethnicity,E: White and Black African,Total,2470
Other -  Medical Services,Ethnicity,F: White and Asian,Unknown Clock Start,10
Other -  Medical Services,Ethnicity,F: White and Asian,01 To 18 Weeks,2225
Other -  Medical Services,Ethnicity,F: White and Asian,18 To 52 Weeks,1060
Other -  Medical Services,Ethnicity,F: White and Asian,Over 52 Weeks,40
Other -  Medical Services,Ethnicity,F: White and Asian,Total,3335
Other -  Medical Services,Ethnicity,G: Any other mixed background,Unknown Clock Start,15
Other -  Medical Services,Ethnicity,G: Any other mixed background,01 To 18 Weeks,5255
Other -  Medical Services,Ethnicity,G: Any other mixed background,18 To 52 Weeks,2550
Other -  Medical Services,Ethnicity,G: Any other mixed background,Over 52 Weeks,100
Other -  Medical Services,Ethnicity,G: Any other mixed background,Total,7920
Other -  Medical Services,Ethnicity,H: Indian,Unknown Clock Start,70
Other -  Medical Services,Ethnicity,H: Indian,01 To 18 Weeks,15220
Other -  Medical Services,Ethnicity,H: Indian,18 To 52 Weeks,7795
Other -  Medical Services,Ethnicity,H: Indian,Over 52 Weeks,355
Other -  Medical Services,Ethnicity,H: Indian,Total,23445
Other -  Medical Services,Ethnicity,J: Pakistani,Unknown Clock Start,35
Other -  Medical Services,Ethnicity,J: Pakistani,01 To 18 Weeks,14250
Other -  Medical Services,Ethnicity,J: Pakistani,18 To 52 Weeks,7170
Other -  Medical Services,Ethnicity,J: Pakistani,Over 52 Weeks,285
Other -  Medical Services,Ethnicity,J: Pakistani,Total,21735
Other -  Medical Services,Ethnicity,K: Bangladeshi,Unknown Clock Start,*
Other -  Medical Services,Ethnicity,K: Bangladeshi,01 To 18 Weeks,5975
Other -  Medical Services,Ethnicity,K: Bangladeshi,18 To 52 Weeks,2780
Other -  Medical Services,Ethnicity,K: Bangladeshi,Over 52 Weeks,185
Other -  Medical Services,Ethnicity,K: Bangladeshi,Total,8945
Other -  Medical Services,Ethnicity,L: Any other Asian background,Unknown Clock Start,75
Other -  Medical Services,Ethnicity,L: Any other Asian background,01 To 18 Weeks,12710
Other -  Medical Services,Ethnicity,L: Any other Asian background,18 To 52 Weeks,6740
Other -  Medical Services,Ethnicity,L: Any other Asian background,Over 52 Weeks,305
Other -  Medical Services,Ethnicity,L: Any other Asian background,Total,19830
Other -  Medical Services,Ethnicity,M: Caribbean,Unknown Clock Start,25
Other -  Medical Services,Ethnicity,M: Caribbean,01 To 18 Weeks,7430
Other -  Medical Services,Ethnicity,M: Caribbean,18 To 52 Weeks,3810
Other -  Medical Services,Ethnicity,M: Caribbean,Over 52 Weeks,150
Other -  Medical Services,Ethnicity,M: Caribbean,Total,11410
Other -  Medical Services,Ethnicity,N: African,Unknown Clock Start,35
Other -  Medical Services,Ethnicity,N: African,01 To 18 Weeks,13635
Other -  Medical Services,Ethnicity,N: African,18 To 52 Weeks,6115
Other -  Medical Services,Ethnicity,N: African,Over 52 Weeks,265
Other -  Medical Services,Ethnicity,N: African,Total,20050
Other -  Medical Services,Ethnicity,P: Any other Black background,Unknown Clock Start,25
Other -  Medical Services,Ethnicity,P: Any other Black background,01 To 18 Weeks,5980
Other -  Medical Services,Ethnicity,P: Any other Black background,18 To 52 Weeks,2850
Other -  Medical Services,Ethnicity,P: Any other Black background,Over 52 Weeks,135
Other -  Medical Services,Ethnicity,P: Any other Black background,Total,8990
Other -  Medical Services,Ethnicity,R: Chinese,Unknown Clock Start,10
Other -  Medical Services,Ethnicity,R: Chinese,01 To 18 Weeks,2345
Other -  Medical Services,Ethnicity,R: Chinese,18 To 52 Weeks,1110
Other -  Medical Services,Ethnicity,R: Chinese,Over 52 Weeks,45
Other -  Medical Services,Ethnicity,R: Chinese,Total,3510
Other -  Medical Services,Ethnicity,S: Any other ethnic group,Unknown Clock Start,15
Other -  Medical Services,Ethnicity,S: Any other ethnic group,01 To 18 Weeks,6330
Other -  Medical Services,Ethnicity,S: Any other ethnic group,18 To 52 Weeks,3250
Other -  Medical Services,Ethnicity,S: Any other ethnic group,Over 52 Weeks,140
Other -  Medical Services,Ethnicity,S: Any other ethnic group,Total,9740
Other -  Medical Services,Ethnicity,Z: Not stated,Unknown Clock Start,55
Other -  Medical Services,Ethnicity,Z: Not stated,01 To 18 Weeks,19995
Other -  Medical Services,Ethnicity,Z: Not stated,18 To 52 Weeks,10050
Other -  Medical Services,Ethnicity,Z: Not stated,Over 52 Weeks,425
Other -  Medical Services,Ethnicity,Z: Not stated,Total,30520
Other -  Medical Services,IMD,1,Unknown Clock Start,50
Other -  Medical Services,IMD,1,01 To 18 Weeks,53960
Other -  Medical Services,IMD,1,18 To 52 Weeks,27435
Other -  Medical Services,IMD,1,Over 52 Weeks,1265
Other -  Medical Services,IMD,1,Total,82710
Other -  Medical Services,IMD,10,Unknown Clock Start,425
Other -  Medical Services,IMD,10,01 To 18 Weeks,38215
Other -  Medical Services,IMD,10,18 To 52 Weeks,19720
Other -  Medical Services,IMD,10,Over 52 Weeks,1000
Other -  Medical Services,IMD,10,Total,59360
Other -  Medical Services,IMD,2,Unknown Clock Start,95
Other -  Medical Services,IMD,2,01 To 18 Weeks,54660
Other -  Medical Services,IMD,2,18 To 52 Weeks,27870
Other -  Medical Services,IMD,2,Over 52 Weeks,1260
Other -  Medical Services,IMD,2,Total,83885
Other -  Medical Services,IMD,3,Unknown Clock Start,105
Other -  Medical Services,IMD,3,01 To 18 Weeks,53250
Other -  Medical Services,IMD,3,18 To 52 Weeks,27245
Other -  Medical Services,IMD,3,Over 52 Weeks,1440
Other -  Medical Services,IMD,3,Total,82035
Other -  Medical Services,IMD,4,Unknown Clock Start,150
Other -  Medical Services,IMD,4,01 To 18 Weeks,50340
Other -  Medical Services,IMD,4,18 To 52 Weeks,25965
Other -  Medical Services,IMD,4,Over 52 Weeks,1250
Other -  Medical Services,IMD,4,Total,77705
Other -  Medical Services,IMD,5,Unknown Clock Start,115
Other -  Medical Services,IMD,5,01 To 18 Weeks,47270
Other -  Medical Services,IMD,5,18 To 52 Weeks,24560
Other -  Medical Services,IMD,5,Over 52 Weeks,1205
Other -  Medical Services,IMD,5,Total,73150
Other -  Medical Services,IMD,6,Unknown Clock Start,155
Other -  Medical Services,IMD,6,01 To 18 Weeks,46400
Other -  Medical Services,IMD,6,18 To 52 Weeks,24195
Other -  Medical Services,IMD,6,Over 52 Weeks,1215
Other -  Medical Services,IMD,6,Total,71965
Other -  Medical Services,IMD,7,Unknown Clock Start,205
Other -  Medical Services,IMD,7,01 To 18 Weeks,44170
Other -  Medical Services,IMD,7,18 To 52 Weeks,22515
Other -  Medical Services,IMD,7,Over 52 Weeks,1170
Other -  Medical Services,IMD,7,Total,68055
Other -  Medical Services,IMD,8,Unknown Clock Start,210
Other -  Medical Services,IMD,8,01 To 18 Weeks,42845
Other -  Medical Services,IMD,8,18 To 52 Weeks,22950
Other -  Medical Services,IMD,8,Over 52 Weeks,1155
Other -  Medical Services,IMD,8,Total,67165
Other -  Medical Services,IMD,9,Unknown Clock Start,295
Other -  Medical Services,IMD,9,01 To 18 Weeks,41490
Other -  Medical Services,IMD,9,18 To 52 Weeks,21270
Other -  Medical Services,IMD,9,Over 52 Weeks,1025
Other -  Medical Services,IMD,9,Total,64080
Other -  Medical Services,Sex,Female,Unknown Clock Start,1105
Other -  Medical Services,Sex,Female,01 To 18 Weeks,257115
Other -  Medical Services,Sex,Female,18 To 52 Weeks,138405
Other -  Medical Services,Sex,Female,Over 52 Weeks,7000
Other -  Medical Services,Sex,Female,Total,403620
Other -  Medical Services,Sex,Male,Unknown Clock Start,940
Other -  Medical Services,Sex,Male,01 To 18 Weeks,197955
Other -  Medical Services,Sex,Male,18 To 52 Weeks,98585
Other -  Medical Services,Sex,Male,Over 52 Weeks,4760
Other -  Medical Services,Sex,Male,Total,302240
Other -  Mental Health Services,Age,0-18 Years,01 To 18 Weeks,235
Other -  Mental Health Services,Age,0-18 Years,18 To 52 Weeks,130
Other -  Mental Health Services,Age,0-18 Years,Over 52 Weeks,*
Other -  Mental Health Services,Age,0-18 Years,Total,365
Other -  Mental Health Services,Age,19-64 Years,01 To 18 Weeks,845
Other -  Mental Health Services,Age,19-64 Years,18 To 52 Weeks,340
Other -  Mental Health Services,Age,19-64 Years,Over 52 Weeks,*
Other -  Mental Health Services,Age,19-64 Years,Total,1185
Other -  Mental Health Services,Age,Over 65 Years,01 To 18 Weeks,470
Other -  Mental Health Services,Age,Over 65 Years,18 To 52 Weeks,65
Other -  Mental Health Services,Age,Over 65 Years,Total,535
Other -  Mental Health Services,Ethnicity,99: Not known,01 To 18 Weeks,95
Other -  Mental Health Services,Ethnicity,99: Not known,18 To 52 Weeks,10
Other -  Mental Health Services,Ethnicity,99: Not known,Total,110
Other -  Mental Health Services,Ethnicity,A: British,01 To 18 Weeks,1330
Other -  Mental Health Services,Ethnicity,A: British,18 To 52 Weeks,450
Other -  Mental Health Services,Ethnicity,A: British,Over 52 Weeks,*
Other -  Mental Health Services,Ethnicity,A: British,Total,1785
Other -  Mental Health Services,Ethnicity,B: Irish,01 To 18 Weeks,10
Other -  Mental Health Services,Ethnicity,B: Irish,18 To 52 Weeks,*
Other -  Mental Health Services,Ethnicity,B: Irish,Total,15
Other -  Mental Health Services,Ethnicity,C: Any other white background,01 To 18 Weeks,100
Other -  Mental Health Services,Ethnicity,C: Any other white background,18 To 52 Weeks,40
Other -  Mental Health Services,Ethnicity,C: Any other white background,Total,135
Other -  Mental Health Services,Ethnicity,D: White and Black Caribbean,01 To 18 Weeks,10
Other -  Mental Health Services,Ethnicity,D: White and Black Caribbean,18 To 52 Weeks,10
Other -  Mental Health Services,Ethnicity,D: White and Black Caribbean,Total,20
Other -  Mental Health Services,Ethnicity,E: White and Black African,18 To 52 Weeks,*
Other -  Mental Health Services,Ethnicity,E: White and Black African,Total,*
Other -  Mental Health Services,Ethnicity,F: White and Asian,01 To 18 Weeks,*
Other -  Mental Health Services,Ethnicity,F: White and Asian,18 To 52 Weeks,*
Other -  Mental Health Services,Ethnicity,F: White and Asian,Total,*
Other -  Mental Health Services,Ethnicity,G: Any other mixed background,01 To 18 Weeks,15
Other -  Mental Health Services,Ethnicity,G: Any other mixed background,18 To 52 Weeks,10
Other -  Mental Health Services,Ethnicity,G: Any other mixed background,Total,25
Other -  Mental Health Services,Ethnicity,H: Indian,01 To 18 Weeks,30
Other -  Mental Health Services,Ethnicity,H: Indian,18 To 52 Weeks,10
Other -  Mental Health Services,Ethnicity,H: Indian,Total,40
Other -  Mental Health Services,Ethnicity,J: Pakistani,01 To 18 Weeks,15
Other -  Mental Health Services,Ethnicity,J: Pakistani,18 To 52 Weeks,10
Other -  Mental Health Services,Ethnicity,J: Pakistani,Total,25
Other -  Mental Health Services,Ethnicity,K: Bangladeshi,01 To 18 Weeks,10
Other -  Mental Health Services,Ethnicity,K: Bangladeshi,18 To 52 Weeks,*
Other -  Mental Health Services,Ethnicity,K: Bangladeshi,Total,15
Other -  Mental Health Services,Ethnicity,L: Any other Asian background,01 To 18 Weeks,30
Other -  Mental Health Services,Ethnicity,L: Any other Asian background,18 To 52 Weeks,15
Other -  Mental Health Services,Ethnicity,L: Any other Asian background,Total,45
Other -  Mental Health Services,Ethnicity,M: Caribbean,01 To 18 Weeks,20
Other -  Mental Health Services,Ethnicity,M: Caribbean,18 To 52 Weeks,*
Other -  Mental Health Services,Ethnicity,M: Caribbean,Total,30
Other -  Mental Health Services,Ethnicity,N: African,01 To 18 Weeks,30
Other -  Mental Health Services,Ethnicity,N: African,18 To 52 Weeks,15
Other -  Mental Health Services,Ethnicity,N: African,Over 52 Weeks,*
Other -  Mental Health Services,Ethnicity,N: African,Total,45
Other -  Mental Health Services,Ethnicity,P: Any other Black background,01 To 18 Weeks,15
Other -  Mental Health Services,Ethnicity,P: Any other Black background,18 To 52 Weeks,*
Other -  Mental Health Services,Ethnicity,P: Any other Black background,Total,20
Other -  Mental Health Services,Ethnicity,R: Chinese,01 To 18 Weeks,*
Other -  Mental Health Services,Ethnicity,R: Chinese,18 To 52 Weeks,*
Other -  Mental Health Services,Ethnicity,R: Chinese,Total,*
Other -  Mental Health Services,Ethnicity,S: Any other ethnic group,01 To 18 Weeks,10
Other -  Mental Health Services,Ethnicity,S: Any other ethnic group,18 To 52 Weeks,*
Other -  Mental Health Services,Ethnicity,S: Any other ethnic group,Total,15
Other -  Mental Health Services,Ethnicity,Z: Not stated,01 To 18 Weeks,60
Other -  Mental Health Services,Ethnicity,Z: Not stated,18 To 52 Weeks,25
Other -  Mental Health Services,Ethnicity,Z: Not stated,Total,85
Other -  Mental Health Services,IMD,1,01 To 18 Weeks,185
Other -  Mental Health Services,IMD,1,18 To 52 Weeks,40
Other -  Mental Health Services,IMD,1,Total,225
Other -  Mental Health Services,IMD,10,01 To 18 Weeks,135
Other -  Mental Health Services,IMD,10,18 To 52 Weeks,65
Other -  Mental Health Services,IMD,10,Total,200
Other -  Mental Health Services,IMD,2,01 To 18 Weeks,180
Other -  Mental Health Services,IMD,2,18 To 52 Weeks,55
Other -  Mental Health Services,IMD,2,Over 52 Weeks,*
Other -  Mental Health Services,IMD,2,Total,240
Other -  Mental Health Services,IMD,3,01 To 18 Weeks,205
Other -  Mental Health Services,IMD,3,18 To 52 Weeks,70
Other -  Mental Health Services,IMD,3,Over 52 Weeks,*
Other -  Mental Health Services,IMD,3,Total,275
Other -  Mental Health Services,IMD,4,01 To 18 Weeks,170
Other -  Mental Health Services,IMD,4,18 To 52 Weeks,65
Other -  Mental Health Services,IMD,4,Over 52 Weeks,*
Other -  Mental Health Services,IMD,4,Total,240
Other -  Mental Health Services,IMD,5,01 To 18 Weeks,155
Other -  Mental Health Services,IMD,5,18 To 52 Weeks,70
Other -  Mental Health Services,IMD,5,Total,220
Other -  Mental Health Services,IMD,6,01 To 18 Weeks,150
Other -  Mental Health Services,IMD,6,18 To 52 Weeks,55
Other -  Mental Health Services,IMD,6,Over 52 Weeks,*
Other -  Mental Health Services,IMD,6,Total,210
Other -  Mental Health Services,IMD,7,01 To 18 Weeks,175
Other -  Mental Health Services,IMD,7,18 To 52 Weeks,75
Other -  Mental Health Services,IMD,7,Total,250
Other -  Mental Health Services,IMD,8,01 To 18 Weeks,140
Other -  Mental Health Services,IMD,8,18 To 52 Weeks,60
Other -  Mental Health Services,IMD,8,Total,200
Other -  Mental Health Services,IMD,9,01 To 18 Weeks,155
Other -  Mental Health Services,IMD,9,18 To 52 Weeks,55
Other -  Mental Health Services,IMD,9,Total,215
Other -  Mental Health Services,Sex,Female,01 To 18 Weeks,925
Other -  Mental Health Services,Sex,Female,18 To 52 Weeks,315
Other -  Mental Health Services,Sex,Female,Over 52 Weeks,*
Other -  Mental Health Services,Sex,Female,Total,1245
Other -  Mental Health Services,Sex,Male,01 To 18 Weeks,620
Other -  Mental Health Services,Sex,Male,18 To 52 Weeks,210
Other -  Mental Health Services,Sex,Male,Total,830
Other -  Other Services,Age,0-18 Years,Unknown Clock Start,10
Other -  Other Services,Age,0-18 Years,01 To 18 Weeks,5210
Other -  Other Services,Age,0-18 Years,18 To 52 Weeks,1550
Other -  Other Services,Age,0-18 Years,Over 52 Weeks,60
Other -  Other Services,Age,0-18 Years,Total,6830
Other -  Other Services,Age,19-64 Years,Unknown Clock Start,40
Other -  Other Services,Age,19-64 Years,01 To 18 Weeks,45450
Other -  Other Services,Age,19-64 Years,18 To 52 Weeks,14195
Other -  Other Services,Age,19-64 Years,Over 52 Weeks,795
Other -  Other Services,Age,19-64 Years,Total,60480
Other -  Other Services,Age,Over 65 Years,Unknown Clock Start,20
Other -  Other Services,Age,Over 65 Years,01 To 18 Weeks,31190
Other -  Other Services,Age,Over 65 Years,18 To 52 Weeks,6600
Other -  Other Services,Age,Over 65 Years,Over 52 Weeks,370
Other -  Other Services,Age,Over 65 Years,Total,38180
Other -  Other Services,Ethnicity,99: Not known,Unknown Clock Start,*
Other -  Other Services,Ethnicity,99: Not known,01 To 18 Weeks,1740
Other -  Other Services,Ethnicity,99: Not known,18 To 52 Weeks,445
Other -  Other Services,Ethnicity,99: Not known,Over 52 Weeks,35
Other -  Other Services,Ethnicity,99: Not known,Total,2225
Other -  Other Services,Ethnicity,A: British,Unknown Clock Start,55
Other -  Other Services,Ethnicity,A: British,01 To 18 Weeks,57745
Other -  Other Services,Ethnicity,A: British,18 To 52 Weeks,16280
Other -  Other Services,Ethnicity,A: British,Over 52 Weeks,880
Other -  Other Services,Ethnicity,A: British,Total,74960
Other -  Other Services,Ethnicity,B: Irish,01 To 18 Weeks,510
Other -  Other Services,Ethnicity,B: Irish,18 To 52 Weeks,125
Other -  Other Services,Ethnicity,B: Irish,Over 52 Weeks,*
Other -  Other Services,Ethnicity,B: Irish,Total,640
Other -  Other Services,Ethnicity,C: Any other white background,Unknown Clock Start,*
Other -  Other Services,Ethnicity,C: Any other white background,01 To 18 Weeks,6040
Other -  Other Services,Ethnicity,C: Any other white background,18 To 52 Weeks,1280
Other -  Other Services,Ethnicity,C: Any other white background,Over 52 Weeks,60
Other -  Other Services,Ethnicity,C: Any other white background,Total,7385
Other -  Other Services,Ethnicity,D: White and Black Caribbean,01 To 18 Weeks,330
Other -  Other Services,Ethnicity,D: White and Black Caribbean,18 To 52 Weeks,90
Other -  Other Services,Ethnicity,D: White and Black Caribbean,Over 52 Weeks,*
Other -  Other Services,Ethnicity,D: White and Black Caribbean,Total,425
Other -  Other Services,Ethnicity,E: White and Black African,01 To 18 Weeks,190
Other -  Other Services,Ethnicity,E: White and Black African,18 To 52 Weeks,45
Other -  Other Services,Ethnicity,E: White and Black African,Over 52 Weeks,*
Other -  Other Services,Ethnicity,E: White and Black African,Total,240
Other -  Other Services,Ethnicity,F: White and Asian,01 To 18 Weeks,270
Other -  Other Services,Ethnicity,F: White and Asian,18 To 52 Weeks,80
Other -  Other Services,Ethnicity,F: White and Asian,Over 52 Weeks,*
Other -  Other Services,Ethnicity,F: White and Asian,Total,355
Other -  Other Services,Ethnicity,G: Any other mixed background,Unknown Clock Start,*
Other -  Other Services,Ethnicity,G: Any other mixed background,01 To 18 Weeks,655
Other -  Other Services,Ethnicity,G: Any other mixed background,18 To 52 Weeks,165
Other -  Other Services,Ethnicity,G: Any other mixed background,Over 52 Weeks,10
Other -  Other Services,Ethnicity,G: Any other mixed background,Total,830
Other -  Other Services,Ethnicity,H: Indian,01 To 18 Weeks,1745
Other -  Other Services,Ethnicity,H: Indian,18 To 52 Weeks,555
Other -  Other Services,Ethnicity,H: Indian,Over 52 Weeks,30
Other -  Other Services,Ethnicity,H: Indian,Total,2330
Other -  Other Services,Ethnicity,J: Pakistani,Unknown Clock Start,*
Other -  Other Services,Ethnicity,J: Pakistani,01 To 18 Weeks,1595
Other -  Other Services,Ethnicity,J: Pakistani,18 To 52 Weeks,545
Other -  Other Services,Ethnicity,J: Pakistani,Over 52 Weeks,55
Other -  Other Services,Ethnicity,J: Pakistani,Total,2200
Other -  Other Services,Ethnicity,K: Bangladeshi,01 To 18 Weeks,825
Other -  Other Services,Ethnicity,K: Bangladeshi,18 To 52 Weeks,200
Other -  Other Services,Ethnicity,K: Bangladeshi,Over 52 Weeks,15
Other -  Other Services,Ethnicity,K: Bangladeshi,Total,1045
Other -  Other Services,Ethnicity,L: Any other Asian background,Unknown Clock Start,*
Other -  Other Services,Ethnicity,L: Any other Asian background,01 To 18 Weeks,1690
Other -  Other Services,Ethnicity,L: Any other Asian background,18 To 52 Weeks,405
Other -  Other Services,Ethnicity,L: Any other Asian background,Over 52 Weeks,20
Other -  Other Services,Ethnicity,L: Any other Asian background,Total,2115
Other -  Other Services,Ethnicity,M: Caribbean,01 To 18 Weeks,1035
Other -  Other Services,Ethnicity,M: Caribbean,18 To 52 Weeks,220
Other -  Other Services,Ethnicity,M: Caribbean,Over 52 Weeks,15
Other -  Other Services,Ethnicity,M: Caribbean,Total,1270
Other -  Other Services,Ethnicity,N: African,Unknown Clock Start,*
Other -  Other Services,Ethnicity,N: African,01 To 18 Weeks,1860
Other -  Other Services,Ethnicity,N: African,18 To 52 Weeks,330
Other -  Other Services,Ethnicity,N: African,Over 52 Weeks,15
Other -  Other Services,Ethnicity,N: African,Total,2210
Other -  Other Services,Ethnicity,P: Any other Black background,Unknown Clock Start,*
Other -  Other Services,Ethnicity,P: Any other Black background,01 To 18 Weeks,715
Other -  Other Services,Ethnicity,P: Any other Black background,18 To 52 Weeks,145
Other -  Other Services,Ethnicity,P: Any other Black background,Over 52 Weeks,10
Other -  Other Services,Ethnicity,P: Any other Black background,Total,875
Other -  Other Services,Ethnicity,R: Chinese,Unknown Clock Start,*
Other -  Other Services,Ethnicity,R: Chinese,01 To 18 Weeks,375
Other -  Other Services,Ethnicity,R: Chinese,18 To 52 Weeks,85
Other -  Other Services,Ethnicity,R: Chinese,Over 52 Weeks,*
Other -  Other Services,Ethnicity,R: Chinese,Total,460
Other -  Other Services,Ethnicity,S: Any other ethnic group,Unknown Clock Start,*
Other -  Other Services,Ethnicity,S: Any other ethnic group,01 To 18 Weeks,820
Other -  Other Services,Ethnicity,S: Any other ethnic group,18 To 52 Weeks,200
Other -  Other Services,Ethnicity,S: Any other ethnic group,Over 52 Weeks,15
Other -  Other Services,Ethnicity,S: Any other ethnic group,Total,1030
Other -  Other Services,Ethnicity,Z: Not stated,Unknown Clock Start,*
Other -  Other Services,Ethnicity,Z: Not stated,01 To 18 Weeks,5140
Other -  Other Services,Ethnicity,Z: Not stated,18 To 52 Weeks,1250
Other -  Other Services,Ethnicity,Z: Not stated,Over 52 Weeks,50
Other -  Other Services,Ethnicity,Z: Not stated,Total,6440
Other -  Other Services,IMD,1,Unknown Clock Start,*
Other -  Other Services,IMD,1,01 To 18 Weeks,8380
Other -  Other Services,IMD,1,18 To 52 Weeks,2900
Other -  Other Services,IMD,1,Over 52 Weeks,195
Other -  Other Services,IMD,1,Total,11475
Other -  Other Services,IMD,10,Unknown Clock Start,15
Other -  Other Services,IMD,10,01 To 18 Weeks,7380
Other -  Other Services,IMD,10,18 To 52 Weeks,2070
Other -  Other Services,IMD,10,Over 52 Weeks,110
Other -  Other Services,IMD,10,Total,9575
Other -  Other Services,IMD,2,Unknown Clock Start,*
Other -  Other Services,IMD,2,01 To 18 Weeks,8765
Other -  Other Services,IMD,2,18 To 52 Weeks,2465
Other -  Other Services,IMD,2,Over 52 Weeks,120
Other -  Other Services,IMD,2,Total,11355
Other -  Other Services,IMD,3,Unknown Clock Start,*
Other -  Other Services,IMD,3,01 To 18 Weeks,8600
Other -  Other Services,IMD,3,18 To 52 Weeks,2175
Other -  Other Services,IMD,3,Over 52 Weeks,120
Other -  Other Services,IMD,3,Total,10895
Other -  Other Services,IMD,4,Unknown Clock Start,*
Other -  Other Services,IMD,4,01 To 18 Weeks,8800
Other -  Other Services,IMD,4,18 To 52 Weeks,2320
Other -  Other Services,IMD,4,Over 52 Weeks,125
Other -  Other Services,IMD,4,Total,11255
Other -  Other Services,IMD,5,Unknown Clock Start,*
Other -  Other Services,IMD,5,01 To 18 Weeks,7980
Other -  Other Services,IMD,5,18 To 52 Weeks,2015
Other -  Other Services,IMD,5,Over 52 Weeks,100
Other -  Other Services,IMD,5,Total,10105
Other -  Other Services,IMD,6,Unknown Clock Start,*
Other -  Other Services,IMD,6,01 To 18 Weeks,8125
Other -  Other Services,IMD,6,18 To 52 Weeks,1985
Other -  Other Services,IMD,6,Over 52 Weeks,125
Other -  Other Services,IMD,6,Total,10235
Other -  Other Services,IMD,7,Unknown Clock Start,10
Other -  Other Services,IMD,7,01 To 18 Weeks,7950
Other -  Other Services,IMD,7,18 To 52 Weeks,2135
Other -  Other Services,IMD,7,Over 52 Weeks,100
Other -  Other Services,IMD,7,Total,10195
Other -  Other Services,IMD,8,Unknown Clock Start,10
Other -  Other Services,IMD,8,01 To 18 Weeks,8100
Other -  Other Services,IMD,8,18 To 52 Weeks,2035
Other -  Other Services,IMD,8,Over 52 Weeks,110
Other -  Other Services,IMD,8,Total,10250
Other -  Other Services,IMD,9,Unknown Clock Start,10
Other -  Other Services,IMD,9,01 To 18 Weeks,7340
Other -  Other Services,IMD,9,18 To 52 Weeks,1850
Other -  Other Services,IMD,9,Over 52 Weeks,115
Other -  Other Services,IMD,9,Total,9315
Other -  Other Services,Sex,Female,Unknown Clock Start,55
Other -  Other Services,Sex,Female,01 To 18 Weeks,45905
Other -  Other Services,Sex,Female,18 To 52 Weeks,12175
Other -  Other Services,Sex,Female,Over 52 Weeks,725
Other -  Other Services,Sex,Female,Total,58860
Other -  Other Services,Sex,Male,Unknown Clock Start,20
Other -  Other Services,Sex,Male,01 To 18 Weeks,33720
Other -  Other Services,Sex,Male,18 To 52 Weeks,8670
Other -  Other Services,Sex,Male,Over 52 Weeks,485
Other -  Other Services,Sex,Male,Total,42900
Other -  Paediatric Services,Age,0-18 Years,Unknown Clock Start,415
Other -  Paediatric Services,Age,0-18 Years,01 To 18 Weeks,153240
Other -  Paediatric Services,Age,0-18 Years,18 To 52 Weeks,107450
Other -  Paediatric Services,Age,0-18 Years,Over 52 Weeks,6555
Other -  Paediatric Services,Age,0-18 Years,Total,267665
Other -  Paediatric Services,Age,19-64 Years,Unknown Clock Start,10
Other -  Paediatric Services,Age,19-64 Years,01 To 18 Weeks,790
Other -  Paediatric Services,Age,19-64 Years,18 To 52 Weeks,475
Other -  Paediatric Services,Age,19-64 Years,Over 52 Weeks,45
Other -  Paediatric Services,Age,19-64 Years,Total,1320
Other -  Paediatric Services,Age,Over 65 Years,Unknown Clock Start,*
Other -  Paediatric Services,Age,Over 65 Years,01 To 18 Weeks,165
Other -  Paediatric Services,Age,Over 65 Years,18 To 52 Weeks,65
Other -  Paediatric Services,Age,Over 65 Years,Over 52 Weeks,10
Other -  Paediatric Services,Age,Over 65 Years,Total,245
Other -  Paediatric Services,Ethnicity,99: Not known,Unknown Clock Start,*
Other -  Paediatric Services,Ethnicity,99: Not known,01 To 18 Weeks,5845
Other -  Paediatric Services,Ethnicity,99: Not known,18 To 52 Weeks,3395
Other -  Paediatric Services,Ethnicity,99: Not known,Over 52 Weeks,205
Other -  Paediatric Services,Ethnicity,99: Not known,Total,9455
Other -  Paediatric Services,Ethnicity,A: British,Unknown Clock Start,195
Other -  Paediatric Services,Ethnicity,A: British,01 To 18 Weeks,82300
Other -  Paediatric Services,Ethnicity,A: British,18 To 52 Weeks,56510
Other -  Paediatric Services,Ethnicity,A: British,Over 52 Weeks,3765
Other -  Paediatric Services,Ethnicity,A: British,Total,142770
Other -  Paediatric Services,Ethnicity,B: Irish,Unknown Clock Start,*
Other -  Paediatric Services,Ethnicity,B: Irish,01 To 18 Weeks,435
Other -  Paediatric Services,Ethnicity,B: Irish,18 To 52 Weeks,300
Other -  Paediatric Services,Ethnicity,B: Irish,Over 52 Weeks,20
Other -  Paediatric Services,Ethnicity,B: Irish,Total,760
Other -  Paediatric Services,Ethnicity,C: Any other white background,Unknown Clock Start,65
Other -  Paediatric Services,Ethnicity,C: Any other white background,01 To 18 Weeks,13880
Other -  Paediatric Services,Ethnicity,C: Any other white background,18 To 52 Weeks,10045
Other -  Paediatric Services,Ethnicity,C: Any other white background,Over 52 Weeks,540
Other -  Paediatric Services,Ethnicity,C: Any other white background,Total,24530
Other -  Paediatric Services,Ethnicity,D: White and Black Caribbean,Unknown Clock Start,*
Other -  Paediatric Services,Ethnicity,D: White and Black Caribbean,01 To 18 Weeks,2090
Other -  Paediatric Services,Ethnicity,D: White and Black Caribbean,18 To 52 Weeks,1485
Other -  Paediatric Services,Ethnicity,D: White and Black Caribbean,Over 52 Weeks,80
Other -  Paediatric Services,Ethnicity,D: White and Black Caribbean,Total,3660
Other -  Paediatric Services,Ethnicity,E: White and Black African,Unknown Clock Start,*
Other -  Paediatric Services,Ethnicity,E: White and Black African,01 To 18 Weeks,1265
Other -  Paediatric Services,Ethnicity,E: White and Black African,18 To 52 Weeks,805
Other -  Paediatric Services,Ethnicity,E: White and Black African,Over 52 Weeks,40
Other -  Paediatric Services,Ethnicity,E: White and Black African,Total,2115
Other -  Paediatric Services,Ethnicity,F: White and Asian,Unknown Clock Start,10
Other -  Paediatric Services,Ethnicity,F: White and Asian,01 To 18 Weeks,1925
Other -  Paediatric Services,Ethnicity,F: White and Asian,18 To 52 Weeks,1330
Other -  Paediatric Services,Ethnicity,F: White and Asian,Over 52 Weeks,60
Other -  Paediatric Services,Ethnicity,F: White and Asian,Total,3325
Other -  Paediatric Services,Ethnicity,G: Any other mixed background,Unknown Clock Start,20
Other -  Paediatric Services,Ethnicity,G: Any other mixed background,01 To 18 Weeks,4445
Other -  Paediatric Services,Ethnicity,G: Any other mixed background,18 To 52 Weeks,3085
Other -  Paediatric Services,Ethnicity,G: Any other mixed background,Over 52 Weeks,155
Other -  Paediatric Services,Ethnicity,G: Any other mixed background,Total,7705
Other -  Paediatric Services,Ethnicity,H: Indian,Unknown Clock Start,15
Other -  Paediatric Services,Ethnicity,H: Indian,01 To 18 Weeks,6020
Other -  Paediatric Services,Ethnicity,H: Indian,18 To 52 Weeks,4305
Other -  Paediatric Services,Ethnicity,H: Indian,Over 52 Weeks,195
Other -  Paediatric Services,Ethnicity,H: Indian,Total,10535
Other -  Paediatric Services,Ethnicity,J: Pakistani,Unknown Clock Start,*
Other -  Paediatric Services,Ethnicity,J: Pakistani,01 To 18 Weeks,8150
Other -  Paediatric Services,Ethnicity,J: Pakistani,18 To 52 Weeks,6050
Other -  Paediatric Services,Ethnicity,J: Pakistani,Over 52 Weeks,380
Other -  Paediatric Services,Ethnicity,J: Pakistani,Total,14585
Other -  Paediatric Services,Ethnicity,K: Bangladeshi,Unknown Clock Start,*
Other -  Paediatric Services,Ethnicity,K: Bangladeshi,01 To 18 Weeks,3565
Other -  Paediatric Services,Ethnicity,K: Bangladeshi,18 To 52 Weeks,2915
Other -  Paediatric Services,Ethnicity,K: Bangladeshi,Over 52 Weeks,190
Other -  Paediatric Services,Ethnicity,K: Bangladeshi,Total,6675
Other -  Paediatric Services,Ethnicity,L: Any other Asian background,Unknown Clock Start,30
Other -  Paediatric Services,Ethnicity,L: Any other Asian background,01 To 18 Weeks,5865
Other -  Paediatric Services,Ethnicity,L: Any other Asian background,18 To 52 Weeks,4245
Other -  Paediatric Services,Ethnicity,L: Any other Asian background,Over 52 Weeks,215
Other -  Paediatric Services,Ethnicity,L: Any other Asian background,Total,10355
Other -  Paediatric Services,Ethnicity,M: Caribbean,Unknown Clock Start,*
Other -  Paediatric Services,Ethnicity,M: Caribbean,01 To 18 Weeks,1950
Other -  Paediatric Services,Ethnicity,M: Caribbean,18 To 52 Weeks,1370
Other -  Paediatric Services,Ethnicity,M: Caribbean,Over 52 Weeks,65
Other -  Paediatric Services,Ethnicity,M: Caribbean,Total,3395
Other -  Paediatric Services,Ethnicity,N: African,Unknown Clock Start,15
Other -  Paediatric Services,Ethnicity,N: African,01 To 18 Weeks,6940
Other -  Paediatric Services,Ethnicity,N: African,18 To 52 Weeks,4960
Other -  Paediatric Services,Ethnicity,N: African,Over 52 Weeks,295
Other -  Paediatric Services,Ethnicity,N: African,Total,12210
Other -  Paediatric Services,Ethnicity,P: Any other Black background,Unknown Clock Start,*
Other -  Paediatric Services,Ethnicity,P: Any other Black background,01 To 18 Weeks,2170
Other -  Paediatric Services,Ethnicity,P: Any other Black background,18 To 52 Weeks,1510
Other -  Paediatric Services,Ethnicity,P: Any other Black background,Over 52 Weeks,75
Other -  Paediatric Services,Ethnicity,P: Any other Black background,Total,3755
Other -  Paediatric Services,Ethnicity,R: Chinese,Unknown Clock Start,*
Other -  Paediatric Services,Ethnicity,R: Chinese,01 To 18 Weeks,830
Other -  Paediatric Services,Ethnicity,R: Chinese,18 To 52 Weeks,630
Other -  Paediatric Services,Ethnicity,R: Chinese,Over 52 Weeks,35
Other -  Paediatric Services,Ethnicity,R: Chinese,Total,1500
Other -  Paediatric Services,Ethnicity,S: Any other ethnic group,Unknown Clock Start,10
Other -  Paediatric Services,Ethnicity,S: Any other ethnic group,01 To 18 Weeks,3230
Other -  Paediatric Services,Ethnicity,S: Any other ethnic group,18 To 52 Weeks,2260
Other -  Paediatric Services,Ethnicity,S: Any other ethnic group,Over 52 Weeks,130
Other -  Paediatric Services,Ethnicity,S: Any other ethnic group,Total,5625
Other -  Paediatric Services,Ethnicity,Z: Not stated,Unknown Clock Start,20
Other -  Paediatric Services,Ethnicity,Z: Not stated,01 To 18 Weeks,6020
Other -  Paediatric Services,Ethnicity,Z: Not stated,18 To 52 Weeks,3925
Other -  Paediatric Services,Ethnicity,Z: Not stated,Over 52 Weeks,225
Other -  Paediatric Services,Ethnicity,Z: Not stated,Total,10190
Other -  Paediatric Services,IMD,1,Unknown Clock Start,*
Other -  Paediatric Services,IMD,1,01 To 18 Weeks,20765
Other -  Paediatric Services,IMD,1,18 To 52 Weeks,15525
Other -  Paediatric Services,IMD,1,Over 52 Weeks,1055
Other -  Paediatric Services,IMD,1,Total,37355
Other -  Paediatric Services,IMD,10,Unknown Clock Start,70
Other -  Paediatric Services,IMD,10,01 To 18 Weeks,11460
Other -  Paediatric Services,IMD,10,18 To 52 Weeks,7680
Other -  Paediatric Services,IMD,10,Over 52 Weeks,450
Other -  Paediatric Services,IMD,10,Total,19660
Other -  Paediatric Services,IMD,2,Unknown Clock Start,25
Other -  Paediatric Services,IMD,2,01 To 18 Weeks,19020
Other -  Paediatric Services,IMD,2,18 To 52 Weeks,13825
Other -  Paediatric Services,IMD,2,Over 52 Weeks,840
Other -  Paediatric Services,IMD,2,Total,33710
Other -  Paediatric Services,IMD,3,Unknown Clock Start,40
Other -  Paediatric Services,IMD,3,01 To 18 Weeks,18110
Other -  Paediatric Services,IMD,3,18 To 52 Weeks,13120
Other -  Paediatric Services,IMD,3,Over 52 Weeks,795
Other -  Paediatric Services,IMD,3,Total,32070
Other -  Paediatric Services,IMD,4,Unknown Clock Start,40
Other -  Paediatric Services,IMD,4,01 To 18 Weeks,15735
Other -  Paediatric Services,IMD,4,18 To 52 Weeks,10880
Other -  Paediatric Services,IMD,4,Over 52 Weeks,620
Other -  Paediatric Services,IMD,4,Total,27275
Other -  Paediatric Services,IMD,5,Unknown Clock Start,35
Other -  Paediatric Services,IMD,5,01 To 18 Weeks,14065
Other -  Paediatric Services,IMD,5,18 To 52 Weeks,9925
Other -  Paediatric Services,IMD,5,Over 52 Weeks,620
Other -  Paediatric Services,IMD,5,Total,24645
Other -  Paediatric Services,IMD,6,Unknown Clock Start,55
Other -  Paediatric Services,IMD,6,01 To 18 Weeks,13935
Other -  Paediatric Services,IMD,6,18 To 52 Weeks,9435
Other -  Paediatric Services,IMD,6,Over 52 Weeks,545
Other -  Paediatric Services,IMD,6,Total,23965
Other -  Paediatric Services,IMD,7,Unknown Clock Start,50
Other -  Paediatric Services,IMD,7,01 To 18 Weeks,12425
Other -  Paediatric Services,IMD,7,18 To 52 Weeks,8540
Other -  Paediatric Services,IMD,7,Over 52 Weeks,490
Other -  Paediatric Services,IMD,7,Total,21505
Other -  Paediatric Services,IMD,8,Unknown Clock Start,50
Other -  Paediatric Services,IMD,8,01 To 18 Weeks,12310
Other -  Paediatric Services,IMD,8,18 To 52 Weeks,8280
Other -  Paediatric Services,IMD,8,Over 52 Weeks,540
Other -  Paediatric Services,IMD,8,Total,21180
Other -  Paediatric Services,IMD,9,Unknown Clock Start,50
Other -  Paediatric Services,IMD,9,01 To 18 Weeks,11800
Other -  Paediatric Services,IMD,9,18 To 52 Weeks,8080
Other -  Paediatric Services,IMD,9,Over 52 Weeks,490
Other -  Paediatric Services,IMD,9,Total,20420
Other -  Paediatric Services,Sex,Female,Unknown Clock Start,195
Other -  Paediatric Services,Sex,Female,01 To 18 Weeks,62465
Other -  Paediatric Services,Sex,Female,18 To 52 Weeks,44180
Other -  Paediatric Services,Sex,Female,Over 52 Weeks,2815
Other -  Paediatric Services,Sex,Female,Total,109655
Other -  Paediatric Services,Sex,Male,Unknown Clock Start,235
Other -  Paediatric Services,Sex,Male,01 To 18 Weeks,77850
Other -  Paediatric Services,Sex,Male,18 To 52 Weeks,55375
Other -  Paediatric Services,Sex,Male,Over 52 Weeks,3600
Other -  Paediatric Services,Sex,Male,Total,137060
Other -  Surgical Services,Age,0-18 Years,Unknown Clock Start,*
Other -  Surgical Services,Age,0-18 Years,01 To 18 Weeks,15470
Other -  Surgical Services,Age,0-18 Years,18 To 52 Weeks,11260
Other -  Surgical Services,Age,0-18 Years,Over 52 Weeks,665
Other -  Surgical Services,Age,0-18 Years,Total,27400
Other -  Surgical Services,Age,19-64 Years,Unknown Clock Start,110
Other -  Surgical Services,Age,19-64 Years,01 To 18 Weeks,182585
Other -  Surgical Services,Age,19-64 Years,18 To 52 Weeks,100705
Other -  Surgical Services,Age,19-64 Years,Over 52 Weeks,8015
Other -  Surgical Services,Age,19-64 Years,Total,291410
Other -  Surgical Services,Age,Over 65 Years,Unknown Clock Start,75
Other -  Surgical Services,Age,Over 65 Years,01 To 18 Weeks,113895
Other -  Surgical Services,Age,Over 65 Years,18 To 52 Weeks,53435
Other -  Surgical Services,Age,Over 65 Years,Over 52 Weeks,3800
Other -  Surgical Services,Age,Over 65 Years,Total,171210
Other -  Surgical Services,Ethnicity,99: Not known,Unknown Clock Start,*
Other -  Surgical Services,Ethnicity,99: Not known,01 To 18 Weeks,9775
Other -  Surgical Services,Ethnicity,99: Not known,18 To 52 Weeks,4515
Other -  Surgical Services,Ethnicity,99: Not known,Over 52 Weeks,280
Other -  Surgical Services,Ethnicity,99: Not known,Total,14575
Other -  Surgical Services,Ethnicity,A: British,Unknown Clock Start,155
Other -  Surgical Services,Ethnicity,A: British,01 To 18 Weeks,224295
Other -  Surgical Services,Ethnicity,A: British,18 To 52 Weeks,115705
Other -  Surgical Services,Ethnicity,A: British,Over 52 Weeks,8890
Other -  Surgical Services,Ethnicity,A: British,Total,349045
Other -  Surgical Services,Ethnicity,B: Irish,Unknown Clock Start,*
Other -  Surgical Services,Ethnicity,B: Irish,01 To 18 Weeks,2155
Other -  Surgical Services,Ethnicity,B: Irish,18 To 52 Weeks,1075
Other -  Surgical Services,Ethnicity,B: Irish,Over 52 Weeks,105
Other -  Surgical Services,Ethnicity,B: Irish,Total,3335
Other -  Surgical Services,Ethnicity,C: Any other white background,Unknown Clock Start,*
Other -  Surgical Services,Ethnicity,C: Any other white background,01 To 18 Weeks,21110
Other -  Surgical Services,Ethnicity,C: Any other white background,18 To 52 Weeks,13245
Other -  Surgical Services,Ethnicity,C: Any other white background,Over 52 Weeks,1085
Other -  Surgical Services,Ethnicity,C: Any other white background,Total,35445
Other -  Surgical Services,Ethnicity,D: White and Black Caribbean,Unknown Clock Start,*
Other -  Surgical Services,Ethnicity,D: White and Black Caribbean,01 To 18 Weeks,1005
Other -  Surgical Services,Ethnicity,D: White and Black Caribbean,18 To 52 Weeks,555
Other -  Surgical Services,Ethnicity,D: White and Black Caribbean,Over 52 Weeks,45
Other -  Surgical Services,Ethnicity,D: White and Black Caribbean,Total,1605
Other -  Surgical Services,Ethnicity,E: White and Black African,Unknown Clock Start,*
Other -  Surgical Services,Ethnicity,E: White and Black African,01 To 18 Weeks,590
Other -  Surgical Services,Ethnicity,E: White and Black African,18 To 52 Weeks,340
Other -  Surgical Services,Ethnicity,E: White and Black African,Over 52 Weeks,25
Other -  Surgical Services,Ethnicity,E: White and Black African,Total,955
Other -  Surgical Services,Ethnicity,F: White and Asian,01 To 18 Weeks,880
Other -  Surgical Services,Ethnicity,F: White and Asian,18 To 52 Weeks,515
Other -  Surgical Services,Ethnicity,F: White and Asian,Over 52 Weeks,30
Other -  Surgical Services,Ethnicity,F: White and Asian,Total,1420
Other -  Surgical Services,Ethnicity,G: Any other mixed background,Unknown Clock Start,*
Other -  Surgical Services,Ethnicity,G: Any other mixed background,01 To 18 Weeks,2170
Other -  Surgical Services,Ethnicity,G: Any other mixed background,18 To 52 Weeks,1275
Other -  Surgical Services,Ethnicity,G: Any other mixed background,Over 52 Weeks,95
Other -  Surgical Services,Ethnicity,G: Any other mixed background,Total,3540
Other -  Surgical Services,Ethnicity,H: Indian,Unknown Clock Start,*
Other -  Surgical Services,Ethnicity,H: Indian,01 To 18 Weeks,7835
Other -  Surgical Services,Ethnicity,H: Indian,18 To 52 Weeks,4370
Other -  Surgical Services,Ethnicity,H: Indian,Over 52 Weeks,300
Other -  Surgical Services,Ethnicity,H: Indian,Total,12510
Other -  Surgical Services,Ethnicity,J: Pakistani,Unknown Clock Start,*
Other -  Surgical Services,Ethnicity,J: Pakistani,01 To 18 Weeks,6660
Other -  Surgical Services,Ethnicity,J: Pakistani,18 To 52 Weeks,3550
Other -  Surgical Services,Ethnicity,J: Pakistani,Over 52 Weeks,195
Other -  Surgical Services,Ethnicity,J: Pakistani,Total,10415
Other -  Surgical Services,Ethnicity,K: Bangladeshi,Unknown Clock Start,*
Other -  Surgical Services,Ethnicity,K: Bangladeshi,01 To 18 Weeks,2520
Other -  Surgical Services,Ethnicity,K: Bangladeshi,18 To 52 Weeks,1575
Other -  Surgical Services,Ethnicity,K: Bangladeshi,Over 52 Weeks,140
Other -  Surgical Services,Ethnicity,K: Bangladeshi,Total,4235
Other -  Surgical Services,Ethnicity,L: Any other Asian background,Unknown Clock Start,*
Other -  Surgical Services,Ethnicity,L: Any other Asian background,01 To 18 Weeks,6775
Other -  Surgical Services,Ethnicity,L: Any other Asian background,18 To 52 Weeks,4085
Other -  Surgical Services,Ethnicity,L: Any other Asian background,Over 52 Weeks,345
Other -  Surgical Services,Ethnicity,L: Any other Asian background,Total,11210
Other -  Surgical Services,Ethnicity,M: Caribbean,Unknown Clock Start,*
Other -  Surgical Services,Ethnicity,M: Caribbean,01 To 18 Weeks,3800
Other -  Surgical Services,Ethnicity,M: Caribbean,18 To 52 Weeks,1980
Other -  Surgical Services,Ethnicity,M: Caribbean,Over 52 Weeks,160
Other -  Surgical Services,Ethnicity,M: Caribbean,Total,5940
Other -  Surgical Services,Ethnicity,N: African,Unknown Clock Start,*
Other -  Surgical Services,Ethnicity,N: African,01 To 18 Weeks,5810
Other -  Surgical Services,Ethnicity,N: African,18 To 52 Weeks,3330
Other -  Surgical Services,Ethnicity,N: African,Over 52 Weeks,285
Other -  Surgical Services,Ethnicity,N: African,Total,9430
Other -  Surgical Services,Ethnicity,P: Any other Black background,Unknown Clock Start,*
Other -  Surgical Services,Ethnicity,P: Any other Black background,01 To 18 Weeks,2900
Other -  Surgical Services,Ethnicity,P: Any other Black background,18 To 52 Weeks,1570
Other -  Surgical Services,Ethnicity,P: Any other Black background,Over 52 Weeks,135
Other -  Surgical Services,Ethnicity,P: Any other Black background,Total,4610
Other -  Surgical Services,Ethnicity,R: Chinese,01 To 18 Weeks,1460
Other -  Surgical Services,Ethnicity,R: Chinese,18 To 52 Weeks,765
Other -  Surgical Services,Ethnicity,R: Chinese,Over 52 Weeks,55
Other -  Surgical Services,Ethnicity,R: Chinese,Total,2280
Other -  Surgical Services,Ethnicity,S: Any other ethnic group,Unknown Clock Start,*
Other -  Surgical Services,Ethnicity,S: Any other ethnic group,01 To 18 Weeks,3665
Other -  Surgical Services,Ethnicity,S: Any other ethnic group,18 To 52 Weeks,2250
Other -  Surgical Services,Ethnicity,S: Any other ethnic group,Over 52 Weeks,160
Other -  Surgical Services,Ethnicity,S: Any other ethnic group,Total,6080
Other -  Surgical Services,Ethnicity,Z: Not stated,Unknown Clock Start,*
Other -  Surgical Services,Ethnicity,Z: Not stated,01 To 18 Weeks,13780
Other -  Surgical Services,Ethnicity,Z: Not stated,18 To 52 Weeks,7370
Other -  Surgical Services,Ethnicity,Z: Not stated,Over 52 Weeks,585
Other -  Surgical Services,Ethnicity,Z: Not stated,Total,21740
Other -  Surgical Services,IMD,1,Unknown Clock Start,25
Other -  Surgical Services,IMD,1,01 To 18 Weeks,31095
Other -  Surgical Services,IMD,1,18 To 52 Weeks,16415
Other -  Surgical Services,IMD,1,Over 52 Weeks,1105
Other -  Surgical Services,IMD,1,Total,48640
Other -  Surgical Services,IMD,10,Unknown Clock Start,25
Other -  Surgical Services,IMD,10,01 To 18 Weeks,26490
Other -  Surgical Services,IMD,10,18 To 52 Weeks,13665
Other -  Surgical Services,IMD,10,Over 52 Weeks,1040
Other -  Surgical Services,IMD,10,Total,41225
Other -  Surgical Services,IMD,2,Unknown Clock Start,20
Other -  Surgical Services,IMD,2,01 To 18 Weeks,32440
Other -  Surgical Services,IMD,2,18 To 52 Weeks,17530
Other -  Surgical Services,IMD,2,Over 52 Weeks,1375
Other -  Surgical Services,IMD,2,Total,51365
Other -  Surgical Services,IMD,3,Unknown Clock Start,15
Other -  Surgical Services,IMD,3,01 To 18 Weeks,32435
Other -  Surgical Services,IMD,3,18 To 52 Weeks,18185
Other -  Surgical Services,IMD,3,Over 52 Weeks,1475
Other -  Surgical Services,IMD,3,Total,52115
Other -  Surgical Services,IMD,4,Unknown Clock Start,20
Other -  Surgical Services,IMD,4,01 To 18 Weeks,32550
Other -  Surgical Services,IMD,4,18 To 52 Weeks,17685
Other -  Surgical Services,IMD,4,Over 52 Weeks,1390
Other -  Surgical Services,IMD,4,Total,51645
Other -  Surgical Services,IMD,5,Unknown Clock Start,15
Other -  Surgical Services,IMD,5,01 To 18 Weeks,31540
Other -  Surgical Services,IMD,5,18 To 52 Weeks,17135
Other -  Surgical Services,IMD,5,Over 52 Weeks,1275
Other -  Surgical Services,IMD,5,Total,49970
Other -  Surgical Services,IMD,6,Unknown Clock Start,15
Other -  Surgical Services,IMD,6,01 To 18 Weeks,31325
Other -  Surgical Services,IMD,6,18 To 52 Weeks,16845
Other -  Surgical Services,IMD,6,Over 52 Weeks,1275
Other -  Surgical Services,IMD,6,Total,49460
Other -  Surgical Services,IMD,7,Unknown Clock Start,15
Other -  Surgical Services,IMD,7,01 To 18 Weeks,30980
Other -  Surgical Services,IMD,7,18 To 52 Weeks,16005
Other -  Surgical Services,IMD,7,Over 52 Weeks,1295
Other -  Surgical Services,IMD,7,Total,48295
Other -  Surgical Services,IMD,8,Unknown Clock Start,25
Other -  Surgical Services,IMD,8,01 To 18 Weeks,29440
Other -  Surgical Services,IMD,8,18 To 52 Weeks,15480
Other -  Surgical Services,IMD,8,Over 52 Weeks,1200
Other -  Surgical Services,IMD,8,Total,46145
Other -  Surgical Services,IMD,9,Unknown Clock Start,20
Other -  Surgical Services,IMD,9,01 To 18 Weeks,29190
Other -  Surgical Services,IMD,9,18 To 52 Weeks,14675
Other -  Surgical Services,IMD,9,Over 52 Weeks,1215
Other -  Surgical Services,IMD,9,Total,45100
Other -  Surgical Services,Sex,Female,Unknown Clock Start,110
Other -  Surgical Services,Sex,Female,01 To 18 Weeks,179565
Other -  Surgical Services,Sex,Female,18 To 52 Weeks,84535
Other -  Surgical Services,Sex,Female,Over 52 Weeks,6450
Other -  Surgical Services,Sex,Female,Total,270660
Other -  Surgical Services,Sex,Male,Unknown Clock Start,80
Other -  Surgical Services,Sex,Male,01 To 18 Weeks,112090
Other -  Surgical Services,Sex,Male,18 To 52 Weeks,67055
Other -  Surgical Services,Sex,Male,Over 52 Weeks,4895
Other -  Surgical Services,Sex,Male,Total,184115
Plastic Surgery Service,Age,0-18 Years,Unknown Clock Start,*
Plastic Surgery Service,Age,0-18 Years,01 To 18 Weeks,3205
Plastic Surgery Service,Age,0-18 Years,18 To 52 Weeks,2345
Plastic Surgery Service,Age,0-18 Years,Over 52 Weeks,270
Plastic Surgery Service,Age,0-18 Years,Total,5820
Plastic Surgery Service,Age,19-64 Years,Unknown Clock Start,*
Plastic Surgery Service,Age,19-64 Years,01 To 18 Weeks,31120
Plastic Surgery Service,Age,19-64 Years,18 To 52 Weeks,24035
Plastic Surgery Service,Age,19-64 Years,Over 52 Weeks,2770
Plastic Surgery Service,Age,19-64 Years,Total,57930
Plastic Surgery Service,Age,Over 65 Years,Unknown Clock Start,*
Plastic Surgery Service,Age,Over 65 Years,01 To 18 Weeks,25255
Plastic Surgery Service,Age,Over 65 Years,18 To 52 Weeks,13675
Plastic Surgery Service,Age,Over 65 Years,Over 52 Weeks,1495
Plastic Surgery Service,Age,Over 65 Years,Total,40430
Plastic Surgery Service,Ethnicity,99: Not known,01 To 18 Weeks,1955
Plastic Surgery Service,Ethnicity,99: Not known,18 To 52 Weeks,1095
Plastic Surgery Service,Ethnicity,99: Not known,Over 52 Weeks,125
Plastic Surgery Service,Ethnicity,99: Not known,Total,3175
Plastic Surgery Service,Ethnicity,A: British,Unknown Clock Start,*
Plastic Surgery Service,Ethnicity,A: British,01 To 18 Weeks,45955
Plastic Surgery Service,Ethnicity,A: British,18 To 52 Weeks,29395
Plastic Surgery Service,Ethnicity,A: British,Over 52 Weeks,3305
Plastic Surgery Service,Ethnicity,A: British,Total,78660
Plastic Surgery Service,Ethnicity,B: Irish,01 To 18 Weeks,360
Plastic Surgery Service,Ethnicity,B: Irish,18 To 52 Weeks,240
Plastic Surgery Service,Ethnicity,B: Irish,Over 52 Weeks,30
Plastic Surgery Service,Ethnicity,B: Irish,Total,630
Plastic Surgery Service,Ethnicity,C: Any other white background,01 To 18 Weeks,3085
Plastic Surgery Service,Ethnicity,C: Any other white background,18 To 52 Weeks,2510
Plastic Surgery Service,Ethnicity,C: Any other white background,Over 52 Weeks,275
Plastic Surgery Service,Ethnicity,C: Any other white background,Total,5865
Plastic Surgery Service,Ethnicity,D: White and Black Caribbean,01 To 18 Weeks,225
Plastic Surgery Service,Ethnicity,D: White and Black Caribbean,18 To 52 Weeks,165
Plastic Surgery Service,Ethnicity,D: White and Black Caribbean,Over 52 Weeks,10
Plastic Surgery Service,Ethnicity,D: White and Black Caribbean,Total,400
Plastic Surgery Service,Ethnicity,E: White and Black African,01 To 18 Weeks,115
Plastic Surgery Service,Ethnicity,E: White and Black African,18 To 52 Weeks,100
Plastic Surgery Service,Ethnicity,E: White and Black African,Over 52 Weeks,10
Plastic Surgery Service,Ethnicity,E: White and Black African,Total,220
Plastic Surgery Service,Ethnicity,F: White and Asian,01 To 18 Weeks,150
Plastic Surgery Service,Ethnicity,F: White and Asian,18 To 52 Weeks,125
Plastic Surgery Service,Ethnicity,F: White and Asian,Over 52 Weeks,15
Plastic Surgery Service,Ethnicity,F: White and Asian,Total,290
Plastic Surgery Service,Ethnicity,G: Any other mixed background,01 To 18 Weeks,375
Plastic Surgery Service,Ethnicity,G: Any other mixed background,18 To 52 Weeks,320
Plastic Surgery Service,Ethnicity,G: Any other mixed background,Over 52 Weeks,30
Plastic Surgery Service,Ethnicity,G: Any other mixed background,Total,725
Plastic Surgery Service,Ethnicity,H: Indian,01 To 18 Weeks,955
Plastic Surgery Service,Ethnicity,H: Indian,18 To 52 Weeks,825
Plastic Surgery Service,Ethnicity,H: Indian,Over 52 Weeks,115
Plastic Surgery Service,Ethnicity,H: Indian,Total,1895
Plastic Surgery Service,Ethnicity,J: Pakistani,Unknown Clock Start,*
Plastic Surgery Service,Ethnicity,J: Pakistani,01 To 18 Weeks,970
Plastic Surgery Service,Ethnicity,J: Pakistani,18 To 52 Weeks,860
Plastic Surgery Service,Ethnicity,J: Pakistani,Over 52 Weeks,95
Plastic Surgery Service,Ethnicity,J: Pakistani,Total,1920
Plastic Surgery Service,Ethnicity,K: Bangladeshi,01 To 18 Weeks,285
Plastic Surgery Service,Ethnicity,K: Bangladeshi,18 To 52 Weeks,290
Plastic Surgery Service,Ethnicity,K: Bangladeshi,Over 52 Weeks,30
Plastic Surgery Service,Ethnicity,K: Bangladeshi,Total,605
Plastic Surgery Service,Ethnicity,L: Any other Asian background,01 To 18 Weeks,935
Plastic Surgery Service,Ethnicity,L: Any other Asian background,18 To 52 Weeks,760
Plastic Surgery Service,Ethnicity,L: Any other Asian background,Over 52 Weeks,95
Plastic Surgery Service,Ethnicity,L: Any other Asian background,Total,1790
Plastic Surgery Service,Ethnicity,M: Caribbean,Unknown Clock Start,*
Plastic Surgery Service,Ethnicity,M: Caribbean,01 To 18 Weeks,625
Plastic Surgery Service,Ethnicity,M: Caribbean,18 To 52 Weeks,555
Plastic Surgery Service,Ethnicity,M: Caribbean,Over 52 Weeks,50
Plastic Surgery Service,Ethnicity,M: Caribbean,Total,1230
Plastic Surgery Service,Ethnicity,N: African,01 To 18 Weeks,1005
Plastic Surgery Service,Ethnicity,N: African,18 To 52 Weeks,880
Plastic Surgery Service,Ethnicity,N: African,Over 52 Weeks,105
Plastic Surgery Service,Ethnicity,N: African,Total,1990
Plastic Surgery Service,Ethnicity,P: Any other Black background,01 To 18 Weeks,525
Plastic Surgery Service,Ethnicity,P: Any other Black background,18 To 52 Weeks,450
Plastic Surgery Service,Ethnicity,P: Any other Black background,Over 52 Weeks,45
Plastic Surgery Service,Ethnicity,P: Any other Black background,Total,1025
Plastic Surgery Service,Ethnicity,R: Chinese,01 To 18 Weeks,185
Plastic Surgery Service,Ethnicity,R: Chinese,18 To 52 Weeks,140
Plastic Surgery Service,Ethnicity,R: Chinese,Over 52 Weeks,15
Plastic Surgery Service,Ethnicity,R: Chinese,Total,340
Plastic Surgery Service,Ethnicity,S: Any other ethnic group,01 To 18 Weeks,520
Plastic Surgery Service,Ethnicity,S: Any other ethnic group,18 To 52 Weeks,375
Plastic Surgery Service,Ethnicity,S: Any other ethnic group,Over 52 Weeks,45
Plastic Surgery Service,Ethnicity,S: Any other ethnic group,Total,945
Plastic Surgery Service,Ethnicity,Z: Not stated,01 To 18 Weeks,2185
Plastic Surgery Service,Ethnicity,Z: Not stated,18 To 52 Weeks,1340
Plastic Surgery Service,Ethnicity,Z: Not stated,Over 52 Weeks,155
Plastic Surgery Service,Ethnicity,Z: Not stated,Total,3680
Plastic Surgery Service,IMD,1,01 To 18 Weeks,5065
Plastic Surgery Service,IMD,1,18 To 52 Weeks,3930
Plastic Surgery Service,IMD,1,Over 52 Weeks,465
Plastic Surgery Service,IMD,1,Total,9460
Plastic Surgery Service,IMD,10,01 To 18 Weeks,6765
Plastic Surgery Service,IMD,10,18 To 52 Weeks,4000
Plastic Surgery Service,IMD,10,Over 52 Weeks,425
Plastic Surgery Service,IMD,10,Total,11195
Plastic Surgery Service,IMD,2,01 To 18 Weeks,5080
Plastic Surgery Service,IMD,2,18 To 52 Weeks,3810
Plastic Surgery Service,IMD,2,Over 52 Weeks,445
Plastic Surgery Service,IMD,2,Total,9335
Plastic Surgery Service,IMD,3,Unknown Clock Start,*
Plastic Surgery Service,IMD,3,01 To 18 Weeks,5275
Plastic Surgery Service,IMD,3,18 To 52 Weeks,3810
Plastic Surgery Service,IMD,3,Over 52 Weeks,415
Plastic Surgery Service,IMD,3,Total,9505
Plastic Surgery Service,IMD,4,Unknown Clock Start,*
Plastic Surgery Service,IMD,4,01 To 18 Weeks,5570
Plastic Surgery Service,IMD,4,18 To 52 Weeks,3890
Plastic Surgery Service,IMD,4,Over 52 Weeks,425
Plastic Surgery Service,IMD,4,Total,9890
Plastic Surgery Service,IMD,5,Unknown Clock Start,*
Plastic Surgery Service,IMD,5,01 To 18 Weeks,5715
Plastic Surgery Service,IMD,5,18 To 52 Weeks,3755
Plastic Surgery Service,IMD,5,Over 52 Weeks,410
Plastic Surgery Service,IMD,5,Total,9880
Plastic Surgery Service,IMD,6,01 To 18 Weeks,6005
Plastic Surgery Service,IMD,6,18 To 52 Weeks,4025
Plastic Surgery Service,IMD,6,Over 52 Weeks,480
Plastic Surgery Service,IMD,6,Total,10510
Plastic Surgery Service,IMD,7,Unknown Clock Start,*
Plastic Surgery Service,IMD,7,01 To 18 Weeks,6150
Plastic Surgery Service,IMD,7,18 To 52 Weeks,3960
Plastic Surgery Service,IMD,7,Over 52 Weeks,480
Plastic Surgery Service,IMD,7,Total,10590
Plastic Surgery Service,IMD,8,01 To 18 Weeks,6310
Plastic Surgery Service,IMD,8,18 To 52 Weeks,4095
Plastic Surgery Service,IMD,8,Over 52 Weeks,430
Plastic Surgery Service,IMD,8,Total,10840
Plastic Surgery Service,IMD,9,Unknown Clock Start,*
Plastic Surgery Service,IMD,9,01 To 18 Weeks,6610
Plastic Surgery Service,IMD,9,18 To 52 Weeks,3975
Plastic Surgery Service,IMD,9,Over 52 Weeks,460
Plastic Surgery Service,IMD,9,Total,11050
Plastic Surgery Service,Sex,Female,Unknown Clock Start,*
Plastic Surgery Service,Sex,Female,01 To 18 Weeks,30750
Plastic Surgery Service,Sex,Female,18 To 52 Weeks,21585
Plastic Surgery Service,Sex,Female,Over 52 Weeks,2535
Plastic Surgery Service,Sex,Female,Total,54875
Plastic Surgery Service,Sex,Male,Unknown Clock Start,*
Plastic Surgery Service,Sex,Male,01 To 18 Weeks,27120
Plastic Surgery Service,Sex,Male,18 To 52 Weeks,17315
Plastic Surgery Service,Sex,Male,Over 52 Weeks,1935
Plastic Surgery Service,Sex,Male,Total,46370
Respiratory Medicine Service,Age,0-18 Years,Unknown Clock Start,*
Respiratory Medicine Service,Age,0-18 Years,01 To 18 Weeks,1415
Respiratory Medicine Service,Age,0-18 Years,18 To 52 Weeks,580
Respiratory Medicine Service,Age,0-18 Years,Over 52 Weeks,20
Respiratory Medicine Service,Age,0-18 Years,Total,2020
Respiratory Medicine Service,Age,19-64 Years,Unknown Clock Start,110
Respiratory Medicine Service,Age,19-64 Years,01 To 18 Weeks,66575
Respiratory Medicine Service,Age,19-64 Years,18 To 52 Weeks,36160
Respiratory Medicine Service,Age,19-64 Years,Over 52 Weeks,1305
Respiratory Medicine Service,Age,19-64 Years,Total,104145
Respiratory Medicine Service,Age,Over 65 Years,Unknown Clock Start,145
Respiratory Medicine Service,Age,Over 65 Years,01 To 18 Weeks,51940
Respiratory Medicine Service,Age,Over 65 Years,18 To 52 Weeks,24760
Respiratory Medicine Service,Age,Over 65 Years,Over 52 Weeks,755
Respiratory Medicine Service,Age,Over 65 Years,Total,77595
Respiratory Medicine Service,Ethnicity,99: Not known,Unknown Clock Start,*
Respiratory Medicine Service,Ethnicity,99: Not known,01 To 18 Weeks,4405
Respiratory Medicine Service,Ethnicity,99: Not known,18 To 52 Weeks,1790
Respiratory Medicine Service,Ethnicity,99: Not known,Over 52 Weeks,60
Respiratory Medicine Service,Ethnicity,99: Not known,Total,6260
Respiratory Medicine Service,Ethnicity,A: British,Unknown Clock Start,185
Respiratory Medicine Service,Ethnicity,A: British,01 To 18 Weeks,86535
Respiratory Medicine Service,Ethnicity,A: British,18 To 52 Weeks,43765
Respiratory Medicine Service,Ethnicity,A: British,Over 52 Weeks,1405
Respiratory Medicine Service,Ethnicity,A: British,Total,131885
Respiratory Medicine Service,Ethnicity,B: Irish,Unknown Clock Start,*
Respiratory Medicine Service,Ethnicity,B: Irish,01 To 18 Weeks,955
Respiratory Medicine Service,Ethnicity,B: Irish,18 To 52 Weeks,450
Respiratory Medicine Service,Ethnicity,B: Irish,Over 52 Weeks,25
Respiratory Medicine Service,Ethnicity,B: Irish,Total,1435
Respiratory Medicine Service,Ethnicity,C: Any other white background,Unknown Clock Start,15
Respiratory Medicine Service,Ethnicity,C: Any other white background,01 To 18 Weeks,6265
Respiratory Medicine Service,Ethnicity,C: Any other white background,18 To 52 Weeks,3665
Respiratory Medicine Service,Ethnicity,C: Any other white background,Over 52 Weeks,175
Respiratory Medicine Service,Ethnicity,C: Any other white background,Total,10120
Respiratory Medicine Service,Ethnicity,D: White and Black Caribbean,01 To 18 Weeks,330
Respiratory Medicine Service,Ethnicity,D: White and Black Caribbean,18 To 52 Weeks,175
Respiratory Medicine Service,Ethnicity,D: White and Black Caribbean,Over 52 Weeks,10
Respiratory Medicine Service,Ethnicity,D: White and Black Caribbean,Total,515
Respiratory Medicine Service,Ethnicity,E: White and Black African,01 To 18 Weeks,220
Respiratory Medicine Service,Ethnicity,E: White and Black African,18 To 52 Weeks,90
Respiratory Medicine Service,Ethnicity,E: White and Black African,Over 52 Weeks,*
Respiratory Medicine Service,Ethnicity,E: White and Black African,Total,315
Respiratory Medicine Service,Ethnicity,F: White and Asian,Unknown Clock Start,*
Respiratory Medicine Service,Ethnicity,F: White and Asian,01 To 18 Weeks,280
Respiratory Medicine Service,Ethnicity,F: White and Asian,18 To 52 Weeks,160
Respiratory Medicine Service,Ethnicity,F: White and Asian,Over 52 Weeks,*
Respiratory Medicine Service,Ethnicity,F: White and Asian,Total,440
Respiratory Medicine Service,Ethnicity,G: Any other mixed background,01 To 18 Weeks,700
Respiratory Medicine Service,Ethnicity,G: Any other mixed background,18 To 52 Weeks,395
Respiratory Medicine Service,Ethnicity,G: Any other mixed background,Over 52 Weeks,10
Respiratory Medicine Service,Ethnicity,G: Any other mixed background,Total,1105
Respiratory Medicine Service,Ethnicity,H: Indian,Unknown Clock Start,10
Respiratory Medicine Service,Ethnicity,H: Indian,01 To 18 Weeks,3730
Respiratory Medicine Service,Ethnicity,H: Indian,18 To 52 Weeks,1745
Respiratory Medicine Service,Ethnicity,H: Indian,Over 52 Weeks,55
Respiratory Medicine Service,Ethnicity,H: Indian,Total,5545
Respiratory Medicine Service,Ethnicity,J: Pakistani,Unknown Clock Start,*
Respiratory Medicine Service,Ethnicity,J: Pakistani,01 To 18 Weeks,2590
Respiratory Medicine Service,Ethnicity,J: Pakistani,18 To 52 Weeks,1370
Respiratory Medicine Service,Ethnicity,J: Pakistani,Over 52 Weeks,55
Respiratory Medicine Service,Ethnicity,J: Pakistani,Total,4015
Respiratory Medicine Service,Ethnicity,K: Bangladeshi,Unknown Clock Start,*
Respiratory Medicine Service,Ethnicity,K: Bangladeshi,01 To 18 Weeks,1225
Respiratory Medicine Service,Ethnicity,K: Bangladeshi,18 To 52 Weeks,810
Respiratory Medicine Service,Ethnicity,K: Bangladeshi,Over 52 Weeks,25
Respiratory Medicine Service,Ethnicity,K: Bangladeshi,Total,2060
Respiratory Medicine Service,Ethnicity,L: Any other Asian background,Unknown Clock Start,10
Respiratory Medicine Service,Ethnicity,L: Any other Asian background,01 To 18 Weeks,3005
Respiratory Medicine Service,Ethnicity,L: Any other Asian background,18 To 52 Weeks,1580
Respiratory Medicine Service,Ethnicity,L: Any other Asian background,Over 52 Weeks,55
Respiratory Medicine Service,Ethnicity,L: Any other Asian background,Total,4650
Respiratory Medicine Service,Ethnicity,M: Caribbean,Unknown Clock Start,*
Respiratory Medicine Service,Ethnicity,M: Caribbean,01 To 18 Weeks,1465
Respiratory Medicine Service,Ethnicity,M: Caribbean,18 To 52 Weeks,780
Respiratory Medicine Service,Ethnicity,M: Caribbean,Over 52 Weeks,45
Respiratory Medicine Service,Ethnicity,M: Caribbean,Total,2295
Respiratory Medicine Service,Ethnicity,N: African,Unknown Clock Start,*
Respiratory Medicine Service,Ethnicity,N: African,01 To 18 Weeks,2220
Respiratory Medicine Service,Ethnicity,N: African,18 To 52 Weeks,1130
Respiratory Medicine Service,Ethnicity,N: African,Over 52 Weeks,30
Respiratory Medicine Service,Ethnicity,N: African,Total,3375
Respiratory Medicine Service,Ethnicity,P: Any other Black background,Unknown Clock Start,*
Respiratory Medicine Service,Ethnicity,P: Any other Black background,01 To 18 Weeks,1165
Respiratory Medicine Service,Ethnicity,P: Any other Black background,18 To 52 Weeks,565
Respiratory Medicine Service,Ethnicity,P: Any other Black background,Over 52 Weeks,20
Respiratory Medicine Service,Ethnicity,P: Any other Black background,Total,1755
Respiratory Medicine Service,Ethnicity,R: Chinese,Unknown Clock Start,*
Respiratory Medicine Service,Ethnicity,R: Chinese,01 To 18 Weeks,515
Respiratory Medicine Service,Ethnicity,R: Chinese,18 To 52 Weeks,240
Respiratory Medicine Service,Ethnicity,R: Chinese,Over 52 Weeks,10
Respiratory Medicine Service,Ethnicity,R: Chinese,Total,765
Respiratory Medicine Service,Ethnicity,S: Any other ethnic group,Unknown Clock Start,*
Respiratory Medicine Service,Ethnicity,S: Any other ethnic group,01 To 18 Weeks,1325
Respiratory Medicine Service,Ethnicity,S: Any other ethnic group,18 To 52 Weeks,645
Respiratory Medicine Service,Ethnicity,S: Any other ethnic group,Over 52 Weeks,30
Respiratory Medicine Service,Ethnicity,S: Any other ethnic group,Total,2000
Respiratory Medicine Service,Ethnicity,Z: Not stated,Unknown Clock Start,15
Respiratory Medicine Service,Ethnicity,Z: Not stated,01 To 18 Weeks,4895
Respiratory Medicine Service,Ethnicity,Z: Not stated,18 To 52 Weeks,2320
Respiratory Medicine Service,Ethnicity,Z: Not stated,Over 52 Weeks,65
Respiratory Medicine Service,Ethnicity,Z: Not stated,Total,7295
Respiratory Medicine Service,IMD,1,Unknown Clock Start,*
Respiratory Medicine Service,IMD,1,01 To 18 Weeks,13600
Respiratory Medicine Service,IMD,1,18 To 52 Weeks,6095
Respiratory Medicine Service,IMD,1,Over 52 Weeks,175
Respiratory Medicine Service,IMD,1,Total,19870
Respiratory Medicine Service,IMD,10,Unknown Clock Start,70
Respiratory Medicine Service,IMD,10,01 To 18 Weeks,9150
Respiratory Medicine Service,IMD,10,18 To 52 Weeks,4775
Respiratory Medicine Service,IMD,10,Over 52 Weeks,185
Respiratory Medicine Service,IMD,10,Total,14175
Respiratory Medicine Service,IMD,2,Unknown Clock Start,10
Respiratory Medicine Service,IMD,2,01 To 18 Weeks,13555
Respiratory Medicine Service,IMD,2,18 To 52 Weeks,6465
Respiratory Medicine Service,IMD,2,Over 52 Weeks,190
Respiratory Medicine Service,IMD,2,Total,20220
Respiratory Medicine Service,IMD,3,Unknown Clock Start,20
Respiratory Medicine Service,IMD,3,01 To 18 Weeks,13355
Respiratory Medicine Service,IMD,3,18 To 52 Weeks,6915
Respiratory Medicine Service,IMD,3,Over 52 Weeks,240
Respiratory Medicine Service,IMD,3,Total,20530
Respiratory Medicine Service,IMD,4,Unknown Clock Start,20
Respiratory Medicine Service,IMD,4,01 To 18 Weeks,12840
Respiratory Medicine Service,IMD,4,18 To 52 Weeks,6690
Respiratory Medicine Service,IMD,4,Over 52 Weeks,230
Respiratory Medicine Service,IMD,4,Total,19780
Respiratory Medicine Service,IMD,5,Unknown Clock Start,15
Respiratory Medicine Service,IMD,5,01 To 18 Weeks,12230
Respiratory Medicine Service,IMD,5,18 To 52 Weeks,6295
Respiratory Medicine Service,IMD,5,Over 52 Weeks,200
Respiratory Medicine Service,IMD,5,Total,18735
Respiratory Medicine Service,IMD,6,Unknown Clock Start,25
Respiratory Medicine Service,IMD,6,01 To 18 Weeks,11560
Respiratory Medicine Service,IMD,6,18 To 52 Weeks,6010
Respiratory Medicine Service,IMD,6,Over 52 Weeks,215
Respiratory Medicine Service,IMD,6,Total,17805
Respiratory Medicine Service,IMD,7,Unknown Clock Start,30
Respiratory Medicine Service,IMD,7,01 To 18 Weeks,11155
Respiratory Medicine Service,IMD,7,18 To 52 Weeks,5835
Respiratory Medicine Service,IMD,7,Over 52 Weeks,210
Respiratory Medicine Service,IMD,7,Total,17225
Respiratory Medicine Service,IMD,8,Unknown Clock Start,30
Respiratory Medicine Service,IMD,8,01 To 18 Weeks,10690
Respiratory Medicine Service,IMD,8,18 To 52 Weeks,5760
Respiratory Medicine Service,IMD,8,Over 52 Weeks,195
Respiratory Medicine Service,IMD,8,Total,16675
Respiratory Medicine Service,IMD,9,Unknown Clock Start,35
Respiratory Medicine Service,IMD,9,01 To 18 Weeks,10120
Respiratory Medicine Service,IMD,9,18 To 52 Weeks,5385
Respiratory Medicine Service,IMD,9,Over 52 Weeks,195
Respiratory Medicine Service,IMD,9,Total,15735
Respiratory Medicine Service,Sex,Female,Unknown Clock Start,130
Respiratory Medicine Service,Sex,Female,01 To 18 Weeks,55930
Respiratory Medicine Service,Sex,Female,18 To 52 Weeks,28850
Respiratory Medicine Service,Sex,Female,Over 52 Weeks,1005
Respiratory Medicine Service,Sex,Female,Total,85920
Respiratory Medicine Service,Sex,Male,Unknown Clock Start,125
Respiratory Medicine Service,Sex,Male,01 To 18 Weeks,58760
Respiratory Medicine Service,Sex,Male,18 To 52 Weeks,29715
Respiratory Medicine Service,Sex,Male,Over 52 Weeks,930
Respiratory Medicine Service,Sex,Male,Total,89530
Rheumatology Service,Age,0-18 Years,Unknown Clock Start,*
Rheumatology Service,Age,0-18 Years,01 To 18 Weeks,1370
Rheumatology Service,Age,0-18 Years,18 To 52 Weeks,755
Rheumatology Service,Age,0-18 Years,Over 52 Weeks,25
Rheumatology Service,Age,0-18 Years,Total,2150
Rheumatology Service,Age,19-64 Years,Unknown Clock Start,100
Rheumatology Service,Age,19-64 Years,01 To 18 Weeks,49865
Rheumatology Service,Age,19-64 Years,18 To 52 Weeks,25625
Rheumatology Service,Age,19-64 Years,Over 52 Weeks,830
Rheumatology Service,Age,19-64 Years,Total,76415
Rheumatology Service,Age,Over 65 Years,Unknown Clock Start,120
Rheumatology Service,Age,Over 65 Years,01 To 18 Weeks,27855
Rheumatology Service,Age,Over 65 Years,18 To 52 Weeks,12755
Rheumatology Service,Age,Over 65 Years,Over 52 Weeks,440
Rheumatology Service,Age,Over 65 Years,Total,41175
Rheumatology Service,Ethnicity,99: Not known,Unknown Clock Start,*
Rheumatology Service,Ethnicity,99: Not known,01 To 18 Weeks,2810
Rheumatology Service,Ethnicity,99: Not known,18 To 52 Weeks,1110
Rheumatology Service,Ethnicity,99: Not known,Over 52 Weeks,40
Rheumatology Service,Ethnicity,99: Not known,Total,3965
Rheumatology Service,Ethnicity,A: British,Unknown Clock Start,180
Rheumatology Service,Ethnicity,A: British,01 To 18 Weeks,59320
Rheumatology Service,Ethnicity,A: British,18 To 52 Weeks,29605
Rheumatology Service,Ethnicity,A: British,Over 52 Weeks,1020
Rheumatology Service,Ethnicity,A: British,Total,90125
Rheumatology Service,Ethnicity,B: Irish,Unknown Clock Start,*
Rheumatology Service,Ethnicity,B: Irish,01 To 18 Weeks,460
Rheumatology Service,Ethnicity,B: Irish,18 To 52 Weeks,255
Rheumatology Service,Ethnicity,B: Irish,Over 52 Weeks,10
Rheumatology Service,Ethnicity,B: Irish,Total,725
Rheumatology Service,Ethnicity,C: Any other white background,Unknown Clock Start,15
Rheumatology Service,Ethnicity,C: Any other white background,01 To 18 Weeks,4265
Rheumatology Service,Ethnicity,C: Any other white background,18 To 52 Weeks,2250
Rheumatology Service,Ethnicity,C: Any other white background,Over 52 Weeks,70
Rheumatology Service,Ethnicity,C: Any other white background,Total,6595
Rheumatology Service,Ethnicity,D: White and Black Caribbean,01 To 18 Weeks,240
Rheumatology Service,Ethnicity,D: White and Black Caribbean,18 To 52 Weeks,115
Rheumatology Service,Ethnicity,D: White and Black Caribbean,Over 52 Weeks,*
Rheumatology Service,Ethnicity,D: White and Black Caribbean,Total,355
Rheumatology Service,Ethnicity,E: White and Black African,01 To 18 Weeks,140
Rheumatology Service,Ethnicity,E: White and Black African,18 To 52 Weeks,70
Rheumatology Service,Ethnicity,E: White and Black African,Over 52 Weeks,*
Rheumatology Service,Ethnicity,E: White and Black African,Total,210
Rheumatology Service,Ethnicity,F: White and Asian,Unknown Clock Start,*
Rheumatology Service,Ethnicity,F: White and Asian,01 To 18 Weeks,240
Rheumatology Service,Ethnicity,F: White and Asian,18 To 52 Weeks,100
Rheumatology Service,Ethnicity,F: White and Asian,Over 52 Weeks,*
Rheumatology Service,Ethnicity,F: White and Asian,Total,340
Rheumatology Service,Ethnicity,G: Any other mixed background,01 To 18 Weeks,485
Rheumatology Service,Ethnicity,G: Any other mixed background,18 To 52 Weeks,255
Rheumatology Service,Ethnicity,G: Any other mixed background,Over 52 Weeks,10
Rheumatology Service,Ethnicity,G: Any other mixed background,Total,750
Rheumatology Service,Ethnicity,H: Indian,Unknown Clock Start,*
Rheumatology Service,Ethnicity,H: Indian,01 To 18 Weeks,2285
Rheumatology Service,Ethnicity,H: Indian,18 To 52 Weeks,1275
Rheumatology Service,Ethnicity,H: Indian,Over 52 Weeks,30
Rheumatology Service,Ethnicity,H: Indian,Total,3600
Rheumatology Service,Ethnicity,J: Pakistani,Unknown Clock Start,*
Rheumatology Service,Ethnicity,J: Pakistani,01 To 18 Weeks,1835
Rheumatology Service,Ethnicity,J: Pakistani,18 To 52 Weeks,775
Rheumatology Service,Ethnicity,J: Pakistani,Over 52 Weeks,20
Rheumatology Service,Ethnicity,J: Pakistani,Total,2630
Rheumatology Service,Ethnicity,K: Bangladeshi,Unknown Clock Start,*
Rheumatology Service,Ethnicity,K: Bangladeshi,01 To 18 Weeks,620
Rheumatology Service,Ethnicity,K: Bangladeshi,18 To 52 Weeks,225
Rheumatology Service,Ethnicity,K: Bangladeshi,Over 52 Weeks,*
Rheumatology Service,Ethnicity,K: Bangladeshi,Total,855
Rheumatology Service,Ethnicity,L: Any other Asian background,Unknown Clock Start,10
Rheumatology Service,Ethnicity,L: Any other Asian background,01 To 18 Weeks,1640
Rheumatology Service,Ethnicity,L: Any other Asian background,18 To 52 Weeks,790
Rheumatology Service,Ethnicity,L: Any other Asian background,Over 52 Weeks,15
Rheumatology Service,Ethnicity,L: Any other Asian background,Total,2450
Rheumatology Service,Ethnicity,M: Caribbean,Unknown Clock Start,*
Rheumatology Service,Ethnicity,M: Caribbean,01 To 18 Weeks,745
Rheumatology Service,Ethnicity,M: Caribbean,18 To 52 Weeks,265
Rheumatology Service,Ethnicity,M: Caribbean,Over 52 Weeks,10
Rheumatology Service,Ethnicity,M: Caribbean,Total,1025
Rheumatology Service,Ethnicity,N: African,01 To 18 Weeks,1040
Rheumatology Service,Ethnicity,N: African,18 To 52 Weeks,480
Rheumatology Service,Ethnicity,N: African,Over 52 Weeks,10
Rheumatology Service,Ethnicity,N: African,Total,1530
Rheumatology Service,Ethnicity,P: Any other Black background,Unknown Clock Start,*
Rheumatology Service,Ethnicity,P: Any other Black background,01 To 18 Weeks,575
Rheumatology Service,Ethnicity,P: Any other Black background,18 To 52 Weeks,205
Rheumatology Service,Ethnicity,P: Any other Black background,Over 52 Weeks,*
Rheumatology Service,Ethnicity,P: Any other Black background,Total,790
Rheumatology Service,Ethnicity,R: Chinese,Unknown Clock Start,*
Rheumatology Service,Ethnicity,R: Chinese,01 To 18 Weeks,295
Rheumatology Service,Ethnicity,R: Chinese,18 To 52 Weeks,135
Rheumatology Service,Ethnicity,R: Chinese,Over 52 Weeks,*
Rheumatology Service,Ethnicity,R: Chinese,Total,440
Rheumatology Service,Ethnicity,S: Any other ethnic group,Unknown Clock Start,*
Rheumatology Service,Ethnicity,S: Any other ethnic group,01 To 18 Weeks,695
Rheumatology Service,Ethnicity,S: Any other ethnic group,18 To 52 Weeks,355
Rheumatology Service,Ethnicity,S: Any other ethnic group,Over 52 Weeks,10
Rheumatology Service,Ethnicity,S: Any other ethnic group,Total,1060
Rheumatology Service,Ethnicity,Z: Not stated,Unknown Clock Start,*
Rheumatology Service,Ethnicity,Z: Not stated,01 To 18 Weeks,3065
Rheumatology Service,Ethnicity,Z: Not stated,18 To 52 Weeks,1375
Rheumatology Service,Ethnicity,Z: Not stated,Over 52 Weeks,35
Rheumatology Service,Ethnicity,Z: Not stated,Total,4480
Rheumatology Service,IMD,1,Unknown Clock Start,*
Rheumatology Service,IMD,1,01 To 18 Weeks,7390
Rheumatology Service,IMD,1,18 To 52 Weeks,3635
Rheumatology Service,IMD,1,Over 52 Weeks,80
Rheumatology Service,IMD,1,Total,11110
Rheumatology Service,IMD,10,Unknown Clock Start,55
Rheumatology Service,IMD,10,01 To 18 Weeks,6995
Rheumatology Service,IMD,10,18 To 52 Weeks,3225
Rheumatology Service,IMD,10,Over 52 Weeks,125
Rheumatology Service,IMD,10,Total,10405
Rheumatology Service,IMD,2,Unknown Clock Start,*
Rheumatology Service,IMD,2,01 To 18 Weeks,7545
Rheumatology Service,IMD,2,18 To 52 Weeks,3740
Rheumatology Service,IMD,2,Over 52 Weeks,85
Rheumatology Service,IMD,2,Total,11375
Rheumatology Service,IMD,3,Unknown Clock Start,15
Rheumatology Service,IMD,3,01 To 18 Weeks,7790
Rheumatology Service,IMD,3,18 To 52 Weeks,3975
Rheumatology Service,IMD,3,Over 52 Weeks,140
Rheumatology Service,IMD,3,Total,11920
Rheumatology Service,IMD,4,Unknown Clock Start,30
Rheumatology Service,IMD,4,01 To 18 Weeks,8085
Rheumatology Service,IMD,4,18 To 52 Weeks,4025
Rheumatology Service,IMD,4,Over 52 Weeks,130
Rheumatology Service,IMD,4,Total,12275
Rheumatology Service,IMD,5,Unknown Clock Start,20
Rheumatology Service,IMD,5,01 To 18 Weeks,8215
Rheumatology Service,IMD,5,18 To 52 Weeks,4040
Rheumatology Service,IMD,5,Over 52 Weeks,125
Rheumatology Service,IMD,5,Total,12400
Rheumatology Service,IMD,6,Unknown Clock Start,20
Rheumatology Service,IMD,6,01 To 18 Weeks,8215
Rheumatology Service,IMD,6,18 To 52 Weeks,4105
Rheumatology Service,IMD,6,Over 52 Weeks,140
Rheumatology Service,IMD,6,Total,12480
Rheumatology Service,IMD,7,Unknown Clock Start,25
Rheumatology Service,IMD,7,01 To 18 Weeks,8145
Rheumatology Service,IMD,7,18 To 52 Weeks,4095
Rheumatology Service,IMD,7,Over 52 Weeks,125
Rheumatology Service,IMD,7,Total,12385
Rheumatology Service,IMD,8,Unknown Clock Start,30
Rheumatology Service,IMD,8,01 To 18 Weeks,8050
Rheumatology Service,IMD,8,18 To 52 Weeks,4085
Rheumatology Service,IMD,8,Over 52 Weeks,155
Rheumatology Service,IMD,8,Total,12320
Rheumatology Service,IMD,9,Unknown Clock Start,30
Rheumatology Service,IMD,9,01 To 18 Weeks,8015
Rheumatology Service,IMD,9,18 To 52 Weeks,3760
Rheumatology Service,IMD,9,Over 52 Weeks,150
Rheumatology Service,IMD,9,Total,11955
Rheumatology Service,Sex,Female,Unknown Clock Start,150
Rheumatology Service,Sex,Female,01 To 18 Weeks,54885
Rheumatology Service,Sex,Female,18 To 52 Weeks,28105
Rheumatology Service,Sex,Female,Over 52 Weeks,975
Rheumatology Service,Sex,Female,Total,84115
Rheumatology Service,Sex,Male,Unknown Clock Start,75
Rheumatology Service,Sex,Male,01 To 18 Weeks,22230
Rheumatology Service,Sex,Male,18 To 52 Weeks,10020
Rheumatology Service,Sex,Male,Over 52 Weeks,280
Rheumatology Service,Sex,Male,Total,32605
Trauma and Orthopaedics Service,Age,0-18 Years,Unknown Clock Start,165
Trauma and Orthopaedics Service,Age,0-18 Years,01 To 18 Weeks,18695
Trauma and Orthopaedics Service,Age,0-18 Years,18 To 52 Weeks,11710
Trauma and Orthopaedics Service,Age,0-18 Years,Over 52 Weeks,1300
Trauma and Orthopaedics Service,Age,0-18 Years,Total,31865
Trauma and Orthopaedics Service,Age,19-64 Years,Unknown Clock Start,1200
Trauma and Orthopaedics Service,Age,19-64 Years,01 To 18 Weeks,269725
Trauma and Orthopaedics Service,Age,19-64 Years,18 To 52 Weeks,174545
Trauma and Orthopaedics Service,Age,19-64 Years,Over 52 Weeks,14270
Trauma and Orthopaedics Service,Age,19-64 Years,Total,459735
Trauma and Orthopaedics Service,Age,Over 65 Years,Unknown Clock Start,870
Trauma and Orthopaedics Service,Age,Over 65 Years,01 To 18 Weeks,194665
Trauma and Orthopaedics Service,Age,Over 65 Years,18 To 52 Weeks,134405
Trauma and Orthopaedics Service,Age,Over 65 Years,Over 52 Weeks,11690
Trauma and Orthopaedics Service,Age,Over 65 Years,Total,341630
Trauma and Orthopaedics Service,Ethnicity,99: Not known,Unknown Clock Start,1050
Trauma and Orthopaedics Service,Ethnicity,99: Not known,01 To 18 Weeks,12050
Trauma and Orthopaedics Service,Ethnicity,99: Not known,18 To 52 Weeks,6055
Trauma and Orthopaedics Service,Ethnicity,99: Not known,Over 52 Weeks,475
Trauma and Orthopaedics Service,Ethnicity,99: Not known,Total,19630
Trauma and Orthopaedics Service,Ethnicity,A: British,Unknown Clock Start,1840
Trauma and Orthopaedics Service,Ethnicity,A: British,01 To 18 Weeks,373735
Trauma and Orthopaedics Service,Ethnicity,A: British,18 To 52 Weeks,247900
Trauma and Orthopaedics Service,Ethnicity,A: British,Over 52 Weeks,21690
Trauma and Orthopaedics Service,Ethnicity,A: British,Total,645165
Trauma and Orthopaedics Service,Ethnicity,B: Irish,Unknown Clock Start,*
Trauma and Orthopaedics Service,Ethnicity,B: Irish,01 To 18 Weeks,2690
Trauma and Orthopaedics Service,Ethnicity,B: Irish,18 To 52 Weeks,1900
Trauma and Orthopaedics Service,Ethnicity,B: Irish,Over 52 Weeks,140
Trauma and Orthopaedics Service,Ethnicity,B: Irish,Total,4735
Trauma and Orthopaedics Service,Ethnicity,C: Any other white background,Unknown Clock Start,120
Trauma and Orthopaedics Service,Ethnicity,C: Any other white background,01 To 18 Weeks,24470
Trauma and Orthopaedics Service,Ethnicity,C: Any other white background,18 To 52 Weeks,16895
Trauma and Orthopaedics Service,Ethnicity,C: Any other white background,Over 52 Weeks,1330
Trauma and Orthopaedics Service,Ethnicity,C: Any other white background,Total,42815
Trauma and Orthopaedics Service,Ethnicity,D: White and Black Caribbean,Unknown Clock Start,10
Trauma and Orthopaedics Service,Ethnicity,D: White and Black Caribbean,01 To 18 Weeks,1470
Trauma and Orthopaedics Service,Ethnicity,D: White and Black Caribbean,18 To 52 Weeks,1000
Trauma and Orthopaedics Service,Ethnicity,D: White and Black Caribbean,Over 52 Weeks,85
Trauma and Orthopaedics Service,Ethnicity,D: White and Black Caribbean,Total,2570
Trauma and Orthopaedics Service,Ethnicity,E: White and Black African,Unknown Clock Start,*
Trauma and Orthopaedics Service,Ethnicity,E: White and Black African,01 To 18 Weeks,790
Trauma and Orthopaedics Service,Ethnicity,E: White and Black African,18 To 52 Weeks,545
Trauma and Orthopaedics Service,Ethnicity,E: White and Black African,Over 52 Weeks,35
Trauma and Orthopaedics Service,Ethnicity,E: White and Black African,Total,1370
Trauma and Orthopaedics Service,Ethnicity,F: White and Asian,Unknown Clock Start,*
Trauma and Orthopaedics Service,Ethnicity,F: White and Asian,01 To 18 Weeks,1145
Trauma and Orthopaedics Service,Ethnicity,F: White and Asian,18 To 52 Weeks,700
Trauma and Orthopaedics Service,Ethnicity,F: White and Asian,Over 52 Weeks,50
Trauma and Orthopaedics Service,Ethnicity,F: White and Asian,Total,1900
Trauma and Orthopaedics Service,Ethnicity,G: Any other mixed background,Unknown Clock Start,20
Trauma and Orthopaedics Service,Ethnicity,G: Any other mixed background,01 To 18 Weeks,2760
Trauma and Orthopaedics Service,Ethnicity,G: Any other mixed background,18 To 52 Weeks,1760
Trauma and Orthopaedics Service,Ethnicity,G: Any other mixed background,Over 52 Weeks,145
Trauma and Orthopaedics Service,Ethnicity,G: Any other mixed background,Total,4685
Trauma and Orthopaedics Service,Ethnicity,H: Indian,Unknown Clock Start,35
Trauma and Orthopaedics Service,Ethnicity,H: Indian,01 To 18 Weeks,12300
Trauma and Orthopaedics Service,Ethnicity,H: Indian,18 To 52 Weeks,8355
Trauma and Orthopaedics Service,Ethnicity,H: Indian,Over 52 Weeks,570
Trauma and Orthopaedics Service,Ethnicity,H: Indian,Total,21255
Trauma and Orthopaedics Service,Ethnicity,J: Pakistani,Unknown Clock Start,50
Trauma and Orthopaedics Service,Ethnicity,J: Pakistani,01 To 18 Weeks,8950
Trauma and Orthopaedics Service,Ethnicity,J: Pakistani,18 To 52 Weeks,5690
Trauma and Orthopaedics Service,Ethnicity,J: Pakistani,Over 52 Weeks,430
Trauma and Orthopaedics Service,Ethnicity,J: Pakistani,Total,15120
Trauma and Orthopaedics Service,Ethnicity,K: Bangladeshi,Unknown Clock Start,*
Trauma and Orthopaedics Service,Ethnicity,K: Bangladeshi,01 To 18 Weeks,3025
Trauma and Orthopaedics Service,Ethnicity,K: Bangladeshi,18 To 52 Weeks,1685
Trauma and Orthopaedics Service,Ethnicity,K: Bangladeshi,Over 52 Weeks,105
Trauma and Orthopaedics Service,Ethnicity,K: Bangladeshi,Total,4825
Trauma and Orthopaedics Service,Ethnicity,L: Any other Asian background,Unknown Clock Start,40
Trauma and Orthopaedics Service,Ethnicity,L: Any other Asian background,01 To 18 Weeks,8015
Trauma and Orthopaedics Service,Ethnicity,L: Any other Asian background,18 To 52 Weeks,5440
Trauma and Orthopaedics Service,Ethnicity,L: Any other Asian background,Over 52 Weeks,405
Trauma and Orthopaedics Service,Ethnicity,L: Any other Asian background,Total,13905
Trauma and Orthopaedics Service,Ethnicity,M: Caribbean,Unknown Clock Start,15
Trauma and Orthopaedics Service,Ethnicity,M: Caribbean,01 To 18 Weeks,4755
Trauma and Orthopaedics Service,Ethnicity,M: Caribbean,18 To 52 Weeks,3390
Trauma and Orthopaedics Service,Ethnicity,M: Caribbean,Over 52 Weeks,240
Trauma and Orthopaedics Service,Ethnicity,M: Caribbean,Total,8400
Trauma and Orthopaedics Service,Ethnicity,N: African,Unknown Clock Start,20
Trauma and Orthopaedics Service,Ethnicity,N: African,01 To 18 Weeks,6500
Trauma and Orthopaedics Service,Ethnicity,N: African,18 To 52 Weeks,4295
Trauma and Orthopaedics Service,Ethnicity,N: African,Over 52 Weeks,400
Trauma and Orthopaedics Service,Ethnicity,N: African,Total,11220
Trauma and Orthopaedics Service,Ethnicity,P: Any other Black background,Unknown Clock Start,15
Trauma and Orthopaedics Service,Ethnicity,P: Any other Black background,01 To 18 Weeks,3475
Trauma and Orthopaedics Service,Ethnicity,P: Any other Black background,18 To 52 Weeks,2250
Trauma and Orthopaedics Service,Ethnicity,P: Any other Black background,Over 52 Weeks,145
Trauma and Orthopaedics Service,Ethnicity,P: Any other Black background,Total,5885
Trauma and Orthopaedics Service,Ethnicity,R: Chinese,Unknown Clock Start,*
Trauma and Orthopaedics Service,Ethnicity,R: Chinese,01 To 18 Weeks,1145
Trauma and Orthopaedics Service,Ethnicity,R: Chinese,18 To 52 Weeks,765
Trauma and Orthopaedics Service,Ethnicity,R: Chinese,Over 52 Weeks,40
Trauma and Orthopaedics Service,Ethnicity,R: Chinese,Total,1960
Trauma and Orthopaedics Service,Ethnicity,S: Any other ethnic group,Unknown Clock Start,15
Trauma and Orthopaedics Service,Ethnicity,S: Any other ethnic group,01 To 18 Weeks,3610
Trauma and Orthopaedics Service,Ethnicity,S: Any other ethnic group,18 To 52 Weeks,2400
Trauma and Orthopaedics Service,Ethnicity,S: Any other ethnic group,Over 52 Weeks,185
Trauma and Orthopaedics Service,Ethnicity,S: Any other ethnic group,Total,6210
Trauma and Orthopaedics Service,Ethnicity,Z: Not stated,Unknown Clock Start,170
Trauma and Orthopaedics Service,Ethnicity,Z: Not stated,01 To 18 Weeks,18260
Trauma and Orthopaedics Service,Ethnicity,Z: Not stated,18 To 52 Weeks,10165
Trauma and Orthopaedics Service,Ethnicity,Z: Not stated,Over 52 Weeks,790
Trauma and Orthopaedics Service,Ethnicity,Z: Not stated,Total,29385
Trauma and Orthopaedics Service,IMD,1,Unknown Clock Start,170
Trauma and Orthopaedics Service,IMD,1,01 To 18 Weeks,44250
Trauma and Orthopaedics Service,IMD,1,18 To 52 Weeks,27825
Trauma and Orthopaedics Service,IMD,1,Over 52 Weeks,2335
Trauma and Orthopaedics Service,IMD,1,Total,74580
Trauma and Orthopaedics Service,IMD,10,Unknown Clock Start,265
Trauma and Orthopaedics Service,IMD,10,01 To 18 Weeks,45210
Trauma and Orthopaedics Service,IMD,10,18 To 52 Weeks,29300
Trauma and Orthopaedics Service,IMD,10,Over 52 Weeks,2325
Trauma and Orthopaedics Service,IMD,10,Total,77095
Trauma and Orthopaedics Service,IMD,2,Unknown Clock Start,195
Trauma and Orthopaedics Service,IMD,2,01 To 18 Weeks,46270
Trauma and Orthopaedics Service,IMD,2,18 To 52 Weeks,29980
Trauma and Orthopaedics Service,IMD,2,Over 52 Weeks,2435
Trauma and Orthopaedics Service,IMD,2,Total,78880
Trauma and Orthopaedics Service,IMD,3,Unknown Clock Start,185
Trauma and Orthopaedics Service,IMD,3,01 To 18 Weeks,46810
Trauma and Orthopaedics Service,IMD,3,18 To 52 Weeks,31000
Trauma and Orthopaedics Service,IMD,3,Over 52 Weeks,2710
Trauma and Orthopaedics Service,IMD,3,Total,80705
Trauma and Orthopaedics Service,IMD,4,Unknown Clock Start,260
Trauma and Orthopaedics Service,IMD,4,01 To 18 Weeks,48330
Trauma and Orthopaedics Service,IMD,4,18 To 52 Weeks,32335
Trauma and Orthopaedics Service,IMD,4,Over 52 Weeks,2905
Trauma and Orthopaedics Service,IMD,4,Total,83825
Trauma and Orthopaedics Service,IMD,5,Unknown Clock Start,275
Trauma and Orthopaedics Service,IMD,5,01 To 18 Weeks,48645
Trauma and Orthopaedics Service,IMD,5,18 To 52 Weeks,33530
Trauma and Orthopaedics Service,IMD,5,Over 52 Weeks,2945
Trauma and Orthopaedics Service,IMD,5,Total,85395
Trauma and Orthopaedics Service,IMD,6,Unknown Clock Start,240
Trauma and Orthopaedics Service,IMD,6,01 To 18 Weeks,49700
Trauma and Orthopaedics Service,IMD,6,18 To 52 Weeks,33450
Trauma and Orthopaedics Service,IMD,6,Over 52 Weeks,2760
Trauma and Orthopaedics Service,IMD,6,Total,86145
Trauma and Orthopaedics Service,IMD,7,Unknown Clock Start,295
Trauma and Orthopaedics Service,IMD,7,01 To 18 Weeks,48780
Trauma and Orthopaedics Service,IMD,7,18 To 52 Weeks,32615
Trauma and Orthopaedics Service,IMD,7,Over 52 Weeks,2880
Trauma and Orthopaedics Service,IMD,7,Total,84565
Trauma and Orthopaedics Service,IMD,8,Unknown Clock Start,265
Trauma and Orthopaedics Service,IMD,8,01 To 18 Weeks,49540
Trauma and Orthopaedics Service,IMD,8,18 To 52 Weeks,32795
Trauma and Orthopaedics Service,IMD,8,Over 52 Weeks,2735
Trauma and Orthopaedics Service,IMD,8,Total,85340
Trauma and Orthopaedics Service,IMD,9,Unknown Clock Start,205
Trauma and Orthopaedics Service,IMD,9,01 To 18 Weeks,47765
Trauma and Orthopaedics Service,IMD,9,18 To 52 Weeks,31375
Trauma and Orthopaedics Service,IMD,9,Over 52 Weeks,2675
Trauma and Orthopaedics Service,IMD,9,Total,82020
Trauma and Orthopaedics Service,Sex,Female,Unknown Clock Start,1910
Trauma and Orthopaedics Service,Sex,Female,01 To 18 Weeks,263750
Trauma and Orthopaedics Service,Sex,Female,18 To 52 Weeks,176625
Trauma and Orthopaedics Service,Sex,Female,Over 52 Weeks,14665
Trauma and Orthopaedics Service,Sex,Female,Total,456950
Trauma and Orthopaedics Service,Sex,Male,Unknown Clock Start,1485
Trauma and Orthopaedics Service,Sex,Male,01 To 18 Weeks,208020
Trauma and Orthopaedics Service,Sex,Male,18 To 52 Weeks,138285
Trauma and Orthopaedics Service,Sex,Male,Over 52 Weeks,12090
Trauma and Orthopaedics Service,Sex,Male,Total,359875
Unknown,Age,0-18 Years,Unknown Clock Start,15
Unknown,Age,0-18 Years,01 To 18 Weeks,2025
Unknown,Age,0-18 Years,18 To 52 Weeks,1010
Unknown,Age,0-18 Years,Over 52 Weeks,40
Unknown,Age,0-18 Years,Total,3085
Unknown,Age,19-64 Years,Unknown Clock Start,100
Unknown,Age,19-64 Years,01 To 18 Weeks,7390
Unknown,Age,19-64 Years,18 To 52 Weeks,595
Unknown,Age,19-64 Years,Over 52 Weeks,65
Unknown,Age,19-64 Years,Total,8155
Unknown,Age,Over 65 Years,Unknown Clock Start,75
Unknown,Age,Over 65 Years,01 To 18 Weeks,4015
Unknown,Age,Over 65 Years,18 To 52 Weeks,385
Unknown,Age,Over 65 Years,Over 52 Weeks,50
Unknown,Age,Over 65 Years,Total,4520
Unknown,Ethnicity,99: Not known,Unknown Clock Start,*
Unknown,Ethnicity,99: Not known,01 To 18 Weeks,260
Unknown,Ethnicity,99: Not known,18 To 52 Weeks,50
Unknown,Ethnicity,99: Not known,Over 52 Weeks,*
Unknown,Ethnicity,99: Not known,Total,320
Unknown,Ethnicity,A: British,Unknown Clock Start,140
Unknown,Ethnicity,A: British,01 To 18 Weeks,8005
Unknown,Ethnicity,A: British,18 To 52 Weeks,1265
Unknown,Ethnicity,A: British,Over 52 Weeks,100
Unknown,Ethnicity,A: British,Total,9515
Unknown,Ethnicity,B: Irish,Unknown Clock Start,*
Unknown,Ethnicity,B: Irish,01 To 18 Weeks,135
Unknown,Ethnicity,B: Irish,18 To 52 Weeks,15
Unknown,Ethnicity,B: Irish,Over 52 Weeks,*
Unknown,Ethnicity,B: Irish,Total,155
Unknown,Ethnicity,C: Any other white background,Unknown Clock Start,20
Unknown,Ethnicity,C: Any other white background,01 To 18 Weeks,1290
Unknown,Ethnicity,C: Any other white background,18 To 52 Weeks,190
Unknown,Ethnicity,C: Any other white background,Over 52 Weeks,10
Unknown,Ethnicity,C: Any other white background,Total,1510
Unknown,Ethnicity,D: White and Black Caribbean,Unknown Clock Start,*
Unknown,Ethnicity,D: White and Black Caribbean,01 To 18 Weeks,95
Unknown,Ethnicity,D: White and Black Caribbean,18 To 52 Weeks,20
Unknown,Ethnicity,D: White and Black Caribbean,Total,115
Unknown,Ethnicity,E: White and Black African,01 To 18 Weeks,60
Unknown,Ethnicity,E: White and Black African,18 To 52 Weeks,10
Unknown,Ethnicity,E: White and Black African,Total,70
Unknown,Ethnicity,F: White and Asian,01 To 18 Weeks,55
Unknown,Ethnicity,F: White and Asian,18 To 52 Weeks,15
Unknown,Ethnicity,F: White and Asian,Over 52 Weeks,*
Unknown,Ethnicity,F: White and Asian,Total,65
Unknown,Ethnicity,G: Any other mixed background,Unknown Clock Start,*
Unknown,Ethnicity,G: Any other mixed background,01 To 18 Weeks,210
Unknown,Ethnicity,G: Any other mixed background,18 To 52 Weeks,35
Unknown,Ethnicity,G: Any other mixed background,Over 52 Weeks,*
Unknown,Ethnicity,G: Any other mixed background,Total,250
Unknown,Ethnicity,H: Indian,Unknown Clock Start,*
Unknown,Ethnicity,H: Indian,01 To 18 Weeks,315
Unknown,Ethnicity,H: Indian,18 To 52 Weeks,45
Unknown,Ethnicity,H: Indian,Over 52 Weeks,*
Unknown,Ethnicity,H: Indian,Total,365
Unknown,Ethnicity,J: Pakistani,Unknown Clock Start,*
Unknown,Ethnicity,J: Pakistani,01 To 18 Weeks,210
Unknown,Ethnicity,J: Pakistani,18 To 52 Weeks,35
Unknown,Ethnicity,J: Pakistani,Total,245
Unknown,Ethnicity,K: Bangladeshi,Unknown Clock Start,*
Unknown,Ethnicity,K: Bangladeshi,01 To 18 Weeks,115
Unknown,Ethnicity,K: Bangladeshi,18 To 52 Weeks,30
Unknown,Ethnicity,K: Bangladeshi,Over 52 Weeks,*
Unknown,Ethnicity,K: Bangladeshi,Total,150
Unknown,Ethnicity,L: Any other Asian background,Unknown Clock Start,*
Unknown,Ethnicity,L: Any other Asian background,01 To 18 Weeks,375
Unknown,Ethnicity,L: Any other Asian background,18 To 52 Weeks,50
Unknown,Ethnicity,L: Any other Asian background,Over 52 Weeks,*
Unknown,Ethnicity,L: Any other Asian background,Total,435
Unknown,Ethnicity,M: Caribbean,01 To 18 Weeks,460
Unknown,Ethnicity,M: Caribbean,18 To 52 Weeks,45
Unknown,Ethnicity,M: Caribbean,Over 52 Weeks,*
Unknown,Ethnicity,M: Caribbean,Total,510
Unknown,Ethnicity,N: African,Unknown Clock Start,*
Unknown,Ethnicity,N: African,01 To 18 Weeks,705
Unknown,Ethnicity,N: African,18 To 52 Weeks,65
Unknown,Ethnicity,N: African,Over 52 Weeks,*
Unknown,Ethnicity,N: African,Total,780
Unknown,Ethnicity,P: Any other Black background,Unknown Clock Start,*
Unknown,Ethnicity,P: Any other Black background,01 To 18 Weeks,405
Unknown,Ethnicity,P: Any other Black background,18 To 52 Weeks,35
Unknown,Ethnicity,P: Any other Black background,Total,440
Unknown,Ethnicity,R: Chinese,01 To 18 Weeks,95
Unknown,Ethnicity,R: Chinese,18 To 52 Weeks,*
Unknown,Ethnicity,R: Chinese,Over 52 Weeks,*
Unknown,Ethnicity,R: Chinese,Total,105
Unknown,Ethnicity,S: Any other ethnic group,Unknown Clock Start,*
Unknown,Ethnicity,S: Any other ethnic group,01 To 18 Weeks,230
Unknown,Ethnicity,S: Any other ethnic group,18 To 52 Weeks,35
Unknown,Ethnicity,S: Any other ethnic group,Over 52 Weeks,*
Unknown,Ethnicity,S: Any other ethnic group,Total,265
Unknown,Ethnicity,Z: Not stated,Unknown Clock Start,*
Unknown,Ethnicity,Z: Not stated,01 To 18 Weeks,885
Unknown,Ethnicity,Z: Not stated,18 To 52 Weeks,55
Unknown,Ethnicity,Z: Not stated,Over 52 Weeks,10
Unknown,Ethnicity,Z: Not stated,Total,950
Unknown,IMD,1,01 To 18 Weeks,640
Unknown,IMD,1,18 To 52 Weeks,120
Unknown,IMD,1,Over 52 Weeks,*
Unknown,IMD,1,Total,765
Unknown,IMD,10,Unknown Clock Start,55
Unknown,IMD,10,01 To 18 Weeks,1030
Unknown,IMD,10,18 To 52 Weeks,220
Unknown,IMD,10,Over 52 Weeks,20
Unknown,IMD,10,Total,1325
Unknown,IMD,2,Unknown Clock Start,*
Unknown,IMD,2,01 To 18 Weeks,1650
Unknown,IMD,2,18 To 52 Weeks,165
Unknown,IMD,2,Over 52 Weeks,*
Unknown,IMD,2,Total,1825
Unknown,IMD,3,Unknown Clock Start,*
Unknown,IMD,3,01 To 18 Weeks,1960
Unknown,IMD,3,18 To 52 Weeks,215
Unknown,IMD,3,Over 52 Weeks,10
Unknown,IMD,3,Total,2195
Unknown,IMD,4,Unknown Clock Start,15
Unknown,IMD,4,01 To 18 Weeks,1705
Unknown,IMD,4,18 To 52 Weeks,240
Unknown,IMD,4,Over 52 Weeks,20
Unknown,IMD,4,Total,1980
Unknown,IMD,5,Unknown Clock Start,10
Unknown,IMD,5,01 To 18 Weeks,1435
Unknown,IMD,5,18 To 52 Weeks,195
Unknown,IMD,5,Over 52 Weeks,15
Unknown,IMD,5,Total,1655
Unknown,IMD,6,Unknown Clock Start,15
Unknown,IMD,6,01 To 18 Weeks,1415
Unknown,IMD,6,18 To 52 Weeks,210
Unknown,IMD,6,Over 52 Weeks,20
Unknown,IMD,6,Total,1665
Unknown,IMD,7,Unknown Clock Start,25
Unknown,IMD,7,01 To 18 Weeks,1225
Unknown,IMD,7,18 To 52 Weeks,185
Unknown,IMD,7,Over 52 Weeks,15
Unknown,IMD,7,Total,1450
Unknown,IMD,8,Unknown Clock Start,30
Unknown,IMD,8,01 To 18 Weeks,1180
Unknown,IMD,8,18 To 52 Weeks,185
Unknown,IMD,8,Over 52 Weeks,20
Unknown,IMD,8,Total,1415
Unknown,IMD,9,Unknown Clock Start,25
Unknown,IMD,9,01 To 18 Weeks,1185
Unknown,IMD,9,18 To 52 Weeks,210
Unknown,IMD,9,Over 52 Weeks,25
Unknown,IMD,9,Total,1440
Unknown,Sex,Female,Unknown Clock Start,85
Unknown,Sex,Female,01 To 18 Weeks,4765
Unknown,Sex,Female,18 To 52 Weeks,800
Unknown,Sex,Female,Over 52 Weeks,70
Unknown,Sex,Female,Total,5715
Unknown,Sex,Male,Unknown Clock Start,90
Unknown,Sex,Male,01 To 18 Weeks,3635
Unknown,Sex,Male,18 To 52 Weeks,925
Unknown,Sex,Male,Over 52 Weeks,60
Unknown,Sex,Male,Total,4710
Urology Service,Age,0-18 Years,Unknown Clock Start,*
Urology Service,Age,0-18 Years,01 To 18 Weeks,5900
Urology Service,Age,0-18 Years,18 To 52 Weeks,3980
Urology Service,Age,0-18 Years,Over 52 Weeks,215
Urology Service,Age,0-18 Years,Total,10100
Urology Service,Age,19-64 Years,Unknown Clock Start,225
Urology Service,Age,19-64 Years,01 To 18 Weeks,121115
Urology Service,Age,19-64 Years,18 To 52 Weeks,82275
Urology Service,Age,19-64 Years,Over 52 Weeks,5805
Urology Service,Age,19-64 Years,Total,209425
Urology Service,Age,Over 65 Years,Unknown Clock Start,190
Urology Service,Age,Over 65 Years,01 To 18 Weeks,104045
Urology Service,Age,Over 65 Years,18 To 52 Weeks,53845
Urology Service,Age,Over 65 Years,Over 52 Weeks,3485
Urology Service,Age,Over 65 Years,Total,161560
Urology Service,Ethnicity,99: Not known,Unknown Clock Start,35
Urology Service,Ethnicity,99: Not known,01 To 18 Weeks,8845
Urology Service,Ethnicity,99: Not known,18 To 52 Weeks,4055
Urology Service,Ethnicity,99: Not known,Over 52 Weeks,195
Urology Service,Ethnicity,99: Not known,Total,13135
Urology Service,Ethnicity,A: British,Unknown Clock Start,300
Urology Service,Ethnicity,A: British,01 To 18 Weeks,168405
Urology Service,Ethnicity,A: British,18 To 52 Weeks,98070
Urology Service,Ethnicity,A: British,Over 52 Weeks,6805
Urology Service,Ethnicity,A: British,Total,273585
Urology Service,Ethnicity,B: Irish,Unknown Clock Start,*
Urology Service,Ethnicity,B: Irish,01 To 18 Weeks,1525
Urology Service,Ethnicity,B: Irish,18 To 52 Weeks,900
Urology Service,Ethnicity,B: Irish,Over 52 Weeks,55
Urology Service,Ethnicity,B: Irish,Total,2480
Urology Service,Ethnicity,C: Any other white background,Unknown Clock Start,25
Urology Service,Ethnicity,C: Any other white background,01 To 18 Weeks,12805
Urology Service,Ethnicity,C: Any other white background,18 To 52 Weeks,9100
Urology Service,Ethnicity,C: Any other white background,Over 52 Weeks,605
Urology Service,Ethnicity,C: Any other white background,Total,22535
Urology Service,Ethnicity,D: White and Black Caribbean,Unknown Clock Start,*
Urology Service,Ethnicity,D: White and Black Caribbean,01 To 18 Weeks,615
Urology Service,Ethnicity,D: White and Black Caribbean,18 To 52 Weeks,475
Urology Service,Ethnicity,D: White and Black Caribbean,Over 52 Weeks,25
Urology Service,Ethnicity,D: White and Black Caribbean,Total,1115
Urology Service,Ethnicity,E: White and Black African,01 To 18 Weeks,375
Urology Service,Ethnicity,E: White and Black African,18 To 52 Weeks,285
Urology Service,Ethnicity,E: White and Black African,Over 52 Weeks,20
Urology Service,Ethnicity,E: White and Black African,Total,685
Urology Service,Ethnicity,F: White and Asian,Unknown Clock Start,*
Urology Service,Ethnicity,F: White and Asian,01 To 18 Weeks,570
Urology Service,Ethnicity,F: White and Asian,18 To 52 Weeks,340
Urology Service,Ethnicity,F: White and Asian,Over 52 Weeks,25
Urology Service,Ethnicity,F: White and Asian,Total,935
Urology Service,Ethnicity,G: Any other mixed background,Unknown Clock Start,*
Urology Service,Ethnicity,G: Any other mixed background,01 To 18 Weeks,1375
Urology Service,Ethnicity,G: Any other mixed background,18 To 52 Weeks,985
Urology Service,Ethnicity,G: Any other mixed background,Over 52 Weeks,75
Urology Service,Ethnicity,G: Any other mixed background,Total,2440
Urology Service,Ethnicity,H: Indian,Unknown Clock Start,*
Urology Service,Ethnicity,H: Indian,01 To 18 Weeks,5850
Urology Service,Ethnicity,H: Indian,18 To 52 Weeks,3985
Urology Service,Ethnicity,H: Indian,Over 52 Weeks,235
Urology Service,Ethnicity,H: Indian,Total,10075
Urology Service,Ethnicity,J: Pakistani,Unknown Clock Start,10
Urology Service,Ethnicity,J: Pakistani,01 To 18 Weeks,4625
Urology Service,Ethnicity,J: Pakistani,18 To 52 Weeks,3170
Urology Service,Ethnicity,J: Pakistani,Over 52 Weeks,205
Urology Service,Ethnicity,J: Pakistani,Total,8010
Urology Service,Ethnicity,K: Bangladeshi,01 To 18 Weeks,1645
Urology Service,Ethnicity,K: Bangladeshi,18 To 52 Weeks,1130
Urology Service,Ethnicity,K: Bangladeshi,Over 52 Weeks,75
Urology Service,Ethnicity,K: Bangladeshi,Total,2855
Urology Service,Ethnicity,L: Any other Asian background,Unknown Clock Start,15
Urology Service,Ethnicity,L: Any other Asian background,01 To 18 Weeks,4750
Urology Service,Ethnicity,L: Any other Asian background,18 To 52 Weeks,3365
Urology Service,Ethnicity,L: Any other Asian background,Over 52 Weeks,200
Urology Service,Ethnicity,L: Any other Asian background,Total,8330
Urology Service,Ethnicity,M: Caribbean,Unknown Clock Start,*
Urology Service,Ethnicity,M: Caribbean,01 To 18 Weeks,2830
Urology Service,Ethnicity,M: Caribbean,18 To 52 Weeks,1815
Urology Service,Ethnicity,M: Caribbean,Over 52 Weeks,100
Urology Service,Ethnicity,M: Caribbean,Total,4755
Urology Service,Ethnicity,N: African,Unknown Clock Start,*
Urology Service,Ethnicity,N: African,01 To 18 Weeks,4105
Urology Service,Ethnicity,N: African,18 To 52 Weeks,2730
Urology Service,Ethnicity,N: African,Over 52 Weeks,175
Urology Service,Ethnicity,N: African,Total,7015
Urology Service,Ethnicity,P: Any other Black background,Unknown Clock Start,*
Urology Service,Ethnicity,P: Any other Black background,01 To 18 Weeks,2065
Urology Service,Ethnicity,P: Any other Black background,18 To 52 Weeks,1390
Urology Service,Ethnicity,P: Any other Black background,Over 52 Weeks,85
Urology Service,Ethnicity,P: Any other Black background,Total,3545
Urology Service,Ethnicity,R: Chinese,Unknown Clock Start,*
Urology Service,Ethnicity,R: Chinese,01 To 18 Weeks,705
Urology Service,Ethnicity,R: Chinese,18 To 52 Weeks,500
Urology Service,Ethnicity,R: Chinese,Over 52 Weeks,35
Urology Service,Ethnicity,R: Chinese,Total,1240
Urology Service,Ethnicity,S: Any other ethnic group,Unknown Clock Start,10
Urology Service,Ethnicity,S: Any other ethnic group,01 To 18 Weeks,2535
Urology Service,Ethnicity,S: Any other ethnic group,18 To 52 Weeks,1705
Urology Service,Ethnicity,S: Any other ethnic group,Over 52 Weeks,110
Urology Service,Ethnicity,S: Any other ethnic group,Total,4360
Urology Service,Ethnicity,Z: Not stated,Unknown Clock Start,25
Urology Service,Ethnicity,Z: Not stated,01 To 18 Weeks,10710
Urology Service,Ethnicity,Z: Not stated,18 To 52 Weeks,6285
Urology Service,Ethnicity,Z: Not stated,Over 52 Weeks,480
Urology Service,Ethnicity,Z: Not stated,Total,17500
Urology Service,IMD,1,Unknown Clock Start,30
Urology Service,IMD,1,01 To 18 Weeks,21250
Urology Service,IMD,1,18 To 52 Weeks,14070
Urology Service,IMD,1,Over 52 Weeks,1020
Urology Service,IMD,1,Total,36370
Urology Service,IMD,10,Unknown Clock Start,50
Urology Service,IMD,10,01 To 18 Weeks,20965
Urology Service,IMD,10,18 To 52 Weeks,11545
Urology Service,IMD,10,Over 52 Weeks,740
Urology Service,IMD,10,Total,33295
Urology Service,IMD,2,Unknown Clock Start,25
Urology Service,IMD,2,01 To 18 Weeks,22500
Urology Service,IMD,2,18 To 52 Weeks,14605
Urology Service,IMD,2,Over 52 Weeks,1060
Urology Service,IMD,2,Total,38190
Urology Service,IMD,3,Unknown Clock Start,35
Urology Service,IMD,3,01 To 18 Weeks,23225
Urology Service,IMD,3,18 To 52 Weeks,14900
Urology Service,IMD,3,Over 52 Weeks,1005
Urology Service,IMD,3,Total,39165
Urology Service,IMD,4,Unknown Clock Start,45
Urology Service,IMD,4,01 To 18 Weeks,23165
Urology Service,IMD,4,18 To 52 Weeks,14650
Urology Service,IMD,4,Over 52 Weeks,960
Urology Service,IMD,4,Total,38820
Urology Service,IMD,5,Unknown Clock Start,40
Urology Service,IMD,5,01 To 18 Weeks,23560
Urology Service,IMD,5,18 To 52 Weeks,14155
Urology Service,IMD,5,Over 52 Weeks,925
Urology Service,IMD,5,Total,38680
Urology Service,IMD,6,Unknown Clock Start,50
Urology Service,IMD,6,01 To 18 Weeks,23450
Urology Service,IMD,6,18 To 52 Weeks,13780
Urology Service,IMD,6,Over 52 Weeks,920
Urology Service,IMD,6,Total,38200
Urology Service,IMD,7,Unknown Clock Start,55
Urology Service,IMD,7,01 To 18 Weeks,23065
Urology Service,IMD,7,18 To 52 Weeks,13035
Urology Service,IMD,7,Over 52 Weeks,865
Urology Service,IMD,7,Total,37020
Urology Service,IMD,8,Unknown Clock Start,40
Urology Service,IMD,8,01 To 18 Weeks,23115
Urology Service,IMD,8,18 To 52 Weeks,13265
Urology Service,IMD,8,Over 52 Weeks,930
Urology Service,IMD,8,Total,37345
Urology Service,IMD,9,Unknown Clock Start,45
Urology Service,IMD,9,01 To 18 Weeks,22435
Urology Service,IMD,9,18 To 52 Weeks,12665
Urology Service,IMD,9,Over 52 Weeks,880
Urology Service,IMD,9,Total,36025
Urology Service,Sex,Female,Unknown Clock Start,125
Urology Service,Sex,Female,01 To 18 Weeks,59925
Urology Service,Sex,Female,18 To 52 Weeks,35685
Urology Service,Sex,Female,Over 52 Weeks,2460
Urology Service,Sex,Female,Total,98195
Urology Service,Sex,Male,Unknown Clock Start,315
Urology Service,Sex,Male,01 To 18 Weeks,162935
Urology Service,Sex,Male,18 To 52 Weeks,98775
Urology Service,Sex,Male,Over 52 Weeks,6570
Urology Service,Sex,Male,Total,268600
