Treatment Function Code,Metric,Category,Waiting Bands,Count
Cardiology Service,Age,0-18 Years,Unknown Clock Start,*
Cardiology Service,Age,0-18 Years,01 To 18 Weeks,3735
Cardiology Service,Age,0-18 Years,18 To 52 Weeks,2830
Cardiology Service,Age,0-18 Years,Over 52 Weeks,115
Cardiology Service,Age,0-18 Years,Total,6685
Cardiology Service,Age,19-64 Years,Unknown Clock Start,40
Cardiology Service,Age,19-64 Years,01 To 18 Weeks,108365
Cardiology Service,Age,19-64 Years,18 To 52 Weeks,74750
Cardiology Service,Age,19-64 Years,Over 52 Weeks,3755
Cardiology Service,Age,19-64 Years,Total,186915
Cardiology Service,Age,Over 65 Years,Unknown Clock Start,40
Cardiology Service,Age,Over 65 Years,01 To 18 Weeks,116550
Cardiology Service,Age,Over 65 Years,18 To 52 Weeks,67035
Cardiology Service,Age,Over 65 Years,Over 52 Weeks,3190
Cardiology Service,Age,Over 65 Years,Total,186815
Cardiology Service,Ethnicity,99: Not known,Unknown Clock Start,*
Cardiology Service,Ethnicity,99: Not known,01 To 18 Weeks,9725
Cardiology Service,Ethnicity,99: Not known,18 To 52 Weeks,4835
Cardiology Service,Ethnicity,99: Not known,Over 52 Weeks,165
Cardiology Service,Ethnicity,99: Not known,Total,14730
Cardiology Service,Ethnicity,A: British,Unknown Clock Start,75
Cardiology Service,Ethnicity,A: British,01 To 18 Weeks,168610
Cardiology Service,Ethnicity,A: British,18 To 52 Weeks,103870
Cardiology Service,Ethnicity,A: British,Over 52 Weeks,5330
Cardiology Service,Ethnicity,A: British,Total,277885
Cardiology Service,Ethnicity,B: Irish,01 To 18 Weeks,1635
Cardiology Service,Ethnicity,B: Irish,18 To 52 Weeks,990
Cardiology Service,Ethnicity,B: Irish,Over 52 Weeks,35
Cardiology Service,Ethnicity,B: Irish,Total,2660
Cardiology Service,Ethnicity,C: Any other white background,Unknown Clock Start,10
Cardiology Service,Ethnicity,C: Any other white background,01 To 18 Weeks,12815
Cardiology Service,Ethnicity,C: Any other white background,18 To 52 Weeks,9180
Cardiology Service,Ethnicity,C: Any other white background,Over 52 Weeks,355
Cardiology Service,Ethnicity,C: Any other white background,Total,22355
Cardiology Service,Ethnicity,D: White and Black Caribbean,Unknown Clock Start,*
Cardiology Service,Ethnicity,D: White and Black Caribbean,01 To 18 Weeks,605
Cardiology Service,Ethnicity,D: White and Black Caribbean,18 To 52 Weeks,415
Cardiology Service,Ethnicity,D: White and Black Caribbean,Over 52 Weeks,20
Cardiology Service,Ethnicity,D: White and Black Caribbean,Total,1045
Cardiology Service,Ethnicity,E: White and Black African,01 To 18 Weeks,395
Cardiology Service,Ethnicity,E: White and Black African,18 To 52 Weeks,235
Cardiology Service,Ethnicity,E: White and Black African,Over 52 Weeks,10
Cardiology Service,Ethnicity,E: White and Black African,Total,635
Cardiology Service,Ethnicity,F: White and Asian,01 To 18 Weeks,490
Cardiology Service,Ethnicity,F: White and Asian,18 To 52 Weeks,295
Cardiology Service,Ethnicity,F: White and Asian,Over 52 Weeks,15
Cardiology Service,Ethnicity,F: White and Asian,Total,800
Cardiology Service,Ethnicity,G: Any other mixed background,01 To 18 Weeks,1150
Cardiology Service,Ethnicity,G: Any other mixed background,18 To 52 Weeks,785
Cardiology Service,Ethnicity,G: Any other mixed background,Over 52 Weeks,35
Cardiology Service,Ethnicity,G: Any other mixed background,Total,1970
Cardiology Service,Ethnicity,H: Indian,Unknown Clock Start,*
Cardiology Service,Ethnicity,H: Indian,01 To 18 Weeks,6760
Cardiology Service,Ethnicity,H: Indian,18 To 52 Weeks,4410
Cardiology Service,Ethnicity,H: Indian,Over 52 Weeks,235
Cardiology Service,Ethnicity,H: Indian,Total,11405
Cardiology Service,Ethnicity,J: Pakistani,01 To 18 Weeks,4725
Cardiology Service,Ethnicity,J: Pakistani,18 To 52 Weeks,2960
Cardiology Service,Ethnicity,J: Pakistani,Over 52 Weeks,100
Cardiology Service,Ethnicity,J: Pakistani,Total,7785
Cardiology Service,Ethnicity,K: Bangladeshi,01 To 18 Weeks,1875
Cardiology Service,Ethnicity,K: Bangladeshi,18 To 52 Weeks,1100
Cardiology Service,Ethnicity,K: Bangladeshi,Over 52 Weeks,25
Cardiology Service,Ethnicity,K: Bangladeshi,Total,3005
Cardiology Service,Ethnicity,L: Any other Asian background,Unknown Clock Start,*
Cardiology Service,Ethnicity,L: Any other Asian background,01 To 18 Weeks,5040
Cardiology Service,Ethnicity,L: Any other Asian background,18 To 52 Weeks,3155
Cardiology Service,Ethnicity,L: Any other Asian background,Over 52 Weeks,135
Cardiology Service,Ethnicity,L: Any other Asian background,Total,8335
Cardiology Service,Ethnicity,M: Caribbean,01 To 18 Weeks,2705
Cardiology Service,Ethnicity,M: Caribbean,18 To 52 Weeks,1835
Cardiology Service,Ethnicity,M: Caribbean,Over 52 Weeks,60
Cardiology Service,Ethnicity,M: Caribbean,Total,4600
Cardiology Service,Ethnicity,N: African,Unknown Clock Start,*
Cardiology Service,Ethnicity,N: African,01 To 18 Weeks,3975
Cardiology Service,Ethnicity,N: African,18 To 52 Weeks,2625
Cardiology Service,Ethnicity,N: African,Over 52 Weeks,110
Cardiology Service,Ethnicity,N: African,Total,6710
Cardiology Service,Ethnicity,P: Any other Black background,Unknown Clock Start,*
Cardiology Service,Ethnicity,P: Any other Black background,01 To 18 Weeks,1890
Cardiology Service,Ethnicity,P: Any other Black background,18 To 52 Weeks,1255
Cardiology Service,Ethnicity,P: Any other Black background,Over 52 Weeks,40
Cardiology Service,Ethnicity,P: Any other Black background,Total,3180
Cardiology Service,Ethnicity,R: Chinese,01 To 18 Weeks,835
Cardiology Service,Ethnicity,R: Chinese,18 To 52 Weeks,500
Cardiology Service,Ethnicity,R: Chinese,Over 52 Weeks,25
Cardiology Service,Ethnicity,R: Chinese,Total,1355
Cardiology Service,Ethnicity,S: Any other ethnic group,Unknown Clock Start,*
Cardiology Service,Ethnicity,S: Any other ethnic group,01 To 18 Weeks,2405
Cardiology Service,Ethnicity,S: Any other ethnic group,18 To 52 Weeks,1545
Cardiology Service,Ethnicity,S: Any other ethnic group,Over 52 Weeks,80
Cardiology Service,Ethnicity,S: Any other ethnic group,Total,4030
Cardiology Service,Ethnicity,Z: Not stated,Unknown Clock Start,*
Cardiology Service,Ethnicity,Z: Not stated,01 To 18 Weeks,9410
Cardiology Service,Ethnicity,Z: Not stated,18 To 52 Weeks,5970
Cardiology Service,Ethnicity,Z: Not stated,Over 52 Weeks,285
Cardiology Service,Ethnicity,Z: Not stated,Total,15665
Cardiology Service,IMD,1,Unknown Clock Start,*
Cardiology Service,IMD,1,01 To 18 Weeks,19510
Cardiology Service,IMD,1,18 To 52 Weeks,12035
Cardiology Service,IMD,1,Over 52 Weeks,565
Cardiology Service,IMD,1,Total,32110
Cardiology Service,IMD,10,Unknown Clock Start,25
Cardiology Service,IMD,10,01 To 18 Weeks,22195
Cardiology Service,IMD,10,18 To 52 Weeks,13940
Cardiology Service,IMD,10,Over 52 Weeks,600
Cardiology Service,IMD,10,Total,36765
Cardiology Service,IMD,2,Unknown Clock Start,*
Cardiology Service,IMD,2,01 To 18 Weeks,21555
Cardiology Service,IMD,2,18 To 52 Weeks,13280
Cardiology Service,IMD,2,Over 52 Weeks,610
Cardiology Service,IMD,2,Total,35440
Cardiology Service,IMD,3,Unknown Clock Start,*
Cardiology Service,IMD,3,01 To 18 Weeks,22175
Cardiology Service,IMD,3,18 To 52 Weeks,13870
Cardiology Service,IMD,3,Over 52 Weeks,625
Cardiology Service,IMD,3,Total,36680
Cardiology Service,IMD,4,Unknown Clock Start,10
Cardiology Service,IMD,4,01 To 18 Weeks,23175
Cardiology Service,IMD,4,18 To 52 Weeks,14585
Cardiology Service,IMD,4,Over 52 Weeks,725
Cardiology Service,IMD,4,Total,38495
Cardiology Service,IMD,5,Unknown Clock Start,15
Cardiology Service,IMD,5,01 To 18 Weeks,23445
Cardiology Service,IMD,5,18 To 52 Weeks,15060
Cardiology Service,IMD,5,Over 52 Weeks,845
Cardiology Service,IMD,5,Total,39365
Cardiology Service,IMD,6,Unknown Clock Start,*
Cardiology Service,IMD,6,01 To 18 Weeks,23895
Cardiology Service,IMD,6,18 To 52 Weeks,14860
Cardiology Service,IMD,6,Over 52 Weeks,725
Cardiology Service,IMD,6,Total,39485
Cardiology Service,IMD,7,Unknown Clock Start,10
Cardiology Service,IMD,7,01 To 18 Weeks,23695
Cardiology Service,IMD,7,18 To 52 Weeks,14675
Cardiology Service,IMD,7,Over 52 Weeks,775
Cardiology Service,IMD,7,Total,39155
Cardiology Service,IMD,8,Unknown Clock Start,10
Cardiology Service,IMD,8,01 To 18 Weeks,23020
Cardiology Service,IMD,8,18 To 52 Weeks,14580
Cardiology Service,IMD,8,Over 52 Weeks,710
Cardiology Service,IMD,8,Total,38320
Cardiology Service,IMD,9,Unknown Clock Start,15
Cardiology Service,IMD,9,01 To 18 Weeks,23280
Cardiology Service,IMD,9,18 To 52 Weeks,14495
Cardiology Service,IMD,9,Over 52 Weeks,725
Cardiology Service,IMD,9,Total,38515
Cardiology Service,Sex,Female,Unknown Clock Start,50
Cardiology Service,Sex,Female,01 To 18 Weeks,104715
Cardiology Service,Sex,Female,18 To 52 Weeks,67865
Cardiology Service,Sex,Female,Over 52 Weeks,3355
Cardiology Service,Sex,Female,Total,175980
Cardiology Service,Sex,Male,Unknown Clock Start,35
Cardiology Service,Sex,Male,01 To 18 Weeks,110910
Cardiology Service,Sex,Male,18 To 52 Weeks,68640
Cardiology Service,Sex,Male,Over 52 Weeks,3195
Cardiology Service,Sex,Male,Total,182785
Cardiothoracic Surgery Service,Age,0-18 Years,01 To 18 Weeks,235
Cardiothoracic Surgery Service,Age,0-18 Years,18 To 52 Weeks,135
Cardiothoracic Surgery Service,Age,0-18 Years,Over 52 Weeks,*
Cardiothoracic Surgery Service,Age,0-18 Years,Total,375
Cardiothoracic Surgery Service,Age,19-64 Years,Unknown Clock Start,*
Cardiothoracic Surgery Service,Age,19-64 Years,01 To 18 Weeks,4045
Cardiothoracic Surgery Service,Age,19-64 Years,18 To 52 Weeks,1770
Cardiothoracic Surgery Service,Age,19-64 Years,Over 52 Weeks,90
Cardiothoracic Surgery Service,Age,19-64 Years,Total,5900
Cardiothoracic Surgery Service,Age,Over 65 Years,01 To 18 Weeks,5175
Cardiothoracic Surgery Service,Age,Over 65 Years,18 To 52 Weeks,1970
Cardiothoracic Surgery Service,Age,Over 65 Years,Over 52 Weeks,115
Cardiothoracic Surgery Service,Age,Over 65 Years,Total,7265
Cardiothoracic Surgery Service,Ethnicity,99: Not known,01 To 18 Weeks,275
Cardiothoracic Surgery Service,Ethnicity,99: Not known,18 To 52 Weeks,75
Cardiothoracic Surgery Service,Ethnicity,99: Not known,Over 52 Weeks,*
Cardiothoracic Surgery Service,Ethnicity,99: Not known,Total,355
Cardiothoracic Surgery Service,Ethnicity,A: British,Unknown Clock Start,*
Cardiothoracic Surgery Service,Ethnicity,A: British,01 To 18 Weeks,7200
Cardiothoracic Surgery Service,Ethnicity,A: British,18 To 52 Weeks,2925
Cardiothoracic Surgery Service,Ethnicity,A: British,Over 52 Weeks,170
Cardiothoracic Surgery Service,Ethnicity,A: British,Total,10295
Cardiothoracic Surgery Service,Ethnicity,B: Irish,01 To 18 Weeks,60
Cardiothoracic Surgery Service,Ethnicity,B: Irish,18 To 52 Weeks,20
Cardiothoracic Surgery Service,Ethnicity,B: Irish,Total,80
Cardiothoracic Surgery Service,Ethnicity,C: Any other white background,01 To 18 Weeks,485
Cardiothoracic Surgery Service,Ethnicity,C: Any other white background,18 To 52 Weeks,245
Cardiothoracic Surgery Service,Ethnicity,C: Any other white background,Over 52 Weeks,*
Cardiothoracic Surgery Service,Ethnicity,C: Any other white background,Total,740
Cardiothoracic Surgery Service,Ethnicity,D: White and Black Caribbean,01 To 18 Weeks,15
Cardiothoracic Surgery Service,Ethnicity,D: White and Black Caribbean,18 To 52 Weeks,*
Cardiothoracic Surgery Service,Ethnicity,D: White and Black Caribbean,Total,20
Cardiothoracic Surgery Service,Ethnicity,E: White and Black African,01 To 18 Weeks,15
Cardiothoracic Surgery Service,Ethnicity,E: White and Black African,18 To 52 Weeks,*
Cardiothoracic Surgery Service,Ethnicity,E: White and Black African,Over 52 Weeks,*
Cardiothoracic Surgery Service,Ethnicity,E: White and Black African,Total,20
Cardiothoracic Surgery Service,Ethnicity,F: White and Asian,01 To 18 Weeks,15
Cardiothoracic Surgery Service,Ethnicity,F: White and Asian,18 To 52 Weeks,10
Cardiothoracic Surgery Service,Ethnicity,F: White and Asian,Total,20
Cardiothoracic Surgery Service,Ethnicity,G: Any other mixed background,01 To 18 Weeks,45
Cardiothoracic Surgery Service,Ethnicity,G: Any other mixed background,18 To 52 Weeks,15
Cardiothoracic Surgery Service,Ethnicity,G: Any other mixed background,Total,60
Cardiothoracic Surgery Service,Ethnicity,H: Indian,01 To 18 Weeks,240
Cardiothoracic Surgery Service,Ethnicity,H: Indian,18 To 52 Weeks,110
Cardiothoracic Surgery Service,Ethnicity,H: Indian,Over 52 Weeks,10
Cardiothoracic Surgery Service,Ethnicity,H: Indian,Total,360
Cardiothoracic Surgery Service,Ethnicity,J: Pakistani,01 To 18 Weeks,160
Cardiothoracic Surgery Service,Ethnicity,J: Pakistani,18 To 52 Weeks,70
Cardiothoracic Surgery Service,Ethnicity,J: Pakistani,Over 52 Weeks,*
Cardiothoracic Surgery Service,Ethnicity,J: Pakistani,Total,230
Cardiothoracic Surgery Service,Ethnicity,K: Bangladeshi,01 To 18 Weeks,70
Cardiothoracic Surgery Service,Ethnicity,K: Bangladeshi,18 To 52 Weeks,30
Cardiothoracic Surgery Service,Ethnicity,K: Bangladeshi,Total,100
Cardiothoracic Surgery Service,Ethnicity,L: Any other Asian background,01 To 18 Weeks,200
Cardiothoracic Surgery Service,Ethnicity,L: Any other Asian background,18 To 52 Weeks,90
Cardiothoracic Surgery Service,Ethnicity,L: Any other Asian background,Over 52 Weeks,*
Cardiothoracic Surgery Service,Ethnicity,L: Any other Asian background,Total,295
Cardiothoracic Surgery Service,Ethnicity,M: Caribbean,01 To 18 Weeks,90
Cardiothoracic Surgery Service,Ethnicity,M: Caribbean,18 To 52 Weeks,30
Cardiothoracic Surgery Service,Ethnicity,M: Caribbean,Over 52 Weeks,*
Cardiothoracic Surgery Service,Ethnicity,M: Caribbean,Total,120
Cardiothoracic Surgery Service,Ethnicity,N: African,01 To 18 Weeks,110
Cardiothoracic Surgery Service,Ethnicity,N: African,18 To 52 Weeks,60
Cardiothoracic Surgery Service,Ethnicity,N: African,Over 52 Weeks,*
Cardiothoracic Surgery Service,Ethnicity,N: African,Total,170
Cardiothoracic Surgery Service,Ethnicity,P: Any other Black background,01 To 18 Weeks,70
Cardiothoracic Surgery Service,Ethnicity,P: Any other Black background,18 To 52 Weeks,40
Cardiothoracic Surgery Service,Ethnicity,P: Any other Black background,Over 52 Weeks,*
Cardiothoracic Surgery Service,Ethnicity,P: Any other Black background,Total,110
Cardiothoracic Surgery Service,Ethnicity,R: Chinese,01 To 18 Weeks,35
Cardiothoracic Surgery Service,Ethnicity,R: Chinese,18 To 52 Weeks,20
Cardiothoracic Surgery Service,Ethnicity,R: Chinese,Total,55
Cardiothoracic Surgery Service,Ethnicity,S: Any other ethnic group,01 To 18 Weeks,75
Cardiothoracic Surgery Service,Ethnicity,S: Any other ethnic group,18 To 52 Weeks,35
Cardiothoracic Surgery Service,Ethnicity,S: Any other ethnic group,Over 52 Weeks,*
Cardiothoracic Surgery Service,Ethnicity,S: Any other ethnic group,Total,110
Cardiothoracic Surgery Service,Ethnicity,Z: Not stated,Unknown Clock Start,*
Cardiothoracic Surgery Service,Ethnicity,Z: Not stated,01 To 18 Weeks,365
Cardiothoracic Surgery Service,Ethnicity,Z: Not stated,18 To 52 Weeks,115
Cardiothoracic Surgery Service,Ethnicity,Z: Not stated,Over 52 Weeks,*
Cardiothoracic Surgery Service,Ethnicity,Z: Not stated,Total,485
Cardiothoracic Surgery Service,IMD,1,01 To 18 Weeks,805
Cardiothoracic Surgery Service,IMD,1,18 To 52 Weeks,360
Cardiothoracic Surgery Service,IMD,1,Over 52 Weeks,25
Cardiothoracic Surgery Service,IMD,1,Total,1190
Cardiothoracic Surgery Service,IMD,10,01 To 18 Weeks,855
Cardiothoracic Surgery Service,IMD,10,18 To 52 Weeks,290
Cardiothoracic Surgery Service,IMD,10,Over 52 Weeks,20
Cardiothoracic Surgery Service,IMD,10,Total,1170
Cardiothoracic Surgery Service,IMD,2,01 To 18 Weeks,925
Cardiothoracic Surgery Service,IMD,2,18 To 52 Weeks,350
Cardiothoracic Surgery Service,IMD,2,Over 52 Weeks,15
Cardiothoracic Surgery Service,IMD,2,Total,1290
Cardiothoracic Surgery Service,IMD,3,Unknown Clock Start,*
Cardiothoracic Surgery Service,IMD,3,01 To 18 Weeks,945
Cardiothoracic Surgery Service,IMD,3,18 To 52 Weeks,390
Cardiothoracic Surgery Service,IMD,3,Over 52 Weeks,20
Cardiothoracic Surgery Service,IMD,3,Total,1360
Cardiothoracic Surgery Service,IMD,4,01 To 18 Weeks,975
Cardiothoracic Surgery Service,IMD,4,18 To 52 Weeks,385
Cardiothoracic Surgery Service,IMD,4,Over 52 Weeks,20
Cardiothoracic Surgery Service,IMD,4,Total,1385
Cardiothoracic Surgery Service,IMD,5,01 To 18 Weeks,935
Cardiothoracic Surgery Service,IMD,5,18 To 52 Weeks,415
Cardiothoracic Surgery Service,IMD,5,Over 52 Weeks,20
Cardiothoracic Surgery Service,IMD,5,Total,1365
Cardiothoracic Surgery Service,IMD,6,01 To 18 Weeks,1005
Cardiothoracic Surgery Service,IMD,6,18 To 52 Weeks,415
Cardiothoracic Surgery Service,IMD,6,Over 52 Weeks,25
Cardiothoracic Surgery Service,IMD,6,Total,1445
Cardiothoracic Surgery Service,IMD,7,01 To 18 Weeks,975
Cardiothoracic Surgery Service,IMD,7,18 To 52 Weeks,385
Cardiothoracic Surgery Service,IMD,7,Over 52 Weeks,20
Cardiothoracic Surgery Service,IMD,7,Total,1380
Cardiothoracic Surgery Service,IMD,8,Unknown Clock Start,*
Cardiothoracic Surgery Service,IMD,8,01 To 18 Weeks,950
Cardiothoracic Surgery Service,IMD,8,18 To 52 Weeks,415
Cardiothoracic Surgery Service,IMD,8,Over 52 Weeks,15
Cardiothoracic Surgery Service,IMD,8,Total,1385
Cardiothoracic Surgery Service,IMD,9,01 To 18 Weeks,940
Cardiothoracic Surgery Service,IMD,9,18 To 52 Weeks,410
Cardiothoracic Surgery Service,IMD,9,Over 52 Weeks,25
Cardiothoracic Surgery Service,IMD,9,Total,1375
Cardiothoracic Surgery Service,Sex,Female,Unknown Clock Start,*
Cardiothoracic Surgery Service,Sex,Female,01 To 18 Weeks,2995
Cardiothoracic Surgery Service,Sex,Female,18 To 52 Weeks,1180
Cardiothoracic Surgery Service,Sex,Female,Over 52 Weeks,70
Cardiothoracic Surgery Service,Sex,Female,Total,4250
Cardiothoracic Surgery Service,Sex,Male,Unknown Clock Start,*
Cardiothoracic Surgery Service,Sex,Male,01 To 18 Weeks,5315
Cardiothoracic Surgery Service,Sex,Male,18 To 52 Weeks,2170
Cardiothoracic Surgery Service,Sex,Male,Over 52 Weeks,115
Cardiothoracic Surgery Service,Sex,Male,Total,7600
Dermatology Service,Age,0-18 Years,Unknown Clock Start,*
Dermatology Service,Age,0-18 Years,01 To 18 Weeks,16910
Dermatology Service,Age,0-18 Years,18 To 52 Weeks,14285
Dermatology Service,Age,0-18 Years,Over 52 Weeks,1070
Dermatology Service,Age,0-18 Years,Total,32270
Dermatology Service,Age,19-64 Years,Unknown Clock Start,90
Dermatology Service,Age,19-64 Years,01 To 18 Weeks,143610
Dermatology Service,Age,19-64 Years,18 To 52 Weeks,88930
Dermatology Service,Age,19-64 Years,Over 52 Weeks,7345
Dermatology Service,Age,19-64 Years,Total,239975
Dermatology Service,Age,Over 65 Years,Unknown Clock Start,80
Dermatology Service,Age,Over 65 Years,01 To 18 Weeks,107980
Dermatology Service,Age,Over 65 Years,18 To 52 Weeks,44365
Dermatology Service,Age,Over 65 Years,Over 52 Weeks,3750
Dermatology Service,Age,Over 65 Years,Total,156175
Dermatology Service,Ethnicity,99: Not known,Unknown Clock Start,*
Dermatology Service,Ethnicity,99: Not known,01 To 18 Weeks,11955
Dermatology Service,Ethnicity,99: Not known,18 To 52 Weeks,5950
Dermatology Service,Ethnicity,99: Not known,Over 52 Weeks,480
Dermatology Service,Ethnicity,99: Not known,Total,18390
Dermatology Service,Ethnicity,A: British,Unknown Clock Start,135
Dermatology Service,Ethnicity,A: British,01 To 18 Weeks,200065
Dermatology Service,Ethnicity,A: British,18 To 52 Weeks,104615
Dermatology Service,Ethnicity,A: British,Over 52 Weeks,9095
Dermatology Service,Ethnicity,A: British,Total,313910
Dermatology Service,Ethnicity,B: Irish,Unknown Clock Start,*
Dermatology Service,Ethnicity,B: Irish,01 To 18 Weeks,1935
Dermatology Service,Ethnicity,B: Irish,18 To 52 Weeks,970
Dermatology Service,Ethnicity,B: Irish,Over 52 Weeks,75
Dermatology Service,Ethnicity,B: Irish,Total,2980
Dermatology Service,Ethnicity,C: Any other white background,Unknown Clock Start,*
Dermatology Service,Ethnicity,C: Any other white background,01 To 18 Weeks,14855
Dermatology Service,Ethnicity,C: Any other white background,18 To 52 Weeks,9400
Dermatology Service,Ethnicity,C: Any other white background,Over 52 Weeks,665
Dermatology Service,Ethnicity,C: Any other white background,Total,24920
Dermatology Service,Ethnicity,D: White and Black Caribbean,Unknown Clock Start,*
Dermatology Service,Ethnicity,D: White and Black Caribbean,01 To 18 Weeks,805
Dermatology Service,Ethnicity,D: White and Black Caribbean,18 To 52 Weeks,595
Dermatology Service,Ethnicity,D: White and Black Caribbean,Over 52 Weeks,35
Dermatology Service,Ethnicity,D: White and Black Caribbean,Total,1440
Dermatology Service,Ethnicity,E: White and Black African,01 To 18 Weeks,430
Dermatology Service,Ethnicity,E: White and Black African,18 To 52 Weeks,345
Dermatology Service,Ethnicity,E: White and Black African,Over 52 Weeks,40
Dermatology Service,Ethnicity,E: White and Black African,Total,810
Dermatology Service,Ethnicity,F: White and Asian,01 To 18 Weeks,665
Dermatology Service,Ethnicity,F: White and Asian,18 To 52 Weeks,490
Dermatology Service,Ethnicity,F: White and Asian,Over 52 Weeks,35
Dermatology Service,Ethnicity,F: White and Asian,Total,1195
Dermatology Service,Ethnicity,G: Any other mixed background,Unknown Clock Start,*
Dermatology Service,Ethnicity,G: Any other mixed background,01 To 18 Weeks,1785
Dermatology Service,Ethnicity,G: Any other mixed background,18 To 52 Weeks,1300
Dermatology Service,Ethnicity,G: Any other mixed background,Over 52 Weeks,85
Dermatology Service,Ethnicity,G: Any other mixed background,Total,3165
Dermatology Service,Ethnicity,H: Indian,Unknown Clock Start,*
Dermatology Service,Ethnicity,H: Indian,01 To 18 Weeks,5300
Dermatology Service,Ethnicity,H: Indian,18 To 52 Weeks,3860
Dermatology Service,Ethnicity,H: Indian,Over 52 Weeks,290
Dermatology Service,Ethnicity,H: Indian,Total,9450
Dermatology Service,Ethnicity,J: Pakistani,Unknown Clock Start,*
Dermatology Service,Ethnicity,J: Pakistani,01 To 18 Weeks,4355
Dermatology Service,Ethnicity,J: Pakistani,18 To 52 Weeks,3515
Dermatology Service,Ethnicity,J: Pakistani,Over 52 Weeks,240
Dermatology Service,Ethnicity,J: Pakistani,Total,8110
Dermatology Service,Ethnicity,K: Bangladeshi,01 To 18 Weeks,2020
Dermatology Service,Ethnicity,K: Bangladeshi,18 To 52 Weeks,1700
Dermatology Service,Ethnicity,K: Bangladeshi,Over 52 Weeks,95
Dermatology Service,Ethnicity,K: Bangladeshi,Total,3810
Dermatology Service,Ethnicity,L: Any other Asian background,Unknown Clock Start,*
Dermatology Service,Ethnicity,L: Any other Asian background,01 To 18 Weeks,4410
Dermatology Service,Ethnicity,L: Any other Asian background,18 To 52 Weeks,3375
Dermatology Service,Ethnicity,L: Any other Asian background,Over 52 Weeks,230
Dermatology Service,Ethnicity,L: Any other Asian background,Total,8020
Dermatology Service,Ethnicity,M: Caribbean,01 To 18 Weeks,2295
Dermatology Service,Ethnicity,M: Caribbean,18 To 52 Weeks,1445
Dermatology Service,Ethnicity,M: Caribbean,Over 52 Weeks,85
Dermatology Service,Ethnicity,M: Caribbean,Total,3825
Dermatology Service,Ethnicity,N: African,01 To 18 Weeks,3290
Dermatology Service,Ethnicity,N: African,18 To 52 Weeks,2575
Dermatology Service,Ethnicity,N: African,Over 52 Weeks,190
Dermatology Service,Ethnicity,N: African,Total,6055
Dermatology Service,Ethnicity,P: Any other Black background,01 To 18 Weeks,1910
Dermatology Service,Ethnicity,P: Any other Black background,18 To 52 Weeks,1270
Dermatology Service,Ethnicity,P: Any other Black background,Over 52 Weeks,100
Dermatology Service,Ethnicity,P: Any other Black background,Total,3275
Dermatology Service,Ethnicity,R: Chinese,Unknown Clock Start,*
Dermatology Service,Ethnicity,R: Chinese,01 To 18 Weeks,1010
Dermatology Service,Ethnicity,R: Chinese,18 To 52 Weeks,680
Dermatology Service,Ethnicity,R: Chinese,Over 52 Weeks,55
Dermatology Service,Ethnicity,R: Chinese,Total,1750
Dermatology Service,Ethnicity,S: Any other ethnic group,Unknown Clock Start,*
Dermatology Service,Ethnicity,S: Any other ethnic group,01 To 18 Weeks,2475
Dermatology Service,Ethnicity,S: Any other ethnic group,18 To 52 Weeks,1705
Dermatology Service,Ethnicity,S: Any other ethnic group,Over 52 Weeks,120
Dermatology Service,Ethnicity,S: Any other ethnic group,Total,4300
Dermatology Service,Ethnicity,Z: Not stated,Unknown Clock Start,10
Dermatology Service,Ethnicity,Z: Not stated,01 To 18 Weeks,14885
Dermatology Service,Ethnicity,Z: Not stated,18 To 52 Weeks,7990
Dermatology Service,Ethnicity,Z: Not stated,Over 52 Weeks,660
Dermatology Service,Ethnicity,Z: Not stated,Total,23550
Dermatology Service,IMD,1,Unknown Clock Start,*
Dermatology Service,IMD,1,01 To 18 Weeks,18405
Dermatology Service,IMD,1,18 To 52 Weeks,12500
Dermatology Service,IMD,1,Over 52 Weeks,1090
Dermatology Service,IMD,1,Total,32000
Dermatology Service,IMD,10,Unknown Clock Start,30
Dermatology Service,IMD,10,01 To 18 Weeks,30490
Dermatology Service,IMD,10,18 To 52 Weeks,15895
Dermatology Service,IMD,10,Over 52 Weeks,1555
Dermatology Service,IMD,10,Total,47970
Dermatology Service,IMD,2,Unknown Clock Start,10
Dermatology Service,IMD,2,01 To 18 Weeks,21360
Dermatology Service,IMD,2,18 To 52 Weeks,13535
Dermatology Service,IMD,2,Over 52 Weeks,970
Dermatology Service,IMD,2,Total,35875
Dermatology Service,IMD,3,Unknown Clock Start,10
Dermatology Service,IMD,3,01 To 18 Weeks,24215
Dermatology Service,IMD,3,18 To 52 Weeks,14170
Dermatology Service,IMD,3,Over 52 Weeks,1035
Dermatology Service,IMD,3,Total,39435
Dermatology Service,IMD,4,Unknown Clock Start,10
Dermatology Service,IMD,4,01 To 18 Weeks,25585
Dermatology Service,IMD,4,18 To 52 Weeks,14175
Dermatology Service,IMD,4,Over 52 Weeks,1075
Dermatology Service,IMD,4,Total,40845
Dermatology Service,IMD,5,Unknown Clock Start,15
Dermatology Service,IMD,5,01 To 18 Weeks,26685
Dermatology Service,IMD,5,18 To 52 Weeks,14430
Dermatology Service,IMD,5,Over 52 Weeks,1020
Dermatology Service,IMD,5,Total,42150
Dermatology Service,IMD,6,Unknown Clock Start,15
Dermatology Service,IMD,6,01 To 18 Weeks,28770
Dermatology Service,IMD,6,18 To 52 Weeks,15535
Dermatology Service,IMD,6,Over 52 Weeks,1215
Dermatology Service,IMD,6,Total,45535
Dermatology Service,IMD,7,Unknown Clock Start,20
Dermatology Service,IMD,7,01 To 18 Weeks,28945
Dermatology Service,IMD,7,18 To 52 Weeks,15380
Dermatology Service,IMD,7,Over 52 Weeks,1325
Dermatology Service,IMD,7,Total,45670
Dermatology Service,IMD,8,Unknown Clock Start,20
Dermatology Service,IMD,8,01 To 18 Weeks,29855
Dermatology Service,IMD,8,18 To 52 Weeks,15600
Dermatology Service,IMD,8,Over 52 Weeks,1475
Dermatology Service,IMD,8,Total,46950
Dermatology Service,IMD,9,Unknown Clock Start,25
Dermatology Service,IMD,9,01 To 18 Weeks,30600
Dermatology Service,IMD,9,18 To 52 Weeks,16205
Dermatology Service,IMD,9,Over 52 Weeks,1485
Dermatology Service,IMD,9,Total,48310
Dermatology Service,Sex,Female,Unknown Clock Start,95
Dermatology Service,Sex,Female,01 To 18 Weeks,144230
Dermatology Service,Sex,Female,18 To 52 Weeks,82060
Dermatology Service,Sex,Female,Over 52 Weeks,6785
Dermatology Service,Sex,Female,Total,233170
Dermatology Service,Sex,Male,Unknown Clock Start,75
Dermatology Service,Sex,Male,01 To 18 Weeks,109790
Dermatology Service,Sex,Male,18 To 52 Weeks,58050
Dermatology Service,Sex,Male,Over 52 Weeks,4750
Dermatology Service,Sex,Male,Total,172670
Ear Nose and Throat Service,Age,0-18 Years,Unknown Clock Start,15
Ear Nose and Throat Service,Age,0-18 Years,01 To 18 Weeks,41570
Ear Nose and Throat Service,Age,0-18 Years,18 To 52 Weeks,46640
Ear Nose and Throat Service,Age,0-18 Years,Over 52 Weeks,4985
Ear Nose and Throat Service,Age,0-18 Years,Total,93215
Ear Nose and Throat Service,Age,19-64 Years,Unknown Clock Start,165
Ear Nose and Throat Service,Age,19-64 Years,01 To 18 Weeks,165615
Ear Nose and Throat Service,Age,19-64 Years,18 To 52 Weeks,159450
Ear Nose and Throat Service,Age,19-64 Years,Over 52 Weeks,15875
Ear Nose and Throat Service,Age,19-64 Years,Total,341105
Ear Nose and Throat Service,Age,Over 65 Years,Unknown Clock Start,85
Ear Nose and Throat Service,Age,Over 65 Years,01 To 18 Weeks,83630
Ear Nose and Throat Service,Age,Over 65 Years,18 To 52 Weeks,67975
Ear Nose and Throat Service,Age,Over 65 Years,Over 52 Weeks,6000
Ear Nose and Throat Service,Age,Over 65 Years,Total,157690
Ear Nose and Throat Service,Ethnicity,99: Not known,Unknown Clock Start,*
Ear Nose and Throat Service,Ethnicity,99: Not known,01 To 18 Weeks,12150
Ear Nose and Throat Service,Ethnicity,99: Not known,18 To 52 Weeks,9450
Ear Nose and Throat Service,Ethnicity,99: Not known,Over 52 Weeks,1005
Ear Nose and Throat Service,Ethnicity,99: Not known,Total,22610
Ear Nose and Throat Service,Ethnicity,A: British,Unknown Clock Start,225
Ear Nose and Throat Service,Ethnicity,A: British,01 To 18 Weeks,205450
Ear Nose and Throat Service,Ethnicity,A: British,18 To 52 Weeks,187095
Ear Nose and Throat Service,Ethnicity,A: British,Over 52 Weeks,18120
Ear Nose and Throat Service,Ethnicity,A: British,Total,410890
Ear Nose and Throat Service,Ethnicity,B: Irish,01 To 18 Weeks,1450
Ear Nose and Throat Service,Ethnicity,B: Irish,18 To 52 Weeks,1345
Ear Nose and Throat Service,Ethnicity,B: Irish,Over 52 Weeks,115
Ear Nose and Throat Service,Ethnicity,B: Irish,Total,2910
Ear Nose and Throat Service,Ethnicity,C: Any other white background,Unknown Clock Start,10
Ear Nose and Throat Service,Ethnicity,C: Any other white background,01 To 18 Weeks,19350
Ear Nose and Throat Service,Ethnicity,C: Any other white background,18 To 52 Weeks,19245
Ear Nose and Throat Service,Ethnicity,C: Any other white background,Over 52 Weeks,1745
Ear Nose and Throat Service,Ethnicity,C: Any other white background,Total,40345
Ear Nose and Throat Service,Ethnicity,D: White and Black Caribbean,01 To 18 Weeks,1155
Ear Nose and Throat Service,Ethnicity,D: White and Black Caribbean,18 To 52 Weeks,1240
Ear Nose and Throat Service,Ethnicity,D: White and Black Caribbean,Over 52 Weeks,125
Ear Nose and Throat Service,Ethnicity,D: White and Black Caribbean,Total,2515
Ear Nose and Throat Service,Ethnicity,E: White and Black African,01 To 18 Weeks,625
Ear Nose and Throat Service,Ethnicity,E: White and Black African,18 To 52 Weeks,640
Ear Nose and Throat Service,Ethnicity,E: White and Black African,Over 52 Weeks,90
Ear Nose and Throat Service,Ethnicity,E: White and Black African,Total,1350
Ear Nose and Throat Service,Ethnicity,F: White and Asian,01 To 18 Weeks,1070
Ear Nose and Throat Service,Ethnicity,F: White and Asian,18 To 52 Weeks,1070
Ear Nose and Throat Service,Ethnicity,F: White and Asian,Over 52 Weeks,125
Ear Nose and Throat Service,Ethnicity,F: White and Asian,Total,2265
Ear Nose and Throat Service,Ethnicity,G: Any other mixed background,01 To 18 Weeks,2455
Ear Nose and Throat Service,Ethnicity,G: Any other mixed background,18 To 52 Weeks,2570
Ear Nose and Throat Service,Ethnicity,G: Any other mixed background,Over 52 Weeks,250
Ear Nose and Throat Service,Ethnicity,G: Any other mixed background,Total,5275
Ear Nose and Throat Service,Ethnicity,H: Indian,Unknown Clock Start,*
Ear Nose and Throat Service,Ethnicity,H: Indian,01 To 18 Weeks,8530
Ear Nose and Throat Service,Ethnicity,H: Indian,18 To 52 Weeks,8770
Ear Nose and Throat Service,Ethnicity,H: Indian,Over 52 Weeks,880
Ear Nose and Throat Service,Ethnicity,H: Indian,Total,18185
Ear Nose and Throat Service,Ethnicity,J: Pakistani,Unknown Clock Start,*
Ear Nose and Throat Service,Ethnicity,J: Pakistani,01 To 18 Weeks,8110
Ear Nose and Throat Service,Ethnicity,J: Pakistani,18 To 52 Weeks,7980
Ear Nose and Throat Service,Ethnicity,J: Pakistani,Over 52 Weeks,880
Ear Nose and Throat Service,Ethnicity,J: Pakistani,Total,16975
Ear Nose and Throat Service,Ethnicity,K: Bangladeshi,Unknown Clock Start,*
Ear Nose and Throat Service,Ethnicity,K: Bangladeshi,01 To 18 Weeks,3100
Ear Nose and Throat Service,Ethnicity,K: Bangladeshi,18 To 52 Weeks,2875
Ear Nose and Throat Service,Ethnicity,K: Bangladeshi,Over 52 Weeks,320
Ear Nose and Throat Service,Ethnicity,K: Bangladeshi,Total,6300
Ear Nose and Throat Service,Ethnicity,L: Any other Asian background,Unknown Clock Start,*
Ear Nose and Throat Service,Ethnicity,L: Any other Asian background,01 To 18 Weeks,6920
Ear Nose and Throat Service,Ethnicity,L: Any other Asian background,18 To 52 Weeks,6930
Ear Nose and Throat Service,Ethnicity,L: Any other Asian background,Over 52 Weeks,655
Ear Nose and Throat Service,Ethnicity,L: Any other Asian background,Total,14510
Ear Nose and Throat Service,Ethnicity,M: Caribbean,Unknown Clock Start,*
Ear Nose and Throat Service,Ethnicity,M: Caribbean,01 To 18 Weeks,2615
Ear Nose and Throat Service,Ethnicity,M: Caribbean,18 To 52 Weeks,2435
Ear Nose and Throat Service,Ethnicity,M: Caribbean,Over 52 Weeks,240
Ear Nose and Throat Service,Ethnicity,M: Caribbean,Total,5295
Ear Nose and Throat Service,Ethnicity,N: African,Unknown Clock Start,*
Ear Nose and Throat Service,Ethnicity,N: African,01 To 18 Weeks,4675
Ear Nose and Throat Service,Ethnicity,N: African,18 To 52 Weeks,4510
Ear Nose and Throat Service,Ethnicity,N: African,Over 52 Weeks,525
Ear Nose and Throat Service,Ethnicity,N: African,Total,9715
Ear Nose and Throat Service,Ethnicity,P: Any other Black background,Unknown Clock Start,*
Ear Nose and Throat Service,Ethnicity,P: Any other Black background,01 To 18 Weeks,2150
Ear Nose and Throat Service,Ethnicity,P: Any other Black background,18 To 52 Weeks,1960
Ear Nose and Throat Service,Ethnicity,P: Any other Black background,Over 52 Weeks,220
Ear Nose and Throat Service,Ethnicity,P: Any other Black background,Total,4335
Ear Nose and Throat Service,Ethnicity,R: Chinese,Unknown Clock Start,*
Ear Nose and Throat Service,Ethnicity,R: Chinese,01 To 18 Weeks,1210
Ear Nose and Throat Service,Ethnicity,R: Chinese,18 To 52 Weeks,1045
Ear Nose and Throat Service,Ethnicity,R: Chinese,Over 52 Weeks,115
Ear Nose and Throat Service,Ethnicity,R: Chinese,Total,2370
Ear Nose and Throat Service,Ethnicity,S: Any other ethnic group,Unknown Clock Start,*
Ear Nose and Throat Service,Ethnicity,S: Any other ethnic group,01 To 18 Weeks,3655
Ear Nose and Throat Service,Ethnicity,S: Any other ethnic group,18 To 52 Weeks,3500
Ear Nose and Throat Service,Ethnicity,S: Any other ethnic group,Over 52 Weeks,320
Ear Nose and Throat Service,Ethnicity,S: Any other ethnic group,Total,7475
Ear Nose and Throat Service,Ethnicity,Z: Not stated,Unknown Clock Start,15
Ear Nose and Throat Service,Ethnicity,Z: Not stated,01 To 18 Weeks,13965
Ear Nose and Throat Service,Ethnicity,Z: Not stated,18 To 52 Weeks,12380
Ear Nose and Throat Service,Ethnicity,Z: Not stated,Over 52 Weeks,1140
Ear Nose and Throat Service,Ethnicity,Z: Not stated,Total,27495
Ear Nose and Throat Service,IMD,1,Unknown Clock Start,25
Ear Nose and Throat Service,IMD,1,01 To 18 Weeks,28860
Ear Nose and Throat Service,IMD,1,18 To 52 Weeks,27220
Ear Nose and Throat Service,IMD,1,Over 52 Weeks,3310
Ear Nose and Throat Service,IMD,1,Total,59410
Ear Nose and Throat Service,IMD,10,Unknown Clock Start,30
Ear Nose and Throat Service,IMD,10,01 To 18 Weeks,25305
Ear Nose and Throat Service,IMD,10,18 To 52 Weeks,23465
Ear Nose and Throat Service,IMD,10,Over 52 Weeks,2120
Ear Nose and Throat Service,IMD,10,Total,50925
Ear Nose and Throat Service,IMD,2,Unknown Clock Start,30
Ear Nose and Throat Service,IMD,2,01 To 18 Weeks,30690
Ear Nose and Throat Service,IMD,2,18 To 52 Weeks,27845
Ear Nose and Throat Service,IMD,2,Over 52 Weeks,2885
Ear Nose and Throat Service,IMD,2,Total,61445
Ear Nose and Throat Service,IMD,3,Unknown Clock Start,20
Ear Nose and Throat Service,IMD,3,01 To 18 Weeks,29425
Ear Nose and Throat Service,IMD,3,18 To 52 Weeks,27120
Ear Nose and Throat Service,IMD,3,Over 52 Weeks,2780
Ear Nose and Throat Service,IMD,3,Total,59345
Ear Nose and Throat Service,IMD,4,Unknown Clock Start,25
Ear Nose and Throat Service,IMD,4,01 To 18 Weeks,29380
Ear Nose and Throat Service,IMD,4,18 To 52 Weeks,27770
Ear Nose and Throat Service,IMD,4,Over 52 Weeks,2670
Ear Nose and Throat Service,IMD,4,Total,59845
Ear Nose and Throat Service,IMD,5,Unknown Clock Start,30
Ear Nose and Throat Service,IMD,5,01 To 18 Weeks,29205
Ear Nose and Throat Service,IMD,5,18 To 52 Weeks,27130
Ear Nose and Throat Service,IMD,5,Over 52 Weeks,2695
Ear Nose and Throat Service,IMD,5,Total,59055
Ear Nose and Throat Service,IMD,6,Unknown Clock Start,40
Ear Nose and Throat Service,IMD,6,01 To 18 Weeks,29965
Ear Nose and Throat Service,IMD,6,18 To 52 Weeks,27600
Ear Nose and Throat Service,IMD,6,Over 52 Weeks,2545
Ear Nose and Throat Service,IMD,6,Total,60150
Ear Nose and Throat Service,IMD,7,Unknown Clock Start,20
Ear Nose and Throat Service,IMD,7,01 To 18 Weeks,28365
Ear Nose and Throat Service,IMD,7,18 To 52 Weeks,26460
Ear Nose and Throat Service,IMD,7,Over 52 Weeks,2345
Ear Nose and Throat Service,IMD,7,Total,57195
Ear Nose and Throat Service,IMD,8,Unknown Clock Start,40
Ear Nose and Throat Service,IMD,8,01 To 18 Weeks,28360
Ear Nose and Throat Service,IMD,8,18 To 52 Weeks,26085
Ear Nose and Throat Service,IMD,8,Over 52 Weeks,2435
Ear Nose and Throat Service,IMD,8,Total,56920
Ear Nose and Throat Service,IMD,9,Unknown Clock Start,25
Ear Nose and Throat Service,IMD,9,01 To 18 Weeks,27480
Ear Nose and Throat Service,IMD,9,18 To 52 Weeks,26020
Ear Nose and Throat Service,IMD,9,Over 52 Weeks,2375
Ear Nose and Throat Service,IMD,9,Total,55895
Ear Nose and Throat Service,Sex,Female,Unknown Clock Start,160
Ear Nose and Throat Service,Sex,Female,01 To 18 Weeks,151965
Ear Nose and Throat Service,Sex,Female,18 To 52 Weeks,143770
Ear Nose and Throat Service,Sex,Female,Over 52 Weeks,13745
Ear Nose and Throat Service,Sex,Female,Total,309640
Ear Nose and Throat Service,Sex,Male,Unknown Clock Start,110
Ear Nose and Throat Service,Sex,Male,01 To 18 Weeks,128070
Ear Nose and Throat Service,Sex,Male,18 To 52 Weeks,122755
Ear Nose and Throat Service,Sex,Male,Over 52 Weeks,12060
Ear Nose and Throat Service,Sex,Male,Total,262995
Elderly Medicine Service,Age,0-18 Years,01 To 18 Weeks,65
Elderly Medicine Service,Age,0-18 Years,18 To 52 Weeks,10
Elderly Medicine Service,Age,0-18 Years,Total,75
Elderly Medicine Service,Age,19-64 Years,Unknown Clock Start,*
Elderly Medicine Service,Age,19-64 Years,01 To 18 Weeks,2590
Elderly Medicine Service,Age,19-64 Years,18 To 52 Weeks,610
Elderly Medicine Service,Age,19-64 Years,Over 52 Weeks,*
Elderly Medicine Service,Age,19-64 Years,Total,3205
Elderly Medicine Service,Age,Over 65 Years,Unknown Clock Start,20
Elderly Medicine Service,Age,Over 65 Years,01 To 18 Weeks,18370
Elderly Medicine Service,Age,Over 65 Years,18 To 52 Weeks,3565
Elderly Medicine Service,Age,Over 65 Years,Over 52 Weeks,35
Elderly Medicine Service,Age,Over 65 Years,Total,21990
Elderly Medicine Service,Ethnicity,99: Not known,01 To 18 Weeks,305
Elderly Medicine Service,Ethnicity,99: Not known,18 To 52 Weeks,85
Elderly Medicine Service,Ethnicity,99: Not known,Over 52 Weeks,*
Elderly Medicine Service,Ethnicity,99: Not known,Total,390
Elderly Medicine Service,Ethnicity,A: British,Unknown Clock Start,20
Elderly Medicine Service,Ethnicity,A: British,01 To 18 Weeks,17775
Elderly Medicine Service,Ethnicity,A: British,18 To 52 Weeks,3605
Elderly Medicine Service,Ethnicity,A: British,Over 52 Weeks,35
Elderly Medicine Service,Ethnicity,A: British,Total,21440
Elderly Medicine Service,Ethnicity,B: Irish,01 To 18 Weeks,225
Elderly Medicine Service,Ethnicity,B: Irish,18 To 52 Weeks,40
Elderly Medicine Service,Ethnicity,B: Irish,Total,270
Elderly Medicine Service,Ethnicity,C: Any other white background,01 To 18 Weeks,680
Elderly Medicine Service,Ethnicity,C: Any other white background,18 To 52 Weeks,125
Elderly Medicine Service,Ethnicity,C: Any other white background,Over 52 Weeks,*
Elderly Medicine Service,Ethnicity,C: Any other white background,Total,805
Elderly Medicine Service,Ethnicity,D: White and Black Caribbean,01 To 18 Weeks,20
Elderly Medicine Service,Ethnicity,D: White and Black Caribbean,18 To 52 Weeks,*
Elderly Medicine Service,Ethnicity,D: White and Black Caribbean,Total,20
Elderly Medicine Service,Ethnicity,E: White and Black African,01 To 18 Weeks,*
Elderly Medicine Service,Ethnicity,E: White and Black African,18 To 52 Weeks,*
Elderly Medicine Service,Ethnicity,E: White and Black African,Total,10
Elderly Medicine Service,Ethnicity,F: White and Asian,01 To 18 Weeks,25
Elderly Medicine Service,Ethnicity,F: White and Asian,18 To 52 Weeks,*
Elderly Medicine Service,Ethnicity,F: White and Asian,Total,30
Elderly Medicine Service,Ethnicity,G: Any other mixed background,01 To 18 Weeks,45
Elderly Medicine Service,Ethnicity,G: Any other mixed background,18 To 52 Weeks,*
Elderly Medicine Service,Ethnicity,G: Any other mixed background,Total,50
Elderly Medicine Service,Ethnicity,H: Indian,Unknown Clock Start,*
Elderly Medicine Service,Ethnicity,H: Indian,01 To 18 Weeks,455
Elderly Medicine Service,Ethnicity,H: Indian,18 To 52 Weeks,55
Elderly Medicine Service,Ethnicity,H: Indian,Total,515
Elderly Medicine Service,Ethnicity,J: Pakistani,01 To 18 Weeks,200
Elderly Medicine Service,Ethnicity,J: Pakistani,18 To 52 Weeks,25
Elderly Medicine Service,Ethnicity,J: Pakistani,Total,225
Elderly Medicine Service,Ethnicity,K: Bangladeshi,01 To 18 Weeks,120
Elderly Medicine Service,Ethnicity,K: Bangladeshi,18 To 52 Weeks,10
Elderly Medicine Service,Ethnicity,K: Bangladeshi,Over 52 Weeks,*
Elderly Medicine Service,Ethnicity,K: Bangladeshi,Total,130
Elderly Medicine Service,Ethnicity,L: Any other Asian background,01 To 18 Weeks,185
Elderly Medicine Service,Ethnicity,L: Any other Asian background,18 To 52 Weeks,40
Elderly Medicine Service,Ethnicity,L: Any other Asian background,Over 52 Weeks,*
Elderly Medicine Service,Ethnicity,L: Any other Asian background,Total,225
Elderly Medicine Service,Ethnicity,M: Caribbean,01 To 18 Weeks,240
Elderly Medicine Service,Ethnicity,M: Caribbean,18 To 52 Weeks,25
Elderly Medicine Service,Ethnicity,M: Caribbean,Total,270
Elderly Medicine Service,Ethnicity,N: African,01 To 18 Weeks,180
Elderly Medicine Service,Ethnicity,N: African,18 To 52 Weeks,20
Elderly Medicine Service,Ethnicity,N: African,Total,200
Elderly Medicine Service,Ethnicity,P: Any other Black background,01 To 18 Weeks,85
Elderly Medicine Service,Ethnicity,P: Any other Black background,18 To 52 Weeks,10
Elderly Medicine Service,Ethnicity,P: Any other Black background,Total,95
Elderly Medicine Service,Ethnicity,R: Chinese,01 To 18 Weeks,60
Elderly Medicine Service,Ethnicity,R: Chinese,18 To 52 Weeks,10
Elderly Medicine Service,Ethnicity,R: Chinese,Total,70
Elderly Medicine Service,Ethnicity,S: Any other ethnic group,01 To 18 Weeks,95
Elderly Medicine Service,Ethnicity,S: Any other ethnic group,18 To 52 Weeks,20
Elderly Medicine Service,Ethnicity,S: Any other ethnic group,Total,115
Elderly Medicine Service,Ethnicity,Z: Not stated,01 To 18 Weeks,555
Elderly Medicine Service,Ethnicity,Z: Not stated,18 To 52 Weeks,105
Elderly Medicine Service,Ethnicity,Z: Not stated,Over 52 Weeks,*
Elderly Medicine Service,Ethnicity,Z: Not stated,Total,660
Elderly Medicine Service,IMD,1,01 To 18 Weeks,1905
Elderly Medicine Service,IMD,1,18 To 52 Weeks,450
Elderly Medicine Service,IMD,1,Over 52 Weeks,*
Elderly Medicine Service,IMD,1,Total,2355
Elderly Medicine Service,IMD,10,Unknown Clock Start,*
Elderly Medicine Service,IMD,10,01 To 18 Weeks,2000
Elderly Medicine Service,IMD,10,18 To 52 Weeks,365
Elderly Medicine Service,IMD,10,Over 52 Weeks,10
Elderly Medicine Service,IMD,10,Total,2375
Elderly Medicine Service,IMD,2,01 To 18 Weeks,2110
Elderly Medicine Service,IMD,2,18 To 52 Weeks,440
Elderly Medicine Service,IMD,2,Total,2550
Elderly Medicine Service,IMD,3,01 To 18 Weeks,2190
Elderly Medicine Service,IMD,3,18 To 52 Weeks,420
Elderly Medicine Service,IMD,3,Over 52 Weeks,*
Elderly Medicine Service,IMD,3,Total,2615
Elderly Medicine Service,IMD,4,01 To 18 Weeks,2155
Elderly Medicine Service,IMD,4,18 To 52 Weeks,415
Elderly Medicine Service,IMD,4,Over 52 Weeks,*
Elderly Medicine Service,IMD,4,Total,2575
Elderly Medicine Service,IMD,5,Unknown Clock Start,*
Elderly Medicine Service,IMD,5,01 To 18 Weeks,2140
Elderly Medicine Service,IMD,5,18 To 52 Weeks,375
Elderly Medicine Service,IMD,5,Over 52 Weeks,*
Elderly Medicine Service,IMD,5,Total,2520
Elderly Medicine Service,IMD,6,Unknown Clock Start,*
Elderly Medicine Service,IMD,6,01 To 18 Weeks,2035
Elderly Medicine Service,IMD,6,18 To 52 Weeks,375
Elderly Medicine Service,IMD,6,Over 52 Weeks,*
Elderly Medicine Service,IMD,6,Total,2420
Elderly Medicine Service,IMD,7,Unknown Clock Start,*
Elderly Medicine Service,IMD,7,01 To 18 Weeks,2140
Elderly Medicine Service,IMD,7,18 To 52 Weeks,440
Elderly Medicine Service,IMD,7,Over 52 Weeks,*
Elderly Medicine Service,IMD,7,Total,2590
Elderly Medicine Service,IMD,8,Unknown Clock Start,*
Elderly Medicine Service,IMD,8,01 To 18 Weeks,2210
Elderly Medicine Service,IMD,8,18 To 52 Weeks,435
Elderly Medicine Service,IMD,8,Over 52 Weeks,*
Elderly Medicine Service,IMD,8,Total,2655
Elderly Medicine Service,IMD,9,Unknown Clock Start,*
Elderly Medicine Service,IMD,9,01 To 18 Weeks,2135
Elderly Medicine Service,IMD,9,18 To 52 Weeks,420
Elderly Medicine Service,IMD,9,Over 52 Weeks,*
Elderly Medicine Service,IMD,9,Total,2555
Elderly Medicine Service,Sex,Female,Unknown Clock Start,15
Elderly Medicine Service,Sex,Female,01 To 18 Weeks,11360
Elderly Medicine Service,Sex,Female,18 To 52 Weeks,2420
Elderly Medicine Service,Sex,Female,Over 52 Weeks,25
Elderly Medicine Service,Sex,Female,Total,13820
Elderly Medicine Service,Sex,Male,Unknown Clock Start,*
Elderly Medicine Service,Sex,Male,01 To 18 Weeks,8975
Elderly Medicine Service,Sex,Male,18 To 52 Weeks,1595
Elderly Medicine Service,Sex,Male,Over 52 Weeks,15
Elderly Medicine Service,Sex,Male,Total,10590
Gastroenterology Service,Age,0-18 Years,Unknown Clock Start,15
Gastroenterology Service,Age,0-18 Years,01 To 18 Weeks,3610
Gastroenterology Service,Age,0-18 Years,18 To 52 Weeks,2770
Gastroenterology Service,Age,0-18 Years,Over 52 Weeks,95
Gastroenterology Service,Age,0-18 Years,Total,6495
Gastroenterology Service,Age,19-64 Years,Unknown Clock Start,505
Gastroenterology Service,Age,19-64 Years,01 To 18 Weeks,147655
Gastroenterology Service,Age,19-64 Years,18 To 52 Weeks,87760
Gastroenterology Service,Age,19-64 Years,Over 52 Weeks,5205
Gastroenterology Service,Age,19-64 Years,Total,241125
Gastroenterology Service,Age,Over 65 Years,Unknown Clock Start,335
Gastroenterology Service,Age,Over 65 Years,01 To 18 Weeks,82590
Gastroenterology Service,Age,Over 65 Years,18 To 52 Weeks,39005
Gastroenterology Service,Age,Over 65 Years,Over 52 Weeks,2135
Gastroenterology Service,Age,Over 65 Years,Total,124065
Gastroenterology Service,Ethnicity,99: Not known,Unknown Clock Start,15
Gastroenterology Service,Ethnicity,99: Not known,01 To 18 Weeks,9605
Gastroenterology Service,Ethnicity,99: Not known,18 To 52 Weeks,3880
Gastroenterology Service,Ethnicity,99: Not known,Over 52 Weeks,180
Gastroenterology Service,Ethnicity,99: Not known,Total,13675
Gastroenterology Service,Ethnicity,A: British,Unknown Clock Start,610
Gastroenterology Service,Ethnicity,A: British,01 To 18 Weeks,169655
Gastroenterology Service,Ethnicity,A: British,18 To 52 Weeks,94385
Gastroenterology Service,Ethnicity,A: British,Over 52 Weeks,5570
Gastroenterology Service,Ethnicity,A: British,Total,270220
Gastroenterology Service,Ethnicity,B: Irish,Unknown Clock Start,10
Gastroenterology Service,Ethnicity,B: Irish,01 To 18 Weeks,1530
Gastroenterology Service,Ethnicity,B: Irish,18 To 52 Weeks,775
Gastroenterology Service,Ethnicity,B: Irish,Over 52 Weeks,45
Gastroenterology Service,Ethnicity,B: Irish,Total,2360
Gastroenterology Service,Ethnicity,C: Any other white background,Unknown Clock Start,50
Gastroenterology Service,Ethnicity,C: Any other white background,01 To 18 Weeks,14410
Gastroenterology Service,Ethnicity,C: Any other white background,18 To 52 Weeks,8085
Gastroenterology Service,Ethnicity,C: Any other white background,Over 52 Weeks,400
Gastroenterology Service,Ethnicity,C: Any other white background,Total,22940
Gastroenterology Service,Ethnicity,D: White and Black Caribbean,Unknown Clock Start,*
Gastroenterology Service,Ethnicity,D: White and Black Caribbean,01 To 18 Weeks,685
Gastroenterology Service,Ethnicity,D: White and Black Caribbean,18 To 52 Weeks,400
Gastroenterology Service,Ethnicity,D: White and Black Caribbean,Over 52 Weeks,20
Gastroenterology Service,Ethnicity,D: White and Black Caribbean,Total,1100
Gastroenterology Service,Ethnicity,E: White and Black African,01 To 18 Weeks,395
Gastroenterology Service,Ethnicity,E: White and Black African,18 To 52 Weeks,210
Gastroenterology Service,Ethnicity,E: White and Black African,Over 52 Weeks,15
Gastroenterology Service,Ethnicity,E: White and Black African,Total,615
Gastroenterology Service,Ethnicity,F: White and Asian,Unknown Clock Start,*
Gastroenterology Service,Ethnicity,F: White and Asian,01 To 18 Weeks,595
Gastroenterology Service,Ethnicity,F: White and Asian,18 To 52 Weeks,315
Gastroenterology Service,Ethnicity,F: White and Asian,Over 52 Weeks,15
Gastroenterology Service,Ethnicity,F: White and Asian,Total,925
Gastroenterology Service,Ethnicity,G: Any other mixed background,Unknown Clock Start,10
Gastroenterology Service,Ethnicity,G: Any other mixed background,01 To 18 Weeks,1540
Gastroenterology Service,Ethnicity,G: Any other mixed background,18 To 52 Weeks,815
Gastroenterology Service,Ethnicity,G: Any other mixed background,Over 52 Weeks,40
Gastroenterology Service,Ethnicity,G: Any other mixed background,Total,2405
Gastroenterology Service,Ethnicity,H: Indian,Unknown Clock Start,25
Gastroenterology Service,Ethnicity,H: Indian,01 To 18 Weeks,6945
Gastroenterology Service,Ethnicity,H: Indian,18 To 52 Weeks,3375
Gastroenterology Service,Ethnicity,H: Indian,Over 52 Weeks,170
Gastroenterology Service,Ethnicity,H: Indian,Total,10510
Gastroenterology Service,Ethnicity,J: Pakistani,Unknown Clock Start,10
Gastroenterology Service,Ethnicity,J: Pakistani,01 To 18 Weeks,5450
Gastroenterology Service,Ethnicity,J: Pakistani,18 To 52 Weeks,3275
Gastroenterology Service,Ethnicity,J: Pakistani,Over 52 Weeks,180
Gastroenterology Service,Ethnicity,J: Pakistani,Total,8910
Gastroenterology Service,Ethnicity,K: Bangladeshi,Unknown Clock Start,*
Gastroenterology Service,Ethnicity,K: Bangladeshi,01 To 18 Weeks,2315
Gastroenterology Service,Ethnicity,K: Bangladeshi,18 To 52 Weeks,1255
Gastroenterology Service,Ethnicity,K: Bangladeshi,Over 52 Weeks,70
Gastroenterology Service,Ethnicity,K: Bangladeshi,Total,3645
Gastroenterology Service,Ethnicity,L: Any other Asian background,Unknown Clock Start,40
Gastroenterology Service,Ethnicity,L: Any other Asian background,01 To 18 Weeks,5270
Gastroenterology Service,Ethnicity,L: Any other Asian background,18 To 52 Weeks,2690
Gastroenterology Service,Ethnicity,L: Any other Asian background,Over 52 Weeks,145
Gastroenterology Service,Ethnicity,L: Any other Asian background,Total,8150
Gastroenterology Service,Ethnicity,M: Caribbean,Unknown Clock Start,*
Gastroenterology Service,Ethnicity,M: Caribbean,01 To 18 Weeks,2535
Gastroenterology Service,Ethnicity,M: Caribbean,18 To 52 Weeks,1250
Gastroenterology Service,Ethnicity,M: Caribbean,Over 52 Weeks,65
Gastroenterology Service,Ethnicity,M: Caribbean,Total,3855
Gastroenterology Service,Ethnicity,N: African,Unknown Clock Start,10
Gastroenterology Service,Ethnicity,N: African,01 To 18 Weeks,4050
Gastroenterology Service,Ethnicity,N: African,18 To 52 Weeks,2075
Gastroenterology Service,Ethnicity,N: African,Over 52 Weeks,110
Gastroenterology Service,Ethnicity,N: African,Total,6240
Gastroenterology Service,Ethnicity,P: Any other Black background,Unknown Clock Start,10
Gastroenterology Service,Ethnicity,P: Any other Black background,01 To 18 Weeks,1960
Gastroenterology Service,Ethnicity,P: Any other Black background,18 To 52 Weeks,1000
Gastroenterology Service,Ethnicity,P: Any other Black background,Over 52 Weeks,55
Gastroenterology Service,Ethnicity,P: Any other Black background,Total,3025
Gastroenterology Service,Ethnicity,R: Chinese,Unknown Clock Start,10
Gastroenterology Service,Ethnicity,R: Chinese,01 To 18 Weeks,1055
Gastroenterology Service,Ethnicity,R: Chinese,18 To 52 Weeks,605
Gastroenterology Service,Ethnicity,R: Chinese,Over 52 Weeks,25
Gastroenterology Service,Ethnicity,R: Chinese,Total,1695
Gastroenterology Service,Ethnicity,S: Any other ethnic group,Unknown Clock Start,15
Gastroenterology Service,Ethnicity,S: Any other ethnic group,01 To 18 Weeks,2580
Gastroenterology Service,Ethnicity,S: Any other ethnic group,18 To 52 Weeks,1320
Gastroenterology Service,Ethnicity,S: Any other ethnic group,Over 52 Weeks,70
Gastroenterology Service,Ethnicity,S: Any other ethnic group,Total,3985
Gastroenterology Service,Ethnicity,Z: Not stated,Unknown Clock Start,40
Gastroenterology Service,Ethnicity,Z: Not stated,01 To 18 Weeks,9400
Gastroenterology Service,Ethnicity,Z: Not stated,18 To 52 Weeks,4960
Gastroenterology Service,Ethnicity,Z: Not stated,Over 52 Weeks,260
Gastroenterology Service,Ethnicity,Z: Not stated,Total,14660
Gastroenterology Service,IMD,1,Unknown Clock Start,15
Gastroenterology Service,IMD,1,01 To 18 Weeks,24120
Gastroenterology Service,IMD,1,18 To 52 Weeks,13910
Gastroenterology Service,IMD,1,Over 52 Weeks,865
Gastroenterology Service,IMD,1,Total,38910
Gastroenterology Service,IMD,10,Unknown Clock Start,220
Gastroenterology Service,IMD,10,01 To 18 Weeks,19715
Gastroenterology Service,IMD,10,18 To 52 Weeks,11140
Gastroenterology Service,IMD,10,Over 52 Weeks,620
Gastroenterology Service,IMD,10,Total,31695
Gastroenterology Service,IMD,2,Unknown Clock Start,25
Gastroenterology Service,IMD,2,01 To 18 Weeks,25015
Gastroenterology Service,IMD,2,18 To 52 Weeks,13565
Gastroenterology Service,IMD,2,Over 52 Weeks,760
Gastroenterology Service,IMD,2,Total,39370
Gastroenterology Service,IMD,3,Unknown Clock Start,75
Gastroenterology Service,IMD,3,01 To 18 Weeks,24420
Gastroenterology Service,IMD,3,18 To 52 Weeks,13230
Gastroenterology Service,IMD,3,Over 52 Weeks,755
Gastroenterology Service,IMD,3,Total,38485
Gastroenterology Service,IMD,4,Unknown Clock Start,60
Gastroenterology Service,IMD,4,01 To 18 Weeks,23930
Gastroenterology Service,IMD,4,18 To 52 Weeks,13110
Gastroenterology Service,IMD,4,Over 52 Weeks,785
Gastroenterology Service,IMD,4,Total,37885
Gastroenterology Service,IMD,5,Unknown Clock Start,45
Gastroenterology Service,IMD,5,01 To 18 Weeks,23400
Gastroenterology Service,IMD,5,18 To 52 Weeks,12600
Gastroenterology Service,IMD,5,Over 52 Weeks,665
Gastroenterology Service,IMD,5,Total,36705
Gastroenterology Service,IMD,6,Unknown Clock Start,70
Gastroenterology Service,IMD,6,01 To 18 Weeks,23230
Gastroenterology Service,IMD,6,18 To 52 Weeks,12560
Gastroenterology Service,IMD,6,Over 52 Weeks,725
Gastroenterology Service,IMD,6,Total,36585
Gastroenterology Service,IMD,7,Unknown Clock Start,95
Gastroenterology Service,IMD,7,01 To 18 Weeks,22625
Gastroenterology Service,IMD,7,18 To 52 Weeks,12425
Gastroenterology Service,IMD,7,Over 52 Weeks,670
Gastroenterology Service,IMD,7,Total,35810
Gastroenterology Service,IMD,8,Unknown Clock Start,95
Gastroenterology Service,IMD,8,01 To 18 Weeks,22625
Gastroenterology Service,IMD,8,18 To 52 Weeks,12105
Gastroenterology Service,IMD,8,Over 52 Weeks,700
Gastroenterology Service,IMD,8,Total,35525
Gastroenterology Service,IMD,9,Unknown Clock Start,140
Gastroenterology Service,IMD,9,01 To 18 Weeks,21360
Gastroenterology Service,IMD,9,18 To 52 Weeks,11985
Gastroenterology Service,IMD,9,Over 52 Weeks,740
Gastroenterology Service,IMD,9,Total,34230
Gastroenterology Service,Sex,Female,Unknown Clock Start,500
Gastroenterology Service,Sex,Female,01 To 18 Weeks,127555
Gastroenterology Service,Sex,Female,18 To 52 Weeks,72595
Gastroenterology Service,Sex,Female,Over 52 Weeks,4280
Gastroenterology Service,Sex,Female,Total,204935
Gastroenterology Service,Sex,Male,Unknown Clock Start,350
Gastroenterology Service,Sex,Male,01 To 18 Weeks,97080
Gastroenterology Service,Sex,Male,18 To 52 Weeks,51035
Gastroenterology Service,Sex,Male,Over 52 Weeks,2750
Gastroenterology Service,Sex,Male,Total,151215
General Internal Medicine Service,Age,0-18 Years,01 To 18 Weeks,305
General Internal Medicine Service,Age,0-18 Years,18 To 52 Weeks,95
General Internal Medicine Service,Age,0-18 Years,Over 52 Weeks,*
General Internal Medicine Service,Age,0-18 Years,Total,410
General Internal Medicine Service,Age,19-64 Years,Unknown Clock Start,25
General Internal Medicine Service,Age,19-64 Years,01 To 18 Weeks,10170
General Internal Medicine Service,Age,19-64 Years,18 To 52 Weeks,5200
General Internal Medicine Service,Age,19-64 Years,Over 52 Weeks,210
General Internal Medicine Service,Age,19-64 Years,Total,15605
General Internal Medicine Service,Age,Over 65 Years,Unknown Clock Start,30
General Internal Medicine Service,Age,Over 65 Years,01 To 18 Weeks,7365
General Internal Medicine Service,Age,Over 65 Years,18 To 52 Weeks,2775
General Internal Medicine Service,Age,Over 65 Years,Over 52 Weeks,105
General Internal Medicine Service,Age,Over 65 Years,Total,10280
General Internal Medicine Service,Ethnicity,99: Not known,01 To 18 Weeks,375
General Internal Medicine Service,Ethnicity,99: Not known,18 To 52 Weeks,220
General Internal Medicine Service,Ethnicity,99: Not known,Over 52 Weeks,*
General Internal Medicine Service,Ethnicity,99: Not known,Total,600
General Internal Medicine Service,Ethnicity,A: British,Unknown Clock Start,50
General Internal Medicine Service,Ethnicity,A: British,01 To 18 Weeks,12715
General Internal Medicine Service,Ethnicity,A: British,18 To 52 Weeks,5520
General Internal Medicine Service,Ethnicity,A: British,Over 52 Weeks,240
General Internal Medicine Service,Ethnicity,A: British,Total,18525
General Internal Medicine Service,Ethnicity,B: Irish,01 To 18 Weeks,120
General Internal Medicine Service,Ethnicity,B: Irish,18 To 52 Weeks,60
General Internal Medicine Service,Ethnicity,B: Irish,Over 52 Weeks,*
General Internal Medicine Service,Ethnicity,B: Irish,Total,180
General Internal Medicine Service,Ethnicity,C: Any other white background,01 To 18 Weeks,1235
General Internal Medicine Service,Ethnicity,C: Any other white background,18 To 52 Weeks,710
General Internal Medicine Service,Ethnicity,C: Any other white background,Over 52 Weeks,30
General Internal Medicine Service,Ethnicity,C: Any other white background,Total,1975
General Internal Medicine Service,Ethnicity,D: White and Black Caribbean,01 To 18 Weeks,65
General Internal Medicine Service,Ethnicity,D: White and Black Caribbean,18 To 52 Weeks,35
General Internal Medicine Service,Ethnicity,D: White and Black Caribbean,Over 52 Weeks,*
General Internal Medicine Service,Ethnicity,D: White and Black Caribbean,Total,100
General Internal Medicine Service,Ethnicity,E: White and Black African,01 To 18 Weeks,45
General Internal Medicine Service,Ethnicity,E: White and Black African,18 To 52 Weeks,15
General Internal Medicine Service,Ethnicity,E: White and Black African,Total,65
General Internal Medicine Service,Ethnicity,F: White and Asian,01 To 18 Weeks,50
General Internal Medicine Service,Ethnicity,F: White and Asian,18 To 52 Weeks,30
General Internal Medicine Service,Ethnicity,F: White and Asian,Over 52 Weeks,*
General Internal Medicine Service,Ethnicity,F: White and Asian,Total,80
General Internal Medicine Service,Ethnicity,G: Any other mixed background,01 To 18 Weeks,115
General Internal Medicine Service,Ethnicity,G: Any other mixed background,18 To 52 Weeks,80
General Internal Medicine Service,Ethnicity,G: Any other mixed background,Over 52 Weeks,*
General Internal Medicine Service,Ethnicity,G: Any other mixed background,Total,195
General Internal Medicine Service,Ethnicity,H: Indian,Unknown Clock Start,*
General Internal Medicine Service,Ethnicity,H: Indian,01 To 18 Weeks,505
General Internal Medicine Service,Ethnicity,H: Indian,18 To 52 Weeks,215
General Internal Medicine Service,Ethnicity,H: Indian,Over 52 Weeks,*
General Internal Medicine Service,Ethnicity,H: Indian,Total,725
General Internal Medicine Service,Ethnicity,J: Pakistani,01 To 18 Weeks,250
General Internal Medicine Service,Ethnicity,J: Pakistani,18 To 52 Weeks,90
General Internal Medicine Service,Ethnicity,J: Pakistani,Over 52 Weeks,*
General Internal Medicine Service,Ethnicity,J: Pakistani,Total,345
General Internal Medicine Service,Ethnicity,K: Bangladeshi,01 To 18 Weeks,170
General Internal Medicine Service,Ethnicity,K: Bangladeshi,18 To 52 Weeks,60
General Internal Medicine Service,Ethnicity,K: Bangladeshi,Over 52 Weeks,*
General Internal Medicine Service,Ethnicity,K: Bangladeshi,Total,230
General Internal Medicine Service,Ethnicity,L: Any other Asian background,01 To 18 Weeks,395
General Internal Medicine Service,Ethnicity,L: Any other Asian background,18 To 52 Weeks,195
General Internal Medicine Service,Ethnicity,L: Any other Asian background,Over 52 Weeks,15
General Internal Medicine Service,Ethnicity,L: Any other Asian background,Total,605
General Internal Medicine Service,Ethnicity,M: Caribbean,Unknown Clock Start,*
General Internal Medicine Service,Ethnicity,M: Caribbean,01 To 18 Weeks,275
General Internal Medicine Service,Ethnicity,M: Caribbean,18 To 52 Weeks,105
General Internal Medicine Service,Ethnicity,M: Caribbean,Over 52 Weeks,*
General Internal Medicine Service,Ethnicity,M: Caribbean,Total,385
General Internal Medicine Service,Ethnicity,N: African,01 To 18 Weeks,410
General Internal Medicine Service,Ethnicity,N: African,18 To 52 Weeks,170
General Internal Medicine Service,Ethnicity,N: African,Over 52 Weeks,*
General Internal Medicine Service,Ethnicity,N: African,Total,585
General Internal Medicine Service,Ethnicity,P: Any other Black background,Unknown Clock Start,*
General Internal Medicine Service,Ethnicity,P: Any other Black background,01 To 18 Weeks,200
General Internal Medicine Service,Ethnicity,P: Any other Black background,18 To 52 Weeks,105
General Internal Medicine Service,Ethnicity,P: Any other Black background,Over 52 Weeks,*
General Internal Medicine Service,Ethnicity,P: Any other Black background,Total,310
General Internal Medicine Service,Ethnicity,R: Chinese,01 To 18 Weeks,110
General Internal Medicine Service,Ethnicity,R: Chinese,18 To 52 Weeks,45
General Internal Medicine Service,Ethnicity,R: Chinese,Total,155
General Internal Medicine Service,Ethnicity,S: Any other ethnic group,Unknown Clock Start,*
General Internal Medicine Service,Ethnicity,S: Any other ethnic group,01 To 18 Weeks,200
General Internal Medicine Service,Ethnicity,S: Any other ethnic group,18 To 52 Weeks,90
General Internal Medicine Service,Ethnicity,S: Any other ethnic group,Over 52 Weeks,*
General Internal Medicine Service,Ethnicity,S: Any other ethnic group,Total,300
General Internal Medicine Service,Ethnicity,Z: Not stated,Unknown Clock Start,*
General Internal Medicine Service,Ethnicity,Z: Not stated,01 To 18 Weeks,805
General Internal Medicine Service,Ethnicity,Z: Not stated,18 To 52 Weeks,390
General Internal Medicine Service,Ethnicity,Z: Not stated,Over 52 Weeks,*
General Internal Medicine Service,Ethnicity,Z: Not stated,Total,1200
General Internal Medicine Service,IMD,1,01 To 18 Weeks,1335
General Internal Medicine Service,IMD,1,18 To 52 Weeks,370
General Internal Medicine Service,IMD,1,Over 52 Weeks,15
General Internal Medicine Service,IMD,1,Total,1715
General Internal Medicine Service,IMD,10,Unknown Clock Start,15
General Internal Medicine Service,IMD,10,01 To 18 Weeks,1545
General Internal Medicine Service,IMD,10,18 To 52 Weeks,695
General Internal Medicine Service,IMD,10,Over 52 Weeks,35
General Internal Medicine Service,IMD,10,Total,2290
General Internal Medicine Service,IMD,2,Unknown Clock Start,*
General Internal Medicine Service,IMD,2,01 To 18 Weeks,1730
General Internal Medicine Service,IMD,2,18 To 52 Weeks,760
General Internal Medicine Service,IMD,2,Over 52 Weeks,25
General Internal Medicine Service,IMD,2,Total,2520
General Internal Medicine Service,IMD,3,Unknown Clock Start,*
General Internal Medicine Service,IMD,3,01 To 18 Weeks,1960
General Internal Medicine Service,IMD,3,18 To 52 Weeks,890
General Internal Medicine Service,IMD,3,Over 52 Weeks,35
General Internal Medicine Service,IMD,3,Total,2890
General Internal Medicine Service,IMD,4,Unknown Clock Start,*
General Internal Medicine Service,IMD,4,01 To 18 Weeks,1990
General Internal Medicine Service,IMD,4,18 To 52 Weeks,925
General Internal Medicine Service,IMD,4,Over 52 Weeks,25
General Internal Medicine Service,IMD,4,Total,2945
General Internal Medicine Service,IMD,5,Unknown Clock Start,*
General Internal Medicine Service,IMD,5,01 To 18 Weeks,1925
General Internal Medicine Service,IMD,5,18 To 52 Weeks,955
General Internal Medicine Service,IMD,5,Over 52 Weeks,35
General Internal Medicine Service,IMD,5,Total,2920
General Internal Medicine Service,IMD,6,Unknown Clock Start,*
General Internal Medicine Service,IMD,6,01 To 18 Weeks,1860
General Internal Medicine Service,IMD,6,18 To 52 Weeks,875
General Internal Medicine Service,IMD,6,Over 52 Weeks,30
General Internal Medicine Service,IMD,6,Total,2765
General Internal Medicine Service,IMD,7,Unknown Clock Start,*
General Internal Medicine Service,IMD,7,01 To 18 Weeks,1825
General Internal Medicine Service,IMD,7,18 To 52 Weeks,880
General Internal Medicine Service,IMD,7,Over 52 Weeks,35
General Internal Medicine Service,IMD,7,Total,2740
General Internal Medicine Service,IMD,8,Unknown Clock Start,10
General Internal Medicine Service,IMD,8,01 To 18 Weeks,1720
General Internal Medicine Service,IMD,8,18 To 52 Weeks,840
General Internal Medicine Service,IMD,8,Over 52 Weeks,40
General Internal Medicine Service,IMD,8,Total,2610
General Internal Medicine Service,IMD,9,Unknown Clock Start,15
General Internal Medicine Service,IMD,9,01 To 18 Weeks,1725
General Internal Medicine Service,IMD,9,18 To 52 Weeks,765
General Internal Medicine Service,IMD,9,Over 52 Weeks,35
General Internal Medicine Service,IMD,9,Total,2540
General Internal Medicine Service,Sex,Female,Unknown Clock Start,30
General Internal Medicine Service,Sex,Female,01 To 18 Weeks,10530
General Internal Medicine Service,Sex,Female,18 To 52 Weeks,5175
General Internal Medicine Service,Sex,Female,Over 52 Weeks,230
General Internal Medicine Service,Sex,Female,Total,15960
General Internal Medicine Service,Sex,Male,Unknown Clock Start,25
General Internal Medicine Service,Sex,Male,01 To 18 Weeks,7015
General Internal Medicine Service,Sex,Male,18 To 52 Weeks,2865
General Internal Medicine Service,Sex,Male,Over 52 Weeks,95
General Internal Medicine Service,Sex,Male,Total,10000
General Surgery Service,Age,0-18 Years,Unknown Clock Start,*
General Surgery Service,Age,0-18 Years,01 To 18 Weeks,2215
General Surgery Service,Age,0-18 Years,18 To 52 Weeks,1435
General Surgery Service,Age,0-18 Years,Over 52 Weeks,115
General Surgery Service,Age,0-18 Years,Total,3765
General Surgery Service,Age,19-64 Years,Unknown Clock Start,230
General Surgery Service,Age,19-64 Years,01 To 18 Weeks,119030
General Surgery Service,Age,19-64 Years,18 To 52 Weeks,80225
General Surgery Service,Age,19-64 Years,Over 52 Weeks,6615
General Surgery Service,Age,19-64 Years,Total,206095
General Surgery Service,Age,Over 65 Years,Unknown Clock Start,165
General Surgery Service,Age,Over 65 Years,01 To 18 Weeks,68240
General Surgery Service,Age,Over 65 Years,18 To 52 Weeks,40645
General Surgery Service,Age,Over 65 Years,Over 52 Weeks,3230
General Surgery Service,Age,Over 65 Years,Total,112280
General Surgery Service,Ethnicity,99: Not known,Unknown Clock Start,*
General Surgery Service,Ethnicity,99: Not known,01 To 18 Weeks,5595
General Surgery Service,Ethnicity,99: Not known,18 To 52 Weeks,3030
General Surgery Service,Ethnicity,99: Not known,Over 52 Weeks,215
General Surgery Service,Ethnicity,99: Not known,Total,8845
General Surgery Service,Ethnicity,A: British,Unknown Clock Start,320
General Surgery Service,Ethnicity,A: British,01 To 18 Weeks,137885
General Surgery Service,Ethnicity,A: British,18 To 52 Weeks,86345
General Surgery Service,Ethnicity,A: British,Over 52 Weeks,6985
General Surgery Service,Ethnicity,A: British,Total,231535
General Surgery Service,Ethnicity,B: Irish,Unknown Clock Start,*
General Surgery Service,Ethnicity,B: Irish,01 To 18 Weeks,1065
General Surgery Service,Ethnicity,B: Irish,18 To 52 Weeks,740
General Surgery Service,Ethnicity,B: Irish,Over 52 Weeks,70
General Surgery Service,Ethnicity,B: Irish,Total,1880
General Surgery Service,Ethnicity,C: Any other white background,Unknown Clock Start,10
General Surgery Service,Ethnicity,C: Any other white background,01 To 18 Weeks,11930
General Surgery Service,Ethnicity,C: Any other white background,18 To 52 Weeks,8910
General Surgery Service,Ethnicity,C: Any other white background,Over 52 Weeks,730
General Surgery Service,Ethnicity,C: Any other white background,Total,21585
General Surgery Service,Ethnicity,D: White and Black Caribbean,01 To 18 Weeks,600
General Surgery Service,Ethnicity,D: White and Black Caribbean,18 To 52 Weeks,380
General Surgery Service,Ethnicity,D: White and Black Caribbean,Over 52 Weeks,35
General Surgery Service,Ethnicity,D: White and Black Caribbean,Total,1015
General Surgery Service,Ethnicity,E: White and Black African,01 To 18 Weeks,305
General Surgery Service,Ethnicity,E: White and Black African,18 To 52 Weeks,230
General Surgery Service,Ethnicity,E: White and Black African,Over 52 Weeks,25
General Surgery Service,Ethnicity,E: White and Black African,Total,560
General Surgery Service,Ethnicity,F: White and Asian,Unknown Clock Start,*
General Surgery Service,Ethnicity,F: White and Asian,01 To 18 Weeks,400
General Surgery Service,Ethnicity,F: White and Asian,18 To 52 Weeks,265
General Surgery Service,Ethnicity,F: White and Asian,Over 52 Weeks,25
General Surgery Service,Ethnicity,F: White and Asian,Total,695
General Surgery Service,Ethnicity,G: Any other mixed background,Unknown Clock Start,*
General Surgery Service,Ethnicity,G: Any other mixed background,01 To 18 Weeks,1150
General Surgery Service,Ethnicity,G: Any other mixed background,18 To 52 Weeks,825
General Surgery Service,Ethnicity,G: Any other mixed background,Over 52 Weeks,65
General Surgery Service,Ethnicity,G: Any other mixed background,Total,2040
General Surgery Service,Ethnicity,H: Indian,Unknown Clock Start,*
General Surgery Service,Ethnicity,H: Indian,01 To 18 Weeks,5230
General Surgery Service,Ethnicity,H: Indian,18 To 52 Weeks,3480
General Surgery Service,Ethnicity,H: Indian,Over 52 Weeks,260
General Surgery Service,Ethnicity,H: Indian,Total,8975
General Surgery Service,Ethnicity,J: Pakistani,Unknown Clock Start,*
General Surgery Service,Ethnicity,J: Pakistani,01 To 18 Weeks,4115
General Surgery Service,Ethnicity,J: Pakistani,18 To 52 Weeks,2770
General Surgery Service,Ethnicity,J: Pakistani,Over 52 Weeks,185
General Surgery Service,Ethnicity,J: Pakistani,Total,7070
General Surgery Service,Ethnicity,K: Bangladeshi,Unknown Clock Start,*
General Surgery Service,Ethnicity,K: Bangladeshi,01 To 18 Weeks,1780
General Surgery Service,Ethnicity,K: Bangladeshi,18 To 52 Weeks,1230
General Surgery Service,Ethnicity,K: Bangladeshi,Over 52 Weeks,120
General Surgery Service,Ethnicity,K: Bangladeshi,Total,3135
General Surgery Service,Ethnicity,L: Any other Asian background,Unknown Clock Start,*
General Surgery Service,Ethnicity,L: Any other Asian background,01 To 18 Weeks,3740
General Surgery Service,Ethnicity,L: Any other Asian background,18 To 52 Weeks,2740
General Surgery Service,Ethnicity,L: Any other Asian background,Over 52 Weeks,195
General Surgery Service,Ethnicity,L: Any other Asian background,Total,6685
General Surgery Service,Ethnicity,M: Caribbean,Unknown Clock Start,*
General Surgery Service,Ethnicity,M: Caribbean,01 To 18 Weeks,2185
General Surgery Service,Ethnicity,M: Caribbean,18 To 52 Weeks,1560
General Surgery Service,Ethnicity,M: Caribbean,Over 52 Weeks,155
General Surgery Service,Ethnicity,M: Caribbean,Total,3900
General Surgery Service,Ethnicity,N: African,Unknown Clock Start,*
General Surgery Service,Ethnicity,N: African,01 To 18 Weeks,3575
General Surgery Service,Ethnicity,N: African,18 To 52 Weeks,2365
General Surgery Service,Ethnicity,N: African,Over 52 Weeks,230
General Surgery Service,Ethnicity,N: African,Total,6175
General Surgery Service,Ethnicity,P: Any other Black background,Unknown Clock Start,*
General Surgery Service,Ethnicity,P: Any other Black background,01 To 18 Weeks,1610
General Surgery Service,Ethnicity,P: Any other Black background,18 To 52 Weeks,1160
General Surgery Service,Ethnicity,P: Any other Black background,Over 52 Weeks,115
General Surgery Service,Ethnicity,P: Any other Black background,Total,2890
General Surgery Service,Ethnicity,R: Chinese,Unknown Clock Start,*
General Surgery Service,Ethnicity,R: Chinese,01 To 18 Weeks,640
General Surgery Service,Ethnicity,R: Chinese,18 To 52 Weeks,425
General Surgery Service,Ethnicity,R: Chinese,Over 52 Weeks,45
General Surgery Service,Ethnicity,R: Chinese,Total,1115
General Surgery Service,Ethnicity,S: Any other ethnic group,Unknown Clock Start,*
General Surgery Service,Ethnicity,S: Any other ethnic group,01 To 18 Weeks,1945
General Surgery Service,Ethnicity,S: Any other ethnic group,18 To 52 Weeks,1450
General Surgery Service,Ethnicity,S: Any other ethnic group,Over 52 Weeks,115
General Surgery Service,Ethnicity,S: Any other ethnic group,Total,3515
General Surgery Service,Ethnicity,Z: Not stated,Unknown Clock Start,25
General Surgery Service,Ethnicity,Z: Not stated,01 To 18 Weeks,8335
General Surgery Service,Ethnicity,Z: Not stated,18 To 52 Weeks,4935
General Surgery Service,Ethnicity,Z: Not stated,Over 52 Weeks,395
General Surgery Service,Ethnicity,Z: Not stated,Total,13685
General Surgery Service,IMD,1,Unknown Clock Start,20
General Surgery Service,IMD,1,01 To 18 Weeks,18320
General Surgery Service,IMD,1,18 To 52 Weeks,11500
General Surgery Service,IMD,1,Over 52 Weeks,980
General Surgery Service,IMD,1,Total,30820
General Surgery Service,IMD,10,Unknown Clock Start,60
General Surgery Service,IMD,10,01 To 18 Weeks,15915
General Surgery Service,IMD,10,18 To 52 Weeks,9545
General Surgery Service,IMD,10,Over 52 Weeks,730
General Surgery Service,IMD,10,Total,26255
General Surgery Service,IMD,2,Unknown Clock Start,20
General Surgery Service,IMD,2,01 To 18 Weeks,20785
General Surgery Service,IMD,2,18 To 52 Weeks,13580
General Surgery Service,IMD,2,Over 52 Weeks,1115
General Surgery Service,IMD,2,Total,35505
General Surgery Service,IMD,3,Unknown Clock Start,35
General Surgery Service,IMD,3,01 To 18 Weeks,20355
General Surgery Service,IMD,3,18 To 52 Weeks,13350
General Surgery Service,IMD,3,Over 52 Weeks,1135
General Surgery Service,IMD,3,Total,34875
General Surgery Service,IMD,4,Unknown Clock Start,40
General Surgery Service,IMD,4,01 To 18 Weeks,19195
General Surgery Service,IMD,4,18 To 52 Weeks,12930
General Surgery Service,IMD,4,Over 52 Weeks,1120
General Surgery Service,IMD,4,Total,33285
General Surgery Service,IMD,5,Unknown Clock Start,40
General Surgery Service,IMD,5,01 To 18 Weeks,19255
General Surgery Service,IMD,5,18 To 52 Weeks,12670
General Surgery Service,IMD,5,Over 52 Weeks,1085
General Surgery Service,IMD,5,Total,33050
General Surgery Service,IMD,6,Unknown Clock Start,45
General Surgery Service,IMD,6,01 To 18 Weeks,19330
General Surgery Service,IMD,6,18 To 52 Weeks,12245
General Surgery Service,IMD,6,Over 52 Weeks,975
General Surgery Service,IMD,6,Total,32595
General Surgery Service,IMD,7,Unknown Clock Start,50
General Surgery Service,IMD,7,01 To 18 Weeks,18270
General Surgery Service,IMD,7,18 To 52 Weeks,11645
General Surgery Service,IMD,7,Over 52 Weeks,900
General Surgery Service,IMD,7,Total,30865
General Surgery Service,IMD,8,Unknown Clock Start,45
General Surgery Service,IMD,8,01 To 18 Weeks,18105
General Surgery Service,IMD,8,18 To 52 Weeks,11740
General Surgery Service,IMD,8,Over 52 Weeks,895
General Surgery Service,IMD,8,Total,30790
General Surgery Service,IMD,9,Unknown Clock Start,40
General Surgery Service,IMD,9,01 To 18 Weeks,17105
General Surgery Service,IMD,9,18 To 52 Weeks,10865
General Surgery Service,IMD,9,Over 52 Weeks,825
General Surgery Service,IMD,9,Total,28835
General Surgery Service,Sex,Female,Unknown Clock Start,175
General Surgery Service,Sex,Female,01 To 18 Weeks,92065
General Surgery Service,Sex,Female,18 To 52 Weeks,57215
General Surgery Service,Sex,Female,Over 52 Weeks,4490
General Surgery Service,Sex,Female,Total,153945
General Surgery Service,Sex,Male,Unknown Clock Start,210
General Surgery Service,Sex,Male,01 To 18 Weeks,93970
General Surgery Service,Sex,Male,18 To 52 Weeks,62210
General Surgery Service,Sex,Male,Over 52 Weeks,5160
General Surgery Service,Sex,Male,Total,161555
Gynaecology Service,Age,0-18 Years,Unknown Clock Start,*
Gynaecology Service,Age,0-18 Years,01 To 18 Weeks,6605
Gynaecology Service,Age,0-18 Years,18 To 52 Weeks,5625
Gynaecology Service,Age,0-18 Years,Over 52 Weeks,230
Gynaecology Service,Age,0-18 Years,Total,12470
Gynaecology Service,Age,19-64 Years,Unknown Clock Start,905
Gynaecology Service,Age,19-64 Years,01 To 18 Weeks,261720
Gynaecology Service,Age,19-64 Years,18 To 52 Weeks,195345
Gynaecology Service,Age,19-64 Years,Over 52 Weeks,15335
Gynaecology Service,Age,19-64 Years,Total,473300
Gynaecology Service,Age,Over 65 Years,Unknown Clock Start,105
Gynaecology Service,Age,Over 65 Years,01 To 18 Weeks,35925
Gynaecology Service,Age,Over 65 Years,18 To 52 Weeks,23790
Gynaecology Service,Age,Over 65 Years,Over 52 Weeks,1935
Gynaecology Service,Age,Over 65 Years,Total,61755
Gynaecology Service,Ethnicity,99: Not known,Unknown Clock Start,*
Gynaecology Service,Ethnicity,99: Not known,01 To 18 Weeks,14750
Gynaecology Service,Ethnicity,99: Not known,18 To 52 Weeks,7750
Gynaecology Service,Ethnicity,99: Not known,Over 52 Weeks,445
Gynaecology Service,Ethnicity,99: Not known,Total,22945
Gynaecology Service,Ethnicity,A: British,Unknown Clock Start,830
Gynaecology Service,Ethnicity,A: British,01 To 18 Weeks,204895
Gynaecology Service,Ethnicity,A: British,18 To 52 Weeks,150505
Gynaecology Service,Ethnicity,A: British,Over 52 Weeks,12515
Gynaecology Service,Ethnicity,A: British,Total,368745
Gynaecology Service,Ethnicity,B: Irish,Unknown Clock Start,*
Gynaecology Service,Ethnicity,B: Irish,01 To 18 Weeks,1485
Gynaecology Service,Ethnicity,B: Irish,18 To 52 Weeks,1005
Gynaecology Service,Ethnicity,B: Irish,Over 52 Weeks,65
Gynaecology Service,Ethnicity,B: Irish,Total,2560
Gynaecology Service,Ethnicity,C: Any other white background,Unknown Clock Start,50
Gynaecology Service,Ethnicity,C: Any other white background,01 To 18 Weeks,22505
Gynaecology Service,Ethnicity,C: Any other white background,18 To 52 Weeks,17245
Gynaecology Service,Ethnicity,C: Any other white background,Over 52 Weeks,1270
Gynaecology Service,Ethnicity,C: Any other white background,Total,41070
Gynaecology Service,Ethnicity,D: White and Black Caribbean,Unknown Clock Start,*
Gynaecology Service,Ethnicity,D: White and Black Caribbean,01 To 18 Weeks,1740
Gynaecology Service,Ethnicity,D: White and Black Caribbean,18 To 52 Weeks,1250
Gynaecology Service,Ethnicity,D: White and Black Caribbean,Over 52 Weeks,90
Gynaecology Service,Ethnicity,D: White and Black Caribbean,Total,3085
Gynaecology Service,Ethnicity,E: White and Black African,Unknown Clock Start,*
Gynaecology Service,Ethnicity,E: White and Black African,01 To 18 Weeks,950
Gynaecology Service,Ethnicity,E: White and Black African,18 To 52 Weeks,670
Gynaecology Service,Ethnicity,E: White and Black African,Over 52 Weeks,50
Gynaecology Service,Ethnicity,E: White and Black African,Total,1670
Gynaecology Service,Ethnicity,F: White and Asian,Unknown Clock Start,*
Gynaecology Service,Ethnicity,F: White and Asian,01 To 18 Weeks,1020
Gynaecology Service,Ethnicity,F: White and Asian,18 To 52 Weeks,775
Gynaecology Service,Ethnicity,F: White and Asian,Over 52 Weeks,55
Gynaecology Service,Ethnicity,F: White and Asian,Total,1855
Gynaecology Service,Ethnicity,G: Any other mixed background,Unknown Clock Start,10
Gynaecology Service,Ethnicity,G: Any other mixed background,01 To 18 Weeks,2695
Gynaecology Service,Ethnicity,G: Any other mixed background,18 To 52 Weeks,1955
Gynaecology Service,Ethnicity,G: Any other mixed background,Over 52 Weeks,170
Gynaecology Service,Ethnicity,G: Any other mixed background,Total,4825
Gynaecology Service,Ethnicity,H: Indian,Unknown Clock Start,10
Gynaecology Service,Ethnicity,H: Indian,01 To 18 Weeks,9300
Gynaecology Service,Ethnicity,H: Indian,18 To 52 Weeks,6675
Gynaecology Service,Ethnicity,H: Indian,Over 52 Weeks,495
Gynaecology Service,Ethnicity,H: Indian,Total,16480
Gynaecology Service,Ethnicity,J: Pakistani,Unknown Clock Start,*
Gynaecology Service,Ethnicity,J: Pakistani,01 To 18 Weeks,8795
Gynaecology Service,Ethnicity,J: Pakistani,18 To 52 Weeks,6730
Gynaecology Service,Ethnicity,J: Pakistani,Over 52 Weeks,380
Gynaecology Service,Ethnicity,J: Pakistani,Total,15905
Gynaecology Service,Ethnicity,K: Bangladeshi,Unknown Clock Start,*
Gynaecology Service,Ethnicity,K: Bangladeshi,01 To 18 Weeks,3740
Gynaecology Service,Ethnicity,K: Bangladeshi,18 To 52 Weeks,2725
Gynaecology Service,Ethnicity,K: Bangladeshi,Over 52 Weeks,210
Gynaecology Service,Ethnicity,K: Bangladeshi,Total,6675
Gynaecology Service,Ethnicity,L: Any other Asian background,Unknown Clock Start,15
Gynaecology Service,Ethnicity,L: Any other Asian background,01 To 18 Weeks,7385
Gynaecology Service,Ethnicity,L: Any other Asian background,18 To 52 Weeks,5495
Gynaecology Service,Ethnicity,L: Any other Asian background,Over 52 Weeks,420
Gynaecology Service,Ethnicity,L: Any other Asian background,Total,13315
Gynaecology Service,Ethnicity,M: Caribbean,Unknown Clock Start,*
Gynaecology Service,Ethnicity,M: Caribbean,01 To 18 Weeks,4430
Gynaecology Service,Ethnicity,M: Caribbean,18 To 52 Weeks,3255
Gynaecology Service,Ethnicity,M: Caribbean,Over 52 Weeks,260
Gynaecology Service,Ethnicity,M: Caribbean,Total,7950
Gynaecology Service,Ethnicity,N: African,Unknown Clock Start,*
Gynaecology Service,Ethnicity,N: African,01 To 18 Weeks,9550
Gynaecology Service,Ethnicity,N: African,18 To 52 Weeks,7280
Gynaecology Service,Ethnicity,N: African,Over 52 Weeks,695
Gynaecology Service,Ethnicity,N: African,Total,17530
Gynaecology Service,Ethnicity,P: Any other Black background,Unknown Clock Start,*
Gynaecology Service,Ethnicity,P: Any other Black background,01 To 18 Weeks,3975
Gynaecology Service,Ethnicity,P: Any other Black background,18 To 52 Weeks,3095
Gynaecology Service,Ethnicity,P: Any other Black background,Over 52 Weeks,255
Gynaecology Service,Ethnicity,P: Any other Black background,Total,7335
Gynaecology Service,Ethnicity,R: Chinese,Unknown Clock Start,*
Gynaecology Service,Ethnicity,R: Chinese,01 To 18 Weeks,1460
Gynaecology Service,Ethnicity,R: Chinese,18 To 52 Weeks,1005
Gynaecology Service,Ethnicity,R: Chinese,Over 52 Weeks,85
Gynaecology Service,Ethnicity,R: Chinese,Total,2550
Gynaecology Service,Ethnicity,S: Any other ethnic group,Unknown Clock Start,*
Gynaecology Service,Ethnicity,S: Any other ethnic group,01 To 18 Weeks,4120
Gynaecology Service,Ethnicity,S: Any other ethnic group,18 To 52 Weeks,3040
Gynaecology Service,Ethnicity,S: Any other ethnic group,Over 52 Weeks,205
Gynaecology Service,Ethnicity,S: Any other ethnic group,Total,7370
Gynaecology Service,Ethnicity,Z: Not stated,Unknown Clock Start,70
Gynaecology Service,Ethnicity,Z: Not stated,01 To 18 Weeks,14850
Gynaecology Service,Ethnicity,Z: Not stated,18 To 52 Weeks,9890
Gynaecology Service,Ethnicity,Z: Not stated,Over 52 Weeks,690
Gynaecology Service,Ethnicity,Z: Not stated,Total,25500
Gynaecology Service,IMD,1,Unknown Clock Start,125
Gynaecology Service,IMD,1,01 To 18 Weeks,33080
Gynaecology Service,IMD,1,18 To 52 Weeks,25965
Gynaecology Service,IMD,1,Over 52 Weeks,2340
Gynaecology Service,IMD,1,Total,61505
Gynaecology Service,IMD,10,Unknown Clock Start,35
Gynaecology Service,IMD,10,01 To 18 Weeks,24320
Gynaecology Service,IMD,10,18 To 52 Weeks,17235
Gynaecology Service,IMD,10,Over 52 Weeks,1170
Gynaecology Service,IMD,10,Total,42765
Gynaecology Service,IMD,2,Unknown Clock Start,120
Gynaecology Service,IMD,2,01 To 18 Weeks,34535
Gynaecology Service,IMD,2,18 To 52 Weeks,25710
Gynaecology Service,IMD,2,Over 52 Weeks,2120
Gynaecology Service,IMD,2,Total,62485
Gynaecology Service,IMD,3,Unknown Clock Start,90
Gynaecology Service,IMD,3,01 To 18 Weeks,33590
Gynaecology Service,IMD,3,18 To 52 Weeks,24585
Gynaecology Service,IMD,3,Over 52 Weeks,1935
Gynaecology Service,IMD,3,Total,60200
Gynaecology Service,IMD,4,Unknown Clock Start,125
Gynaecology Service,IMD,4,01 To 18 Weeks,32450
Gynaecology Service,IMD,4,18 To 52 Weeks,23330
Gynaecology Service,IMD,4,Over 52 Weeks,1940
Gynaecology Service,IMD,4,Total,57850
Gynaecology Service,IMD,5,Unknown Clock Start,145
Gynaecology Service,IMD,5,01 To 18 Weeks,31165
Gynaecology Service,IMD,5,18 To 52 Weeks,22865
Gynaecology Service,IMD,5,Over 52 Weeks,1810
Gynaecology Service,IMD,5,Total,55985
Gynaecology Service,IMD,6,Unknown Clock Start,85
Gynaecology Service,IMD,6,01 To 18 Weeks,30410
Gynaecology Service,IMD,6,18 To 52 Weeks,22140
Gynaecology Service,IMD,6,Over 52 Weeks,1785
Gynaecology Service,IMD,6,Total,54420
Gynaecology Service,IMD,7,Unknown Clock Start,120
Gynaecology Service,IMD,7,01 To 18 Weeks,29080
Gynaecology Service,IMD,7,18 To 52 Weeks,21095
Gynaecology Service,IMD,7,Over 52 Weeks,1610
Gynaecology Service,IMD,7,Total,51905
Gynaecology Service,IMD,8,Unknown Clock Start,85
Gynaecology Service,IMD,8,01 To 18 Weeks,28530
Gynaecology Service,IMD,8,18 To 52 Weeks,20745
Gynaecology Service,IMD,8,Over 52 Weeks,1615
Gynaecology Service,IMD,8,Total,50975
Gynaecology Service,IMD,9,Unknown Clock Start,60
Gynaecology Service,IMD,9,01 To 18 Weeks,27440
Gynaecology Service,IMD,9,18 To 52 Weeks,19440
Gynaecology Service,IMD,9,Over 52 Weeks,1500
Gynaecology Service,IMD,9,Total,48440
Gynaecology Service,Sex,Female,Unknown Clock Start,1000
Gynaecology Service,Sex,Female,01 To 18 Weeks,285345
Gynaecology Service,Sex,Female,18 To 52 Weeks,211540
Gynaecology Service,Sex,Female,Over 52 Weeks,16830
Gynaecology Service,Sex,Female,Total,514720
Gynaecology Service,Sex,Male,Unknown Clock Start,10
Gynaecology Service,Sex,Male,01 To 18 Weeks,3995
Gynaecology Service,Sex,Male,18 To 52 Weeks,1620
Gynaecology Service,Sex,Male,Over 52 Weeks,35
Gynaecology Service,Sex,Male,Total,5660
Neurology Service,Age,0-18 Years,Unknown Clock Start,10
Neurology Service,Age,0-18 Years,01 To 18 Weeks,3965
Neurology Service,Age,0-18 Years,18 To 52 Weeks,2615
Neurology Service,Age,0-18 Years,Over 52 Weeks,130
Neurology Service,Age,0-18 Years,Total,6715
Neurology Service,Age,19-64 Years,Unknown Clock Start,60
Neurology Service,Age,19-64 Years,01 To 18 Weeks,82985
Neurology Service,Age,19-64 Years,18 To 52 Weeks,63890
Neurology Service,Age,19-64 Years,Over 52 Weeks,4885
Neurology Service,Age,19-64 Years,Total,151820
Neurology Service,Age,Over 65 Years,Unknown Clock Start,25
Neurology Service,Age,Over 65 Years,01 To 18 Weeks,35110
Neurology Service,Age,Over 65 Years,18 To 52 Weeks,26355
Neurology Service,Age,Over 65 Years,Over 52 Weeks,2270
Neurology Service,Age,Over 65 Years,Total,63760
Neurology Service,Ethnicity,99: Not known,01 To 18 Weeks,6650
Neurology Service,Ethnicity,99: Not known,18 To 52 Weeks,2685
Neurology Service,Ethnicity,99: Not known,Over 52 Weeks,185
Neurology Service,Ethnicity,99: Not known,Total,9520
Neurology Service,Ethnicity,A: British,Unknown Clock Start,65
Neurology Service,Ethnicity,A: British,01 To 18 Weeks,88605
Neurology Service,Ethnicity,A: British,18 To 52 Weeks,66630
Neurology Service,Ethnicity,A: British,Over 52 Weeks,5245
Neurology Service,Ethnicity,A: British,Total,160545
Neurology Service,Ethnicity,B: Irish,01 To 18 Weeks,750
Neurology Service,Ethnicity,B: Irish,18 To 52 Weeks,560
Neurology Service,Ethnicity,B: Irish,Over 52 Weeks,45
Neurology Service,Ethnicity,B: Irish,Total,1355
Neurology Service,Ethnicity,C: Any other white background,Unknown Clock Start,10
Neurology Service,Ethnicity,C: Any other white background,01 To 18 Weeks,7485
Neurology Service,Ethnicity,C: Any other white background,18 To 52 Weeks,6230
Neurology Service,Ethnicity,C: Any other white background,Over 52 Weeks,410
Neurology Service,Ethnicity,C: Any other white background,Total,14135
Neurology Service,Ethnicity,D: White and Black Caribbean,Unknown Clock Start,*
Neurology Service,Ethnicity,D: White and Black Caribbean,01 To 18 Weeks,585
Neurology Service,Ethnicity,D: White and Black Caribbean,18 To 52 Weeks,395
Neurology Service,Ethnicity,D: White and Black Caribbean,Over 52 Weeks,35
Neurology Service,Ethnicity,D: White and Black Caribbean,Total,1015
Neurology Service,Ethnicity,E: White and Black African,01 To 18 Weeks,250
Neurology Service,Ethnicity,E: White and Black African,18 To 52 Weeks,200
Neurology Service,Ethnicity,E: White and Black African,Over 52 Weeks,15
Neurology Service,Ethnicity,E: White and Black African,Total,460
Neurology Service,Ethnicity,F: White and Asian,Unknown Clock Start,*
Neurology Service,Ethnicity,F: White and Asian,01 To 18 Weeks,345
Neurology Service,Ethnicity,F: White and Asian,18 To 52 Weeks,285
Neurology Service,Ethnicity,F: White and Asian,Over 52 Weeks,20
Neurology Service,Ethnicity,F: White and Asian,Total,650
Neurology Service,Ethnicity,G: Any other mixed background,01 To 18 Weeks,910
Neurology Service,Ethnicity,G: Any other mixed background,18 To 52 Weeks,660
Neurology Service,Ethnicity,G: Any other mixed background,Over 52 Weeks,60
Neurology Service,Ethnicity,G: Any other mixed background,Total,1630
Neurology Service,Ethnicity,H: Indian,Unknown Clock Start,*
Neurology Service,Ethnicity,H: Indian,01 To 18 Weeks,3200
Neurology Service,Ethnicity,H: Indian,18 To 52 Weeks,2410
Neurology Service,Ethnicity,H: Indian,Over 52 Weeks,160
Neurology Service,Ethnicity,H: Indian,Total,5770
Neurology Service,Ethnicity,J: Pakistani,01 To 18 Weeks,2990
Neurology Service,Ethnicity,J: Pakistani,18 To 52 Weeks,2300
Neurology Service,Ethnicity,J: Pakistani,Over 52 Weeks,200
Neurology Service,Ethnicity,J: Pakistani,Total,5495
Neurology Service,Ethnicity,K: Bangladeshi,01 To 18 Weeks,1045
Neurology Service,Ethnicity,K: Bangladeshi,18 To 52 Weeks,845
Neurology Service,Ethnicity,K: Bangladeshi,Over 52 Weeks,80
Neurology Service,Ethnicity,K: Bangladeshi,Total,1965
Neurology Service,Ethnicity,L: Any other Asian background,Unknown Clock Start,*
Neurology Service,Ethnicity,L: Any other Asian background,01 To 18 Weeks,2690
Neurology Service,Ethnicity,L: Any other Asian background,18 To 52 Weeks,2170
Neurology Service,Ethnicity,L: Any other Asian background,Over 52 Weeks,140
Neurology Service,Ethnicity,L: Any other Asian background,Total,5000
Neurology Service,Ethnicity,M: Caribbean,Unknown Clock Start,*
Neurology Service,Ethnicity,M: Caribbean,01 To 18 Weeks,1570
Neurology Service,Ethnicity,M: Caribbean,18 To 52 Weeks,1190
Neurology Service,Ethnicity,M: Caribbean,Over 52 Weeks,100
Neurology Service,Ethnicity,M: Caribbean,Total,2860
Neurology Service,Ethnicity,N: African,Unknown Clock Start,*
Neurology Service,Ethnicity,N: African,01 To 18 Weeks,2330
Neurology Service,Ethnicity,N: African,18 To 52 Weeks,1735
Neurology Service,Ethnicity,N: African,Over 52 Weeks,140
Neurology Service,Ethnicity,N: African,Total,4210
Neurology Service,Ethnicity,P: Any other Black background,Unknown Clock Start,*
Neurology Service,Ethnicity,P: Any other Black background,01 To 18 Weeks,1240
Neurology Service,Ethnicity,P: Any other Black background,18 To 52 Weeks,865
Neurology Service,Ethnicity,P: Any other Black background,Over 52 Weeks,60
Neurology Service,Ethnicity,P: Any other Black background,Total,2170
Neurology Service,Ethnicity,R: Chinese,Unknown Clock Start,*
Neurology Service,Ethnicity,R: Chinese,01 To 18 Weeks,395
Neurology Service,Ethnicity,R: Chinese,18 To 52 Weeks,315
Neurology Service,Ethnicity,R: Chinese,Over 52 Weeks,30
Neurology Service,Ethnicity,R: Chinese,Total,745
Neurology Service,Ethnicity,S: Any other ethnic group,Unknown Clock Start,*
Neurology Service,Ethnicity,S: Any other ethnic group,01 To 18 Weeks,1410
Neurology Service,Ethnicity,S: Any other ethnic group,18 To 52 Weeks,1010
Neurology Service,Ethnicity,S: Any other ethnic group,Over 52 Weeks,85
Neurology Service,Ethnicity,S: Any other ethnic group,Total,2505
Neurology Service,Ethnicity,Z: Not stated,Unknown Clock Start,*
Neurology Service,Ethnicity,Z: Not stated,01 To 18 Weeks,5125
Neurology Service,Ethnicity,Z: Not stated,18 To 52 Weeks,3710
Neurology Service,Ethnicity,Z: Not stated,Over 52 Weeks,270
Neurology Service,Ethnicity,Z: Not stated,Total,9115
Neurology Service,IMD,1,Unknown Clock Start,*
Neurology Service,IMD,1,01 To 18 Weeks,13585
Neurology Service,IMD,1,18 To 52 Weeks,9965
Neurology Service,IMD,1,Over 52 Weeks,915
Neurology Service,IMD,1,Total,24465
Neurology Service,IMD,10,Unknown Clock Start,25
Neurology Service,IMD,10,01 To 18 Weeks,10205
Neurology Service,IMD,10,18 To 52 Weeks,7915
Neurology Service,IMD,10,Over 52 Weeks,555
Neurology Service,IMD,10,Total,18700
Neurology Service,IMD,2,Unknown Clock Start,*
Neurology Service,IMD,2,01 To 18 Weeks,13015
Neurology Service,IMD,2,18 To 52 Weeks,9845
Neurology Service,IMD,2,Over 52 Weeks,810
Neurology Service,IMD,2,Total,23675
Neurology Service,IMD,3,Unknown Clock Start,*
Neurology Service,IMD,3,01 To 18 Weeks,12835
Neurology Service,IMD,3,18 To 52 Weeks,9960
Neurology Service,IMD,3,Over 52 Weeks,775
Neurology Service,IMD,3,Total,23575
Neurology Service,IMD,4,Unknown Clock Start,*
Neurology Service,IMD,4,01 To 18 Weeks,12940
Neurology Service,IMD,4,18 To 52 Weeks,9975
Neurology Service,IMD,4,Over 52 Weeks,805
Neurology Service,IMD,4,Total,23725
Neurology Service,IMD,5,Unknown Clock Start,*
Neurology Service,IMD,5,01 To 18 Weeks,12300
Neurology Service,IMD,5,18 To 52 Weeks,9420
Neurology Service,IMD,5,Over 52 Weeks,720
Neurology Service,IMD,5,Total,22440
Neurology Service,IMD,6,Unknown Clock Start,*
Neurology Service,IMD,6,01 To 18 Weeks,12120
Neurology Service,IMD,6,18 To 52 Weeks,9255
Neurology Service,IMD,6,Over 52 Weeks,660
Neurology Service,IMD,6,Total,22045
Neurology Service,IMD,7,Unknown Clock Start,15
Neurology Service,IMD,7,01 To 18 Weeks,11550
Neurology Service,IMD,7,18 To 52 Weeks,8440
Neurology Service,IMD,7,Over 52 Weeks,665
Neurology Service,IMD,7,Total,20675
Neurology Service,IMD,8,Unknown Clock Start,*
Neurology Service,IMD,8,01 To 18 Weeks,11315
Neurology Service,IMD,8,18 To 52 Weeks,8580
Neurology Service,IMD,8,Over 52 Weeks,660
Neurology Service,IMD,8,Total,20560
Neurology Service,IMD,9,Unknown Clock Start,20
Neurology Service,IMD,9,01 To 18 Weeks,10735
Neurology Service,IMD,9,18 To 52 Weeks,7985
Neurology Service,IMD,9,Over 52 Weeks,540
Neurology Service,IMD,9,Total,19280
Neurology Service,Sex,Female,Unknown Clock Start,45
Neurology Service,Sex,Female,01 To 18 Weeks,68600
Neurology Service,Sex,Female,18 To 52 Weeks,52915
Neurology Service,Sex,Female,Over 52 Weeks,4250
Neurology Service,Sex,Female,Total,125815
Neurology Service,Sex,Male,Unknown Clock Start,45
Neurology Service,Sex,Male,01 To 18 Weeks,48895
Neurology Service,Sex,Male,18 To 52 Weeks,36365
Neurology Service,Sex,Male,Over 52 Weeks,2900
Neurology Service,Sex,Male,Total,88205
Neurosurgical Service,Age,0-18 Years,01 To 18 Weeks,865
Neurosurgical Service,Age,0-18 Years,18 To 52 Weeks,535
Neurosurgical Service,Age,0-18 Years,Over 52 Weeks,45
Neurosurgical Service,Age,0-18 Years,Total,1445
Neurosurgical Service,Age,19-64 Years,Unknown Clock Start,10
Neurosurgical Service,Age,19-64 Years,01 To 18 Weeks,20095
Neurosurgical Service,Age,19-64 Years,18 To 52 Weeks,14005
Neurosurgical Service,Age,19-64 Years,Over 52 Weeks,950
Neurosurgical Service,Age,19-64 Years,Total,35060
Neurosurgical Service,Age,Over 65 Years,Unknown Clock Start,*
Neurosurgical Service,Age,Over 65 Years,01 To 18 Weeks,11555
Neurosurgical Service,Age,Over 65 Years,18 To 52 Weeks,7435
Neurosurgical Service,Age,Over 65 Years,Over 52 Weeks,520
Neurosurgical Service,Age,Over 65 Years,Total,19510
Neurosurgical Service,Ethnicity,99: Not known,01 To 18 Weeks,1100
Neurosurgical Service,Ethnicity,99: Not known,18 To 52 Weeks,445
Neurosurgical Service,Ethnicity,99: Not known,Over 52 Weeks,30
Neurosurgical Service,Ethnicity,99: Not known,Total,1580
Neurosurgical Service,Ethnicity,A: British,Unknown Clock Start,10
Neurosurgical Service,Ethnicity,A: British,01 To 18 Weeks,23580
Neurosurgical Service,Ethnicity,A: British,18 To 52 Weeks,14520
Neurosurgical Service,Ethnicity,A: British,Over 52 Weeks,895
Neurosurgical Service,Ethnicity,A: British,Total,39005
Neurosurgical Service,Ethnicity,B: Irish,01 To 18 Weeks,220
Neurosurgical Service,Ethnicity,B: Irish,18 To 52 Weeks,155
Neurosurgical Service,Ethnicity,B: Irish,Over 52 Weeks,15
Neurosurgical Service,Ethnicity,B: Irish,Total,385
Neurosurgical Service,Ethnicity,C: Any other white background,01 To 18 Weeks,2140
Neurosurgical Service,Ethnicity,C: Any other white background,18 To 52 Weeks,1765
Neurosurgical Service,Ethnicity,C: Any other white background,Over 52 Weeks,145
Neurosurgical Service,Ethnicity,C: Any other white background,Total,4050
Neurosurgical Service,Ethnicity,D: White and Black Caribbean,01 To 18 Weeks,110
Neurosurgical Service,Ethnicity,D: White and Black Caribbean,18 To 52 Weeks,70
Neurosurgical Service,Ethnicity,D: White and Black Caribbean,Over 52 Weeks,*
Neurosurgical Service,Ethnicity,D: White and Black Caribbean,Total,185
Neurosurgical Service,Ethnicity,E: White and Black African,01 To 18 Weeks,65
Neurosurgical Service,Ethnicity,E: White and Black African,18 To 52 Weeks,40
Neurosurgical Service,Ethnicity,E: White and Black African,Over 52 Weeks,*
Neurosurgical Service,Ethnicity,E: White and Black African,Total,110
Neurosurgical Service,Ethnicity,F: White and Asian,01 To 18 Weeks,95
Neurosurgical Service,Ethnicity,F: White and Asian,18 To 52 Weeks,65
Neurosurgical Service,Ethnicity,F: White and Asian,Over 52 Weeks,*
Neurosurgical Service,Ethnicity,F: White and Asian,Total,165
Neurosurgical Service,Ethnicity,G: Any other mixed background,Unknown Clock Start,*
Neurosurgical Service,Ethnicity,G: Any other mixed background,01 To 18 Weeks,215
Neurosurgical Service,Ethnicity,G: Any other mixed background,18 To 52 Weeks,185
Neurosurgical Service,Ethnicity,G: Any other mixed background,Over 52 Weeks,15
Neurosurgical Service,Ethnicity,G: Any other mixed background,Total,420
Neurosurgical Service,Ethnicity,H: Indian,Unknown Clock Start,*
Neurosurgical Service,Ethnicity,H: Indian,01 To 18 Weeks,990
Neurosurgical Service,Ethnicity,H: Indian,18 To 52 Weeks,755
Neurosurgical Service,Ethnicity,H: Indian,Over 52 Weeks,55
Neurosurgical Service,Ethnicity,H: Indian,Total,1800
Neurosurgical Service,Ethnicity,J: Pakistani,01 To 18 Weeks,780
Neurosurgical Service,Ethnicity,J: Pakistani,18 To 52 Weeks,625
Neurosurgical Service,Ethnicity,J: Pakistani,Over 52 Weeks,45
Neurosurgical Service,Ethnicity,J: Pakistani,Total,1450
Neurosurgical Service,Ethnicity,K: Bangladeshi,01 To 18 Weeks,315
Neurosurgical Service,Ethnicity,K: Bangladeshi,18 To 52 Weeks,285
Neurosurgical Service,Ethnicity,K: Bangladeshi,Over 52 Weeks,20
Neurosurgical Service,Ethnicity,K: Bangladeshi,Total,620
Neurosurgical Service,Ethnicity,L: Any other Asian background,01 To 18 Weeks,830
Neurosurgical Service,Ethnicity,L: Any other Asian background,18 To 52 Weeks,760
Neurosurgical Service,Ethnicity,L: Any other Asian background,Over 52 Weeks,90
Neurosurgical Service,Ethnicity,L: Any other Asian background,Total,1680
Neurosurgical Service,Ethnicity,M: Caribbean,01 To 18 Weeks,450
Neurosurgical Service,Ethnicity,M: Caribbean,18 To 52 Weeks,410
Neurosurgical Service,Ethnicity,M: Caribbean,Over 52 Weeks,40
Neurosurgical Service,Ethnicity,M: Caribbean,Total,900
Neurosurgical Service,Ethnicity,N: African,Unknown Clock Start,*
Neurosurgical Service,Ethnicity,N: African,01 To 18 Weeks,700
Neurosurgical Service,Ethnicity,N: African,18 To 52 Weeks,550
Neurosurgical Service,Ethnicity,N: African,Over 52 Weeks,40
Neurosurgical Service,Ethnicity,N: African,Total,1290
Neurosurgical Service,Ethnicity,P: Any other Black background,01 To 18 Weeks,315
Neurosurgical Service,Ethnicity,P: Any other Black background,18 To 52 Weeks,255
Neurosurgical Service,Ethnicity,P: Any other Black background,Over 52 Weeks,30
Neurosurgical Service,Ethnicity,P: Any other Black background,Total,595
Neurosurgical Service,Ethnicity,R: Chinese,01 To 18 Weeks,145
Neurosurgical Service,Ethnicity,R: Chinese,18 To 52 Weeks,115
Neurosurgical Service,Ethnicity,R: Chinese,Over 52 Weeks,10
Neurosurgical Service,Ethnicity,R: Chinese,Total,270
Neurosurgical Service,Ethnicity,S: Any other ethnic group,01 To 18 Weeks,325
Neurosurgical Service,Ethnicity,S: Any other ethnic group,18 To 52 Weeks,320
Neurosurgical Service,Ethnicity,S: Any other ethnic group,Over 52 Weeks,20
Neurosurgical Service,Ethnicity,S: Any other ethnic group,Total,665
Neurosurgical Service,Ethnicity,Z: Not stated,01 To 18 Weeks,1300
Neurosurgical Service,Ethnicity,Z: Not stated,18 To 52 Weeks,765
Neurosurgical Service,Ethnicity,Z: Not stated,Over 52 Weeks,50
Neurosurgical Service,Ethnicity,Z: Not stated,Total,2115
Neurosurgical Service,IMD,1,Unknown Clock Start,*
Neurosurgical Service,IMD,1,01 To 18 Weeks,3970
Neurosurgical Service,IMD,1,18 To 52 Weeks,2485
Neurosurgical Service,IMD,1,Over 52 Weeks,130
Neurosurgical Service,IMD,1,Total,6590
Neurosurgical Service,IMD,10,01 To 18 Weeks,2655
Neurosurgical Service,IMD,10,18 To 52 Weeks,1535
Neurosurgical Service,IMD,10,Over 52 Weeks,120
Neurosurgical Service,IMD,10,Total,4310
Neurosurgical Service,IMD,2,01 To 18 Weeks,3465
Neurosurgical Service,IMD,2,18 To 52 Weeks,2560
Neurosurgical Service,IMD,2,Over 52 Weeks,145
Neurosurgical Service,IMD,2,Total,6170
Neurosurgical Service,IMD,3,Unknown Clock Start,*
Neurosurgical Service,IMD,3,01 To 18 Weeks,3595
Neurosurgical Service,IMD,3,18 To 52 Weeks,2555
Neurosurgical Service,IMD,3,Over 52 Weeks,180
Neurosurgical Service,IMD,3,Total,6330
Neurosurgical Service,IMD,4,Unknown Clock Start,*
Neurosurgical Service,IMD,4,01 To 18 Weeks,3350
Neurosurgical Service,IMD,4,18 To 52 Weeks,2280
Neurosurgical Service,IMD,4,Over 52 Weeks,150
Neurosurgical Service,IMD,4,Total,5785
Neurosurgical Service,IMD,5,Unknown Clock Start,*
Neurosurgical Service,IMD,5,01 To 18 Weeks,3070
Neurosurgical Service,IMD,5,18 To 52 Weeks,2180
Neurosurgical Service,IMD,5,Over 52 Weeks,170
Neurosurgical Service,IMD,5,Total,5425
Neurosurgical Service,IMD,6,Unknown Clock Start,*
Neurosurgical Service,IMD,6,01 To 18 Weeks,3130
Neurosurgical Service,IMD,6,18 To 52 Weeks,2125
Neurosurgical Service,IMD,6,Over 52 Weeks,170
Neurosurgical Service,IMD,6,Total,5430
Neurosurgical Service,IMD,7,01 To 18 Weeks,3200
Neurosurgical Service,IMD,7,18 To 52 Weeks,2030
Neurosurgical Service,IMD,7,Over 52 Weeks,155
Neurosurgical Service,IMD,7,Total,5385
Neurosurgical Service,IMD,8,Unknown Clock Start,*
Neurosurgical Service,IMD,8,01 To 18 Weeks,3050
Neurosurgical Service,IMD,8,18 To 52 Weeks,1985
Neurosurgical Service,IMD,8,Over 52 Weeks,140
Neurosurgical Service,IMD,8,Total,5170
Neurosurgical Service,IMD,9,Unknown Clock Start,*
Neurosurgical Service,IMD,9,01 To 18 Weeks,2905
Neurosurgical Service,IMD,9,18 To 52 Weeks,1805
Neurosurgical Service,IMD,9,Over 52 Weeks,135
Neurosurgical Service,IMD,9,Total,4840
Neurosurgical Service,Sex,Female,Unknown Clock Start,*
Neurosurgical Service,Sex,Female,01 To 18 Weeks,17510
Neurosurgical Service,Sex,Female,18 To 52 Weeks,11875
Neurosurgical Service,Sex,Female,Over 52 Weeks,815
Neurosurgical Service,Sex,Female,Total,30210
Neurosurgical Service,Sex,Male,Unknown Clock Start,10
Neurosurgical Service,Sex,Male,01 To 18 Weeks,13955
Neurosurgical Service,Sex,Male,18 To 52 Weeks,9190
Neurosurgical Service,Sex,Male,Over 52 Weeks,640
Neurosurgical Service,Sex,Male,Total,23795
Ophthalmology Service,Age,0-18 Years,Unknown Clock Start,25
Ophthalmology Service,Age,0-18 Years,01 To 18 Weeks,19265
Ophthalmology Service,Age,0-18 Years,18 To 52 Weeks,9455
Ophthalmology Service,Age,0-18 Years,Over 52 Weeks,290
Ophthalmology Service,Age,0-18 Years,Total,29030
Ophthalmology Service,Age,19-64 Years,Unknown Clock Start,235
Ophthalmology Service,Age,19-64 Years,01 To 18 Weeks,133270
Ophthalmology Service,Age,19-64 Years,18 To 52 Weeks,65160
Ophthalmology Service,Age,19-64 Years,Over 52 Weeks,3030
Ophthalmology Service,Age,19-64 Years,Total,201690
Ophthalmology Service,Age,Over 65 Years,Unknown Clock Start,295
Ophthalmology Service,Age,Over 65 Years,01 To 18 Weeks,227785
Ophthalmology Service,Age,Over 65 Years,18 To 52 Weeks,92365
Ophthalmology Service,Age,Over 65 Years,Over 52 Weeks,4815
Ophthalmology Service,Age,Over 65 Years,Total,325260
Ophthalmology Service,Ethnicity,99: Not known,Unknown Clock Start,30
Ophthalmology Service,Ethnicity,99: Not known,01 To 18 Weeks,15215
Ophthalmology Service,Ethnicity,99: Not known,18 To 52 Weeks,5910
Ophthalmology Service,Ethnicity,99: Not known,Over 52 Weeks,275
Ophthalmology Service,Ethnicity,99: Not known,Total,21430
Ophthalmology Service,Ethnicity,A: British,Unknown Clock Start,375
Ophthalmology Service,Ethnicity,A: British,01 To 18 Weeks,271105
Ophthalmology Service,Ethnicity,A: British,18 To 52 Weeks,119830
Ophthalmology Service,Ethnicity,A: British,Over 52 Weeks,6045
Ophthalmology Service,Ethnicity,A: British,Total,397350
Ophthalmology Service,Ethnicity,B: Irish,Unknown Clock Start,*
Ophthalmology Service,Ethnicity,B: Irish,01 To 18 Weeks,2385
Ophthalmology Service,Ethnicity,B: Irish,18 To 52 Weeks,1055
Ophthalmology Service,Ethnicity,B: Irish,Over 52 Weeks,60
Ophthalmology Service,Ethnicity,B: Irish,Total,3505
Ophthalmology Service,Ethnicity,C: Any other white background,Unknown Clock Start,15
Ophthalmology Service,Ethnicity,C: Any other white background,01 To 18 Weeks,16710
Ophthalmology Service,Ethnicity,C: Any other white background,18 To 52 Weeks,7700
Ophthalmology Service,Ethnicity,C: Any other white background,Over 52 Weeks,290
Ophthalmology Service,Ethnicity,C: Any other white background,Total,24715
Ophthalmology Service,Ethnicity,D: White and Black Caribbean,Unknown Clock Start,*
Ophthalmology Service,Ethnicity,D: White and Black Caribbean,01 To 18 Weeks,935
Ophthalmology Service,Ethnicity,D: White and Black Caribbean,18 To 52 Weeks,420
Ophthalmology Service,Ethnicity,D: White and Black Caribbean,Over 52 Weeks,20
Ophthalmology Service,Ethnicity,D: White and Black Caribbean,Total,1375
Ophthalmology Service,Ethnicity,E: White and Black African,Unknown Clock Start,*
Ophthalmology Service,Ethnicity,E: White and Black African,01 To 18 Weeks,630
Ophthalmology Service,Ethnicity,E: White and Black African,18 To 52 Weeks,320
Ophthalmology Service,Ethnicity,E: White and Black African,Over 52 Weeks,15
Ophthalmology Service,Ethnicity,E: White and Black African,Total,965
Ophthalmology Service,Ethnicity,F: White and Asian,Unknown Clock Start,*
Ophthalmology Service,Ethnicity,F: White and Asian,01 To 18 Weeks,830
Ophthalmology Service,Ethnicity,F: White and Asian,18 To 52 Weeks,380
Ophthalmology Service,Ethnicity,F: White and Asian,Over 52 Weeks,20
Ophthalmology Service,Ethnicity,F: White and Asian,Total,1230
Ophthalmology Service,Ethnicity,G: Any other mixed background,Unknown Clock Start,*
Ophthalmology Service,Ethnicity,G: Any other mixed background,01 To 18 Weeks,2020
Ophthalmology Service,Ethnicity,G: Any other mixed background,18 To 52 Weeks,955
Ophthalmology Service,Ethnicity,G: Any other mixed background,Over 52 Weeks,40
Ophthalmology Service,Ethnicity,G: Any other mixed background,Total,3025
Ophthalmology Service,Ethnicity,H: Indian,Unknown Clock Start,15
Ophthalmology Service,Ethnicity,H: Indian,01 To 18 Weeks,12125
Ophthalmology Service,Ethnicity,H: Indian,18 To 52 Weeks,4695
Ophthalmology Service,Ethnicity,H: Indian,Over 52 Weeks,180
Ophthalmology Service,Ethnicity,H: Indian,Total,17015
Ophthalmology Service,Ethnicity,J: Pakistani,Unknown Clock Start,20
Ophthalmology Service,Ethnicity,J: Pakistani,01 To 18 Weeks,8550
Ophthalmology Service,Ethnicity,J: Pakistani,18 To 52 Weeks,4155
Ophthalmology Service,Ethnicity,J: Pakistani,Over 52 Weeks,230
Ophthalmology Service,Ethnicity,J: Pakistani,Total,12950
Ophthalmology Service,Ethnicity,K: Bangladeshi,Unknown Clock Start,*
Ophthalmology Service,Ethnicity,K: Bangladeshi,01 To 18 Weeks,3285
Ophthalmology Service,Ethnicity,K: Bangladeshi,18 To 52 Weeks,1265
Ophthalmology Service,Ethnicity,K: Bangladeshi,Over 52 Weeks,60
Ophthalmology Service,Ethnicity,K: Bangladeshi,Total,4610
Ophthalmology Service,Ethnicity,L: Any other Asian background,Unknown Clock Start,30
Ophthalmology Service,Ethnicity,L: Any other Asian background,01 To 18 Weeks,8025
Ophthalmology Service,Ethnicity,L: Any other Asian background,18 To 52 Weeks,3175
Ophthalmology Service,Ethnicity,L: Any other Asian background,Over 52 Weeks,130
Ophthalmology Service,Ethnicity,L: Any other Asian background,Total,11355
Ophthalmology Service,Ethnicity,M: Caribbean,Unknown Clock Start,*
Ophthalmology Service,Ethnicity,M: Caribbean,01 To 18 Weeks,5365
Ophthalmology Service,Ethnicity,M: Caribbean,18 To 52 Weeks,2040
Ophthalmology Service,Ethnicity,M: Caribbean,Over 52 Weeks,100
Ophthalmology Service,Ethnicity,M: Caribbean,Total,7510
Ophthalmology Service,Ethnicity,N: African,Unknown Clock Start,15
Ophthalmology Service,Ethnicity,N: African,01 To 18 Weeks,8280
Ophthalmology Service,Ethnicity,N: African,18 To 52 Weeks,3310
Ophthalmology Service,Ethnicity,N: African,Over 52 Weeks,160
Ophthalmology Service,Ethnicity,N: African,Total,11770
Ophthalmology Service,Ethnicity,P: Any other Black background,Unknown Clock Start,10
Ophthalmology Service,Ethnicity,P: Any other Black background,01 To 18 Weeks,3620
Ophthalmology Service,Ethnicity,P: Any other Black background,18 To 52 Weeks,1460
Ophthalmology Service,Ethnicity,P: Any other Black background,Over 52 Weeks,60
Ophthalmology Service,Ethnicity,P: Any other Black background,Total,5150
Ophthalmology Service,Ethnicity,R: Chinese,Unknown Clock Start,*
Ophthalmology Service,Ethnicity,R: Chinese,01 To 18 Weeks,1895
Ophthalmology Service,Ethnicity,R: Chinese,18 To 52 Weeks,815
Ophthalmology Service,Ethnicity,R: Chinese,Over 52 Weeks,45
Ophthalmology Service,Ethnicity,R: Chinese,Total,2765
Ophthalmology Service,Ethnicity,S: Any other ethnic group,Unknown Clock Start,10
Ophthalmology Service,Ethnicity,S: Any other ethnic group,01 To 18 Weeks,3560
Ophthalmology Service,Ethnicity,S: Any other ethnic group,18 To 52 Weeks,1525
Ophthalmology Service,Ethnicity,S: Any other ethnic group,Over 52 Weeks,70
Ophthalmology Service,Ethnicity,S: Any other ethnic group,Total,5160
Ophthalmology Service,Ethnicity,Z: Not stated,Unknown Clock Start,10
Ophthalmology Service,Ethnicity,Z: Not stated,01 To 18 Weeks,20220
Ophthalmology Service,Ethnicity,Z: Not stated,18 To 52 Weeks,8300
Ophthalmology Service,Ethnicity,Z: Not stated,Over 52 Weeks,340
Ophthalmology Service,Ethnicity,Z: Not stated,Total,28875
Ophthalmology Service,IMD,1,Unknown Clock Start,40
Ophthalmology Service,IMD,1,01 To 18 Weeks,33580
Ophthalmology Service,IMD,1,18 To 52 Weeks,15815
Ophthalmology Service,IMD,1,Over 52 Weeks,785
Ophthalmology Service,IMD,1,Total,50215
Ophthalmology Service,IMD,10,Unknown Clock Start,100
Ophthalmology Service,IMD,10,01 To 18 Weeks,36855
Ophthalmology Service,IMD,10,18 To 52 Weeks,15215
Ophthalmology Service,IMD,10,Over 52 Weeks,635
Ophthalmology Service,IMD,10,Total,52795
Ophthalmology Service,IMD,2,Unknown Clock Start,45
Ophthalmology Service,IMD,2,01 To 18 Weeks,35880
Ophthalmology Service,IMD,2,18 To 52 Weeks,15640
Ophthalmology Service,IMD,2,Over 52 Weeks,760
Ophthalmology Service,IMD,2,Total,52330
Ophthalmology Service,IMD,3,Unknown Clock Start,40
Ophthalmology Service,IMD,3,01 To 18 Weeks,36830
Ophthalmology Service,IMD,3,18 To 52 Weeks,15820
Ophthalmology Service,IMD,3,Over 52 Weeks,785
Ophthalmology Service,IMD,3,Total,53470
Ophthalmology Service,IMD,4,Unknown Clock Start,60
Ophthalmology Service,IMD,4,01 To 18 Weeks,38140
Ophthalmology Service,IMD,4,18 To 52 Weeks,16820
Ophthalmology Service,IMD,4,Over 52 Weeks,870
Ophthalmology Service,IMD,4,Total,55885
Ophthalmology Service,IMD,5,Unknown Clock Start,40
Ophthalmology Service,IMD,5,01 To 18 Weeks,38265
Ophthalmology Service,IMD,5,18 To 52 Weeks,16740
Ophthalmology Service,IMD,5,Over 52 Weeks,880
Ophthalmology Service,IMD,5,Total,55925
Ophthalmology Service,IMD,6,Unknown Clock Start,40
Ophthalmology Service,IMD,6,01 To 18 Weeks,38775
Ophthalmology Service,IMD,6,18 To 52 Weeks,16600
Ophthalmology Service,IMD,6,Over 52 Weeks,845
Ophthalmology Service,IMD,6,Total,56260
Ophthalmology Service,IMD,7,Unknown Clock Start,50
Ophthalmology Service,IMD,7,01 To 18 Weeks,38365
Ophthalmology Service,IMD,7,18 To 52 Weeks,16725
Ophthalmology Service,IMD,7,Over 52 Weeks,785
Ophthalmology Service,IMD,7,Total,55920
Ophthalmology Service,IMD,8,Unknown Clock Start,65
Ophthalmology Service,IMD,8,01 To 18 Weeks,38280
Ophthalmology Service,IMD,8,18 To 52 Weeks,16985
Ophthalmology Service,IMD,8,Over 52 Weeks,825
Ophthalmology Service,IMD,8,Total,56155
Ophthalmology Service,IMD,9,Unknown Clock Start,75
Ophthalmology Service,IMD,9,01 To 18 Weeks,38070
Ophthalmology Service,IMD,9,18 To 52 Weeks,16545
Ophthalmology Service,IMD,9,Over 52 Weeks,810
Ophthalmology Service,IMD,9,Total,55500
Ophthalmology Service,Sex,Female,Unknown Clock Start,285
Ophthalmology Service,Sex,Female,01 To 18 Weeks,198425
Ophthalmology Service,Sex,Female,18 To 52 Weeks,86645
Ophthalmology Service,Sex,Female,Over 52 Weeks,4010
Ophthalmology Service,Sex,Female,Total,289370
Ophthalmology Service,Sex,Male,Unknown Clock Start,260
Ophthalmology Service,Sex,Male,01 To 18 Weeks,162450
Ophthalmology Service,Sex,Male,18 To 52 Weeks,68330
Ophthalmology Service,Sex,Male,Over 52 Weeks,3110
Ophthalmology Service,Sex,Male,Total,234150
Oral Surgery Service,Age,0-18 Years,Unknown Clock Start,*
Oral Surgery Service,Age,0-18 Years,01 To 18 Weeks,17185
Oral Surgery Service,Age,0-18 Years,18 To 52 Weeks,18960
Oral Surgery Service,Age,0-18 Years,Over 52 Weeks,1950
Oral Surgery Service,Age,0-18 Years,Total,38100
Oral Surgery Service,Age,19-64 Years,Unknown Clock Start,20
Oral Surgery Service,Age,19-64 Years,01 To 18 Weeks,99150
Oral Surgery Service,Age,19-64 Years,18 To 52 Weeks,93665
Oral Surgery Service,Age,19-64 Years,Over 52 Weeks,8570
Oral Surgery Service,Age,19-64 Years,Total,201410
Oral Surgery Service,Age,Over 65 Years,Unknown Clock Start,15
Oral Surgery Service,Age,Over 65 Years,01 To 18 Weeks,36095
Oral Surgery Service,Age,Over 65 Years,18 To 52 Weeks,26935
Oral Surgery Service,Age,Over 65 Years,Over 52 Weeks,2150
Oral Surgery Service,Age,Over 65 Years,Total,65195
Oral Surgery Service,Ethnicity,99: Not known,Unknown Clock Start,*
Oral Surgery Service,Ethnicity,99: Not known,01 To 18 Weeks,5150
Oral Surgery Service,Ethnicity,99: Not known,18 To 52 Weeks,4250
Oral Surgery Service,Ethnicity,99: Not known,Over 52 Weeks,335
Oral Surgery Service,Ethnicity,99: Not known,Total,9740
Oral Surgery Service,Ethnicity,A: British,Unknown Clock Start,30
Oral Surgery Service,Ethnicity,A: British,01 To 18 Weeks,106105
Oral Surgery Service,Ethnicity,A: British,18 To 52 Weeks,98980
Oral Surgery Service,Ethnicity,A: British,Over 52 Weeks,9365
Oral Surgery Service,Ethnicity,A: British,Total,214485
Oral Surgery Service,Ethnicity,B: Irish,01 To 18 Weeks,715
Oral Surgery Service,Ethnicity,B: Irish,18 To 52 Weeks,625
Oral Surgery Service,Ethnicity,B: Irish,Over 52 Weeks,40
Oral Surgery Service,Ethnicity,B: Irish,Total,1380
Oral Surgery Service,Ethnicity,C: Any other white background,Unknown Clock Start,*
Oral Surgery Service,Ethnicity,C: Any other white background,01 To 18 Weeks,8170
Oral Surgery Service,Ethnicity,C: Any other white background,18 To 52 Weeks,7415
Oral Surgery Service,Ethnicity,C: Any other white background,Over 52 Weeks,625
Oral Surgery Service,Ethnicity,C: Any other white background,Total,16210
Oral Surgery Service,Ethnicity,D: White and Black Caribbean,01 To 18 Weeks,825
Oral Surgery Service,Ethnicity,D: White and Black Caribbean,18 To 52 Weeks,755
Oral Surgery Service,Ethnicity,D: White and Black Caribbean,Over 52 Weeks,65
Oral Surgery Service,Ethnicity,D: White and Black Caribbean,Total,1640
Oral Surgery Service,Ethnicity,E: White and Black African,01 To 18 Weeks,375
Oral Surgery Service,Ethnicity,E: White and Black African,18 To 52 Weeks,340
Oral Surgery Service,Ethnicity,E: White and Black African,Over 52 Weeks,20
Oral Surgery Service,Ethnicity,E: White and Black African,Total,735
Oral Surgery Service,Ethnicity,F: White and Asian,01 To 18 Weeks,565
Oral Surgery Service,Ethnicity,F: White and Asian,18 To 52 Weeks,530
Oral Surgery Service,Ethnicity,F: White and Asian,Over 52 Weeks,45
Oral Surgery Service,Ethnicity,F: White and Asian,Total,1140
Oral Surgery Service,Ethnicity,G: Any other mixed background,Unknown Clock Start,*
Oral Surgery Service,Ethnicity,G: Any other mixed background,01 To 18 Weeks,1235
Oral Surgery Service,Ethnicity,G: Any other mixed background,18 To 52 Weeks,1190
Oral Surgery Service,Ethnicity,G: Any other mixed background,Over 52 Weeks,110
Oral Surgery Service,Ethnicity,G: Any other mixed background,Total,2535
Oral Surgery Service,Ethnicity,H: Indian,01 To 18 Weeks,4510
Oral Surgery Service,Ethnicity,H: Indian,18 To 52 Weeks,4165
Oral Surgery Service,Ethnicity,H: Indian,Over 52 Weeks,330
Oral Surgery Service,Ethnicity,H: Indian,Total,9000
Oral Surgery Service,Ethnicity,J: Pakistani,01 To 18 Weeks,3610
Oral Surgery Service,Ethnicity,J: Pakistani,18 To 52 Weeks,3085
Oral Surgery Service,Ethnicity,J: Pakistani,Over 52 Weeks,270
Oral Surgery Service,Ethnicity,J: Pakistani,Total,6965
Oral Surgery Service,Ethnicity,K: Bangladeshi,01 To 18 Weeks,1575
Oral Surgery Service,Ethnicity,K: Bangladeshi,18 To 52 Weeks,1225
Oral Surgery Service,Ethnicity,K: Bangladeshi,Over 52 Weeks,110
Oral Surgery Service,Ethnicity,K: Bangladeshi,Total,2910
Oral Surgery Service,Ethnicity,L: Any other Asian background,Unknown Clock Start,*
Oral Surgery Service,Ethnicity,L: Any other Asian background,01 To 18 Weeks,3300
Oral Surgery Service,Ethnicity,L: Any other Asian background,18 To 52 Weeks,2835
Oral Surgery Service,Ethnicity,L: Any other Asian background,Over 52 Weeks,230
Oral Surgery Service,Ethnicity,L: Any other Asian background,Total,6365
Oral Surgery Service,Ethnicity,M: Caribbean,01 To 18 Weeks,2265
Oral Surgery Service,Ethnicity,M: Caribbean,18 To 52 Weeks,1735
Oral Surgery Service,Ethnicity,M: Caribbean,Over 52 Weeks,110
Oral Surgery Service,Ethnicity,M: Caribbean,Total,4110
Oral Surgery Service,Ethnicity,N: African,Unknown Clock Start,*
Oral Surgery Service,Ethnicity,N: African,01 To 18 Weeks,3045
Oral Surgery Service,Ethnicity,N: African,18 To 52 Weeks,2495
Oral Surgery Service,Ethnicity,N: African,Over 52 Weeks,190
Oral Surgery Service,Ethnicity,N: African,Total,5730
Oral Surgery Service,Ethnicity,P: Any other Black background,01 To 18 Weeks,1785
Oral Surgery Service,Ethnicity,P: Any other Black background,18 To 52 Weeks,1350
Oral Surgery Service,Ethnicity,P: Any other Black background,Over 52 Weeks,85
Oral Surgery Service,Ethnicity,P: Any other Black background,Total,3225
Oral Surgery Service,Ethnicity,R: Chinese,01 To 18 Weeks,640
Oral Surgery Service,Ethnicity,R: Chinese,18 To 52 Weeks,550
Oral Surgery Service,Ethnicity,R: Chinese,Over 52 Weeks,35
Oral Surgery Service,Ethnicity,R: Chinese,Total,1225
Oral Surgery Service,Ethnicity,S: Any other ethnic group,Unknown Clock Start,*
Oral Surgery Service,Ethnicity,S: Any other ethnic group,01 To 18 Weeks,1655
Oral Surgery Service,Ethnicity,S: Any other ethnic group,18 To 52 Weeks,1385
Oral Surgery Service,Ethnicity,S: Any other ethnic group,Over 52 Weeks,95
Oral Surgery Service,Ethnicity,S: Any other ethnic group,Total,3140
Oral Surgery Service,Ethnicity,Z: Not stated,Unknown Clock Start,*
Oral Surgery Service,Ethnicity,Z: Not stated,01 To 18 Weeks,8230
Oral Surgery Service,Ethnicity,Z: Not stated,18 To 52 Weeks,7100
Oral Surgery Service,Ethnicity,Z: Not stated,Over 52 Weeks,620
Oral Surgery Service,Ethnicity,Z: Not stated,Total,15955
Oral Surgery Service,IMD,1,Unknown Clock Start,*
Oral Surgery Service,IMD,1,01 To 18 Weeks,14925
Oral Surgery Service,IMD,1,18 To 52 Weeks,14415
Oral Surgery Service,IMD,1,Over 52 Weeks,1375
Oral Surgery Service,IMD,1,Total,30725
Oral Surgery Service,IMD,10,Unknown Clock Start,*
Oral Surgery Service,IMD,10,01 To 18 Weeks,12870
Oral Surgery Service,IMD,10,18 To 52 Weeks,12600
Oral Surgery Service,IMD,10,Over 52 Weeks,1255
Oral Surgery Service,IMD,10,Total,26730
Oral Surgery Service,IMD,2,Unknown Clock Start,*
Oral Surgery Service,IMD,2,01 To 18 Weeks,16045
Oral Surgery Service,IMD,2,18 To 52 Weeks,13870
Oral Surgery Service,IMD,2,Over 52 Weeks,1200
Oral Surgery Service,IMD,2,Total,31115
Oral Surgery Service,IMD,3,Unknown Clock Start,*
Oral Surgery Service,IMD,3,01 To 18 Weeks,15920
Oral Surgery Service,IMD,3,18 To 52 Weeks,13995
Oral Surgery Service,IMD,3,Over 52 Weeks,1185
Oral Surgery Service,IMD,3,Total,31105
Oral Surgery Service,IMD,4,Unknown Clock Start,*
Oral Surgery Service,IMD,4,01 To 18 Weeks,15295
Oral Surgery Service,IMD,4,18 To 52 Weeks,13570
Oral Surgery Service,IMD,4,Over 52 Weeks,1195
Oral Surgery Service,IMD,4,Total,30065
Oral Surgery Service,IMD,5,Unknown Clock Start,*
Oral Surgery Service,IMD,5,01 To 18 Weeks,15125
Oral Surgery Service,IMD,5,18 To 52 Weeks,13415
Oral Surgery Service,IMD,5,Over 52 Weeks,1180
Oral Surgery Service,IMD,5,Total,29720
Oral Surgery Service,IMD,6,Unknown Clock Start,*
Oral Surgery Service,IMD,6,01 To 18 Weeks,15025
Oral Surgery Service,IMD,6,18 To 52 Weeks,13450
Oral Surgery Service,IMD,6,Over 52 Weeks,1205
Oral Surgery Service,IMD,6,Total,29685
Oral Surgery Service,IMD,7,Unknown Clock Start,*
Oral Surgery Service,IMD,7,01 To 18 Weeks,14735
Oral Surgery Service,IMD,7,18 To 52 Weeks,13380
Oral Surgery Service,IMD,7,Over 52 Weeks,1180
Oral Surgery Service,IMD,7,Total,29295
Oral Surgery Service,IMD,8,Unknown Clock Start,*
Oral Surgery Service,IMD,8,01 To 18 Weeks,14380
Oral Surgery Service,IMD,8,18 To 52 Weeks,13545
Oral Surgery Service,IMD,8,Over 52 Weeks,1220
Oral Surgery Service,IMD,8,Total,29150
Oral Surgery Service,IMD,9,Unknown Clock Start,*
Oral Surgery Service,IMD,9,01 To 18 Weeks,13905
Oral Surgery Service,IMD,9,18 To 52 Weeks,13010
Oral Surgery Service,IMD,9,Over 52 Weeks,1285
Oral Surgery Service,IMD,9,Total,28205
Oral Surgery Service,Sex,Female,Unknown Clock Start,25
Oral Surgery Service,Sex,Female,01 To 18 Weeks,82630
Oral Surgery Service,Sex,Female,18 To 52 Weeks,78295
Oral Surgery Service,Sex,Female,Over 52 Weeks,7120
Oral Surgery Service,Sex,Female,Total,168075
Oral Surgery Service,Sex,Male,Unknown Clock Start,15
Oral Surgery Service,Sex,Male,01 To 18 Weeks,59000
Oral Surgery Service,Sex,Male,18 To 52 Weeks,53575
Oral Surgery Service,Sex,Male,Over 52 Weeks,4830
Oral Surgery Service,Sex,Male,Total,117420
Other - Medical Services,Age,0-18 Years,Unknown Clock Start,185
Other - Medical Services,Age,0-18 Years,01 To 18 Weeks,104735
Other - Medical Services,Age,0-18 Years,18 To 52 Weeks,41090
Other - Medical Services,Age,0-18 Years,Over 52 Weeks,1150
Other - Medical Services,Age,0-18 Years,Total,147160
Other - Medical Services,Age,19-64 Years,Unknown Clock Start,575
Other - Medical Services,Age,19-64 Years,01 To 18 Weeks,246255
Other - Medical Services,Age,19-64 Years,18 To 52 Weeks,145275
Other - Medical Services,Age,19-64 Years,Over 52 Weeks,8040
Other - Medical Services,Age,19-64 Years,Total,400145
Other - Medical Services,Age,Over 65 Years,Unknown Clock Start,520
Other - Medical Services,Age,Over 65 Years,01 To 18 Weeks,119415
Other - Medical Services,Age,Over 65 Years,18 To 52 Weeks,59350
Other - Medical Services,Age,Over 65 Years,Over 52 Weeks,3130
Other - Medical Services,Age,Over 65 Years,Total,182420
Other - Medical Services,Ethnicity,99: Not known,Unknown Clock Start,15
Other - Medical Services,Ethnicity,99: Not known,01 To 18 Weeks,19960
Other - Medical Services,Ethnicity,99: Not known,18 To 52 Weeks,7220
Other - Medical Services,Ethnicity,99: Not known,Over 52 Weeks,380
Other - Medical Services,Ethnicity,99: Not known,Total,27580
Other - Medical Services,Ethnicity,A: British,Unknown Clock Start,915
Other - Medical Services,Ethnicity,A: British,01 To 18 Weeks,317015
Other - Medical Services,Ethnicity,A: British,18 To 52 Weeks,166060
Other - Medical Services,Ethnicity,A: British,Over 52 Weeks,8665
Other - Medical Services,Ethnicity,A: British,Total,492655
Other - Medical Services,Ethnicity,B: Irish,Unknown Clock Start,15
Other - Medical Services,Ethnicity,B: Irish,01 To 18 Weeks,2590
Other - Medical Services,Ethnicity,B: Irish,18 To 52 Weeks,1350
Other - Medical Services,Ethnicity,B: Irish,Over 52 Weeks,65
Other - Medical Services,Ethnicity,B: Irish,Total,4020
Other - Medical Services,Ethnicity,C: Any other white background,Unknown Clock Start,95
Other - Medical Services,Ethnicity,C: Any other white background,01 To 18 Weeks,33110
Other - Medical Services,Ethnicity,C: Any other white background,18 To 52 Weeks,18295
Other - Medical Services,Ethnicity,C: Any other white background,Over 52 Weeks,750
Other - Medical Services,Ethnicity,C: Any other white background,Total,52250
Other - Medical Services,Ethnicity,D: White and Black Caribbean,Unknown Clock Start,*
Other - Medical Services,Ethnicity,D: White and Black Caribbean,01 To 18 Weeks,2680
Other - Medical Services,Ethnicity,D: White and Black Caribbean,18 To 52 Weeks,1315
Other - Medical Services,Ethnicity,D: White and Black Caribbean,Over 52 Weeks,45
Other - Medical Services,Ethnicity,D: White and Black Caribbean,Total,4050
Other - Medical Services,Ethnicity,E: White and Black African,Unknown Clock Start,*
Other - Medical Services,Ethnicity,E: White and Black African,01 To 18 Weeks,1645
Other - Medical Services,Ethnicity,E: White and Black African,18 To 52 Weeks,720
Other - Medical Services,Ethnicity,E: White and Black African,Over 52 Weeks,25
Other - Medical Services,Ethnicity,E: White and Black African,Total,2395
Other - Medical Services,Ethnicity,F: White and Asian,Unknown Clock Start,*
Other - Medical Services,Ethnicity,F: White and Asian,01 To 18 Weeks,2230
Other - Medical Services,Ethnicity,F: White and Asian,18 To 52 Weeks,1070
Other - Medical Services,Ethnicity,F: White and Asian,Over 52 Weeks,50
Other - Medical Services,Ethnicity,F: White and Asian,Total,3355
Other - Medical Services,Ethnicity,G: Any other mixed background,Unknown Clock Start,20
Other - Medical Services,Ethnicity,G: Any other mixed background,01 To 18 Weeks,5285
Other - Medical Services,Ethnicity,G: Any other mixed background,18 To 52 Weeks,2580
Other - Medical Services,Ethnicity,G: Any other mixed background,Over 52 Weeks,100
Other - Medical Services,Ethnicity,G: Any other mixed background,Total,7985
Other - Medical Services,Ethnicity,H: Indian,Unknown Clock Start,40
Other - Medical Services,Ethnicity,H: Indian,01 To 18 Weeks,14905
Other - Medical Services,Ethnicity,H: Indian,18 To 52 Weeks,7770
Other - Medical Services,Ethnicity,H: Indian,Over 52 Weeks,290
Other - Medical Services,Ethnicity,H: Indian,Total,23005
Other - Medical Services,Ethnicity,J: Pakistani,Unknown Clock Start,15
Other - Medical Services,Ethnicity,J: Pakistani,01 To 18 Weeks,13220
Other - Medical Services,Ethnicity,J: Pakistani,18 To 52 Weeks,6515
Other - Medical Services,Ethnicity,J: Pakistani,Over 52 Weeks,315
Other - Medical Services,Ethnicity,J: Pakistani,Total,20060
Other - Medical Services,Ethnicity,K: Bangladeshi,Unknown Clock Start,*
Other - Medical Services,Ethnicity,K: Bangladeshi,01 To 18 Weeks,5565
Other - Medical Services,Ethnicity,K: Bangladeshi,18 To 52 Weeks,2810
Other - Medical Services,Ethnicity,K: Bangladeshi,Over 52 Weeks,185
Other - Medical Services,Ethnicity,K: Bangladeshi,Total,8565
Other - Medical Services,Ethnicity,L: Any other Asian background,Unknown Clock Start,45
Other - Medical Services,Ethnicity,L: Any other Asian background,01 To 18 Weeks,12470
Other - Medical Services,Ethnicity,L: Any other Asian background,18 To 52 Weeks,6535
Other - Medical Services,Ethnicity,L: Any other Asian background,Over 52 Weeks,275
Other - Medical Services,Ethnicity,L: Any other Asian background,Total,19325
Other - Medical Services,Ethnicity,M: Caribbean,Unknown Clock Start,15
Other - Medical Services,Ethnicity,M: Caribbean,01 To 18 Weeks,7305
Other - Medical Services,Ethnicity,M: Caribbean,18 To 52 Weeks,3645
Other - Medical Services,Ethnicity,M: Caribbean,Over 52 Weeks,160
Other - Medical Services,Ethnicity,M: Caribbean,Total,11125
Other - Medical Services,Ethnicity,N: African,Unknown Clock Start,35
Other - Medical Services,Ethnicity,N: African,01 To 18 Weeks,13315
Other - Medical Services,Ethnicity,N: African,18 To 52 Weeks,5835
Other - Medical Services,Ethnicity,N: African,Over 52 Weeks,280
Other - Medical Services,Ethnicity,N: African,Total,19465
Other - Medical Services,Ethnicity,P: Any other Black background,Unknown Clock Start,25
Other - Medical Services,Ethnicity,P: Any other Black background,01 To 18 Weeks,5985
Other - Medical Services,Ethnicity,P: Any other Black background,18 To 52 Weeks,2775
Other - Medical Services,Ethnicity,P: Any other Black background,Over 52 Weeks,145
Other - Medical Services,Ethnicity,P: Any other Black background,Total,8930
Other - Medical Services,Ethnicity,R: Chinese,Unknown Clock Start,*
Other - Medical Services,Ethnicity,R: Chinese,01 To 18 Weeks,2225
Other - Medical Services,Ethnicity,R: Chinese,18 To 52 Weeks,1055
Other - Medical Services,Ethnicity,R: Chinese,Over 52 Weeks,35
Other - Medical Services,Ethnicity,R: Chinese,Total,3320
Other - Medical Services,Ethnicity,S: Any other ethnic group,Unknown Clock Start,20
Other - Medical Services,Ethnicity,S: Any other ethnic group,01 To 18 Weeks,6405
Other - Medical Services,Ethnicity,S: Any other ethnic group,18 To 52 Weeks,3345
Other - Medical Services,Ethnicity,S: Any other ethnic group,Over 52 Weeks,120
Other - Medical Services,Ethnicity,S: Any other ethnic group,Total,9885
Other - Medical Services,Ethnicity,Z: Not stated,Unknown Clock Start,25
Other - Medical Services,Ethnicity,Z: Not stated,01 To 18 Weeks,19690
Other - Medical Services,Ethnicity,Z: Not stated,18 To 52 Weeks,9910
Other - Medical Services,Ethnicity,Z: Not stated,Over 52 Weeks,480
Other - Medical Services,Ethnicity,Z: Not stated,Total,30105
Other - Medical Services,IMD,1,Unknown Clock Start,45
Other - Medical Services,IMD,1,01 To 18 Weeks,51450
Other - Medical Services,IMD,1,18 To 52 Weeks,25940
Other - Medical Services,IMD,1,Over 52 Weeks,1320
Other - Medical Services,IMD,1,Total,78755
Other - Medical Services,IMD,10,Unknown Clock Start,255
Other - Medical Services,IMD,10,01 To 18 Weeks,37630
Other - Medical Services,IMD,10,18 To 52 Weeks,19830
Other - Medical Services,IMD,10,Over 52 Weeks,1000
Other - Medical Services,IMD,10,Total,58715
Other - Medical Services,IMD,2,Unknown Clock Start,70
Other - Medical Services,IMD,2,01 To 18 Weeks,53550
Other - Medical Services,IMD,2,18 To 52 Weeks,27580
Other - Medical Services,IMD,2,Over 52 Weeks,1275
Other - Medical Services,IMD,2,Total,82480
Other - Medical Services,IMD,3,Unknown Clock Start,95
Other - Medical Services,IMD,3,01 To 18 Weeks,52495
Other - Medical Services,IMD,3,18 To 52 Weeks,26800
Other - Medical Services,IMD,3,Over 52 Weeks,1405
Other - Medical Services,IMD,3,Total,80795
Other - Medical Services,IMD,4,Unknown Clock Start,120
Other - Medical Services,IMD,4,01 To 18 Weeks,49675
Other - Medical Services,IMD,4,18 To 52 Weeks,25985
Other - Medical Services,IMD,4,Over 52 Weeks,1255
Other - Medical Services,IMD,4,Total,77035
Other - Medical Services,IMD,5,Unknown Clock Start,95
Other - Medical Services,IMD,5,01 To 18 Weeks,47050
Other - Medical Services,IMD,5,18 To 52 Weeks,24640
Other - Medical Services,IMD,5,Over 52 Weeks,1205
Other - Medical Services,IMD,5,Total,72990
Other - Medical Services,IMD,6,Unknown Clock Start,140
Other - Medical Services,IMD,6,01 To 18 Weeks,46555
Other - Medical Services,IMD,6,18 To 52 Weeks,24430
Other - Medical Services,IMD,6,Over 52 Weeks,1225
Other - Medical Services,IMD,6,Total,72350
Other - Medical Services,IMD,7,Unknown Clock Start,140
Other - Medical Services,IMD,7,01 To 18 Weeks,43580
Other - Medical Services,IMD,7,18 To 52 Weeks,22610
Other - Medical Services,IMD,7,Over 52 Weeks,1120
Other - Medical Services,IMD,7,Total,67455
Other - Medical Services,IMD,8,Unknown Clock Start,140
Other - Medical Services,IMD,8,01 To 18 Weeks,42590
Other - Medical Services,IMD,8,18 To 52 Weeks,22740
Other - Medical Services,IMD,8,Over 52 Weeks,1145
Other - Medical Services,IMD,8,Total,66620
Other - Medical Services,IMD,9,Unknown Clock Start,170
Other - Medical Services,IMD,9,01 To 18 Weeks,41420
Other - Medical Services,IMD,9,18 To 52 Weeks,21180
Other - Medical Services,IMD,9,Over 52 Weeks,1070
Other - Medical Services,IMD,9,Total,63845
Other - Medical Services,Sex,Female,Unknown Clock Start,670
Other - Medical Services,Sex,Female,01 To 18 Weeks,250460
Other - Medical Services,Sex,Female,18 To 52 Weeks,136800
Other - Medical Services,Sex,Female,Over 52 Weeks,6835
Other - Medical Services,Sex,Female,Total,394765
Other - Medical Services,Sex,Male,Unknown Clock Start,595
Other - Medical Services,Sex,Male,01 To 18 Weeks,196685
Other - Medical Services,Sex,Male,18 To 52 Weeks,97130
Other - Medical Services,Sex,Male,Over 52 Weeks,5005
Other - Medical Services,Sex,Male,Total,299420
Other - Mental Health Services,Age,0-18 Years,Unknown Clock Start,*
Other - Mental Health Services,Age,0-18 Years,01 To 18 Weeks,270
Other - Mental Health Services,Age,0-18 Years,18 To 52 Weeks,60
Other - Mental Health Services,Age,0-18 Years,Over 52 Weeks,*
Other - Mental Health Services,Age,0-18 Years,Total,330
Other - Mental Health Services,Age,19-64 Years,01 To 18 Weeks,795
Other - Mental Health Services,Age,19-64 Years,18 To 52 Weeks,415
Other - Mental Health Services,Age,19-64 Years,Over 52 Weeks,*
Other - Mental Health Services,Age,19-64 Years,Total,1210
Other - Mental Health Services,Age,Over 65 Years,01 To 18 Weeks,525
Other - Mental Health Services,Age,Over 65 Years,18 To 52 Weeks,80
Other - Mental Health Services,Age,Over 65 Years,Total,600
Other - Mental Health Services,Ethnicity,99: Not known,01 To 18 Weeks,135
Other - Mental Health Services,Ethnicity,99: Not known,18 To 52 Weeks,10
Other - Mental Health Services,Ethnicity,99: Not known,Total,140
Other - Mental Health Services,Ethnicity,A: British,01 To 18 Weeks,1335
Other - Mental Health Services,Ethnicity,A: British,18 To 52 Weeks,475
Other - Mental Health Services,Ethnicity,A: British,Over 52 Weeks,*
Other - Mental Health Services,Ethnicity,A: British,Total,1815
Other - Mental Health Services,Ethnicity,B: Irish,01 To 18 Weeks,10
Other - Mental Health Services,Ethnicity,B: Irish,18 To 52 Weeks,*
Other - Mental Health Services,Ethnicity,B: Irish,Total,10
Other - Mental Health Services,Ethnicity,C: Any other white background,01 To 18 Weeks,105
Other - Mental Health Services,Ethnicity,C: Any other white background,18 To 52 Weeks,45
Other - Mental Health Services,Ethnicity,C: Any other white background,Over 52 Weeks,*
Other - Mental Health Services,Ethnicity,C: Any other white background,Total,150
Other - Mental Health Services,Ethnicity,D: White and Black Caribbean,01 To 18 Weeks,15
Other - Mental Health Services,Ethnicity,D: White and Black Caribbean,18 To 52 Weeks,10
Other - Mental Health Services,Ethnicity,D: White and Black Caribbean,Total,25
Other - Mental Health Services,Ethnicity,E: White and Black African,01 To 18 Weeks,*
Other - Mental Health Services,Ethnicity,E: White and Black African,18 To 52 Weeks,*
Other - Mental Health Services,Ethnicity,E: White and Black African,Total,10
Other - Mental Health Services,Ethnicity,F: White and Asian,01 To 18 Weeks,*
Other - Mental Health Services,Ethnicity,F: White and Asian,18 To 52 Weeks,*
Other - Mental Health Services,Ethnicity,F: White and Asian,Total,*
Other - Mental Health Services,Ethnicity,G: Any other mixed background,01 To 18 Weeks,20
Other - Mental Health Services,Ethnicity,G: Any other mixed background,18 To 52 Weeks,*
Other - Mental Health Services,Ethnicity,G: Any other mixed background,Total,25
Other - Mental Health Services,Ethnicity,H: Indian,01 To 18 Weeks,30
Other - Mental Health Services,Ethnicity,H: Indian,18 To 52 Weeks,15
Other - Mental Health Services,Ethnicity,H: Indian,Total,45
Other - Mental Health Services,Ethnicity,J: Pakistani,01 To 18 Weeks,20
Other - Mental Health Services,Ethnicity,J: Pakistani,18 To 52 Weeks,*
Other - Mental Health Services,Ethnicity,J: Pakistani,Total,25
Other - Mental Health Services,Ethnicity,K: Bangladeshi,01 To 18 Weeks,15
Other - Mental Health Services,Ethnicity,K: Bangladeshi,18 To 52 Weeks,*
Other - Mental Health Services,Ethnicity,K: Bangladeshi,Total,20
Other - Mental Health Services,Ethnicity,L: Any other Asian background,Unknown Clock Start,*
Other - Mental Health Services,Ethnicity,L: Any other Asian background,01 To 18 Weeks,30
Other - Mental Health Services,Ethnicity,L: Any other Asian background,18 To 52 Weeks,15
Other - Mental Health Services,Ethnicity,L: Any other Asian background,Total,45
Other - Mental Health Services,Ethnicity,M: Caribbean,01 To 18 Weeks,20
Other - Mental Health Services,Ethnicity,M: Caribbean,18 To 52 Weeks,10
Other - Mental Health Services,Ethnicity,M: Caribbean,Total,25
Other - Mental Health Services,Ethnicity,N: African,01 To 18 Weeks,25
Other - Mental Health Services,Ethnicity,N: African,18 To 52 Weeks,15
Other - Mental Health Services,Ethnicity,N: African,Total,40
Other - Mental Health Services,Ethnicity,P: Any other Black background,01 To 18 Weeks,15
Other - Mental Health Services,Ethnicity,P: Any other Black background,18 To 52 Weeks,*
Other - Mental Health Services,Ethnicity,P: Any other Black background,Total,20
Other - Mental Health Services,Ethnicity,R: Chinese,01 To 18 Weeks,*
Other - Mental Health Services,Ethnicity,R: Chinese,18 To 52 Weeks,*
Other - Mental Health Services,Ethnicity,R: Chinese,Total,*
Other - Mental Health Services,Ethnicity,S: Any other ethnic group,01 To 18 Weeks,10
Other - Mental Health Services,Ethnicity,S: Any other ethnic group,18 To 52 Weeks,*
Other - Mental Health Services,Ethnicity,S: Any other ethnic group,Total,20
Other - Mental Health Services,Ethnicity,Z: Not stated,01 To 18 Weeks,60
Other - Mental Health Services,Ethnicity,Z: Not stated,18 To 52 Weeks,30
Other - Mental Health Services,Ethnicity,Z: Not stated,Total,90
Other - Mental Health Services,IMD,1,01 To 18 Weeks,155
Other - Mental Health Services,IMD,1,18 To 52 Weeks,35
Other - Mental Health Services,IMD,1,Total,190
Other - Mental Health Services,IMD,10,Unknown Clock Start,*
Other - Mental Health Services,IMD,10,01 To 18 Weeks,155
Other - Mental Health Services,IMD,10,18 To 52 Weeks,55
Other - Mental Health Services,IMD,10,Over 52 Weeks,*
Other - Mental Health Services,IMD,10,Total,215
Other - Mental Health Services,IMD,2,01 To 18 Weeks,180
Other - Mental Health Services,IMD,2,18 To 52 Weeks,75
Other - Mental Health Services,IMD,2,Total,255
Other - Mental Health Services,IMD,3,01 To 18 Weeks,220
Other - Mental Health Services,IMD,3,18 To 52 Weeks,65
Other - Mental Health Services,IMD,3,Total,280
Other - Mental Health Services,IMD,4,01 To 18 Weeks,185
Other - Mental Health Services,IMD,4,18 To 52 Weeks,80
Other - Mental Health Services,IMD,4,Total,265
Other - Mental Health Services,IMD,5,01 To 18 Weeks,155
Other - Mental Health Services,IMD,5,18 To 52 Weeks,65
Other - Mental Health Services,IMD,5,Total,220
Other - Mental Health Services,IMD,6,01 To 18 Weeks,150
Other - Mental Health Services,IMD,6,18 To 52 Weeks,70
Other - Mental Health Services,IMD,6,Total,215
Other - Mental Health Services,IMD,7,01 To 18 Weeks,175
Other - Mental Health Services,IMD,7,18 To 52 Weeks,80
Other - Mental Health Services,IMD,7,Total,255
Other - Mental Health Services,IMD,8,01 To 18 Weeks,140
Other - Mental Health Services,IMD,8,18 To 52 Weeks,55
Other - Mental Health Services,IMD,8,Total,195
Other - Mental Health Services,IMD,9,01 To 18 Weeks,170
Other - Mental Health Services,IMD,9,18 To 52 Weeks,55
Other - Mental Health Services,IMD,9,Over 52 Weeks,*
Other - Mental Health Services,IMD,9,Total,225
Other - Mental Health Services,Sex,Female,Unknown Clock Start,*
Other - Mental Health Services,Sex,Female,01 To 18 Weeks,940
Other - Mental Health Services,Sex,Female,18 To 52 Weeks,345
Other - Mental Health Services,Sex,Female,Over 52 Weeks,*
Other - Mental Health Services,Sex,Female,Total,1285
Other - Mental Health Services,Sex,Male,01 To 18 Weeks,635
Other - Mental Health Services,Sex,Male,18 To 52 Weeks,205
Other - Mental Health Services,Sex,Male,Over 52 Weeks,*
Other - Mental Health Services,Sex,Male,Total,845
Other - Other Services,Age,0-18 Years,Unknown Clock Start,*
Other - Other Services,Age,0-18 Years,01 To 18 Weeks,4400
Other - Other Services,Age,0-18 Years,18 To 52 Weeks,1385
Other - Other Services,Age,0-18 Years,Over 52 Weeks,55
Other - Other Services,Age,0-18 Years,Total,5845
Other - Other Services,Age,19-64 Years,Unknown Clock Start,35
Other - Other Services,Age,19-64 Years,01 To 18 Weeks,44465
Other - Other Services,Age,19-64 Years,18 To 52 Weeks,14395
Other - Other Services,Age,19-64 Years,Over 52 Weeks,900
Other - Other Services,Age,19-64 Years,Total,59800
Other - Other Services,Age,Over 65 Years,Unknown Clock Start,15
Other - Other Services,Age,Over 65 Years,01 To 18 Weeks,30320
Other - Other Services,Age,Over 65 Years,18 To 52 Weeks,7005
Other - Other Services,Age,Over 65 Years,Over 52 Weeks,365
Other - Other Services,Age,Over 65 Years,Total,37710
Other - Other Services,Ethnicity,99: Not known,Unknown Clock Start,*
Other - Other Services,Ethnicity,99: Not known,01 To 18 Weeks,4050
Other - Other Services,Ethnicity,99: Not known,18 To 52 Weeks,535
Other - Other Services,Ethnicity,99: Not known,Over 52 Weeks,55
Other - Other Services,Ethnicity,99: Not known,Total,4635
Other - Other Services,Ethnicity,A: British,Unknown Clock Start,40
Other - Other Services,Ethnicity,A: British,01 To 18 Weeks,56765
Other - Other Services,Ethnicity,A: British,18 To 52 Weeks,16700
Other - Other Services,Ethnicity,A: British,Over 52 Weeks,895
Other - Other Services,Ethnicity,A: British,Total,74400
Other - Other Services,Ethnicity,B: Irish,01 To 18 Weeks,450
Other - Other Services,Ethnicity,B: Irish,18 To 52 Weeks,125
Other - Other Services,Ethnicity,B: Irish,Over 52 Weeks,10
Other - Other Services,Ethnicity,B: Irish,Total,585
Other - Other Services,Ethnicity,C: Any other white background,Unknown Clock Start,*
Other - Other Services,Ethnicity,C: Any other white background,01 To 18 Weeks,5295
Other - Other Services,Ethnicity,C: Any other white background,18 To 52 Weeks,1295
Other - Other Services,Ethnicity,C: Any other white background,Over 52 Weeks,80
Other - Other Services,Ethnicity,C: Any other white background,Total,6675
Other - Other Services,Ethnicity,D: White and Black Caribbean,Unknown Clock Start,*
Other - Other Services,Ethnicity,D: White and Black Caribbean,01 To 18 Weeks,285
Other - Other Services,Ethnicity,D: White and Black Caribbean,18 To 52 Weeks,85
Other - Other Services,Ethnicity,D: White and Black Caribbean,Over 52 Weeks,*
Other - Other Services,Ethnicity,D: White and Black Caribbean,Total,375
Other - Other Services,Ethnicity,E: White and Black African,01 To 18 Weeks,170
Other - Other Services,Ethnicity,E: White and Black African,18 To 52 Weeks,65
Other - Other Services,Ethnicity,E: White and Black African,Over 52 Weeks,*
Other - Other Services,Ethnicity,E: White and Black African,Total,235
Other - Other Services,Ethnicity,F: White and Asian,01 To 18 Weeks,225
Other - Other Services,Ethnicity,F: White and Asian,18 To 52 Weeks,75
Other - Other Services,Ethnicity,F: White and Asian,Over 52 Weeks,*
Other - Other Services,Ethnicity,F: White and Asian,Total,300
Other - Other Services,Ethnicity,G: Any other mixed background,Unknown Clock Start,*
Other - Other Services,Ethnicity,G: Any other mixed background,01 To 18 Weeks,615
Other - Other Services,Ethnicity,G: Any other mixed background,18 To 52 Weeks,150
Other - Other Services,Ethnicity,G: Any other mixed background,Over 52 Weeks,10
Other - Other Services,Ethnicity,G: Any other mixed background,Total,780
Other - Other Services,Ethnicity,H: Indian,01 To 18 Weeks,1665
Other - Other Services,Ethnicity,H: Indian,18 To 52 Weeks,555
Other - Other Services,Ethnicity,H: Indian,Over 52 Weeks,35
Other - Other Services,Ethnicity,H: Indian,Total,2255
Other - Other Services,Ethnicity,J: Pakistani,Unknown Clock Start,*
Other - Other Services,Ethnicity,J: Pakistani,01 To 18 Weeks,1275
Other - Other Services,Ethnicity,J: Pakistani,18 To 52 Weeks,495
Other - Other Services,Ethnicity,J: Pakistani,Over 52 Weeks,60
Other - Other Services,Ethnicity,J: Pakistani,Total,1830
Other - Other Services,Ethnicity,K: Bangladeshi,01 To 18 Weeks,690
Other - Other Services,Ethnicity,K: Bangladeshi,18 To 52 Weeks,190
Other - Other Services,Ethnicity,K: Bangladeshi,Over 52 Weeks,20
Other - Other Services,Ethnicity,K: Bangladeshi,Total,900
Other - Other Services,Ethnicity,L: Any other Asian background,Unknown Clock Start,*
Other - Other Services,Ethnicity,L: Any other Asian background,01 To 18 Weeks,1500
Other - Other Services,Ethnicity,L: Any other Asian background,18 To 52 Weeks,405
Other - Other Services,Ethnicity,L: Any other Asian background,Over 52 Weeks,25
Other - Other Services,Ethnicity,L: Any other Asian background,Total,1935
Other - Other Services,Ethnicity,M: Caribbean,01 To 18 Weeks,945
Other - Other Services,Ethnicity,M: Caribbean,18 To 52 Weeks,230
Other - Other Services,Ethnicity,M: Caribbean,Over 52 Weeks,20
Other - Other Services,Ethnicity,M: Caribbean,Total,1200
Other - Other Services,Ethnicity,N: African,Unknown Clock Start,*
Other - Other Services,Ethnicity,N: African,01 To 18 Weeks,1535
Other - Other Services,Ethnicity,N: African,18 To 52 Weeks,360
Other - Other Services,Ethnicity,N: African,Over 52 Weeks,20
Other - Other Services,Ethnicity,N: African,Total,1915
Other - Other Services,Ethnicity,P: Any other Black background,Unknown Clock Start,*
Other - Other Services,Ethnicity,P: Any other Black background,01 To 18 Weeks,630
Other - Other Services,Ethnicity,P: Any other Black background,18 To 52 Weeks,145
Other - Other Services,Ethnicity,P: Any other Black background,Over 52 Weeks,10
Other - Other Services,Ethnicity,P: Any other Black background,Total,785
Other - Other Services,Ethnicity,R: Chinese,01 To 18 Weeks,290
Other - Other Services,Ethnicity,R: Chinese,18 To 52 Weeks,80
Other - Other Services,Ethnicity,R: Chinese,Over 52 Weeks,10
Other - Other Services,Ethnicity,R: Chinese,Total,375
Other - Other Services,Ethnicity,S: Any other ethnic group,Unknown Clock Start,*
Other - Other Services,Ethnicity,S: Any other ethnic group,01 To 18 Weeks,795
Other - Other Services,Ethnicity,S: Any other ethnic group,18 To 52 Weeks,170
Other - Other Services,Ethnicity,S: Any other ethnic group,Over 52 Weeks,*
Other - Other Services,Ethnicity,S: Any other ethnic group,Total,975
Other - Other Services,Ethnicity,Z: Not stated,01 To 18 Weeks,5105
Other - Other Services,Ethnicity,Z: Not stated,18 To 52 Weeks,1330
Other - Other Services,Ethnicity,Z: Not stated,Over 52 Weeks,55
Other - Other Services,Ethnicity,Z: Not stated,Total,6490
Other - Other Services,IMD,1,Unknown Clock Start,*
Other - Other Services,IMD,1,01 To 18 Weeks,7850
Other - Other Services,IMD,1,18 To 52 Weeks,2590
Other - Other Services,IMD,1,Over 52 Weeks,235
Other - Other Services,IMD,1,Total,10675
Other - Other Services,IMD,10,Unknown Clock Start,10
Other - Other Services,IMD,10,01 To 18 Weeks,7045
Other - Other Services,IMD,10,18 To 52 Weeks,2175
Other - Other Services,IMD,10,Over 52 Weeks,110
Other - Other Services,IMD,10,Total,9340
Other - Other Services,IMD,2,Unknown Clock Start,*
Other - Other Services,IMD,2,01 To 18 Weeks,8390
Other - Other Services,IMD,2,18 To 52 Weeks,2450
Other - Other Services,IMD,2,Over 52 Weeks,140
Other - Other Services,IMD,2,Total,10980
Other - Other Services,IMD,3,Unknown Clock Start,*
Other - Other Services,IMD,3,01 To 18 Weeks,8050
Other - Other Services,IMD,3,18 To 52 Weeks,2210
Other - Other Services,IMD,3,Over 52 Weeks,110
Other - Other Services,IMD,3,Total,10375
Other - Other Services,IMD,4,Unknown Clock Start,*
Other - Other Services,IMD,4,01 To 18 Weeks,8400
Other - Other Services,IMD,4,18 To 52 Weeks,2425
Other - Other Services,IMD,4,Over 52 Weeks,120
Other - Other Services,IMD,4,Total,10950
Other - Other Services,IMD,5,Unknown Clock Start,*
Other - Other Services,IMD,5,01 To 18 Weeks,7660
Other - Other Services,IMD,5,18 To 52 Weeks,2155
Other - Other Services,IMD,5,Over 52 Weeks,140
Other - Other Services,IMD,5,Total,9960
Other - Other Services,IMD,6,Unknown Clock Start,*
Other - Other Services,IMD,6,01 To 18 Weeks,7900
Other - Other Services,IMD,6,18 To 52 Weeks,2045
Other - Other Services,IMD,6,Over 52 Weeks,150
Other - Other Services,IMD,6,Total,10100
Other - Other Services,IMD,7,Unknown Clock Start,10
Other - Other Services,IMD,7,01 To 18 Weeks,7945
Other - Other Services,IMD,7,18 To 52 Weeks,2285
Other - Other Services,IMD,7,Over 52 Weeks,100
Other - Other Services,IMD,7,Total,10340
Other - Other Services,IMD,8,Unknown Clock Start,10
Other - Other Services,IMD,8,01 To 18 Weeks,7785
Other - Other Services,IMD,8,18 To 52 Weeks,2095
Other - Other Services,IMD,8,Over 52 Weeks,105
Other - Other Services,IMD,8,Total,9995
Other - Other Services,IMD,9,Unknown Clock Start,10
Other - Other Services,IMD,9,01 To 18 Weeks,7180
Other - Other Services,IMD,9,18 To 52 Weeks,2005
Other - Other Services,IMD,9,Over 52 Weeks,95
Other - Other Services,IMD,9,Total,9290
Other - Other Services,Sex,Female,Unknown Clock Start,45
Other - Other Services,Sex,Female,01 To 18 Weeks,44150
Other - Other Services,Sex,Female,18 To 52 Weeks,12250
Other - Other Services,Sex,Female,Over 52 Weeks,755
Other - Other Services,Sex,Female,Total,57200
Other - Other Services,Sex,Male,Unknown Clock Start,15
Other - Other Services,Sex,Male,01 To 18 Weeks,33215
Other - Other Services,Sex,Male,18 To 52 Weeks,8975
Other - Other Services,Sex,Male,Over 52 Weeks,550
Other - Other Services,Sex,Male,Total,42755
Other - Paediatric Services,Age,0-18 Years,Unknown Clock Start,325
Other - Paediatric Services,Age,0-18 Years,01 To 18 Weeks,158710
Other - Paediatric Services,Age,0-18 Years,18 To 52 Weeks,101710
Other - Paediatric Services,Age,0-18 Years,Over 52 Weeks,6600
Other - Paediatric Services,Age,0-18 Years,Total,267345
Other - Paediatric Services,Age,19-64 Years,Unknown Clock Start,20
Other - Paediatric Services,Age,19-64 Years,01 To 18 Weeks,755
Other - Paediatric Services,Age,19-64 Years,18 To 52 Weeks,425
Other - Paediatric Services,Age,19-64 Years,Over 52 Weeks,35
Other - Paediatric Services,Age,19-64 Years,Total,1240
Other - Paediatric Services,Age,Over 65 Years,Unknown Clock Start,*
Other - Paediatric Services,Age,Over 65 Years,01 To 18 Weeks,120
Other - Paediatric Services,Age,Over 65 Years,18 To 52 Weeks,35
Other - Paediatric Services,Age,Over 65 Years,Over 52 Weeks,*
Other - Paediatric Services,Age,Over 65 Years,Total,165
Other - Paediatric Services,Ethnicity,99: Not known,Unknown Clock Start,10
Other - Paediatric Services,Ethnicity,99: Not known,01 To 18 Weeks,5550
Other - Paediatric Services,Ethnicity,99: Not known,18 To 52 Weeks,3015
Other - Paediatric Services,Ethnicity,99: Not known,Over 52 Weeks,225
Other - Paediatric Services,Ethnicity,99: Not known,Total,8805
Other - Paediatric Services,Ethnicity,A: British,Unknown Clock Start,175
Other - Paediatric Services,Ethnicity,A: British,01 To 18 Weeks,87635
Other - Paediatric Services,Ethnicity,A: British,18 To 52 Weeks,55675
Other - Paediatric Services,Ethnicity,A: British,Over 52 Weeks,3840
Other - Paediatric Services,Ethnicity,A: British,Total,147325
Other - Paediatric Services,Ethnicity,B: Irish,Unknown Clock Start,*
Other - Paediatric Services,Ethnicity,B: Irish,01 To 18 Weeks,475
Other - Paediatric Services,Ethnicity,B: Irish,18 To 52 Weeks,310
Other - Paediatric Services,Ethnicity,B: Irish,Over 52 Weeks,20
Other - Paediatric Services,Ethnicity,B: Irish,Total,805
Other - Paediatric Services,Ethnicity,C: Any other white background,Unknown Clock Start,45
Other - Paediatric Services,Ethnicity,C: Any other white background,01 To 18 Weeks,14700
Other - Paediatric Services,Ethnicity,C: Any other white background,18 To 52 Weeks,10045
Other - Paediatric Services,Ethnicity,C: Any other white background,Over 52 Weeks,590
Other - Paediatric Services,Ethnicity,C: Any other white background,Total,25380
Other - Paediatric Services,Ethnicity,D: White and Black Caribbean,Unknown Clock Start,*
Other - Paediatric Services,Ethnicity,D: White and Black Caribbean,01 To 18 Weeks,2090
Other - Paediatric Services,Ethnicity,D: White and Black Caribbean,18 To 52 Weeks,1315
Other - Paediatric Services,Ethnicity,D: White and Black Caribbean,Over 52 Weeks,95
Other - Paediatric Services,Ethnicity,D: White and Black Caribbean,Total,3505
Other - Paediatric Services,Ethnicity,E: White and Black African,Unknown Clock Start,10
Other - Paediatric Services,Ethnicity,E: White and Black African,01 To 18 Weeks,1265
Other - Paediatric Services,Ethnicity,E: White and Black African,18 To 52 Weeks,740
Other - Paediatric Services,Ethnicity,E: White and Black African,Over 52 Weeks,55
Other - Paediatric Services,Ethnicity,E: White and Black African,Total,2070
Other - Paediatric Services,Ethnicity,F: White and Asian,Unknown Clock Start,*
Other - Paediatric Services,Ethnicity,F: White and Asian,01 To 18 Weeks,2010
Other - Paediatric Services,Ethnicity,F: White and Asian,18 To 52 Weeks,1200
Other - Paediatric Services,Ethnicity,F: White and Asian,Over 52 Weeks,85
Other - Paediatric Services,Ethnicity,F: White and Asian,Total,3300
Other - Paediatric Services,Ethnicity,G: Any other mixed background,Unknown Clock Start,10
Other - Paediatric Services,Ethnicity,G: Any other mixed background,01 To 18 Weeks,4625
Other - Paediatric Services,Ethnicity,G: Any other mixed background,18 To 52 Weeks,2845
Other - Paediatric Services,Ethnicity,G: Any other mixed background,Over 52 Weeks,175
Other - Paediatric Services,Ethnicity,G: Any other mixed background,Total,7650
Other - Paediatric Services,Ethnicity,H: Indian,Unknown Clock Start,10
Other - Paediatric Services,Ethnicity,H: Indian,01 To 18 Weeks,6055
Other - Paediatric Services,Ethnicity,H: Indian,18 To 52 Weeks,4005
Other - Paediatric Services,Ethnicity,H: Indian,Over 52 Weeks,205
Other - Paediatric Services,Ethnicity,H: Indian,Total,10270
Other - Paediatric Services,Ethnicity,J: Pakistani,Unknown Clock Start,10
Other - Paediatric Services,Ethnicity,J: Pakistani,01 To 18 Weeks,7245
Other - Paediatric Services,Ethnicity,J: Pakistani,18 To 52 Weeks,4820
Other - Paediatric Services,Ethnicity,J: Pakistani,Over 52 Weeks,270
Other - Paediatric Services,Ethnicity,J: Pakistani,Total,12345
Other - Paediatric Services,Ethnicity,K: Bangladeshi,Unknown Clock Start,*
Other - Paediatric Services,Ethnicity,K: Bangladeshi,01 To 18 Weeks,3780
Other - Paediatric Services,Ethnicity,K: Bangladeshi,18 To 52 Weeks,2620
Other - Paediatric Services,Ethnicity,K: Bangladeshi,Over 52 Weeks,260
Other - Paediatric Services,Ethnicity,K: Bangladeshi,Total,6660
Other - Paediatric Services,Ethnicity,L: Any other Asian background,Unknown Clock Start,20
Other - Paediatric Services,Ethnicity,L: Any other Asian background,01 To 18 Weeks,6200
Other - Paediatric Services,Ethnicity,L: Any other Asian background,18 To 52 Weeks,3815
Other - Paediatric Services,Ethnicity,L: Any other Asian background,Over 52 Weeks,220
Other - Paediatric Services,Ethnicity,L: Any other Asian background,Total,10250
Other - Paediatric Services,Ethnicity,M: Caribbean,Unknown Clock Start,*
Other - Paediatric Services,Ethnicity,M: Caribbean,01 To 18 Weeks,2055
Other - Paediatric Services,Ethnicity,M: Caribbean,18 To 52 Weeks,1230
Other - Paediatric Services,Ethnicity,M: Caribbean,Over 52 Weeks,65
Other - Paediatric Services,Ethnicity,M: Caribbean,Total,3355
Other - Paediatric Services,Ethnicity,N: African,Unknown Clock Start,15
Other - Paediatric Services,Ethnicity,N: African,01 To 18 Weeks,7095
Other - Paediatric Services,Ethnicity,N: African,18 To 52 Weeks,4260
Other - Paediatric Services,Ethnicity,N: African,Over 52 Weeks,265
Other - Paediatric Services,Ethnicity,N: African,Total,11635
Other - Paediatric Services,Ethnicity,P: Any other Black background,Unknown Clock Start,*
Other - Paediatric Services,Ethnicity,P: Any other Black background,01 To 18 Weeks,2235
Other - Paediatric Services,Ethnicity,P: Any other Black background,18 To 52 Weeks,1330
Other - Paediatric Services,Ethnicity,P: Any other Black background,Over 52 Weeks,70
Other - Paediatric Services,Ethnicity,P: Any other Black background,Total,3640
Other - Paediatric Services,Ethnicity,R: Chinese,Unknown Clock Start,*
Other - Paediatric Services,Ethnicity,R: Chinese,01 To 18 Weeks,865
Other - Paediatric Services,Ethnicity,R: Chinese,18 To 52 Weeks,550
Other - Paediatric Services,Ethnicity,R: Chinese,Over 52 Weeks,30
Other - Paediatric Services,Ethnicity,R: Chinese,Total,1450
Other - Paediatric Services,Ethnicity,S: Any other ethnic group,Unknown Clock Start,10
Other - Paediatric Services,Ethnicity,S: Any other ethnic group,01 To 18 Weeks,3310
Other - Paediatric Services,Ethnicity,S: Any other ethnic group,18 To 52 Weeks,2085
Other - Paediatric Services,Ethnicity,S: Any other ethnic group,Over 52 Weeks,110
Other - Paediatric Services,Ethnicity,S: Any other ethnic group,Total,5510
Other - Paediatric Services,Ethnicity,Z: Not stated,Unknown Clock Start,15
Other - Paediatric Services,Ethnicity,Z: Not stated,01 To 18 Weeks,6040
Other - Paediatric Services,Ethnicity,Z: Not stated,18 To 52 Weeks,3435
Other - Paediatric Services,Ethnicity,Z: Not stated,Over 52 Weeks,160
Other - Paediatric Services,Ethnicity,Z: Not stated,Total,9655
Other - Paediatric Services,IMD,1,Unknown Clock Start,*
Other - Paediatric Services,IMD,1,01 To 18 Weeks,22255
Other - Paediatric Services,IMD,1,18 To 52 Weeks,14180
Other - Paediatric Services,IMD,1,Over 52 Weeks,900
Other - Paediatric Services,IMD,1,Total,37340
Other - Paediatric Services,IMD,10,Unknown Clock Start,60
Other - Paediatric Services,IMD,10,01 To 18 Weeks,11795
Other - Paediatric Services,IMD,10,18 To 52 Weeks,7500
Other - Paediatric Services,IMD,10,Over 52 Weeks,500
Other - Paediatric Services,IMD,10,Total,19850
Other - Paediatric Services,IMD,2,Unknown Clock Start,20
Other - Paediatric Services,IMD,2,01 To 18 Weeks,19660
Other - Paediatric Services,IMD,2,18 To 52 Weeks,12735
Other - Paediatric Services,IMD,2,Over 52 Weeks,810
Other - Paediatric Services,IMD,2,Total,33225
Other - Paediatric Services,IMD,3,Unknown Clock Start,40
Other - Paediatric Services,IMD,3,01 To 18 Weeks,18570
Other - Paediatric Services,IMD,3,18 To 52 Weeks,12040
Other - Paediatric Services,IMD,3,Over 52 Weeks,840
Other - Paediatric Services,IMD,3,Total,31490
Other - Paediatric Services,IMD,4,Unknown Clock Start,35
Other - Paediatric Services,IMD,4,01 To 18 Weeks,16455
Other - Paediatric Services,IMD,4,18 To 52 Weeks,10265
Other - Paediatric Services,IMD,4,Over 52 Weeks,655
Other - Paediatric Services,IMD,4,Total,27410
Other - Paediatric Services,IMD,5,Unknown Clock Start,25
Other - Paediatric Services,IMD,5,01 To 18 Weeks,14850
Other - Paediatric Services,IMD,5,18 To 52 Weeks,9565
Other - Paediatric Services,IMD,5,Over 52 Weeks,640
Other - Paediatric Services,IMD,5,Total,25075
Other - Paediatric Services,IMD,6,Unknown Clock Start,30
Other - Paediatric Services,IMD,6,01 To 18 Weeks,14365
Other - Paediatric Services,IMD,6,18 To 52 Weeks,9355
Other - Paediatric Services,IMD,6,Over 52 Weeks,545
Other - Paediatric Services,IMD,6,Total,24300
Other - Paediatric Services,IMD,7,Unknown Clock Start,35
Other - Paediatric Services,IMD,7,01 To 18 Weeks,12925
Other - Paediatric Services,IMD,7,18 To 52 Weeks,8215
Other - Paediatric Services,IMD,7,Over 52 Weeks,545
Other - Paediatric Services,IMD,7,Total,21720
Other - Paediatric Services,IMD,8,Unknown Clock Start,40
Other - Paediatric Services,IMD,8,01 To 18 Weeks,12700
Other - Paediatric Services,IMD,8,18 To 52 Weeks,7965
Other - Paediatric Services,IMD,8,Over 52 Weeks,555
Other - Paediatric Services,IMD,8,Total,21260
Other - Paediatric Services,IMD,9,Unknown Clock Start,50
Other - Paediatric Services,IMD,9,01 To 18 Weeks,12280
Other - Paediatric Services,IMD,9,18 To 52 Weeks,7885
Other - Paediatric Services,IMD,9,Over 52 Weeks,505
Other - Paediatric Services,IMD,9,Total,20725
Other - Paediatric Services,Sex,Female,Unknown Clock Start,160
Other - Paediatric Services,Sex,Female,01 To 18 Weeks,64010
Other - Paediatric Services,Sex,Female,18 To 52 Weeks,41420
Other - Paediatric Services,Sex,Female,Over 52 Weeks,2775
Other - Paediatric Services,Sex,Female,Total,108365
Other - Paediatric Services,Sex,Male,Unknown Clock Start,190
Other - Paediatric Services,Sex,Male,01 To 18 Weeks,79865
Other - Paediatric Services,Sex,Male,18 To 52 Weeks,51440
Other - Paediatric Services,Sex,Male,Over 52 Weeks,3500
Other - Paediatric Services,Sex,Male,Total,134995
Other - Surgical Services,Age,0-18 Years,Unknown Clock Start,*
Other - Surgical Services,Age,0-18 Years,01 To 18 Weeks,14830
Other - Surgical Services,Age,0-18 Years,18 To 52 Weeks,11205
Other - Surgical Services,Age,0-18 Years,Over 52 Weeks,600
Other - Surgical Services,Age,0-18 Years,Total,26640
Other - Surgical Services,Age,19-64 Years,Unknown Clock Start,95
Other - Surgical Services,Age,19-64 Years,01 To 18 Weeks,177875
Other - Surgical Services,Age,19-64 Years,18 To 52 Weeks,102175
Other - Surgical Services,Age,19-64 Years,Over 52 Weeks,9215
Other - Surgical Services,Age,19-64 Years,Total,289365
Other - Surgical Services,Age,Over 65 Years,Unknown Clock Start,70
Other - Surgical Services,Age,Over 65 Years,01 To 18 Weeks,113685
Other - Surgical Services,Age,Over 65 Years,18 To 52 Weeks,54025
Other - Surgical Services,Age,Over 65 Years,Over 52 Weeks,4450
Other - Surgical Services,Age,Over 65 Years,Total,172230
Other - Surgical Services,Ethnicity,99: Not known,Unknown Clock Start,*
Other - Surgical Services,Ethnicity,99: Not known,01 To 18 Weeks,11495
Other - Surgical Services,Ethnicity,99: Not known,18 To 52 Weeks,4530
Other - Surgical Services,Ethnicity,99: Not known,Over 52 Weeks,300
Other - Surgical Services,Ethnicity,99: Not known,Total,16330
Other - Surgical Services,Ethnicity,A: British,Unknown Clock Start,140
Other - Surgical Services,Ethnicity,A: British,01 To 18 Weeks,220075
Other - Surgical Services,Ethnicity,A: British,18 To 52 Weeks,117380
Other - Surgical Services,Ethnicity,A: British,Over 52 Weeks,10115
Other - Surgical Services,Ethnicity,A: British,Total,347710
Other - Surgical Services,Ethnicity,B: Irish,Unknown Clock Start,*
Other - Surgical Services,Ethnicity,B: Irish,01 To 18 Weeks,2005
Other - Surgical Services,Ethnicity,B: Irish,18 To 52 Weeks,1135
Other - Surgical Services,Ethnicity,B: Irish,Over 52 Weeks,105
Other - Surgical Services,Ethnicity,B: Irish,Total,3245
Other - Surgical Services,Ethnicity,C: Any other white background,Unknown Clock Start,10
Other - Surgical Services,Ethnicity,C: Any other white background,01 To 18 Weeks,21095
Other - Surgical Services,Ethnicity,C: Any other white background,18 To 52 Weeks,13450
Other - Surgical Services,Ethnicity,C: Any other white background,Over 52 Weeks,1315
Other - Surgical Services,Ethnicity,C: Any other white background,Total,35870
Other - Surgical Services,Ethnicity,D: White and Black Caribbean,01 To 18 Weeks,930
Other - Surgical Services,Ethnicity,D: White and Black Caribbean,18 To 52 Weeks,560
Other - Surgical Services,Ethnicity,D: White and Black Caribbean,Over 52 Weeks,45
Other - Surgical Services,Ethnicity,D: White and Black Caribbean,Total,1530
Other - Surgical Services,Ethnicity,E: White and Black African,01 To 18 Weeks,530
Other - Surgical Services,Ethnicity,E: White and Black African,18 To 52 Weeks,330
Other - Surgical Services,Ethnicity,E: White and Black African,Over 52 Weeks,40
Other - Surgical Services,Ethnicity,E: White and Black African,Total,900
Other - Surgical Services,Ethnicity,F: White and Asian,Unknown Clock Start,*
Other - Surgical Services,Ethnicity,F: White and Asian,01 To 18 Weeks,800
Other - Surgical Services,Ethnicity,F: White and Asian,18 To 52 Weeks,485
Other - Surgical Services,Ethnicity,F: White and Asian,Over 52 Weeks,50
Other - Surgical Services,Ethnicity,F: White and Asian,Total,1340
Other - Surgical Services,Ethnicity,G: Any other mixed background,01 To 18 Weeks,2090
Other - Surgical Services,Ethnicity,G: Any other mixed background,18 To 52 Weeks,1350
Other - Surgical Services,Ethnicity,G: Any other mixed background,Over 52 Weeks,120
Other - Surgical Services,Ethnicity,G: Any other mixed background,Total,3560
Other - Surgical Services,Ethnicity,H: Indian,Unknown Clock Start,*
Other - Surgical Services,Ethnicity,H: Indian,01 To 18 Weeks,7850
Other - Surgical Services,Ethnicity,H: Indian,18 To 52 Weeks,4075
Other - Surgical Services,Ethnicity,H: Indian,Over 52 Weeks,380
Other - Surgical Services,Ethnicity,H: Indian,Total,12310
Other - Surgical Services,Ethnicity,J: Pakistani,Unknown Clock Start,*
Other - Surgical Services,Ethnicity,J: Pakistani,01 To 18 Weeks,5995
Other - Surgical Services,Ethnicity,J: Pakistani,18 To 52 Weeks,3315
Other - Surgical Services,Ethnicity,J: Pakistani,Over 52 Weeks,235
Other - Surgical Services,Ethnicity,J: Pakistani,Total,9550
Other - Surgical Services,Ethnicity,K: Bangladeshi,01 To 18 Weeks,2490
Other - Surgical Services,Ethnicity,K: Bangladeshi,18 To 52 Weeks,1535
Other - Surgical Services,Ethnicity,K: Bangladeshi,Over 52 Weeks,180
Other - Surgical Services,Ethnicity,K: Bangladeshi,Total,4205
Other - Surgical Services,Ethnicity,L: Any other Asian background,Unknown Clock Start,*
Other - Surgical Services,Ethnicity,L: Any other Asian background,01 To 18 Weeks,6780
Other - Surgical Services,Ethnicity,L: Any other Asian background,18 To 52 Weeks,4055
Other - Surgical Services,Ethnicity,L: Any other Asian background,Over 52 Weeks,375
Other - Surgical Services,Ethnicity,L: Any other Asian background,Total,11210
Other - Surgical Services,Ethnicity,M: Caribbean,Unknown Clock Start,*
Other - Surgical Services,Ethnicity,M: Caribbean,01 To 18 Weeks,3750
Other - Surgical Services,Ethnicity,M: Caribbean,18 To 52 Weeks,2030
Other - Surgical Services,Ethnicity,M: Caribbean,Over 52 Weeks,235
Other - Surgical Services,Ethnicity,M: Caribbean,Total,6020
Other - Surgical Services,Ethnicity,N: African,01 To 18 Weeks,5630
Other - Surgical Services,Ethnicity,N: African,18 To 52 Weeks,3290
Other - Surgical Services,Ethnicity,N: African,Over 52 Weeks,345
Other - Surgical Services,Ethnicity,N: African,Total,9260
Other - Surgical Services,Ethnicity,P: Any other Black background,Unknown Clock Start,*
Other - Surgical Services,Ethnicity,P: Any other Black background,01 To 18 Weeks,2845
Other - Surgical Services,Ethnicity,P: Any other Black background,18 To 52 Weeks,1665
Other - Surgical Services,Ethnicity,P: Any other Black background,Over 52 Weeks,155
Other - Surgical Services,Ethnicity,P: Any other Black background,Total,4665
Other - Surgical Services,Ethnicity,R: Chinese,Unknown Clock Start,*
Other - Surgical Services,Ethnicity,R: Chinese,01 To 18 Weeks,1375
Other - Surgical Services,Ethnicity,R: Chinese,18 To 52 Weeks,750
Other - Surgical Services,Ethnicity,R: Chinese,Over 52 Weeks,55
Other - Surgical Services,Ethnicity,R: Chinese,Total,2180
Other - Surgical Services,Ethnicity,S: Any other ethnic group,Unknown Clock Start,*
Other - Surgical Services,Ethnicity,S: Any other ethnic group,01 To 18 Weeks,3680
Other - Surgical Services,Ethnicity,S: Any other ethnic group,18 To 52 Weeks,2395
Other - Surgical Services,Ethnicity,S: Any other ethnic group,Over 52 Weeks,165
Other - Surgical Services,Ethnicity,S: Any other ethnic group,Total,6240
Other - Surgical Services,Ethnicity,Z: Not stated,Unknown Clock Start,10
Other - Surgical Services,Ethnicity,Z: Not stated,01 To 18 Weeks,13985
Other - Surgical Services,Ethnicity,Z: Not stated,18 To 52 Weeks,7730
Other - Surgical Services,Ethnicity,Z: Not stated,Over 52 Weeks,615
Other - Surgical Services,Ethnicity,Z: Not stated,Total,22340
Other - Surgical Services,IMD,1,Unknown Clock Start,25
Other - Surgical Services,IMD,1,01 To 18 Weeks,29090
Other - Surgical Services,IMD,1,18 To 52 Weeks,15955
Other - Surgical Services,IMD,1,Over 52 Weeks,1350
Other - Surgical Services,IMD,1,Total,46420
Other - Surgical Services,IMD,10,Unknown Clock Start,20
Other - Surgical Services,IMD,10,01 To 18 Weeks,26355
Other - Surgical Services,IMD,10,18 To 52 Weeks,13920
Other - Surgical Services,IMD,10,Over 52 Weeks,1095
Other - Surgical Services,IMD,10,Total,41390
Other - Surgical Services,IMD,2,Unknown Clock Start,15
Other - Surgical Services,IMD,2,01 To 18 Weeks,31355
Other - Surgical Services,IMD,2,18 To 52 Weeks,17725
Other - Surgical Services,IMD,2,Over 52 Weeks,1640
Other - Surgical Services,IMD,2,Total,50740
Other - Surgical Services,IMD,3,Unknown Clock Start,25
Other - Surgical Services,IMD,3,01 To 18 Weeks,32110
Other - Surgical Services,IMD,3,18 To 52 Weeks,18190
Other - Surgical Services,IMD,3,Over 52 Weeks,1810
Other - Surgical Services,IMD,3,Total,52135
Other - Surgical Services,IMD,4,Unknown Clock Start,25
Other - Surgical Services,IMD,4,01 To 18 Weeks,32150
Other - Surgical Services,IMD,4,18 To 52 Weeks,17760
Other - Surgical Services,IMD,4,Over 52 Weeks,1640
Other - Surgical Services,IMD,4,Total,51575
Other - Surgical Services,IMD,5,Unknown Clock Start,15
Other - Surgical Services,IMD,5,01 To 18 Weeks,31260
Other - Surgical Services,IMD,5,18 To 52 Weeks,17360
Other - Surgical Services,IMD,5,Over 52 Weeks,1460
Other - Surgical Services,IMD,5,Total,50090
Other - Surgical Services,IMD,6,Unknown Clock Start,20
Other - Surgical Services,IMD,6,01 To 18 Weeks,31465
Other - Surgical Services,IMD,6,18 To 52 Weeks,17320
Other - Surgical Services,IMD,6,Over 52 Weeks,1505
Other - Surgical Services,IMD,6,Total,50310
Other - Surgical Services,IMD,7,Unknown Clock Start,15
Other - Surgical Services,IMD,7,01 To 18 Weeks,30245
Other - Surgical Services,IMD,7,18 To 52 Weeks,16400
Other - Surgical Services,IMD,7,Over 52 Weeks,1335
Other - Surgical Services,IMD,7,Total,48000
Other - Surgical Services,IMD,8,Unknown Clock Start,10
Other - Surgical Services,IMD,8,01 To 18 Weeks,29475
Other - Surgical Services,IMD,8,18 To 52 Weeks,15645
Other - Surgical Services,IMD,8,Over 52 Weeks,1370
Other - Surgical Services,IMD,8,Total,46500
Other - Surgical Services,IMD,9,Unknown Clock Start,15
Other - Surgical Services,IMD,9,01 To 18 Weeks,28880
Other - Surgical Services,IMD,9,18 To 52 Weeks,15290
Other - Surgical Services,IMD,9,Over 52 Weeks,1305
Other - Surgical Services,IMD,9,Total,45495
Other - Surgical Services,Sex,Female,Unknown Clock Start,95
Other - Surgical Services,Sex,Female,01 To 18 Weeks,175080
Other - Surgical Services,Sex,Female,18 To 52 Weeks,85330
Other - Surgical Services,Sex,Female,Over 52 Weeks,7305
Other - Surgical Services,Sex,Female,Total,267810
Other - Surgical Services,Sex,Male,Unknown Clock Start,70
Other - Surgical Services,Sex,Male,01 To 18 Weeks,110435
Other - Surgical Services,Sex,Male,18 To 52 Weeks,67950
Other - Surgical Services,Sex,Male,Over 52 Weeks,5630
Other - Surgical Services,Sex,Male,Total,184085
Plastic Surgery Service,Age,0-18 Years,Unknown Clock Start,*
Plastic Surgery Service,Age,0-18 Years,01 To 18 Weeks,3055
Plastic Surgery Service,Age,0-18 Years,18 To 52 Weeks,2385
Plastic Surgery Service,Age,0-18 Years,Over 52 Weeks,240
Plastic Surgery Service,Age,0-18 Years,Total,5690
Plastic Surgery Service,Age,19-64 Years,Unknown Clock Start,10
Plastic Surgery Service,Age,19-64 Years,01 To 18 Weeks,30515
Plastic Surgery Service,Age,19-64 Years,18 To 52 Weeks,23470
Plastic Surgery Service,Age,19-64 Years,Over 52 Weeks,2620
Plastic Surgery Service,Age,19-64 Years,Total,56620
Plastic Surgery Service,Age,Over 65 Years,Unknown Clock Start,*
Plastic Surgery Service,Age,Over 65 Years,01 To 18 Weeks,24270
Plastic Surgery Service,Age,Over 65 Years,18 To 52 Weeks,13180
Plastic Surgery Service,Age,Over 65 Years,Over 52 Weeks,1465
Plastic Surgery Service,Age,Over 65 Years,Total,38915
Plastic Surgery Service,Ethnicity,99: Not known,01 To 18 Weeks,2640
Plastic Surgery Service,Ethnicity,99: Not known,18 To 52 Weeks,1255
Plastic Surgery Service,Ethnicity,99: Not known,Over 52 Weeks,110
Plastic Surgery Service,Ethnicity,99: Not known,Total,4005
Plastic Surgery Service,Ethnicity,A: British,Unknown Clock Start,10
Plastic Surgery Service,Ethnicity,A: British,01 To 18 Weeks,44810
Plastic Surgery Service,Ethnicity,A: British,18 To 52 Weeks,28685
Plastic Surgery Service,Ethnicity,A: British,Over 52 Weeks,3195
Plastic Surgery Service,Ethnicity,A: British,Total,76695
Plastic Surgery Service,Ethnicity,B: Irish,01 To 18 Weeks,335
Plastic Surgery Service,Ethnicity,B: Irish,18 To 52 Weeks,215
Plastic Surgery Service,Ethnicity,B: Irish,Over 52 Weeks,20
Plastic Surgery Service,Ethnicity,B: Irish,Total,570
Plastic Surgery Service,Ethnicity,C: Any other white background,01 To 18 Weeks,2990
Plastic Surgery Service,Ethnicity,C: Any other white background,18 To 52 Weeks,2390
Plastic Surgery Service,Ethnicity,C: Any other white background,Over 52 Weeks,250
Plastic Surgery Service,Ethnicity,C: Any other white background,Total,5630
Plastic Surgery Service,Ethnicity,D: White and Black Caribbean,01 To 18 Weeks,220
Plastic Surgery Service,Ethnicity,D: White and Black Caribbean,18 To 52 Weeks,175
Plastic Surgery Service,Ethnicity,D: White and Black Caribbean,Over 52 Weeks,15
Plastic Surgery Service,Ethnicity,D: White and Black Caribbean,Total,405
Plastic Surgery Service,Ethnicity,E: White and Black African,01 To 18 Weeks,100
Plastic Surgery Service,Ethnicity,E: White and Black African,18 To 52 Weeks,95
Plastic Surgery Service,Ethnicity,E: White and Black African,Over 52 Weeks,*
Plastic Surgery Service,Ethnicity,E: White and Black African,Total,200
Plastic Surgery Service,Ethnicity,F: White and Asian,01 To 18 Weeks,145
Plastic Surgery Service,Ethnicity,F: White and Asian,18 To 52 Weeks,120
Plastic Surgery Service,Ethnicity,F: White and Asian,Over 52 Weeks,15
Plastic Surgery Service,Ethnicity,F: White and Asian,Total,280
Plastic Surgery Service,Ethnicity,G: Any other mixed background,01 To 18 Weeks,345
Plastic Surgery Service,Ethnicity,G: Any other mixed background,18 To 52 Weeks,300
Plastic Surgery Service,Ethnicity,G: Any other mixed background,Over 52 Weeks,25
Plastic Surgery Service,Ethnicity,G: Any other mixed background,Total,675
Plastic Surgery Service,Ethnicity,H: Indian,Unknown Clock Start,*
Plastic Surgery Service,Ethnicity,H: Indian,01 To 18 Weeks,910
Plastic Surgery Service,Ethnicity,H: Indian,18 To 52 Weeks,800
Plastic Surgery Service,Ethnicity,H: Indian,Over 52 Weeks,110
Plastic Surgery Service,Ethnicity,H: Indian,Total,1820
Plastic Surgery Service,Ethnicity,J: Pakistani,Unknown Clock Start,*
Plastic Surgery Service,Ethnicity,J: Pakistani,01 To 18 Weeks,830
Plastic Surgery Service,Ethnicity,J: Pakistani,18 To 52 Weeks,820
Plastic Surgery Service,Ethnicity,J: Pakistani,Over 52 Weeks,105
Plastic Surgery Service,Ethnicity,J: Pakistani,Total,1755
Plastic Surgery Service,Ethnicity,K: Bangladeshi,01 To 18 Weeks,340
Plastic Surgery Service,Ethnicity,K: Bangladeshi,18 To 52 Weeks,280
Plastic Surgery Service,Ethnicity,K: Bangladeshi,Over 52 Weeks,35
Plastic Surgery Service,Ethnicity,K: Bangladeshi,Total,655
Plastic Surgery Service,Ethnicity,L: Any other Asian background,Unknown Clock Start,*
Plastic Surgery Service,Ethnicity,L: Any other Asian background,01 To 18 Weeks,850
Plastic Surgery Service,Ethnicity,L: Any other Asian background,18 To 52 Weeks,740
Plastic Surgery Service,Ethnicity,L: Any other Asian background,Over 52 Weeks,80
Plastic Surgery Service,Ethnicity,L: Any other Asian background,Total,1665
Plastic Surgery Service,Ethnicity,M: Caribbean,01 To 18 Weeks,625
Plastic Surgery Service,Ethnicity,M: Caribbean,18 To 52 Weeks,500
Plastic Surgery Service,Ethnicity,M: Caribbean,Over 52 Weeks,60
Plastic Surgery Service,Ethnicity,M: Caribbean,Total,1185
Plastic Surgery Service,Ethnicity,N: African,01 To 18 Weeks,935
Plastic Surgery Service,Ethnicity,N: African,18 To 52 Weeks,845
Plastic Surgery Service,Ethnicity,N: African,Over 52 Weeks,90
Plastic Surgery Service,Ethnicity,N: African,Total,1875
Plastic Surgery Service,Ethnicity,P: Any other Black background,01 To 18 Weeks,490
Plastic Surgery Service,Ethnicity,P: Any other Black background,18 To 52 Weeks,425
Plastic Surgery Service,Ethnicity,P: Any other Black background,Over 52 Weeks,35
Plastic Surgery Service,Ethnicity,P: Any other Black background,Total,950
Plastic Surgery Service,Ethnicity,R: Chinese,01 To 18 Weeks,185
Plastic Surgery Service,Ethnicity,R: Chinese,18 To 52 Weeks,140
Plastic Surgery Service,Ethnicity,R: Chinese,Over 52 Weeks,15
Plastic Surgery Service,Ethnicity,R: Chinese,Total,340
Plastic Surgery Service,Ethnicity,S: Any other ethnic group,01 To 18 Weeks,480
Plastic Surgery Service,Ethnicity,S: Any other ethnic group,18 To 52 Weeks,400
Plastic Surgery Service,Ethnicity,S: Any other ethnic group,Over 52 Weeks,40
Plastic Surgery Service,Ethnicity,S: Any other ethnic group,Total,925
Plastic Surgery Service,Ethnicity,Z: Not stated,01 To 18 Weeks,2225
Plastic Surgery Service,Ethnicity,Z: Not stated,18 To 52 Weeks,1365
Plastic Surgery Service,Ethnicity,Z: Not stated,Over 52 Weeks,140
Plastic Surgery Service,Ethnicity,Z: Not stated,Total,3725
Plastic Surgery Service,IMD,1,Unknown Clock Start,*
Plastic Surgery Service,IMD,1,01 To 18 Weeks,4655
Plastic Surgery Service,IMD,1,18 To 52 Weeks,3980
Plastic Surgery Service,IMD,1,Over 52 Weeks,435
Plastic Surgery Service,IMD,1,Total,9070
Plastic Surgery Service,IMD,10,Unknown Clock Start,*
Plastic Surgery Service,IMD,10,01 To 18 Weeks,6595
Plastic Surgery Service,IMD,10,18 To 52 Weeks,3785
Plastic Surgery Service,IMD,10,Over 52 Weeks,405
Plastic Surgery Service,IMD,10,Total,10785
Plastic Surgery Service,IMD,2,01 To 18 Weeks,4800
Plastic Surgery Service,IMD,2,18 To 52 Weeks,3795
Plastic Surgery Service,IMD,2,Over 52 Weeks,410
Plastic Surgery Service,IMD,2,Total,9005
Plastic Surgery Service,IMD,3,Unknown Clock Start,*
Plastic Surgery Service,IMD,3,01 To 18 Weeks,5070
Plastic Surgery Service,IMD,3,18 To 52 Weeks,3715
Plastic Surgery Service,IMD,3,Over 52 Weeks,410
Plastic Surgery Service,IMD,3,Total,9195
Plastic Surgery Service,IMD,4,Unknown Clock Start,*
Plastic Surgery Service,IMD,4,01 To 18 Weeks,5450
Plastic Surgery Service,IMD,4,18 To 52 Weeks,3770
Plastic Surgery Service,IMD,4,Over 52 Weeks,405
Plastic Surgery Service,IMD,4,Total,9620
Plastic Surgery Service,IMD,5,01 To 18 Weeks,5580
Plastic Surgery Service,IMD,5,18 To 52 Weeks,3760
Plastic Surgery Service,IMD,5,Over 52 Weeks,450
Plastic Surgery Service,IMD,5,Total,9785
Plastic Surgery Service,IMD,6,Unknown Clock Start,*
Plastic Surgery Service,IMD,6,01 To 18 Weeks,5815
Plastic Surgery Service,IMD,6,18 To 52 Weeks,3950
Plastic Surgery Service,IMD,6,Over 52 Weeks,440
Plastic Surgery Service,IMD,6,Total,10205
Plastic Surgery Service,IMD,7,Unknown Clock Start,*
Plastic Surgery Service,IMD,7,01 To 18 Weeks,6080
Plastic Surgery Service,IMD,7,18 To 52 Weeks,3765
Plastic Surgery Service,IMD,7,Over 52 Weeks,415
Plastic Surgery Service,IMD,7,Total,10260
Plastic Surgery Service,IMD,8,Unknown Clock Start,*
Plastic Surgery Service,IMD,8,01 To 18 Weeks,6220
Plastic Surgery Service,IMD,8,18 To 52 Weeks,3895
Plastic Surgery Service,IMD,8,Over 52 Weeks,435
Plastic Surgery Service,IMD,8,Total,10550
Plastic Surgery Service,IMD,9,Unknown Clock Start,*
Plastic Surgery Service,IMD,9,01 To 18 Weeks,6560
Plastic Surgery Service,IMD,9,18 To 52 Weeks,3900
Plastic Surgery Service,IMD,9,Over 52 Weeks,420
Plastic Surgery Service,IMD,9,Total,10885
Plastic Surgery Service,Sex,Female,Unknown Clock Start,10
Plastic Surgery Service,Sex,Female,01 To 18 Weeks,29740
Plastic Surgery Service,Sex,Female,18 To 52 Weeks,21020
Plastic Surgery Service,Sex,Female,Over 52 Weeks,2385
Plastic Surgery Service,Sex,Female,Total,53160
Plastic Surgery Service,Sex,Male,Unknown Clock Start,*
Plastic Surgery Service,Sex,Male,01 To 18 Weeks,26280
Plastic Surgery Service,Sex,Male,18 To 52 Weeks,16970
Plastic Surgery Service,Sex,Male,Over 52 Weeks,1870
Plastic Surgery Service,Sex,Male,Total,45125
Respiratory Medicine Service,Age,0-18 Years,Unknown Clock Start,*
Respiratory Medicine Service,Age,0-18 Years,01 To 18 Weeks,1270
Respiratory Medicine Service,Age,0-18 Years,18 To 52 Weeks,660
Respiratory Medicine Service,Age,0-18 Years,Over 52 Weeks,20
Respiratory Medicine Service,Age,0-18 Years,Total,1950
Respiratory Medicine Service,Age,19-64 Years,Unknown Clock Start,65
Respiratory Medicine Service,Age,19-64 Years,01 To 18 Weeks,69120
Respiratory Medicine Service,Age,19-64 Years,18 To 52 Weeks,38660
Respiratory Medicine Service,Age,19-64 Years,Over 52 Weeks,1655
Respiratory Medicine Service,Age,19-64 Years,Total,109500
Respiratory Medicine Service,Age,Over 65 Years,Unknown Clock Start,90
Respiratory Medicine Service,Age,Over 65 Years,01 To 18 Weeks,54045
Respiratory Medicine Service,Age,Over 65 Years,18 To 52 Weeks,26550
Respiratory Medicine Service,Age,Over 65 Years,Over 52 Weeks,1080
Respiratory Medicine Service,Age,Over 65 Years,Total,81765
Respiratory Medicine Service,Ethnicity,99: Not known,Unknown Clock Start,*
Respiratory Medicine Service,Ethnicity,99: Not known,01 To 18 Weeks,4630
Respiratory Medicine Service,Ethnicity,99: Not known,18 To 52 Weeks,1830
Respiratory Medicine Service,Ethnicity,99: Not known,Over 52 Weeks,80
Respiratory Medicine Service,Ethnicity,99: Not known,Total,6545
Respiratory Medicine Service,Ethnicity,A: British,Unknown Clock Start,120
Respiratory Medicine Service,Ethnicity,A: British,01 To 18 Weeks,90055
Respiratory Medicine Service,Ethnicity,A: British,18 To 52 Weeks,47390
Respiratory Medicine Service,Ethnicity,A: British,Over 52 Weeks,1915
Respiratory Medicine Service,Ethnicity,A: British,Total,139480
Respiratory Medicine Service,Ethnicity,B: Irish,Unknown Clock Start,*
Respiratory Medicine Service,Ethnicity,B: Irish,01 To 18 Weeks,950
Respiratory Medicine Service,Ethnicity,B: Irish,18 To 52 Weeks,485
Respiratory Medicine Service,Ethnicity,B: Irish,Over 52 Weeks,20
Respiratory Medicine Service,Ethnicity,B: Irish,Total,1455
Respiratory Medicine Service,Ethnicity,C: Any other white background,Unknown Clock Start,10
Respiratory Medicine Service,Ethnicity,C: Any other white background,01 To 18 Weeks,6510
Respiratory Medicine Service,Ethnicity,C: Any other white background,18 To 52 Weeks,3695
Respiratory Medicine Service,Ethnicity,C: Any other white background,Over 52 Weeks,210
Respiratory Medicine Service,Ethnicity,C: Any other white background,Total,10425
Respiratory Medicine Service,Ethnicity,D: White and Black Caribbean,01 To 18 Weeks,360
Respiratory Medicine Service,Ethnicity,D: White and Black Caribbean,18 To 52 Weeks,175
Respiratory Medicine Service,Ethnicity,D: White and Black Caribbean,Over 52 Weeks,*
Respiratory Medicine Service,Ethnicity,D: White and Black Caribbean,Total,540
Respiratory Medicine Service,Ethnicity,E: White and Black African,01 To 18 Weeks,195
Respiratory Medicine Service,Ethnicity,E: White and Black African,18 To 52 Weeks,105
Respiratory Medicine Service,Ethnicity,E: White and Black African,Over 52 Weeks,*
Respiratory Medicine Service,Ethnicity,E: White and Black African,Total,305
Respiratory Medicine Service,Ethnicity,F: White and Asian,01 To 18 Weeks,300
Respiratory Medicine Service,Ethnicity,F: White and Asian,18 To 52 Weeks,155
Respiratory Medicine Service,Ethnicity,F: White and Asian,Over 52 Weeks,10
Respiratory Medicine Service,Ethnicity,F: White and Asian,Total,470
Respiratory Medicine Service,Ethnicity,G: Any other mixed background,Unknown Clock Start,*
Respiratory Medicine Service,Ethnicity,G: Any other mixed background,01 To 18 Weeks,680
Respiratory Medicine Service,Ethnicity,G: Any other mixed background,18 To 52 Weeks,425
Respiratory Medicine Service,Ethnicity,G: Any other mixed background,Over 52 Weeks,15
Respiratory Medicine Service,Ethnicity,G: Any other mixed background,Total,1125
Respiratory Medicine Service,Ethnicity,H: Indian,Unknown Clock Start,*
Respiratory Medicine Service,Ethnicity,H: Indian,01 To 18 Weeks,3790
Respiratory Medicine Service,Ethnicity,H: Indian,18 To 52 Weeks,1825
Respiratory Medicine Service,Ethnicity,H: Indian,Over 52 Weeks,75
Respiratory Medicine Service,Ethnicity,H: Indian,Total,5695
Respiratory Medicine Service,Ethnicity,J: Pakistani,Unknown Clock Start,*
Respiratory Medicine Service,Ethnicity,J: Pakistani,01 To 18 Weeks,2590
Respiratory Medicine Service,Ethnicity,J: Pakistani,18 To 52 Weeks,1455
Respiratory Medicine Service,Ethnicity,J: Pakistani,Over 52 Weeks,70
Respiratory Medicine Service,Ethnicity,J: Pakistani,Total,4120
Respiratory Medicine Service,Ethnicity,K: Bangladeshi,Unknown Clock Start,*
Respiratory Medicine Service,Ethnicity,K: Bangladeshi,01 To 18 Weeks,1195
Respiratory Medicine Service,Ethnicity,K: Bangladeshi,18 To 52 Weeks,785
Respiratory Medicine Service,Ethnicity,K: Bangladeshi,Over 52 Weeks,20
Respiratory Medicine Service,Ethnicity,K: Bangladeshi,Total,2000
Respiratory Medicine Service,Ethnicity,L: Any other Asian background,Unknown Clock Start,*
Respiratory Medicine Service,Ethnicity,L: Any other Asian background,01 To 18 Weeks,2890
Respiratory Medicine Service,Ethnicity,L: Any other Asian background,18 To 52 Weeks,1680
Respiratory Medicine Service,Ethnicity,L: Any other Asian background,Over 52 Weeks,75
Respiratory Medicine Service,Ethnicity,L: Any other Asian background,Total,4655
Respiratory Medicine Service,Ethnicity,M: Caribbean,Unknown Clock Start,*
Respiratory Medicine Service,Ethnicity,M: Caribbean,01 To 18 Weeks,1495
Respiratory Medicine Service,Ethnicity,M: Caribbean,18 To 52 Weeks,845
Respiratory Medicine Service,Ethnicity,M: Caribbean,Over 52 Weeks,35
Respiratory Medicine Service,Ethnicity,M: Caribbean,Total,2375
Respiratory Medicine Service,Ethnicity,N: African,Unknown Clock Start,*
Respiratory Medicine Service,Ethnicity,N: African,01 To 18 Weeks,2310
Respiratory Medicine Service,Ethnicity,N: African,18 To 52 Weeks,1140
Respiratory Medicine Service,Ethnicity,N: African,Over 52 Weeks,45
Respiratory Medicine Service,Ethnicity,N: African,Total,3495
Respiratory Medicine Service,Ethnicity,P: Any other Black background,Unknown Clock Start,*
Respiratory Medicine Service,Ethnicity,P: Any other Black background,01 To 18 Weeks,1185
Respiratory Medicine Service,Ethnicity,P: Any other Black background,18 To 52 Weeks,570
Respiratory Medicine Service,Ethnicity,P: Any other Black background,Over 52 Weeks,30
Respiratory Medicine Service,Ethnicity,P: Any other Black background,Total,1785
Respiratory Medicine Service,Ethnicity,R: Chinese,01 To 18 Weeks,505
Respiratory Medicine Service,Ethnicity,R: Chinese,18 To 52 Weeks,270
Respiratory Medicine Service,Ethnicity,R: Chinese,Over 52 Weeks,10
Respiratory Medicine Service,Ethnicity,R: Chinese,Total,785
Respiratory Medicine Service,Ethnicity,S: Any other ethnic group,Unknown Clock Start,*
Respiratory Medicine Service,Ethnicity,S: Any other ethnic group,01 To 18 Weeks,1325
Respiratory Medicine Service,Ethnicity,S: Any other ethnic group,18 To 52 Weeks,670
Respiratory Medicine Service,Ethnicity,S: Any other ethnic group,Over 52 Weeks,25
Respiratory Medicine Service,Ethnicity,S: Any other ethnic group,Total,2020
Respiratory Medicine Service,Ethnicity,Z: Not stated,Unknown Clock Start,*
Respiratory Medicine Service,Ethnicity,Z: Not stated,01 To 18 Weeks,5300
Respiratory Medicine Service,Ethnicity,Z: Not stated,18 To 52 Weeks,2530
Respiratory Medicine Service,Ethnicity,Z: Not stated,Over 52 Weeks,110
Respiratory Medicine Service,Ethnicity,Z: Not stated,Total,7945
Respiratory Medicine Service,IMD,1,Unknown Clock Start,*
Respiratory Medicine Service,IMD,1,01 To 18 Weeks,13660
Respiratory Medicine Service,IMD,1,18 To 52 Weeks,6565
Respiratory Medicine Service,IMD,1,Over 52 Weeks,245
Respiratory Medicine Service,IMD,1,Total,20470
Respiratory Medicine Service,IMD,10,Unknown Clock Start,40
Respiratory Medicine Service,IMD,10,01 To 18 Weeks,9535
Respiratory Medicine Service,IMD,10,18 To 52 Weeks,5125
Respiratory Medicine Service,IMD,10,Over 52 Weeks,215
Respiratory Medicine Service,IMD,10,Total,14915
Respiratory Medicine Service,IMD,2,Unknown Clock Start,*
Respiratory Medicine Service,IMD,2,01 To 18 Weeks,13870
Respiratory Medicine Service,IMD,2,18 To 52 Weeks,6880
Respiratory Medicine Service,IMD,2,Over 52 Weeks,300
Respiratory Medicine Service,IMD,2,Total,21055
Respiratory Medicine Service,IMD,3,Unknown Clock Start,10
Respiratory Medicine Service,IMD,3,01 To 18 Weeks,13630
Respiratory Medicine Service,IMD,3,18 To 52 Weeks,7315
Respiratory Medicine Service,IMD,3,Over 52 Weeks,255
Respiratory Medicine Service,IMD,3,Total,21210
Respiratory Medicine Service,IMD,4,Unknown Clock Start,15
Respiratory Medicine Service,IMD,4,01 To 18 Weeks,13220
Respiratory Medicine Service,IMD,4,18 To 52 Weeks,7095
Respiratory Medicine Service,IMD,4,Over 52 Weeks,355
Respiratory Medicine Service,IMD,4,Total,20685
Respiratory Medicine Service,IMD,5,Unknown Clock Start,10
Respiratory Medicine Service,IMD,5,01 To 18 Weeks,12490
Respiratory Medicine Service,IMD,5,18 To 52 Weeks,6775
Respiratory Medicine Service,IMD,5,Over 52 Weeks,315
Respiratory Medicine Service,IMD,5,Total,19585
Respiratory Medicine Service,IMD,6,Unknown Clock Start,15
Respiratory Medicine Service,IMD,6,01 To 18 Weeks,12180
Respiratory Medicine Service,IMD,6,18 To 52 Weeks,6460
Respiratory Medicine Service,IMD,6,Over 52 Weeks,295
Respiratory Medicine Service,IMD,6,Total,18945
Respiratory Medicine Service,IMD,7,Unknown Clock Start,15
Respiratory Medicine Service,IMD,7,01 To 18 Weeks,11725
Respiratory Medicine Service,IMD,7,18 To 52 Weeks,6335
Respiratory Medicine Service,IMD,7,Over 52 Weeks,245
Respiratory Medicine Service,IMD,7,Total,18325
Respiratory Medicine Service,IMD,8,Unknown Clock Start,25
Respiratory Medicine Service,IMD,8,01 To 18 Weeks,11370
Respiratory Medicine Service,IMD,8,18 To 52 Weeks,6170
Respiratory Medicine Service,IMD,8,Over 52 Weeks,250
Respiratory Medicine Service,IMD,8,Total,17815
Respiratory Medicine Service,IMD,9,Unknown Clock Start,25
Respiratory Medicine Service,IMD,9,01 To 18 Weeks,10780
Respiratory Medicine Service,IMD,9,18 To 52 Weeks,5775
Respiratory Medicine Service,IMD,9,Over 52 Weeks,230
Respiratory Medicine Service,IMD,9,Total,16810
Respiratory Medicine Service,Sex,Female,Unknown Clock Start,75
Respiratory Medicine Service,Sex,Female,01 To 18 Weeks,57305
Respiratory Medicine Service,Sex,Female,18 To 52 Weeks,31230
Respiratory Medicine Service,Sex,Female,Over 52 Weeks,1335
Respiratory Medicine Service,Sex,Female,Total,89945
Respiratory Medicine Service,Sex,Male,Unknown Clock Start,80
Respiratory Medicine Service,Sex,Male,01 To 18 Weeks,60935
Respiratory Medicine Service,Sex,Male,18 To 52 Weeks,31585
Respiratory Medicine Service,Sex,Male,Over 52 Weeks,1250
Respiratory Medicine Service,Sex,Male,Total,93855
Rheumatology Service,Age,0-18 Years,01 To 18 Weeks,1415
Rheumatology Service,Age,0-18 Years,18 To 52 Weeks,775
Rheumatology Service,Age,0-18 Years,Over 52 Weeks,15
Rheumatology Service,Age,0-18 Years,Total,2205
Rheumatology Service,Age,19-64 Years,Unknown Clock Start,40
Rheumatology Service,Age,19-64 Years,01 To 18 Weeks,51775
Rheumatology Service,Age,19-64 Years,18 To 52 Weeks,25870
Rheumatology Service,Age,19-64 Years,Over 52 Weeks,955
Rheumatology Service,Age,19-64 Years,Total,78640
Rheumatology Service,Age,Over 65 Years,Unknown Clock Start,35
Rheumatology Service,Age,Over 65 Years,01 To 18 Weeks,28945
Rheumatology Service,Age,Over 65 Years,18 To 52 Weeks,12810
Rheumatology Service,Age,Over 65 Years,Over 52 Weeks,500
Rheumatology Service,Age,Over 65 Years,Total,42295
Rheumatology Service,Ethnicity,99: Not known,Unknown Clock Start,*
Rheumatology Service,Ethnicity,99: Not known,01 To 18 Weeks,3160
Rheumatology Service,Ethnicity,99: Not known,18 To 52 Weeks,1090
Rheumatology Service,Ethnicity,99: Not known,Over 52 Weeks,30
Rheumatology Service,Ethnicity,99: Not known,Total,4280
Rheumatology Service,Ethnicity,A: British,Unknown Clock Start,65
Rheumatology Service,Ethnicity,A: British,01 To 18 Weeks,61810
Rheumatology Service,Ethnicity,A: British,18 To 52 Weeks,29820
Rheumatology Service,Ethnicity,A: British,Over 52 Weeks,1170
Rheumatology Service,Ethnicity,A: British,Total,92865
Rheumatology Service,Ethnicity,B: Irish,01 To 18 Weeks,475
Rheumatology Service,Ethnicity,B: Irish,18 To 52 Weeks,240
Rheumatology Service,Ethnicity,B: Irish,Over 52 Weeks,10
Rheumatology Service,Ethnicity,B: Irish,Total,725
Rheumatology Service,Ethnicity,C: Any other white background,Unknown Clock Start,*
Rheumatology Service,Ethnicity,C: Any other white background,01 To 18 Weeks,4405
Rheumatology Service,Ethnicity,C: Any other white background,18 To 52 Weeks,2280
Rheumatology Service,Ethnicity,C: Any other white background,Over 52 Weeks,70
Rheumatology Service,Ethnicity,C: Any other white background,Total,6760
Rheumatology Service,Ethnicity,D: White and Black Caribbean,01 To 18 Weeks,225
Rheumatology Service,Ethnicity,D: White and Black Caribbean,18 To 52 Weeks,115
Rheumatology Service,Ethnicity,D: White and Black Caribbean,Over 52 Weeks,*
Rheumatology Service,Ethnicity,D: White and Black Caribbean,Total,350
Rheumatology Service,Ethnicity,E: White and Black African,01 To 18 Weeks,130
Rheumatology Service,Ethnicity,E: White and Black African,18 To 52 Weeks,75
Rheumatology Service,Ethnicity,E: White and Black African,Over 52 Weeks,*
Rheumatology Service,Ethnicity,E: White and Black African,Total,205
Rheumatology Service,Ethnicity,F: White and Asian,01 To 18 Weeks,245
Rheumatology Service,Ethnicity,F: White and Asian,18 To 52 Weeks,105
Rheumatology Service,Ethnicity,F: White and Asian,Over 52 Weeks,*
Rheumatology Service,Ethnicity,F: White and Asian,Total,350
Rheumatology Service,Ethnicity,G: Any other mixed background,Unknown Clock Start,*
Rheumatology Service,Ethnicity,G: Any other mixed background,01 To 18 Weeks,505
Rheumatology Service,Ethnicity,G: Any other mixed background,18 To 52 Weeks,230
Rheumatology Service,Ethnicity,G: Any other mixed background,Over 52 Weeks,*
Rheumatology Service,Ethnicity,G: Any other mixed background,Total,745
Rheumatology Service,Ethnicity,H: Indian,01 To 18 Weeks,2425
Rheumatology Service,Ethnicity,H: Indian,18 To 52 Weeks,1270
Rheumatology Service,Ethnicity,H: Indian,Over 52 Weeks,30
Rheumatology Service,Ethnicity,H: Indian,Total,3725
Rheumatology Service,Ethnicity,J: Pakistani,Unknown Clock Start,*
Rheumatology Service,Ethnicity,J: Pakistani,01 To 18 Weeks,1875
Rheumatology Service,Ethnicity,J: Pakistani,18 To 52 Weeks,730
Rheumatology Service,Ethnicity,J: Pakistani,Over 52 Weeks,15
Rheumatology Service,Ethnicity,J: Pakistani,Total,2620
Rheumatology Service,Ethnicity,K: Bangladeshi,Unknown Clock Start,*
Rheumatology Service,Ethnicity,K: Bangladeshi,01 To 18 Weeks,625
Rheumatology Service,Ethnicity,K: Bangladeshi,18 To 52 Weeks,200
Rheumatology Service,Ethnicity,K: Bangladeshi,Over 52 Weeks,10
Rheumatology Service,Ethnicity,K: Bangladeshi,Total,835
Rheumatology Service,Ethnicity,L: Any other Asian background,Unknown Clock Start,*
Rheumatology Service,Ethnicity,L: Any other Asian background,01 To 18 Weeks,1615
Rheumatology Service,Ethnicity,L: Any other Asian background,18 To 52 Weeks,780
Rheumatology Service,Ethnicity,L: Any other Asian background,Over 52 Weeks,15
Rheumatology Service,Ethnicity,L: Any other Asian background,Total,2410
Rheumatology Service,Ethnicity,M: Caribbean,Unknown Clock Start,*
Rheumatology Service,Ethnicity,M: Caribbean,01 To 18 Weeks,790
Rheumatology Service,Ethnicity,M: Caribbean,18 To 52 Weeks,290
Rheumatology Service,Ethnicity,M: Caribbean,Over 52 Weeks,*
Rheumatology Service,Ethnicity,M: Caribbean,Total,1085
Rheumatology Service,Ethnicity,N: African,01 To 18 Weeks,1030
Rheumatology Service,Ethnicity,N: African,18 To 52 Weeks,460
Rheumatology Service,Ethnicity,N: African,Over 52 Weeks,15
Rheumatology Service,Ethnicity,N: African,Total,1505
Rheumatology Service,Ethnicity,P: Any other Black background,Unknown Clock Start,*
Rheumatology Service,Ethnicity,P: Any other Black background,01 To 18 Weeks,545
Rheumatology Service,Ethnicity,P: Any other Black background,18 To 52 Weeks,235
Rheumatology Service,Ethnicity,P: Any other Black background,Over 52 Weeks,*
Rheumatology Service,Ethnicity,P: Any other Black background,Total,790
Rheumatology Service,Ethnicity,R: Chinese,Unknown Clock Start,*
Rheumatology Service,Ethnicity,R: Chinese,01 To 18 Weeks,310
Rheumatology Service,Ethnicity,R: Chinese,18 To 52 Weeks,135
Rheumatology Service,Ethnicity,R: Chinese,Over 52 Weeks,*
Rheumatology Service,Ethnicity,R: Chinese,Total,450
Rheumatology Service,Ethnicity,S: Any other ethnic group,Unknown Clock Start,*
Rheumatology Service,Ethnicity,S: Any other ethnic group,01 To 18 Weeks,760
Rheumatology Service,Ethnicity,S: Any other ethnic group,18 To 52 Weeks,360
Rheumatology Service,Ethnicity,S: Any other ethnic group,Over 52 Weeks,10
Rheumatology Service,Ethnicity,S: Any other ethnic group,Total,1130
Rheumatology Service,Ethnicity,Z: Not stated,Unknown Clock Start,*
Rheumatology Service,Ethnicity,Z: Not stated,01 To 18 Weeks,3205
Rheumatology Service,Ethnicity,Z: Not stated,18 To 52 Weeks,1415
Rheumatology Service,Ethnicity,Z: Not stated,Over 52 Weeks,65
Rheumatology Service,Ethnicity,Z: Not stated,Total,4690
Rheumatology Service,IMD,1,01 To 18 Weeks,7745
Rheumatology Service,IMD,1,18 To 52 Weeks,3495
Rheumatology Service,IMD,1,Over 52 Weeks,100
Rheumatology Service,IMD,1,Total,11335
Rheumatology Service,IMD,10,Unknown Clock Start,15
Rheumatology Service,IMD,10,01 To 18 Weeks,7095
Rheumatology Service,IMD,10,18 To 52 Weeks,3395
Rheumatology Service,IMD,10,Over 52 Weeks,155
Rheumatology Service,IMD,10,Total,10660
Rheumatology Service,IMD,2,Unknown Clock Start,*
Rheumatology Service,IMD,2,01 To 18 Weeks,7985
Rheumatology Service,IMD,2,18 To 52 Weeks,3745
Rheumatology Service,IMD,2,Over 52 Weeks,120
Rheumatology Service,IMD,2,Total,11850
Rheumatology Service,IMD,3,Unknown Clock Start,*
Rheumatology Service,IMD,3,01 To 18 Weeks,8065
Rheumatology Service,IMD,3,18 To 52 Weeks,4005
Rheumatology Service,IMD,3,Over 52 Weeks,145
Rheumatology Service,IMD,3,Total,12220
Rheumatology Service,IMD,4,Unknown Clock Start,15
Rheumatology Service,IMD,4,01 To 18 Weeks,8475
Rheumatology Service,IMD,4,18 To 52 Weeks,3970
Rheumatology Service,IMD,4,Over 52 Weeks,150
Rheumatology Service,IMD,4,Total,12610
Rheumatology Service,IMD,5,Unknown Clock Start,*
Rheumatology Service,IMD,5,01 To 18 Weeks,8605
Rheumatology Service,IMD,5,18 To 52 Weeks,4070
Rheumatology Service,IMD,5,Over 52 Weeks,155
Rheumatology Service,IMD,5,Total,12830
Rheumatology Service,IMD,6,Unknown Clock Start,*
Rheumatology Service,IMD,6,01 To 18 Weeks,8505
Rheumatology Service,IMD,6,18 To 52 Weeks,4155
Rheumatology Service,IMD,6,Over 52 Weeks,150
Rheumatology Service,IMD,6,Total,12815
Rheumatology Service,IMD,7,Unknown Clock Start,*
Rheumatology Service,IMD,7,01 To 18 Weeks,8515
Rheumatology Service,IMD,7,18 To 52 Weeks,4090
Rheumatology Service,IMD,7,Over 52 Weeks,170
Rheumatology Service,IMD,7,Total,12780
Rheumatology Service,IMD,8,Unknown Clock Start,10
Rheumatology Service,IMD,8,01 To 18 Weeks,8425
Rheumatology Service,IMD,8,18 To 52 Weeks,4055
Rheumatology Service,IMD,8,Over 52 Weeks,155
Rheumatology Service,IMD,8,Total,12640
Rheumatology Service,IMD,9,Unknown Clock Start,15
Rheumatology Service,IMD,9,01 To 18 Weeks,8160
Rheumatology Service,IMD,9,18 To 52 Weeks,3835
Rheumatology Service,IMD,9,Over 52 Weeks,145
Rheumatology Service,IMD,9,Total,12155
Rheumatology Service,Sex,Female,Unknown Clock Start,50
Rheumatology Service,Sex,Female,01 To 18 Weeks,56605
Rheumatology Service,Sex,Female,18 To 52 Weeks,28355
Rheumatology Service,Sex,Female,Over 52 Weeks,1015
Rheumatology Service,Sex,Female,Total,86025
Rheumatology Service,Sex,Male,Unknown Clock Start,30
Rheumatology Service,Sex,Male,01 To 18 Weeks,23380
Rheumatology Service,Sex,Male,18 To 52 Weeks,9995
Rheumatology Service,Sex,Male,Over 52 Weeks,340
Rheumatology Service,Sex,Male,Total,33745
Trauma and Orthopaedics Service,Age,0-18 Years,Unknown Clock Start,195
Trauma and Orthopaedics Service,Age,0-18 Years,01 To 18 Weeks,18180
Trauma and Orthopaedics Service,Age,0-18 Years,18 To 52 Weeks,11815
Trauma and Orthopaedics Service,Age,0-18 Years,Over 52 Weeks,1075
Trauma and Orthopaedics Service,Age,0-18 Years,Total,31265
Trauma and Orthopaedics Service,Age,19-64 Years,Unknown Clock Start,1130
Trauma and Orthopaedics Service,Age,19-64 Years,01 To 18 Weeks,261645
Trauma and Orthopaedics Service,Age,19-64 Years,18 To 52 Weeks,176125
Trauma and Orthopaedics Service,Age,19-64 Years,Over 52 Weeks,14035
Trauma and Orthopaedics Service,Age,19-64 Years,Total,452935
Trauma and Orthopaedics Service,Age,Over 65 Years,Unknown Clock Start,830
Trauma and Orthopaedics Service,Age,Over 65 Years,01 To 18 Weeks,193875
Trauma and Orthopaedics Service,Age,Over 65 Years,18 To 52 Weeks,134470
Trauma and Orthopaedics Service,Age,Over 65 Years,Over 52 Weeks,11870
Trauma and Orthopaedics Service,Age,Over 65 Years,Total,341045
Trauma and Orthopaedics Service,Ethnicity,99: Not known,Unknown Clock Start,30
Trauma and Orthopaedics Service,Ethnicity,99: Not known,01 To 18 Weeks,14625
Trauma and Orthopaedics Service,Ethnicity,99: Not known,18 To 52 Weeks,6470
Trauma and Orthopaedics Service,Ethnicity,99: Not known,Over 52 Weeks,460
Trauma and Orthopaedics Service,Ethnicity,99: Not known,Total,21590
Trauma and Orthopaedics Service,Ethnicity,A: British,Unknown Clock Start,1680
Trauma and Orthopaedics Service,Ethnicity,A: British,01 To 18 Weeks,368620
Trauma and Orthopaedics Service,Ethnicity,A: British,18 To 52 Weeks,250280
Trauma and Orthopaedics Service,Ethnicity,A: British,Over 52 Weeks,21555
Trauma and Orthopaedics Service,Ethnicity,A: British,Total,642140
Trauma and Orthopaedics Service,Ethnicity,B: Irish,Unknown Clock Start,10
Trauma and Orthopaedics Service,Ethnicity,B: Irish,01 To 18 Weeks,2565
Trauma and Orthopaedics Service,Ethnicity,B: Irish,18 To 52 Weeks,1820
Trauma and Orthopaedics Service,Ethnicity,B: Irish,Over 52 Weeks,130
Trauma and Orthopaedics Service,Ethnicity,B: Irish,Total,4525
Trauma and Orthopaedics Service,Ethnicity,C: Any other white background,Unknown Clock Start,130
Trauma and Orthopaedics Service,Ethnicity,C: Any other white background,01 To 18 Weeks,23535
Trauma and Orthopaedics Service,Ethnicity,C: Any other white background,18 To 52 Weeks,16850
Trauma and Orthopaedics Service,Ethnicity,C: Any other white background,Over 52 Weeks,1295
Trauma and Orthopaedics Service,Ethnicity,C: Any other white background,Total,41815
Trauma and Orthopaedics Service,Ethnicity,D: White and Black Caribbean,Unknown Clock Start,15
Trauma and Orthopaedics Service,Ethnicity,D: White and Black Caribbean,01 To 18 Weeks,1395
Trauma and Orthopaedics Service,Ethnicity,D: White and Black Caribbean,18 To 52 Weeks,1020
Trauma and Orthopaedics Service,Ethnicity,D: White and Black Caribbean,Over 52 Weeks,80
Trauma and Orthopaedics Service,Ethnicity,D: White and Black Caribbean,Total,2510
Trauma and Orthopaedics Service,Ethnicity,E: White and Black African,Unknown Clock Start,*
Trauma and Orthopaedics Service,Ethnicity,E: White and Black African,01 To 18 Weeks,760
Trauma and Orthopaedics Service,Ethnicity,E: White and Black African,18 To 52 Weeks,480
Trauma and Orthopaedics Service,Ethnicity,E: White and Black African,Over 52 Weeks,45
Trauma and Orthopaedics Service,Ethnicity,E: White and Black African,Total,1290
Trauma and Orthopaedics Service,Ethnicity,F: White and Asian,Unknown Clock Start,*
Trauma and Orthopaedics Service,Ethnicity,F: White and Asian,01 To 18 Weeks,1060
Trauma and Orthopaedics Service,Ethnicity,F: White and Asian,18 To 52 Weeks,655
Trauma and Orthopaedics Service,Ethnicity,F: White and Asian,Over 52 Weeks,65
Trauma and Orthopaedics Service,Ethnicity,F: White and Asian,Total,1785
Trauma and Orthopaedics Service,Ethnicity,G: Any other mixed background,Unknown Clock Start,15
Trauma and Orthopaedics Service,Ethnicity,G: Any other mixed background,01 To 18 Weeks,2565
Trauma and Orthopaedics Service,Ethnicity,G: Any other mixed background,18 To 52 Weeks,1835
Trauma and Orthopaedics Service,Ethnicity,G: Any other mixed background,Over 52 Weeks,135
Trauma and Orthopaedics Service,Ethnicity,G: Any other mixed background,Total,4555
Trauma and Orthopaedics Service,Ethnicity,H: Indian,Unknown Clock Start,30
Trauma and Orthopaedics Service,Ethnicity,H: Indian,01 To 18 Weeks,12095
Trauma and Orthopaedics Service,Ethnicity,H: Indian,18 To 52 Weeks,8000
Trauma and Orthopaedics Service,Ethnicity,H: Indian,Over 52 Weeks,585
Trauma and Orthopaedics Service,Ethnicity,H: Indian,Total,20705
Trauma and Orthopaedics Service,Ethnicity,J: Pakistani,Unknown Clock Start,15
Trauma and Orthopaedics Service,Ethnicity,J: Pakistani,01 To 18 Weeks,8385
Trauma and Orthopaedics Service,Ethnicity,J: Pakistani,18 To 52 Weeks,5365
Trauma and Orthopaedics Service,Ethnicity,J: Pakistani,Over 52 Weeks,385
Trauma and Orthopaedics Service,Ethnicity,J: Pakistani,Total,14155
Trauma and Orthopaedics Service,Ethnicity,K: Bangladeshi,Unknown Clock Start,*
Trauma and Orthopaedics Service,Ethnicity,K: Bangladeshi,01 To 18 Weeks,2820
Trauma and Orthopaedics Service,Ethnicity,K: Bangladeshi,18 To 52 Weeks,1640
Trauma and Orthopaedics Service,Ethnicity,K: Bangladeshi,Over 52 Weeks,135
Trauma and Orthopaedics Service,Ethnicity,K: Bangladeshi,Total,4600
Trauma and Orthopaedics Service,Ethnicity,L: Any other Asian background,Unknown Clock Start,35
Trauma and Orthopaedics Service,Ethnicity,L: Any other Asian background,01 To 18 Weeks,7705
Trauma and Orthopaedics Service,Ethnicity,L: Any other Asian background,18 To 52 Weeks,5300
Trauma and Orthopaedics Service,Ethnicity,L: Any other Asian background,Over 52 Weeks,350
Trauma and Orthopaedics Service,Ethnicity,L: Any other Asian background,Total,13390
Trauma and Orthopaedics Service,Ethnicity,M: Caribbean,Unknown Clock Start,15
Trauma and Orthopaedics Service,Ethnicity,M: Caribbean,01 To 18 Weeks,4700
Trauma and Orthopaedics Service,Ethnicity,M: Caribbean,18 To 52 Weeks,3425
Trauma and Orthopaedics Service,Ethnicity,M: Caribbean,Over 52 Weeks,240
Trauma and Orthopaedics Service,Ethnicity,M: Caribbean,Total,8380
Trauma and Orthopaedics Service,Ethnicity,N: African,Unknown Clock Start,20
Trauma and Orthopaedics Service,Ethnicity,N: African,01 To 18 Weeks,6210
Trauma and Orthopaedics Service,Ethnicity,N: African,18 To 52 Weeks,4175
Trauma and Orthopaedics Service,Ethnicity,N: African,Over 52 Weeks,340
Trauma and Orthopaedics Service,Ethnicity,N: African,Total,10740
Trauma and Orthopaedics Service,Ethnicity,P: Any other Black background,Unknown Clock Start,15
Trauma and Orthopaedics Service,Ethnicity,P: Any other Black background,01 To 18 Weeks,3300
Trauma and Orthopaedics Service,Ethnicity,P: Any other Black background,18 To 52 Weeks,2185
Trauma and Orthopaedics Service,Ethnicity,P: Any other Black background,Over 52 Weeks,160
Trauma and Orthopaedics Service,Ethnicity,P: Any other Black background,Total,5660
Trauma and Orthopaedics Service,Ethnicity,R: Chinese,Unknown Clock Start,*
Trauma and Orthopaedics Service,Ethnicity,R: Chinese,01 To 18 Weeks,1045
Trauma and Orthopaedics Service,Ethnicity,R: Chinese,18 To 52 Weeks,700
Trauma and Orthopaedics Service,Ethnicity,R: Chinese,Over 52 Weeks,60
Trauma and Orthopaedics Service,Ethnicity,R: Chinese,Total,1810
Trauma and Orthopaedics Service,Ethnicity,S: Any other ethnic group,Unknown Clock Start,20
Trauma and Orthopaedics Service,Ethnicity,S: Any other ethnic group,01 To 18 Weeks,3605
Trauma and Orthopaedics Service,Ethnicity,S: Any other ethnic group,18 To 52 Weeks,2410
Trauma and Orthopaedics Service,Ethnicity,S: Any other ethnic group,Over 52 Weeks,190
Trauma and Orthopaedics Service,Ethnicity,S: Any other ethnic group,Total,6220
Trauma and Orthopaedics Service,Ethnicity,Z: Not stated,Unknown Clock Start,105
Trauma and Orthopaedics Service,Ethnicity,Z: Not stated,01 To 18 Weeks,17760
Trauma and Orthopaedics Service,Ethnicity,Z: Not stated,18 To 52 Weeks,10525
Trauma and Orthopaedics Service,Ethnicity,Z: Not stated,Over 52 Weeks,780
Trauma and Orthopaedics Service,Ethnicity,Z: Not stated,Total,29175
Trauma and Orthopaedics Service,IMD,1,Unknown Clock Start,125
Trauma and Orthopaedics Service,IMD,1,01 To 18 Weeks,42745
Trauma and Orthopaedics Service,IMD,1,18 To 52 Weeks,27300
Trauma and Orthopaedics Service,IMD,1,Over 52 Weeks,2135
Trauma and Orthopaedics Service,IMD,1,Total,72310
Trauma and Orthopaedics Service,IMD,10,Unknown Clock Start,200
Trauma and Orthopaedics Service,IMD,10,01 To 18 Weeks,44045
Trauma and Orthopaedics Service,IMD,10,18 To 52 Weeks,29105
Trauma and Orthopaedics Service,IMD,10,Over 52 Weeks,2390
Trauma and Orthopaedics Service,IMD,10,Total,75745
Trauma and Orthopaedics Service,IMD,2,Unknown Clock Start,150
Trauma and Orthopaedics Service,IMD,2,01 To 18 Weeks,45600
Trauma and Orthopaedics Service,IMD,2,18 To 52 Weeks,30355
Trauma and Orthopaedics Service,IMD,2,Over 52 Weeks,2395
Trauma and Orthopaedics Service,IMD,2,Total,78500
Trauma and Orthopaedics Service,IMD,3,Unknown Clock Start,175
Trauma and Orthopaedics Service,IMD,3,01 To 18 Weeks,45995
Trauma and Orthopaedics Service,IMD,3,18 To 52 Weeks,30820
Trauma and Orthopaedics Service,IMD,3,Over 52 Weeks,2605
Trauma and Orthopaedics Service,IMD,3,Total,79595
Trauma and Orthopaedics Service,IMD,4,Unknown Clock Start,245
Trauma and Orthopaedics Service,IMD,4,01 To 18 Weeks,47250
Trauma and Orthopaedics Service,IMD,4,18 To 52 Weeks,32720
Trauma and Orthopaedics Service,IMD,4,Over 52 Weeks,2785
Trauma and Orthopaedics Service,IMD,4,Total,83005
Trauma and Orthopaedics Service,IMD,5,Unknown Clock Start,290
Trauma and Orthopaedics Service,IMD,5,01 To 18 Weeks,48005
Trauma and Orthopaedics Service,IMD,5,18 To 52 Weeks,33750
Trauma and Orthopaedics Service,IMD,5,Over 52 Weeks,3045
Trauma and Orthopaedics Service,IMD,5,Total,85090
Trauma and Orthopaedics Service,IMD,6,Unknown Clock Start,195
Trauma and Orthopaedics Service,IMD,6,01 To 18 Weeks,48855
Trauma and Orthopaedics Service,IMD,6,18 To 52 Weeks,34100
Trauma and Orthopaedics Service,IMD,6,Over 52 Weeks,2875
Trauma and Orthopaedics Service,IMD,6,Total,86025
Trauma and Orthopaedics Service,IMD,7,Unknown Clock Start,295
Trauma and Orthopaedics Service,IMD,7,01 To 18 Weeks,48505
Trauma and Orthopaedics Service,IMD,7,18 To 52 Weeks,33090
Trauma and Orthopaedics Service,IMD,7,Over 52 Weeks,2840
Trauma and Orthopaedics Service,IMD,7,Total,84730
Trauma and Orthopaedics Service,IMD,8,Unknown Clock Start,245
Trauma and Orthopaedics Service,IMD,8,01 To 18 Weeks,48565
Trauma and Orthopaedics Service,IMD,8,18 To 52 Weeks,32750
Trauma and Orthopaedics Service,IMD,8,Over 52 Weeks,2685
Trauma and Orthopaedics Service,IMD,8,Total,84240
Trauma and Orthopaedics Service,IMD,9,Unknown Clock Start,195
Trauma and Orthopaedics Service,IMD,9,01 To 18 Weeks,47055
Trauma and Orthopaedics Service,IMD,9,18 To 52 Weeks,31885
Trauma and Orthopaedics Service,IMD,9,Over 52 Weeks,2680
Trauma and Orthopaedics Service,IMD,9,Total,81810
Trauma and Orthopaedics Service,Sex,Female,Unknown Clock Start,1175
Trauma and Orthopaedics Service,Sex,Female,01 To 18 Weeks,258310
Trauma and Orthopaedics Service,Sex,Female,18 To 52 Weeks,176170
Trauma and Orthopaedics Service,Sex,Female,Over 52 Weeks,14605
Trauma and Orthopaedics Service,Sex,Female,Total,450260
Trauma and Orthopaedics Service,Sex,Male,Unknown Clock Start,950
Trauma and Orthopaedics Service,Sex,Male,01 To 18 Weeks,202905
Trauma and Orthopaedics Service,Sex,Male,18 To 52 Weeks,139895
Trauma and Orthopaedics Service,Sex,Male,Over 52 Weeks,11730
Trauma and Orthopaedics Service,Sex,Male,Total,355480
Unknown,Age,0-18 Years,Unknown Clock Start,15
Unknown,Age,0-18 Years,01 To 18 Weeks,350
Unknown,Age,0-18 Years,18 To 52 Weeks,150
Unknown,Age,0-18 Years,Over 52 Weeks,15
Unknown,Age,0-18 Years,Total,530
Unknown,Age,19-64 Years,Unknown Clock Start,90
Unknown,Age,19-64 Years,01 To 18 Weeks,2215
Unknown,Age,19-64 Years,18 To 52 Weeks,495
Unknown,Age,19-64 Years,Over 52 Weeks,60
Unknown,Age,19-64 Years,Total,2865
Unknown,Age,Over 65 Years,Unknown Clock Start,70
Unknown,Age,Over 65 Years,01 To 18 Weeks,1085
Unknown,Age,Over 65 Years,18 To 52 Weeks,140
Unknown,Age,Over 65 Years,Over 52 Weeks,10
Unknown,Age,Over 65 Years,Total,1305
Unknown,Ethnicity,99: Not known,Unknown Clock Start,*
Unknown,Ethnicity,99: Not known,01 To 18 Weeks,620
Unknown,Ethnicity,99: Not known,18 To 52 Weeks,35
Unknown,Ethnicity,99: Not known,Total,655
Unknown,Ethnicity,A: British,Unknown Clock Start,135
Unknown,Ethnicity,A: British,01 To 18 Weeks,3365
Unknown,Ethnicity,A: British,18 To 52 Weeks,485
Unknown,Ethnicity,A: British,Over 52 Weeks,50
Unknown,Ethnicity,A: British,Total,4035
Unknown,Ethnicity,B: Irish,Unknown Clock Start,*
Unknown,Ethnicity,B: Irish,01 To 18 Weeks,20
Unknown,Ethnicity,B: Irish,18 To 52 Weeks,15
Unknown,Ethnicity,B: Irish,Total,35
Unknown,Ethnicity,C: Any other white background,Unknown Clock Start,20
Unknown,Ethnicity,C: Any other white background,01 To 18 Weeks,285
Unknown,Ethnicity,C: Any other white background,18 To 52 Weeks,65
Unknown,Ethnicity,C: Any other white background,Over 52 Weeks,10
Unknown,Ethnicity,C: Any other white background,Total,375
Unknown,Ethnicity,D: White and Black Caribbean,Unknown Clock Start,*
Unknown,Ethnicity,D: White and Black Caribbean,01 To 18 Weeks,15
Unknown,Ethnicity,D: White and Black Caribbean,18 To 52 Weeks,*
Unknown,Ethnicity,D: White and Black Caribbean,Total,20
Unknown,Ethnicity,E: White and Black African,01 To 18 Weeks,10
Unknown,Ethnicity,E: White and Black African,Total,10
Unknown,Ethnicity,F: White and Asian,01 To 18 Weeks,15
Unknown,Ethnicity,F: White and Asian,18 To 52 Weeks,*
Unknown,Ethnicity,F: White and Asian,Total,20
Unknown,Ethnicity,G: Any other mixed background,Unknown Clock Start,*
Unknown,Ethnicity,G: Any other mixed background,01 To 18 Weeks,30
Unknown,Ethnicity,G: Any other mixed background,18 To 52 Weeks,*
Unknown,Ethnicity,G: Any other mixed background,Over 52 Weeks,*
Unknown,Ethnicity,G: Any other mixed background,Total,40
Unknown,Ethnicity,H: Indian,Unknown Clock Start,*
Unknown,Ethnicity,H: Indian,01 To 18 Weeks,70
Unknown,Ethnicity,H: Indian,18 To 52 Weeks,35
Unknown,Ethnicity,H: Indian,Over 52 Weeks,*
Unknown,Ethnicity,H: Indian,Total,110
Unknown,Ethnicity,J: Pakistani,Unknown Clock Start,*
Unknown,Ethnicity,J: Pakistani,01 To 18 Weeks,60
Unknown,Ethnicity,J: Pakistani,18 To 52 Weeks,25
Unknown,Ethnicity,J: Pakistani,Over 52 Weeks,*
Unknown,Ethnicity,J: Pakistani,Total,90
Unknown,Ethnicity,K: Bangladeshi,Unknown Clock Start,*
Unknown,Ethnicity,K: Bangladeshi,01 To 18 Weeks,30
Unknown,Ethnicity,K: Bangladeshi,18 To 52 Weeks,20
Unknown,Ethnicity,K: Bangladeshi,Over 52 Weeks,*
Unknown,Ethnicity,K: Bangladeshi,Total,60
Unknown,Ethnicity,L: Any other Asian background,Unknown Clock Start,*
Unknown,Ethnicity,L: Any other Asian background,01 To 18 Weeks,75
Unknown,Ethnicity,L: Any other Asian background,18 To 52 Weeks,15
Unknown,Ethnicity,L: Any other Asian background,Over 52 Weeks,*
Unknown,Ethnicity,L: Any other Asian background,Total,95
Unknown,Ethnicity,M: Caribbean,01 To 18 Weeks,60
Unknown,Ethnicity,M: Caribbean,18 To 52 Weeks,20
Unknown,Ethnicity,M: Caribbean,Over 52 Weeks,*
Unknown,Ethnicity,M: Caribbean,Total,85
Unknown,Ethnicity,N: African,Unknown Clock Start,*
Unknown,Ethnicity,N: African,01 To 18 Weeks,110
Unknown,Ethnicity,N: African,18 To 52 Weeks,25
Unknown,Ethnicity,N: African,Over 52 Weeks,*
Unknown,Ethnicity,N: African,Total,135
Unknown,Ethnicity,P: Any other Black background,Unknown Clock Start,*
Unknown,Ethnicity,P: Any other Black background,01 To 18 Weeks,55
Unknown,Ethnicity,P: Any other Black background,18 To 52 Weeks,20
Unknown,Ethnicity,P: Any other Black background,Over 52 Weeks,*
Unknown,Ethnicity,P: Any other Black background,Total,75
Unknown,Ethnicity,R: Chinese,01 To 18 Weeks,20
Unknown,Ethnicity,R: Chinese,18 To 52 Weeks,*
Unknown,Ethnicity,R: Chinese,Total,20
Unknown,Ethnicity,S: Any other ethnic group,Unknown Clock Start,*
Unknown,Ethnicity,S: Any other ethnic group,01 To 18 Weeks,40
Unknown,Ethnicity,S: Any other ethnic group,18 To 52 Weeks,10
Unknown,Ethnicity,S: Any other ethnic group,Over 52 Weeks,*
Unknown,Ethnicity,S: Any other ethnic group,Total,55
Unknown,Ethnicity,Z: Not stated,Unknown Clock Start,*
Unknown,Ethnicity,Z: Not stated,01 To 18 Weeks,170
Unknown,Ethnicity,Z: Not stated,18 To 52 Weeks,20
Unknown,Ethnicity,Z: Not stated,Over 52 Weeks,*
Unknown,Ethnicity,Z: Not stated,Total,195
Unknown,IMD,1,01 To 18 Weeks,490
Unknown,IMD,1,18 To 52 Weeks,70
Unknown,IMD,1,Over 52 Weeks,10
Unknown,IMD,1,Total,570
Unknown,IMD,10,Unknown Clock Start,50
Unknown,IMD,10,01 To 18 Weeks,400
Unknown,IMD,10,18 To 52 Weeks,60
Unknown,IMD,10,Over 52 Weeks,*
Unknown,IMD,10,Total,515
Unknown,IMD,2,Unknown Clock Start,*
Unknown,IMD,2,01 To 18 Weeks,460
Unknown,IMD,2,18 To 52 Weeks,90
Unknown,IMD,2,Over 52 Weeks,10
Unknown,IMD,2,Total,560
Unknown,IMD,3,Unknown Clock Start,*
Unknown,IMD,3,01 To 18 Weeks,475
Unknown,IMD,3,18 To 52 Weeks,95
Unknown,IMD,3,Over 52 Weeks,10
Unknown,IMD,3,Total,590
Unknown,IMD,4,Unknown Clock Start,10
Unknown,IMD,4,01 To 18 Weeks,530
Unknown,IMD,4,18 To 52 Weeks,105
Unknown,IMD,4,Over 52 Weeks,10
Unknown,IMD,4,Total,655
Unknown,IMD,5,Unknown Clock Start,10
Unknown,IMD,5,01 To 18 Weeks,435
Unknown,IMD,5,18 To 52 Weeks,85
Unknown,IMD,5,Over 52 Weeks,10
Unknown,IMD,5,Total,535
Unknown,IMD,6,Unknown Clock Start,10
Unknown,IMD,6,01 To 18 Weeks,420
Unknown,IMD,6,18 To 52 Weeks,60
Unknown,IMD,6,Over 52 Weeks,15
Unknown,IMD,6,Total,510
Unknown,IMD,7,Unknown Clock Start,25
Unknown,IMD,7,01 To 18 Weeks,420
Unknown,IMD,7,18 To 52 Weeks,70
Unknown,IMD,7,Over 52 Weeks,*
Unknown,IMD,7,Total,520
Unknown,IMD,8,Unknown Clock Start,30
Unknown,IMD,8,01 To 18 Weeks,455
Unknown,IMD,8,18 To 52 Weeks,60
Unknown,IMD,8,Over 52 Weeks,*
Unknown,IMD,8,Total,550
Unknown,IMD,9,Unknown Clock Start,25
Unknown,IMD,9,01 To 18 Weeks,420
Unknown,IMD,9,18 To 52 Weeks,60
Unknown,IMD,9,Over 52 Weeks,*
Unknown,IMD,9,Total,510
Unknown,Sex,Female,Unknown Clock Start,80
Unknown,Sex,Female,01 To 18 Weeks,1945
Unknown,Sex,Female,18 To 52 Weeks,440
Unknown,Sex,Female,Over 52 Weeks,55
Unknown,Sex,Female,Total,2525
Unknown,Sex,Male,Unknown Clock Start,80
Unknown,Sex,Male,01 To 18 Weeks,1845
Unknown,Sex,Male,18 To 52 Weeks,285
Unknown,Sex,Male,Over 52 Weeks,30
Unknown,Sex,Male,Total,2240
Urology Service,Age,0-18 Years,Unknown Clock Start,*
Urology Service,Age,0-18 Years,01 To 18 Weeks,5780
Urology Service,Age,0-18 Years,18 To 52 Weeks,4295
Urology Service,Age,0-18 Years,Over 52 Weeks,245
Urology Service,Age,0-18 Years,Total,10325
Urology Service,Age,19-64 Years,Unknown Clock Start,185
Urology Service,Age,19-64 Years,01 To 18 Weeks,118525
Urology Service,Age,19-64 Years,18 To 52 Weeks,85625
Urology Service,Age,19-64 Years,Over 52 Weeks,6265
Urology Service,Age,19-64 Years,Total,210600
Urology Service,Age,Over 65 Years,Unknown Clock Start,140
Urology Service,Age,Over 65 Years,01 To 18 Weeks,102010
Urology Service,Age,Over 65 Years,18 To 52 Weeks,57345
Urology Service,Age,Over 65 Years,Over 52 Weeks,3700
Urology Service,Age,Over 65 Years,Total,163200
Urology Service,Ethnicity,99: Not known,Unknown Clock Start,10
Urology Service,Ethnicity,99: Not known,01 To 18 Weeks,8910
Urology Service,Ethnicity,99: Not known,18 To 52 Weeks,4290
Urology Service,Ethnicity,99: Not known,Over 52 Weeks,245
Urology Service,Ethnicity,99: Not known,Total,13450
Urology Service,Ethnicity,A: British,Unknown Clock Start,240
Urology Service,Ethnicity,A: British,01 To 18 Weeks,166525
Urology Service,Ethnicity,A: British,18 To 52 Weeks,104485
Urology Service,Ethnicity,A: British,Over 52 Weeks,7295
Urology Service,Ethnicity,A: British,Total,278545
Urology Service,Ethnicity,B: Irish,Unknown Clock Start,*
Urology Service,Ethnicity,B: Irish,01 To 18 Weeks,1455
Urology Service,Ethnicity,B: Irish,18 To 52 Weeks,910
Urology Service,Ethnicity,B: Irish,Over 52 Weeks,50
Urology Service,Ethnicity,B: Irish,Total,2415
Urology Service,Ethnicity,C: Any other white background,Unknown Clock Start,25
Urology Service,Ethnicity,C: Any other white background,01 To 18 Weeks,12640
Urology Service,Ethnicity,C: Any other white background,18 To 52 Weeks,9540
Urology Service,Ethnicity,C: Any other white background,Over 52 Weeks,625
Urology Service,Ethnicity,C: Any other white background,Total,22830
Urology Service,Ethnicity,D: White and Black Caribbean,Unknown Clock Start,*
Urology Service,Ethnicity,D: White and Black Caribbean,01 To 18 Weeks,605
Urology Service,Ethnicity,D: White and Black Caribbean,18 To 52 Weeks,495
Urology Service,Ethnicity,D: White and Black Caribbean,Over 52 Weeks,40
Urology Service,Ethnicity,D: White and Black Caribbean,Total,1145
Urology Service,Ethnicity,E: White and Black African,01 To 18 Weeks,370
Urology Service,Ethnicity,E: White and Black African,18 To 52 Weeks,300
Urology Service,Ethnicity,E: White and Black African,Over 52 Weeks,20
Urology Service,Ethnicity,E: White and Black African,Total,690
Urology Service,Ethnicity,F: White and Asian,Unknown Clock Start,*
Urology Service,Ethnicity,F: White and Asian,01 To 18 Weeks,545
Urology Service,Ethnicity,F: White and Asian,18 To 52 Weeks,365
Urology Service,Ethnicity,F: White and Asian,Over 52 Weeks,25
Urology Service,Ethnicity,F: White and Asian,Total,935
Urology Service,Ethnicity,G: Any other mixed background,01 To 18 Weeks,1310
Urology Service,Ethnicity,G: Any other mixed background,18 To 52 Weeks,1020
Urology Service,Ethnicity,G: Any other mixed background,Over 52 Weeks,70
Urology Service,Ethnicity,G: Any other mixed background,Total,2395
Urology Service,Ethnicity,H: Indian,Unknown Clock Start,10
Urology Service,Ethnicity,H: Indian,01 To 18 Weeks,5790
Urology Service,Ethnicity,H: Indian,18 To 52 Weeks,4000
Urology Service,Ethnicity,H: Indian,Over 52 Weeks,250
Urology Service,Ethnicity,H: Indian,Total,10050
Urology Service,Ethnicity,J: Pakistani,Unknown Clock Start,*
Urology Service,Ethnicity,J: Pakistani,01 To 18 Weeks,4310
Urology Service,Ethnicity,J: Pakistani,18 To 52 Weeks,3075
Urology Service,Ethnicity,J: Pakistani,Over 52 Weeks,220
Urology Service,Ethnicity,J: Pakistani,Total,7605
Urology Service,Ethnicity,K: Bangladeshi,01 To 18 Weeks,1575
Urology Service,Ethnicity,K: Bangladeshi,18 To 52 Weeks,1160
Urology Service,Ethnicity,K: Bangladeshi,Over 52 Weeks,80
Urology Service,Ethnicity,K: Bangladeshi,Total,2815
Urology Service,Ethnicity,L: Any other Asian background,Unknown Clock Start,15
Urology Service,Ethnicity,L: Any other Asian background,01 To 18 Weeks,4595
Urology Service,Ethnicity,L: Any other Asian background,18 To 52 Weeks,3450
Urology Service,Ethnicity,L: Any other Asian background,Over 52 Weeks,205
Urology Service,Ethnicity,L: Any other Asian background,Total,8265
Urology Service,Ethnicity,M: Caribbean,Unknown Clock Start,*
Urology Service,Ethnicity,M: Caribbean,01 To 18 Weeks,2635
Urology Service,Ethnicity,M: Caribbean,18 To 52 Weeks,1855
Urology Service,Ethnicity,M: Caribbean,Over 52 Weeks,115
Urology Service,Ethnicity,M: Caribbean,Total,4610
Urology Service,Ethnicity,N: African,Unknown Clock Start,*
Urology Service,Ethnicity,N: African,01 To 18 Weeks,3880
Urology Service,Ethnicity,N: African,18 To 52 Weeks,2730
Urology Service,Ethnicity,N: African,Over 52 Weeks,190
Urology Service,Ethnicity,N: African,Total,6800
Urology Service,Ethnicity,P: Any other Black background,Unknown Clock Start,*
Urology Service,Ethnicity,P: Any other Black background,01 To 18 Weeks,2050
Urology Service,Ethnicity,P: Any other Black background,18 To 52 Weeks,1450
Urology Service,Ethnicity,P: Any other Black background,Over 52 Weeks,100
Urology Service,Ethnicity,P: Any other Black background,Total,3600
Urology Service,Ethnicity,R: Chinese,Unknown Clock Start,*
Urology Service,Ethnicity,R: Chinese,01 To 18 Weeks,735
Urology Service,Ethnicity,R: Chinese,18 To 52 Weeks,485
Urology Service,Ethnicity,R: Chinese,Over 52 Weeks,25
Urology Service,Ethnicity,R: Chinese,Total,1245
Urology Service,Ethnicity,S: Any other ethnic group,Unknown Clock Start,*
Urology Service,Ethnicity,S: Any other ethnic group,01 To 18 Weeks,2585
Urology Service,Ethnicity,S: Any other ethnic group,18 To 52 Weeks,1820
Urology Service,Ethnicity,S: Any other ethnic group,Over 52 Weeks,140
Urology Service,Ethnicity,S: Any other ethnic group,Total,4550
Urology Service,Ethnicity,Z: Not stated,Unknown Clock Start,15
Urology Service,Ethnicity,Z: Not stated,01 To 18 Weeks,10960
Urology Service,Ethnicity,Z: Not stated,18 To 52 Weeks,6855
Urology Service,Ethnicity,Z: Not stated,Over 52 Weeks,520
Urology Service,Ethnicity,Z: Not stated,Total,18350
Urology Service,IMD,1,Unknown Clock Start,25
Urology Service,IMD,1,01 To 18 Weeks,20615
Urology Service,IMD,1,18 To 52 Weeks,13905
Urology Service,IMD,1,Over 52 Weeks,1025
Urology Service,IMD,1,Total,35565
Urology Service,IMD,10,Unknown Clock Start,50
Urology Service,IMD,10,01 To 18 Weeks,20605
Urology Service,IMD,10,18 To 52 Weeks,12560
Urology Service,IMD,10,Over 52 Weeks,795
Urology Service,IMD,10,Total,34010
Urology Service,IMD,2,Unknown Clock Start,15
Urology Service,IMD,2,01 To 18 Weeks,22350
Urology Service,IMD,2,18 To 52 Weeks,15205
Urology Service,IMD,2,Over 52 Weeks,1085
Urology Service,IMD,2,Total,38660
Urology Service,IMD,3,Unknown Clock Start,30
Urology Service,IMD,3,01 To 18 Weeks,22960
Urology Service,IMD,3,18 To 52 Weeks,15530
Urology Service,IMD,3,Over 52 Weeks,1090
Urology Service,IMD,3,Total,39615
Urology Service,IMD,4,Unknown Clock Start,35
Urology Service,IMD,4,01 To 18 Weeks,23020
Urology Service,IMD,4,18 To 52 Weeks,15365
Urology Service,IMD,4,Over 52 Weeks,1080
Urology Service,IMD,4,Total,39505
Urology Service,IMD,5,Unknown Clock Start,35
Urology Service,IMD,5,01 To 18 Weeks,23210
Urology Service,IMD,5,18 To 52 Weeks,15035
Urology Service,IMD,5,Over 52 Weeks,1020
Urology Service,IMD,5,Total,39295
Urology Service,IMD,6,Unknown Clock Start,40
Urology Service,IMD,6,01 To 18 Weeks,23260
Urology Service,IMD,6,18 To 52 Weeks,14940
Urology Service,IMD,6,Over 52 Weeks,1015
Urology Service,IMD,6,Total,39255
Urology Service,IMD,7,Unknown Clock Start,40
Urology Service,IMD,7,01 To 18 Weeks,22770
Urology Service,IMD,7,18 To 52 Weeks,13995
Urology Service,IMD,7,Over 52 Weeks,900
Urology Service,IMD,7,Total,37705
Urology Service,IMD,8,Unknown Clock Start,30
Urology Service,IMD,8,01 To 18 Weeks,22795
Urology Service,IMD,8,18 To 52 Weeks,14290
Urology Service,IMD,8,Over 52 Weeks,1025
Urology Service,IMD,8,Total,38140
Urology Service,IMD,9,Unknown Clock Start,30
Urology Service,IMD,9,01 To 18 Weeks,22305
Urology Service,IMD,9,18 To 52 Weeks,13620
Urology Service,IMD,9,Over 52 Weeks,935
Urology Service,IMD,9,Total,36890
Urology Service,Sex,Female,Unknown Clock Start,90
Urology Service,Sex,Female,01 To 18 Weeks,57680
Urology Service,Sex,Female,18 To 52 Weeks,38415
Urology Service,Sex,Female,Over 52 Weeks,2565
Urology Service,Sex,Female,Total,98750
Urology Service,Sex,Male,Unknown Clock Start,240
Urology Service,Sex,Male,01 To 18 Weeks,160570
Urology Service,Sex,Male,18 To 52 Weeks,103035
Urology Service,Sex,Male,Over 52 Weeks,6900
Urology Service,Sex,Male,Total,270745
