Treatment Function Code,Metric,Category,Waiting Bands,Count
Cardiology Service,Age,0-18 Years,Unknown Clock Start,*
Cardiology Service,Age,0-18 Years,01 To 18 Weeks,4520
Cardiology Service,Age,0-18 Years,18 To 52 Weeks,2560
Cardiology Service,Age,0-18 Years,Over 52 Weeks,95
Cardiology Service,Age,0-18 Years,Total,7175
Cardiology Service,Age,19-64 Years,Unknown Clock Start,95
Cardiology Service,Age,19-64 Years,01 To 18 Weeks,117050
Cardiology Service,Age,19-64 Years,18 To 52 Weeks,72100
Cardiology Service,Age,19-64 Years,Over 52 Weeks,2950
Cardiology Service,Age,19-64 Years,Total,192195
Cardiology Service,Age,Over 65 Years,Unknown Clock Start,120
Cardiology Service,Age,Over 65 Years,01 To 18 Weeks,118385
Cardiology Service,Age,Over 65 Years,18 To 52 Weeks,66150
Cardiology Service,Age,Over 65 Years,Over 52 Weeks,2185
Cardiology Service,Age,Over 65 Years,Total,186840
Cardiology Service,Ethnicity,99: Not known,Unknown Clock Start,*
Cardiology Service,Ethnicity,99: Not known,01 To 18 Weeks,9040
Cardiology Service,Ethnicity,99: Not known,18 To 52 Weeks,3810
Cardiology Service,Ethnicity,99: Not known,Over 52 Weeks,155
Cardiology Service,Ethnicity,99: Not known,Total,13010
Cardiology Service,Ethnicity,A: British,Unknown Clock Start,185
Cardiology Service,Ethnicity,A: British,01 To 18 Weeks,173410
Cardiology Service,Ethnicity,A: British,18 To 52 Weeks,100895
Cardiology Service,Ethnicity,A: British,Over 52 Weeks,3760
Cardiology Service,Ethnicity,A: British,Total,278255
Cardiology Service,Ethnicity,B: Irish,Unknown Clock Start,*
Cardiology Service,Ethnicity,B: Irish,01 To 18 Weeks,1780
Cardiology Service,Ethnicity,B: Irish,18 To 52 Weeks,1010
Cardiology Service,Ethnicity,B: Irish,Over 52 Weeks,40
Cardiology Service,Ethnicity,B: Irish,Total,2830
Cardiology Service,Ethnicity,C: Any other white background,Unknown Clock Start,15
Cardiology Service,Ethnicity,C: Any other white background,01 To 18 Weeks,14135
Cardiology Service,Ethnicity,C: Any other white background,18 To 52 Weeks,8565
Cardiology Service,Ethnicity,C: Any other white background,Over 52 Weeks,345
Cardiology Service,Ethnicity,C: Any other white background,Total,23055
Cardiology Service,Ethnicity,D: White and Black Caribbean,01 To 18 Weeks,620
Cardiology Service,Ethnicity,D: White and Black Caribbean,18 To 52 Weeks,385
Cardiology Service,Ethnicity,D: White and Black Caribbean,Over 52 Weeks,15
Cardiology Service,Ethnicity,D: White and Black Caribbean,Total,1025
Cardiology Service,Ethnicity,E: White and Black African,Unknown Clock Start,*
Cardiology Service,Ethnicity,E: White and Black African,01 To 18 Weeks,385
Cardiology Service,Ethnicity,E: White and Black African,18 To 52 Weeks,275
Cardiology Service,Ethnicity,E: White and Black African,Over 52 Weeks,10
Cardiology Service,Ethnicity,E: White and Black African,Total,670
Cardiology Service,Ethnicity,F: White and Asian,01 To 18 Weeks,555
Cardiology Service,Ethnicity,F: White and Asian,18 To 52 Weeks,365
Cardiology Service,Ethnicity,F: White and Asian,Over 52 Weeks,15
Cardiology Service,Ethnicity,F: White and Asian,Total,940
Cardiology Service,Ethnicity,G: Any other mixed background,Unknown Clock Start,*
Cardiology Service,Ethnicity,G: Any other mixed background,01 To 18 Weeks,1330
Cardiology Service,Ethnicity,G: Any other mixed background,18 To 52 Weeks,800
Cardiology Service,Ethnicity,G: Any other mixed background,Over 52 Weeks,25
Cardiology Service,Ethnicity,G: Any other mixed background,Total,2155
Cardiology Service,Ethnicity,H: Indian,Unknown Clock Start,*
Cardiology Service,Ethnicity,H: Indian,01 To 18 Weeks,7080
Cardiology Service,Ethnicity,H: Indian,18 To 52 Weeks,4360
Cardiology Service,Ethnicity,H: Indian,Over 52 Weeks,150
Cardiology Service,Ethnicity,H: Indian,Total,11600
Cardiology Service,Ethnicity,J: Pakistani,Unknown Clock Start,*
Cardiology Service,Ethnicity,J: Pakistani,01 To 18 Weeks,5255
Cardiology Service,Ethnicity,J: Pakistani,18 To 52 Weeks,3125
Cardiology Service,Ethnicity,J: Pakistani,Over 52 Weeks,105
Cardiology Service,Ethnicity,J: Pakistani,Total,8490
Cardiology Service,Ethnicity,K: Bangladeshi,Unknown Clock Start,*
Cardiology Service,Ethnicity,K: Bangladeshi,01 To 18 Weeks,2105
Cardiology Service,Ethnicity,K: Bangladeshi,18 To 52 Weeks,1100
Cardiology Service,Ethnicity,K: Bangladeshi,Over 52 Weeks,25
Cardiology Service,Ethnicity,K: Bangladeshi,Total,3230
Cardiology Service,Ethnicity,L: Any other Asian background,Unknown Clock Start,10
Cardiology Service,Ethnicity,L: Any other Asian background,01 To 18 Weeks,5535
Cardiology Service,Ethnicity,L: Any other Asian background,18 To 52 Weeks,3180
Cardiology Service,Ethnicity,L: Any other Asian background,Over 52 Weeks,105
Cardiology Service,Ethnicity,L: Any other Asian background,Total,8830
Cardiology Service,Ethnicity,M: Caribbean,Unknown Clock Start,*
Cardiology Service,Ethnicity,M: Caribbean,01 To 18 Weeks,2860
Cardiology Service,Ethnicity,M: Caribbean,18 To 52 Weeks,1720
Cardiology Service,Ethnicity,M: Caribbean,Over 52 Weeks,70
Cardiology Service,Ethnicity,M: Caribbean,Total,4655
Cardiology Service,Ethnicity,N: African,Unknown Clock Start,*
Cardiology Service,Ethnicity,N: African,01 To 18 Weeks,4305
Cardiology Service,Ethnicity,N: African,18 To 52 Weeks,2650
Cardiology Service,Ethnicity,N: African,Over 52 Weeks,90
Cardiology Service,Ethnicity,N: African,Total,7045
Cardiology Service,Ethnicity,P: Any other Black background,Unknown Clock Start,*
Cardiology Service,Ethnicity,P: Any other Black background,01 To 18 Weeks,2010
Cardiology Service,Ethnicity,P: Any other Black background,18 To 52 Weeks,1285
Cardiology Service,Ethnicity,P: Any other Black background,Over 52 Weeks,40
Cardiology Service,Ethnicity,P: Any other Black background,Total,3340
Cardiology Service,Ethnicity,R: Chinese,Unknown Clock Start,*
Cardiology Service,Ethnicity,R: Chinese,01 To 18 Weeks,905
Cardiology Service,Ethnicity,R: Chinese,18 To 52 Weeks,570
Cardiology Service,Ethnicity,R: Chinese,Over 52 Weeks,20
Cardiology Service,Ethnicity,R: Chinese,Total,1495
Cardiology Service,Ethnicity,S: Any other ethnic group,Unknown Clock Start,*
Cardiology Service,Ethnicity,S: Any other ethnic group,01 To 18 Weeks,2605
Cardiology Service,Ethnicity,S: Any other ethnic group,18 To 52 Weeks,1515
Cardiology Service,Ethnicity,S: Any other ethnic group,Over 52 Weeks,50
Cardiology Service,Ethnicity,S: Any other ethnic group,Total,4170
Cardiology Service,Ethnicity,Z: Not stated,Unknown Clock Start,15
Cardiology Service,Ethnicity,Z: Not stated,01 To 18 Weeks,10175
Cardiology Service,Ethnicity,Z: Not stated,18 To 52 Weeks,5965
Cardiology Service,Ethnicity,Z: Not stated,Over 52 Weeks,215
Cardiology Service,Ethnicity,Z: Not stated,Total,16365
Cardiology Service,IMD,1,Unknown Clock Start,*
Cardiology Service,IMD,1,01 To 18 Weeks,20565
Cardiology Service,IMD,1,18 To 52 Weeks,11945
Cardiology Service,IMD,1,Over 52 Weeks,490
Cardiology Service,IMD,1,Total,32995
Cardiology Service,IMD,10,Unknown Clock Start,75
Cardiology Service,IMD,10,01 To 18 Weeks,23835
Cardiology Service,IMD,10,18 To 52 Weeks,13520
Cardiology Service,IMD,10,Over 52 Weeks,410
Cardiology Service,IMD,10,Total,37845
Cardiology Service,IMD,2,Unknown Clock Start,15
Cardiology Service,IMD,2,01 To 18 Weeks,22065
Cardiology Service,IMD,2,18 To 52 Weeks,13025
Cardiology Service,IMD,2,Over 52 Weeks,480
Cardiology Service,IMD,2,Total,35590
Cardiology Service,IMD,3,Unknown Clock Start,15
Cardiology Service,IMD,3,01 To 18 Weeks,23185
Cardiology Service,IMD,3,18 To 52 Weeks,13685
Cardiology Service,IMD,3,Over 52 Weeks,465
Cardiology Service,IMD,3,Total,37345
Cardiology Service,IMD,4,Unknown Clock Start,25
Cardiology Service,IMD,4,01 To 18 Weeks,23875
Cardiology Service,IMD,4,18 To 52 Weeks,14490
Cardiology Service,IMD,4,Over 52 Weeks,515
Cardiology Service,IMD,4,Total,38905
Cardiology Service,IMD,5,Unknown Clock Start,20
Cardiology Service,IMD,5,01 To 18 Weeks,24300
Cardiology Service,IMD,5,18 To 52 Weeks,14535
Cardiology Service,IMD,5,Over 52 Weeks,620
Cardiology Service,IMD,5,Total,39475
Cardiology Service,IMD,6,Unknown Clock Start,20
Cardiology Service,IMD,6,01 To 18 Weeks,24740
Cardiology Service,IMD,6,18 To 52 Weeks,14235
Cardiology Service,IMD,6,Over 52 Weeks,595
Cardiology Service,IMD,6,Total,39590
Cardiology Service,IMD,7,Unknown Clock Start,25
Cardiology Service,IMD,7,01 To 18 Weeks,24460
Cardiology Service,IMD,7,18 To 52 Weeks,14180
Cardiology Service,IMD,7,Over 52 Weeks,560
Cardiology Service,IMD,7,Total,39220
Cardiology Service,IMD,8,Unknown Clock Start,25
Cardiology Service,IMD,8,01 To 18 Weeks,24310
Cardiology Service,IMD,8,18 To 52 Weeks,14000
Cardiology Service,IMD,8,Over 52 Weeks,460
Cardiology Service,IMD,8,Total,38795
Cardiology Service,IMD,9,Unknown Clock Start,25
Cardiology Service,IMD,9,01 To 18 Weeks,24315
Cardiology Service,IMD,9,18 To 52 Weeks,13975
Cardiology Service,IMD,9,Over 52 Weeks,500
Cardiology Service,IMD,9,Total,38820
Cardiology Service,Sex,Female,Unknown Clock Start,105
Cardiology Service,Sex,Female,01 To 18 Weeks,108110
Cardiology Service,Sex,Female,18 To 52 Weeks,65690
Cardiology Service,Sex,Female,Over 52 Weeks,2480
Cardiology Service,Sex,Female,Total,176385
Cardiology Service,Sex,Male,Unknown Clock Start,105
Cardiology Service,Sex,Male,01 To 18 Weeks,115880
Cardiology Service,Sex,Male,18 To 52 Weeks,65880
Cardiology Service,Sex,Male,Over 52 Weeks,2435
Cardiology Service,Sex,Male,Total,184300
Cardiothoracic Surgery Service,Age,0-18 Years,01 To 18 Weeks,235
Cardiothoracic Surgery Service,Age,0-18 Years,18 To 52 Weeks,145
Cardiothoracic Surgery Service,Age,0-18 Years,Over 52 Weeks,15
Cardiothoracic Surgery Service,Age,0-18 Years,Total,395
Cardiothoracic Surgery Service,Age,19-64 Years,01 To 18 Weeks,4425
Cardiothoracic Surgery Service,Age,19-64 Years,18 To 52 Weeks,1850
Cardiothoracic Surgery Service,Age,19-64 Years,Over 52 Weeks,85
Cardiothoracic Surgery Service,Age,19-64 Years,Total,6360
Cardiothoracic Surgery Service,Age,Over 65 Years,01 To 18 Weeks,5505
Cardiothoracic Surgery Service,Age,Over 65 Years,18 To 52 Weeks,2180
Cardiothoracic Surgery Service,Age,Over 65 Years,Over 52 Weeks,80
Cardiothoracic Surgery Service,Age,Over 65 Years,Total,7760
Cardiothoracic Surgery Service,Ethnicity,99: Not known,01 To 18 Weeks,230
Cardiothoracic Surgery Service,Ethnicity,99: Not known,18 To 52 Weeks,80
Cardiothoracic Surgery Service,Ethnicity,99: Not known,Over 52 Weeks,*
Cardiothoracic Surgery Service,Ethnicity,99: Not known,Total,310
Cardiothoracic Surgery Service,Ethnicity,A: British,01 To 18 Weeks,7655
Cardiothoracic Surgery Service,Ethnicity,A: British,18 To 52 Weeks,3130
Cardiothoracic Surgery Service,Ethnicity,A: British,Over 52 Weeks,135
Cardiothoracic Surgery Service,Ethnicity,A: British,Total,10925
Cardiothoracic Surgery Service,Ethnicity,B: Irish,01 To 18 Weeks,75
Cardiothoracic Surgery Service,Ethnicity,B: Irish,18 To 52 Weeks,20
Cardiothoracic Surgery Service,Ethnicity,B: Irish,Over 52 Weeks,*
Cardiothoracic Surgery Service,Ethnicity,B: Irish,Total,95
Cardiothoracic Surgery Service,Ethnicity,C: Any other white background,01 To 18 Weeks,555
Cardiothoracic Surgery Service,Ethnicity,C: Any other white background,18 To 52 Weeks,225
Cardiothoracic Surgery Service,Ethnicity,C: Any other white background,Over 52 Weeks,15
Cardiothoracic Surgery Service,Ethnicity,C: Any other white background,Total,800
Cardiothoracic Surgery Service,Ethnicity,D: White and Black Caribbean,01 To 18 Weeks,20
Cardiothoracic Surgery Service,Ethnicity,D: White and Black Caribbean,18 To 52 Weeks,*
Cardiothoracic Surgery Service,Ethnicity,D: White and Black Caribbean,Total,25
Cardiothoracic Surgery Service,Ethnicity,E: White and Black African,01 To 18 Weeks,15
Cardiothoracic Surgery Service,Ethnicity,E: White and Black African,18 To 52 Weeks,10
Cardiothoracic Surgery Service,Ethnicity,E: White and Black African,Total,20
Cardiothoracic Surgery Service,Ethnicity,F: White and Asian,01 To 18 Weeks,30
Cardiothoracic Surgery Service,Ethnicity,F: White and Asian,18 To 52 Weeks,10
Cardiothoracic Surgery Service,Ethnicity,F: White and Asian,Total,40
Cardiothoracic Surgery Service,Ethnicity,G: Any other mixed background,01 To 18 Weeks,60
Cardiothoracic Surgery Service,Ethnicity,G: Any other mixed background,18 To 52 Weeks,15
Cardiothoracic Surgery Service,Ethnicity,G: Any other mixed background,Total,75
Cardiothoracic Surgery Service,Ethnicity,H: Indian,01 To 18 Weeks,250
Cardiothoracic Surgery Service,Ethnicity,H: Indian,18 To 52 Weeks,130
Cardiothoracic Surgery Service,Ethnicity,H: Indian,Over 52 Weeks,*
Cardiothoracic Surgery Service,Ethnicity,H: Indian,Total,385
Cardiothoracic Surgery Service,Ethnicity,J: Pakistani,01 To 18 Weeks,160
Cardiothoracic Surgery Service,Ethnicity,J: Pakistani,18 To 52 Weeks,80
Cardiothoracic Surgery Service,Ethnicity,J: Pakistani,Over 52 Weeks,*
Cardiothoracic Surgery Service,Ethnicity,J: Pakistani,Total,245
Cardiothoracic Surgery Service,Ethnicity,K: Bangladeshi,01 To 18 Weeks,95
Cardiothoracic Surgery Service,Ethnicity,K: Bangladeshi,18 To 52 Weeks,35
Cardiothoracic Surgery Service,Ethnicity,K: Bangladeshi,Total,130
Cardiothoracic Surgery Service,Ethnicity,L: Any other Asian background,01 To 18 Weeks,220
Cardiothoracic Surgery Service,Ethnicity,L: Any other Asian background,18 To 52 Weeks,95
Cardiothoracic Surgery Service,Ethnicity,L: Any other Asian background,Over 52 Weeks,*
Cardiothoracic Surgery Service,Ethnicity,L: Any other Asian background,Total,320
Cardiothoracic Surgery Service,Ethnicity,M: Caribbean,01 To 18 Weeks,80
Cardiothoracic Surgery Service,Ethnicity,M: Caribbean,18 To 52 Weeks,35
Cardiothoracic Surgery Service,Ethnicity,M: Caribbean,Over 52 Weeks,*
Cardiothoracic Surgery Service,Ethnicity,M: Caribbean,Total,120
Cardiothoracic Surgery Service,Ethnicity,N: African,01 To 18 Weeks,140
Cardiothoracic Surgery Service,Ethnicity,N: African,18 To 52 Weeks,65
Cardiothoracic Surgery Service,Ethnicity,N: African,Total,205
Cardiothoracic Surgery Service,Ethnicity,P: Any other Black background,01 To 18 Weeks,55
Cardiothoracic Surgery Service,Ethnicity,P: Any other Black background,18 To 52 Weeks,25
Cardiothoracic Surgery Service,Ethnicity,P: Any other Black background,Over 52 Weeks,*
Cardiothoracic Surgery Service,Ethnicity,P: Any other Black background,Total,85
Cardiothoracic Surgery Service,Ethnicity,R: Chinese,01 To 18 Weeks,40
Cardiothoracic Surgery Service,Ethnicity,R: Chinese,18 To 52 Weeks,15
Cardiothoracic Surgery Service,Ethnicity,R: Chinese,Over 52 Weeks,*
Cardiothoracic Surgery Service,Ethnicity,R: Chinese,Total,60
Cardiothoracic Surgery Service,Ethnicity,S: Any other ethnic group,01 To 18 Weeks,90
Cardiothoracic Surgery Service,Ethnicity,S: Any other ethnic group,18 To 52 Weeks,45
Cardiothoracic Surgery Service,Ethnicity,S: Any other ethnic group,Over 52 Weeks,*
Cardiothoracic Surgery Service,Ethnicity,S: Any other ethnic group,Total,140
Cardiothoracic Surgery Service,Ethnicity,Z: Not stated,01 To 18 Weeks,415
Cardiothoracic Surgery Service,Ethnicity,Z: Not stated,18 To 52 Weeks,145
Cardiothoracic Surgery Service,Ethnicity,Z: Not stated,Over 52 Weeks,*
Cardiothoracic Surgery Service,Ethnicity,Z: Not stated,Total,560
Cardiothoracic Surgery Service,IMD,1,01 To 18 Weeks,910
Cardiothoracic Surgery Service,IMD,1,18 To 52 Weeks,400
Cardiothoracic Surgery Service,IMD,1,Over 52 Weeks,30
Cardiothoracic Surgery Service,IMD,1,Total,1340
Cardiothoracic Surgery Service,IMD,10,01 To 18 Weeks,975
Cardiothoracic Surgery Service,IMD,10,18 To 52 Weeks,360
Cardiothoracic Surgery Service,IMD,10,Over 52 Weeks,15
Cardiothoracic Surgery Service,IMD,10,Total,1345
Cardiothoracic Surgery Service,IMD,2,01 To 18 Weeks,965
Cardiothoracic Surgery Service,IMD,2,18 To 52 Weeks,395
Cardiothoracic Surgery Service,IMD,2,Over 52 Weeks,20
Cardiothoracic Surgery Service,IMD,2,Total,1380
Cardiothoracic Surgery Service,IMD,3,01 To 18 Weeks,965
Cardiothoracic Surgery Service,IMD,3,18 To 52 Weeks,405
Cardiothoracic Surgery Service,IMD,3,Over 52 Weeks,15
Cardiothoracic Surgery Service,IMD,3,Total,1380
Cardiothoracic Surgery Service,IMD,4,01 To 18 Weeks,1015
Cardiothoracic Surgery Service,IMD,4,18 To 52 Weeks,445
Cardiothoracic Surgery Service,IMD,4,Over 52 Weeks,20
Cardiothoracic Surgery Service,IMD,4,Total,1480
Cardiothoracic Surgery Service,IMD,5,01 To 18 Weeks,995
Cardiothoracic Surgery Service,IMD,5,18 To 52 Weeks,445
Cardiothoracic Surgery Service,IMD,5,Over 52 Weeks,15
Cardiothoracic Surgery Service,IMD,5,Total,1460
Cardiothoracic Surgery Service,IMD,6,01 To 18 Weeks,1095
Cardiothoracic Surgery Service,IMD,6,18 To 52 Weeks,420
Cardiothoracic Surgery Service,IMD,6,Over 52 Weeks,15
Cardiothoracic Surgery Service,IMD,6,Total,1525
Cardiothoracic Surgery Service,IMD,7,01 To 18 Weeks,1050
Cardiothoracic Surgery Service,IMD,7,18 To 52 Weeks,410
Cardiothoracic Surgery Service,IMD,7,Over 52 Weeks,15
Cardiothoracic Surgery Service,IMD,7,Total,1475
Cardiothoracic Surgery Service,IMD,8,01 To 18 Weeks,1045
Cardiothoracic Surgery Service,IMD,8,18 To 52 Weeks,430
Cardiothoracic Surgery Service,IMD,8,Over 52 Weeks,10
Cardiothoracic Surgery Service,IMD,8,Total,1490
Cardiothoracic Surgery Service,IMD,9,01 To 18 Weeks,970
Cardiothoracic Surgery Service,IMD,9,18 To 52 Weeks,380
Cardiothoracic Surgery Service,IMD,9,Over 52 Weeks,25
Cardiothoracic Surgery Service,IMD,9,Total,1370
Cardiothoracic Surgery Service,Sex,Female,01 To 18 Weeks,3220
Cardiothoracic Surgery Service,Sex,Female,18 To 52 Weeks,1205
Cardiothoracic Surgery Service,Sex,Female,Over 52 Weeks,60
Cardiothoracic Surgery Service,Sex,Female,Total,4485
Cardiothoracic Surgery Service,Sex,Male,01 To 18 Weeks,5610
Cardiothoracic Surgery Service,Sex,Male,18 To 52 Weeks,2250
Cardiothoracic Surgery Service,Sex,Male,Over 52 Weeks,90
Cardiothoracic Surgery Service,Sex,Male,Total,7955
Dermatology Service,Age,0-18 Years,Unknown Clock Start,*
Dermatology Service,Age,0-18 Years,01 To 18 Weeks,15390
Dermatology Service,Age,0-18 Years,18 To 52 Weeks,13255
Dermatology Service,Age,0-18 Years,Over 52 Weeks,565
Dermatology Service,Age,0-18 Years,Total,29215
Dermatology Service,Age,19-64 Years,Unknown Clock Start,65
Dermatology Service,Age,19-64 Years,01 To 18 Weeks,116325
Dermatology Service,Age,19-64 Years,18 To 52 Weeks,89695
Dermatology Service,Age,19-64 Years,Over 52 Weeks,3995
Dermatology Service,Age,19-64 Years,Total,210085
Dermatology Service,Age,Over 65 Years,Unknown Clock Start,55
Dermatology Service,Age,Over 65 Years,01 To 18 Weeks,86705
Dermatology Service,Age,Over 65 Years,18 To 52 Weeks,48875
Dermatology Service,Age,Over 65 Years,Over 52 Weeks,1955
Dermatology Service,Age,Over 65 Years,Total,137590
Dermatology Service,Ethnicity,99: Not known,Unknown Clock Start,*
Dermatology Service,Ethnicity,99: Not known,01 To 18 Weeks,9500
Dermatology Service,Ethnicity,99: Not known,18 To 52 Weeks,5950
Dermatology Service,Ethnicity,99: Not known,Over 52 Weeks,270
Dermatology Service,Ethnicity,99: Not known,Total,15730
Dermatology Service,Ethnicity,A: British,Unknown Clock Start,100
Dermatology Service,Ethnicity,A: British,01 To 18 Weeks,161950
Dermatology Service,Ethnicity,A: British,18 To 52 Weeks,107090
Dermatology Service,Ethnicity,A: British,Over 52 Weeks,5040
Dermatology Service,Ethnicity,A: British,Total,274185
Dermatology Service,Ethnicity,B: Irish,Unknown Clock Start,*
Dermatology Service,Ethnicity,B: Irish,01 To 18 Weeks,1655
Dermatology Service,Ethnicity,B: Irish,18 To 52 Weeks,1040
Dermatology Service,Ethnicity,B: Irish,Over 52 Weeks,35
Dermatology Service,Ethnicity,B: Irish,Total,2735
Dermatology Service,Ethnicity,C: Any other white background,Unknown Clock Start,10
Dermatology Service,Ethnicity,C: Any other white background,01 To 18 Weeks,12955
Dermatology Service,Ethnicity,C: Any other white background,18 To 52 Weeks,9375
Dermatology Service,Ethnicity,C: Any other white background,Over 52 Weeks,410
Dermatology Service,Ethnicity,C: Any other white background,Total,22750
Dermatology Service,Ethnicity,D: White and Black Caribbean,01 To 18 Weeks,735
Dermatology Service,Ethnicity,D: White and Black Caribbean,18 To 52 Weeks,585
Dermatology Service,Ethnicity,D: White and Black Caribbean,Over 52 Weeks,25
Dermatology Service,Ethnicity,D: White and Black Caribbean,Total,1345
Dermatology Service,Ethnicity,E: White and Black African,01 To 18 Weeks,380
Dermatology Service,Ethnicity,E: White and Black African,18 To 52 Weeks,350
Dermatology Service,Ethnicity,E: White and Black African,Over 52 Weeks,25
Dermatology Service,Ethnicity,E: White and Black African,Total,760
Dermatology Service,Ethnicity,F: White and Asian,Unknown Clock Start,*
Dermatology Service,Ethnicity,F: White and Asian,01 To 18 Weeks,625
Dermatology Service,Ethnicity,F: White and Asian,18 To 52 Weeks,535
Dermatology Service,Ethnicity,F: White and Asian,Over 52 Weeks,25
Dermatology Service,Ethnicity,F: White and Asian,Total,1185
Dermatology Service,Ethnicity,G: Any other mixed background,01 To 18 Weeks,1445
Dermatology Service,Ethnicity,G: Any other mixed background,18 To 52 Weeks,1315
Dermatology Service,Ethnicity,G: Any other mixed background,Over 52 Weeks,70
Dermatology Service,Ethnicity,G: Any other mixed background,Total,2830
Dermatology Service,Ethnicity,H: Indian,Unknown Clock Start,*
Dermatology Service,Ethnicity,H: Indian,01 To 18 Weeks,4400
Dermatology Service,Ethnicity,H: Indian,18 To 52 Weeks,4085
Dermatology Service,Ethnicity,H: Indian,Over 52 Weeks,140
Dermatology Service,Ethnicity,H: Indian,Total,8630
Dermatology Service,Ethnicity,J: Pakistani,01 To 18 Weeks,3885
Dermatology Service,Ethnicity,J: Pakistani,18 To 52 Weeks,3625
Dermatology Service,Ethnicity,J: Pakistani,Over 52 Weeks,145
Dermatology Service,Ethnicity,J: Pakistani,Total,7655
Dermatology Service,Ethnicity,K: Bangladeshi,01 To 18 Weeks,1680
Dermatology Service,Ethnicity,K: Bangladeshi,18 To 52 Weeks,1820
Dermatology Service,Ethnicity,K: Bangladeshi,Over 52 Weeks,55
Dermatology Service,Ethnicity,K: Bangladeshi,Total,3555
Dermatology Service,Ethnicity,L: Any other Asian background,Unknown Clock Start,*
Dermatology Service,Ethnicity,L: Any other Asian background,01 To 18 Weeks,3625
Dermatology Service,Ethnicity,L: Any other Asian background,18 To 52 Weeks,3600
Dermatology Service,Ethnicity,L: Any other Asian background,Over 52 Weeks,130
Dermatology Service,Ethnicity,L: Any other Asian background,Total,7360
Dermatology Service,Ethnicity,M: Caribbean,Unknown Clock Start,*
Dermatology Service,Ethnicity,M: Caribbean,01 To 18 Weeks,1770
Dermatology Service,Ethnicity,M: Caribbean,18 To 52 Weeks,1565
Dermatology Service,Ethnicity,M: Caribbean,Over 52 Weeks,65
Dermatology Service,Ethnicity,M: Caribbean,Total,3400
Dermatology Service,Ethnicity,N: African,Unknown Clock Start,*
Dermatology Service,Ethnicity,N: African,01 To 18 Weeks,2785
Dermatology Service,Ethnicity,N: African,18 To 52 Weeks,2630
Dermatology Service,Ethnicity,N: African,Over 52 Weeks,120
Dermatology Service,Ethnicity,N: African,Total,5535
Dermatology Service,Ethnicity,P: Any other Black background,Unknown Clock Start,*
Dermatology Service,Ethnicity,P: Any other Black background,01 To 18 Weeks,1475
Dermatology Service,Ethnicity,P: Any other Black background,18 To 52 Weeks,1390
Dermatology Service,Ethnicity,P: Any other Black background,Over 52 Weeks,45
Dermatology Service,Ethnicity,P: Any other Black background,Total,2910
Dermatology Service,Ethnicity,R: Chinese,01 To 18 Weeks,850
Dermatology Service,Ethnicity,R: Chinese,18 To 52 Weeks,665
Dermatology Service,Ethnicity,R: Chinese,Over 52 Weeks,30
Dermatology Service,Ethnicity,R: Chinese,Total,1540
Dermatology Service,Ethnicity,S: Any other ethnic group,Unknown Clock Start,*
Dermatology Service,Ethnicity,S: Any other ethnic group,01 To 18 Weeks,2145
Dermatology Service,Ethnicity,S: Any other ethnic group,18 To 52 Weeks,1765
Dermatology Service,Ethnicity,S: Any other ethnic group,Over 52 Weeks,70
Dermatology Service,Ethnicity,S: Any other ethnic group,Total,3980
Dermatology Service,Ethnicity,Z: Not stated,Unknown Clock Start,*
Dermatology Service,Ethnicity,Z: Not stated,01 To 18 Weeks,11790
Dermatology Service,Ethnicity,Z: Not stated,18 To 52 Weeks,8230
Dermatology Service,Ethnicity,Z: Not stated,Over 52 Weeks,430
Dermatology Service,Ethnicity,Z: Not stated,Total,20460
Dermatology Service,IMD,1,Unknown Clock Start,*
Dermatology Service,IMD,1,01 To 18 Weeks,14990
Dermatology Service,IMD,1,18 To 52 Weeks,12335
Dermatology Service,IMD,1,Over 52 Weeks,675
Dermatology Service,IMD,1,Total,28005
Dermatology Service,IMD,10,Unknown Clock Start,35
Dermatology Service,IMD,10,01 To 18 Weeks,24985
Dermatology Service,IMD,10,18 To 52 Weeks,16850
Dermatology Service,IMD,10,Over 52 Weeks,820
Dermatology Service,IMD,10,Total,42685
Dermatology Service,IMD,2,Unknown Clock Start,*
Dermatology Service,IMD,2,01 To 18 Weeks,17520
Dermatology Service,IMD,2,18 To 52 Weeks,13575
Dermatology Service,IMD,2,Over 52 Weeks,580
Dermatology Service,IMD,2,Total,31680
Dermatology Service,IMD,3,Unknown Clock Start,10
Dermatology Service,IMD,3,01 To 18 Weeks,19585
Dermatology Service,IMD,3,18 To 52 Weeks,14475
Dermatology Service,IMD,3,Over 52 Weeks,640
Dermatology Service,IMD,3,Total,34710
Dermatology Service,IMD,4,Unknown Clock Start,15
Dermatology Service,IMD,4,01 To 18 Weeks,20875
Dermatology Service,IMD,4,18 To 52 Weeks,14800
Dermatology Service,IMD,4,Over 52 Weeks,650
Dermatology Service,IMD,4,Total,36340
Dermatology Service,IMD,5,Unknown Clock Start,10
Dermatology Service,IMD,5,01 To 18 Weeks,22115
Dermatology Service,IMD,5,18 To 52 Weeks,14845
Dermatology Service,IMD,5,Over 52 Weeks,640
Dermatology Service,IMD,5,Total,37610
Dermatology Service,IMD,6,Unknown Clock Start,10
Dermatology Service,IMD,6,01 To 18 Weeks,23500
Dermatology Service,IMD,6,18 To 52 Weeks,15645
Dermatology Service,IMD,6,Over 52 Weeks,745
Dermatology Service,IMD,6,Total,39900
Dermatology Service,IMD,7,Unknown Clock Start,15
Dermatology Service,IMD,7,01 To 18 Weeks,23575
Dermatology Service,IMD,7,18 To 52 Weeks,15795
Dermatology Service,IMD,7,Over 52 Weeks,705
Dermatology Service,IMD,7,Total,40090
Dermatology Service,IMD,8,Unknown Clock Start,15
Dermatology Service,IMD,8,01 To 18 Weeks,24110
Dermatology Service,IMD,8,18 To 52 Weeks,16095
Dermatology Service,IMD,8,Over 52 Weeks,720
Dermatology Service,IMD,8,Total,40940
Dermatology Service,IMD,9,Unknown Clock Start,20
Dermatology Service,IMD,9,01 To 18 Weeks,24800
Dermatology Service,IMD,9,18 To 52 Weeks,16785
Dermatology Service,IMD,9,Over 52 Weeks,775
Dermatology Service,IMD,9,Total,42380
Dermatology Service,Sex,Female,Unknown Clock Start,75
Dermatology Service,Sex,Female,01 To 18 Weeks,113115
Dermatology Service,Sex,Female,18 To 52 Weeks,83575
Dermatology Service,Sex,Female,Over 52 Weeks,3700
Dermatology Service,Sex,Female,Total,200465
Dermatology Service,Sex,Male,Unknown Clock Start,50
Dermatology Service,Sex,Male,01 To 18 Weeks,87280
Dermatology Service,Sex,Male,18 To 52 Weeks,59550
Dermatology Service,Sex,Male,Over 52 Weeks,2550
Dermatology Service,Sex,Male,Total,149435
Ear Nose and Throat Service,Age,0-18 Years,Unknown Clock Start,65
Ear Nose and Throat Service,Age,0-18 Years,01 To 18 Weeks,40890
Ear Nose and Throat Service,Age,0-18 Years,18 To 52 Weeks,42585
Ear Nose and Throat Service,Age,0-18 Years,Over 52 Weeks,2800
Ear Nose and Throat Service,Age,0-18 Years,Total,86340
Ear Nose and Throat Service,Age,19-64 Years,Unknown Clock Start,175
Ear Nose and Throat Service,Age,19-64 Years,01 To 18 Weeks,173655
Ear Nose and Throat Service,Age,19-64 Years,18 To 52 Weeks,151370
Ear Nose and Throat Service,Age,19-64 Years,Over 52 Weeks,10900
Ear Nose and Throat Service,Age,19-64 Years,Total,336100
Ear Nose and Throat Service,Age,Over 65 Years,Unknown Clock Start,75
Ear Nose and Throat Service,Age,Over 65 Years,01 To 18 Weeks,82455
Ear Nose and Throat Service,Age,Over 65 Years,18 To 52 Weeks,67005
Ear Nose and Throat Service,Age,Over 65 Years,Over 52 Weeks,3870
Ear Nose and Throat Service,Age,Over 65 Years,Total,153405
Ear Nose and Throat Service,Ethnicity,99: Not known,Unknown Clock Start,*
Ear Nose and Throat Service,Ethnicity,99: Not known,01 To 18 Weeks,11650
Ear Nose and Throat Service,Ethnicity,99: Not known,18 To 52 Weeks,9165
Ear Nose and Throat Service,Ethnicity,99: Not known,Over 52 Weeks,550
Ear Nose and Throat Service,Ethnicity,99: Not known,Total,21370
Ear Nose and Throat Service,Ethnicity,A: British,Unknown Clock Start,255
Ear Nose and Throat Service,Ethnicity,A: British,01 To 18 Weeks,208335
Ear Nose and Throat Service,Ethnicity,A: British,18 To 52 Weeks,175455
Ear Nose and Throat Service,Ethnicity,A: British,Over 52 Weeks,11975
Ear Nose and Throat Service,Ethnicity,A: British,Total,396020
Ear Nose and Throat Service,Ethnicity,B: Irish,01 To 18 Weeks,1610
Ear Nose and Throat Service,Ethnicity,B: Irish,18 To 52 Weeks,1335
Ear Nose and Throat Service,Ethnicity,B: Irish,Over 52 Weeks,80
Ear Nose and Throat Service,Ethnicity,B: Irish,Total,3025
Ear Nose and Throat Service,Ethnicity,C: Any other white background,Unknown Clock Start,15
Ear Nose and Throat Service,Ethnicity,C: Any other white background,01 To 18 Weeks,20470
Ear Nose and Throat Service,Ethnicity,C: Any other white background,18 To 52 Weeks,18275
Ear Nose and Throat Service,Ethnicity,C: Any other white background,Over 52 Weeks,1245
Ear Nose and Throat Service,Ethnicity,C: Any other white background,Total,40005
Ear Nose and Throat Service,Ethnicity,D: White and Black Caribbean,01 To 18 Weeks,1180
Ear Nose and Throat Service,Ethnicity,D: White and Black Caribbean,18 To 52 Weeks,1185
Ear Nose and Throat Service,Ethnicity,D: White and Black Caribbean,Over 52 Weeks,80
Ear Nose and Throat Service,Ethnicity,D: White and Black Caribbean,Total,2440
Ear Nose and Throat Service,Ethnicity,E: White and Black African,01 To 18 Weeks,670
Ear Nose and Throat Service,Ethnicity,E: White and Black African,18 To 52 Weeks,680
Ear Nose and Throat Service,Ethnicity,E: White and Black African,Over 52 Weeks,40
Ear Nose and Throat Service,Ethnicity,E: White and Black African,Total,1385
Ear Nose and Throat Service,Ethnicity,F: White and Asian,01 To 18 Weeks,1180
Ear Nose and Throat Service,Ethnicity,F: White and Asian,18 To 52 Weeks,1060
Ear Nose and Throat Service,Ethnicity,F: White and Asian,Over 52 Weeks,70
Ear Nose and Throat Service,Ethnicity,F: White and Asian,Total,2310
Ear Nose and Throat Service,Ethnicity,G: Any other mixed background,Unknown Clock Start,*
Ear Nose and Throat Service,Ethnicity,G: Any other mixed background,01 To 18 Weeks,2755
Ear Nose and Throat Service,Ethnicity,G: Any other mixed background,18 To 52 Weeks,2585
Ear Nose and Throat Service,Ethnicity,G: Any other mixed background,Over 52 Weeks,170
Ear Nose and Throat Service,Ethnicity,G: Any other mixed background,Total,5510
Ear Nose and Throat Service,Ethnicity,H: Indian,Unknown Clock Start,10
Ear Nose and Throat Service,Ethnicity,H: Indian,01 To 18 Weeks,8305
Ear Nose and Throat Service,Ethnicity,H: Indian,18 To 52 Weeks,8870
Ear Nose and Throat Service,Ethnicity,H: Indian,Over 52 Weeks,595
Ear Nose and Throat Service,Ethnicity,H: Indian,Total,17780
Ear Nose and Throat Service,Ethnicity,J: Pakistani,Unknown Clock Start,*
Ear Nose and Throat Service,Ethnicity,J: Pakistani,01 To 18 Weeks,8625
Ear Nose and Throat Service,Ethnicity,J: Pakistani,18 To 52 Weeks,7660
Ear Nose and Throat Service,Ethnicity,J: Pakistani,Over 52 Weeks,435
Ear Nose and Throat Service,Ethnicity,J: Pakistani,Total,16725
Ear Nose and Throat Service,Ethnicity,K: Bangladeshi,Unknown Clock Start,*
Ear Nose and Throat Service,Ethnicity,K: Bangladeshi,01 To 18 Weeks,3250
Ear Nose and Throat Service,Ethnicity,K: Bangladeshi,18 To 52 Weeks,2980
Ear Nose and Throat Service,Ethnicity,K: Bangladeshi,Over 52 Weeks,205
Ear Nose and Throat Service,Ethnicity,K: Bangladeshi,Total,6435
Ear Nose and Throat Service,Ethnicity,L: Any other Asian background,Unknown Clock Start,*
Ear Nose and Throat Service,Ethnicity,L: Any other Asian background,01 To 18 Weeks,7255
Ear Nose and Throat Service,Ethnicity,L: Any other Asian background,18 To 52 Weeks,6940
Ear Nose and Throat Service,Ethnicity,L: Any other Asian background,Over 52 Weeks,470
Ear Nose and Throat Service,Ethnicity,L: Any other Asian background,Total,14675
Ear Nose and Throat Service,Ethnicity,M: Caribbean,Unknown Clock Start,*
Ear Nose and Throat Service,Ethnicity,M: Caribbean,01 To 18 Weeks,2655
Ear Nose and Throat Service,Ethnicity,M: Caribbean,18 To 52 Weeks,2450
Ear Nose and Throat Service,Ethnicity,M: Caribbean,Over 52 Weeks,165
Ear Nose and Throat Service,Ethnicity,M: Caribbean,Total,5270
Ear Nose and Throat Service,Ethnicity,N: African,Unknown Clock Start,*
Ear Nose and Throat Service,Ethnicity,N: African,01 To 18 Weeks,4965
Ear Nose and Throat Service,Ethnicity,N: African,18 To 52 Weeks,4725
Ear Nose and Throat Service,Ethnicity,N: African,Over 52 Weeks,340
Ear Nose and Throat Service,Ethnicity,N: African,Total,10030
Ear Nose and Throat Service,Ethnicity,P: Any other Black background,Unknown Clock Start,*
Ear Nose and Throat Service,Ethnicity,P: Any other Black background,01 To 18 Weeks,2255
Ear Nose and Throat Service,Ethnicity,P: Any other Black background,18 To 52 Weeks,2135
Ear Nose and Throat Service,Ethnicity,P: Any other Black background,Over 52 Weeks,120
Ear Nose and Throat Service,Ethnicity,P: Any other Black background,Total,4510
Ear Nose and Throat Service,Ethnicity,R: Chinese,01 To 18 Weeks,1350
Ear Nose and Throat Service,Ethnicity,R: Chinese,18 To 52 Weeks,1100
Ear Nose and Throat Service,Ethnicity,R: Chinese,Over 52 Weeks,60
Ear Nose and Throat Service,Ethnicity,R: Chinese,Total,2505
Ear Nose and Throat Service,Ethnicity,S: Any other ethnic group,Unknown Clock Start,*
Ear Nose and Throat Service,Ethnicity,S: Any other ethnic group,01 To 18 Weeks,3850
Ear Nose and Throat Service,Ethnicity,S: Any other ethnic group,18 To 52 Weeks,3320
Ear Nose and Throat Service,Ethnicity,S: Any other ethnic group,Over 52 Weeks,200
Ear Nose and Throat Service,Ethnicity,S: Any other ethnic group,Total,7370
Ear Nose and Throat Service,Ethnicity,Z: Not stated,Unknown Clock Start,20
Ear Nose and Throat Service,Ethnicity,Z: Not stated,01 To 18 Weeks,14745
Ear Nose and Throat Service,Ethnicity,Z: Not stated,18 To 52 Weeks,11960
Ear Nose and Throat Service,Ethnicity,Z: Not stated,Over 52 Weeks,780
Ear Nose and Throat Service,Ethnicity,Z: Not stated,Total,27505
Ear Nose and Throat Service,IMD,1,Unknown Clock Start,50
Ear Nose and Throat Service,IMD,1,01 To 18 Weeks,29270
Ear Nose and Throat Service,IMD,1,18 To 52 Weeks,25875
Ear Nose and Throat Service,IMD,1,Over 52 Weeks,1845
Ear Nose and Throat Service,IMD,1,Total,57035
Ear Nose and Throat Service,IMD,10,Unknown Clock Start,20
Ear Nose and Throat Service,IMD,10,01 To 18 Weeks,26380
Ear Nose and Throat Service,IMD,10,18 To 52 Weeks,21965
Ear Nose and Throat Service,IMD,10,Over 52 Weeks,1370
Ear Nose and Throat Service,IMD,10,Total,49735
Ear Nose and Throat Service,IMD,2,Unknown Clock Start,30
Ear Nose and Throat Service,IMD,2,01 To 18 Weeks,31150
Ear Nose and Throat Service,IMD,2,18 To 52 Weeks,26950
Ear Nose and Throat Service,IMD,2,Over 52 Weeks,1845
Ear Nose and Throat Service,IMD,2,Total,59975
Ear Nose and Throat Service,IMD,3,Unknown Clock Start,25
Ear Nose and Throat Service,IMD,3,01 To 18 Weeks,30110
Ear Nose and Throat Service,IMD,3,18 To 52 Weeks,26395
Ear Nose and Throat Service,IMD,3,Over 52 Weeks,1980
Ear Nose and Throat Service,IMD,3,Total,58515
Ear Nose and Throat Service,IMD,4,Unknown Clock Start,30
Ear Nose and Throat Service,IMD,4,01 To 18 Weeks,30435
Ear Nose and Throat Service,IMD,4,18 To 52 Weeks,26485
Ear Nose and Throat Service,IMD,4,Over 52 Weeks,1800
Ear Nose and Throat Service,IMD,4,Total,58755
Ear Nose and Throat Service,IMD,5,Unknown Clock Start,40
Ear Nose and Throat Service,IMD,5,01 To 18 Weeks,29730
Ear Nose and Throat Service,IMD,5,18 To 52 Weeks,26105
Ear Nose and Throat Service,IMD,5,Over 52 Weeks,1760
Ear Nose and Throat Service,IMD,5,Total,57635
Ear Nose and Throat Service,IMD,6,Unknown Clock Start,35
Ear Nose and Throat Service,IMD,6,01 To 18 Weeks,30290
Ear Nose and Throat Service,IMD,6,18 To 52 Weeks,26295
Ear Nose and Throat Service,IMD,6,Over 52 Weeks,1720
Ear Nose and Throat Service,IMD,6,Total,58340
Ear Nose and Throat Service,IMD,7,Unknown Clock Start,35
Ear Nose and Throat Service,IMD,7,01 To 18 Weeks,29160
Ear Nose and Throat Service,IMD,7,18 To 52 Weeks,24740
Ear Nose and Throat Service,IMD,7,Over 52 Weeks,1580
Ear Nose and Throat Service,IMD,7,Total,55515
Ear Nose and Throat Service,IMD,8,Unknown Clock Start,30
Ear Nose and Throat Service,IMD,8,01 To 18 Weeks,28925
Ear Nose and Throat Service,IMD,8,18 To 52 Weeks,24565
Ear Nose and Throat Service,IMD,8,Over 52 Weeks,1610
Ear Nose and Throat Service,IMD,8,Total,55125
Ear Nose and Throat Service,IMD,9,Unknown Clock Start,20
Ear Nose and Throat Service,IMD,9,01 To 18 Weeks,28325
Ear Nose and Throat Service,IMD,9,18 To 52 Weeks,24250
Ear Nose and Throat Service,IMD,9,Over 52 Weeks,1560
Ear Nose and Throat Service,IMD,9,Total,54160
Ear Nose and Throat Service,Sex,Female,Unknown Clock Start,180
Ear Nose and Throat Service,Sex,Female,01 To 18 Weeks,151670
Ear Nose and Throat Service,Sex,Female,18 To 52 Weeks,133070
Ear Nose and Throat Service,Sex,Female,Over 52 Weeks,9000
Ear Nose and Throat Service,Sex,Female,Total,293920
Ear Nose and Throat Service,Sex,Male,Unknown Clock Start,135
Ear Nose and Throat Service,Sex,Male,01 To 18 Weeks,126495
Ear Nose and Throat Service,Sex,Male,18 To 52 Weeks,112820
Ear Nose and Throat Service,Sex,Male,Over 52 Weeks,7860
Ear Nose and Throat Service,Sex,Male,Total,247310
Elderly Medicine Service,Age,0-18 Years,01 To 18 Weeks,55
Elderly Medicine Service,Age,0-18 Years,18 To 52 Weeks,25
Elderly Medicine Service,Age,0-18 Years,Total,75
Elderly Medicine Service,Age,19-64 Years,Unknown Clock Start,*
Elderly Medicine Service,Age,19-64 Years,01 To 18 Weeks,2635
Elderly Medicine Service,Age,19-64 Years,18 To 52 Weeks,800
Elderly Medicine Service,Age,19-64 Years,Over 52 Weeks,10
Elderly Medicine Service,Age,19-64 Years,Total,3445
Elderly Medicine Service,Age,Over 65 Years,Unknown Clock Start,50
Elderly Medicine Service,Age,Over 65 Years,01 To 18 Weeks,18150
Elderly Medicine Service,Age,Over 65 Years,18 To 52 Weeks,4740
Elderly Medicine Service,Age,Over 65 Years,Over 52 Weeks,130
Elderly Medicine Service,Age,Over 65 Years,Total,23075
Elderly Medicine Service,Ethnicity,99: Not known,01 To 18 Weeks,275
Elderly Medicine Service,Ethnicity,99: Not known,18 To 52 Weeks,120
Elderly Medicine Service,Ethnicity,99: Not known,Over 52 Weeks,10
Elderly Medicine Service,Ethnicity,99: Not known,Total,405
Elderly Medicine Service,Ethnicity,A: British,Unknown Clock Start,45
Elderly Medicine Service,Ethnicity,A: British,01 To 18 Weeks,17560
Elderly Medicine Service,Ethnicity,A: British,18 To 52 Weeks,4875
Elderly Medicine Service,Ethnicity,A: British,Over 52 Weeks,120
Elderly Medicine Service,Ethnicity,A: British,Total,22605
Elderly Medicine Service,Ethnicity,B: Irish,01 To 18 Weeks,235
Elderly Medicine Service,Ethnicity,B: Irish,18 To 52 Weeks,40
Elderly Medicine Service,Ethnicity,B: Irish,Over 52 Weeks,*
Elderly Medicine Service,Ethnicity,B: Irish,Total,275
Elderly Medicine Service,Ethnicity,C: Any other white background,Unknown Clock Start,*
Elderly Medicine Service,Ethnicity,C: Any other white background,01 To 18 Weeks,660
Elderly Medicine Service,Ethnicity,C: Any other white background,18 To 52 Weeks,140
Elderly Medicine Service,Ethnicity,C: Any other white background,Over 52 Weeks,*
Elderly Medicine Service,Ethnicity,C: Any other white background,Total,800
Elderly Medicine Service,Ethnicity,D: White and Black Caribbean,01 To 18 Weeks,20
Elderly Medicine Service,Ethnicity,D: White and Black Caribbean,18 To 52 Weeks,*
Elderly Medicine Service,Ethnicity,D: White and Black Caribbean,Total,20
Elderly Medicine Service,Ethnicity,E: White and Black African,01 To 18 Weeks,10
Elderly Medicine Service,Ethnicity,E: White and Black African,18 To 52 Weeks,*
Elderly Medicine Service,Ethnicity,E: White and Black African,Total,10
Elderly Medicine Service,Ethnicity,F: White and Asian,01 To 18 Weeks,25
Elderly Medicine Service,Ethnicity,F: White and Asian,18 To 52 Weeks,*
Elderly Medicine Service,Ethnicity,F: White and Asian,Total,30
Elderly Medicine Service,Ethnicity,G: Any other mixed background,01 To 18 Weeks,45
Elderly Medicine Service,Ethnicity,G: Any other mixed background,18 To 52 Weeks,10
Elderly Medicine Service,Ethnicity,G: Any other mixed background,Total,55
Elderly Medicine Service,Ethnicity,H: Indian,Unknown Clock Start,*
Elderly Medicine Service,Ethnicity,H: Indian,01 To 18 Weeks,420
Elderly Medicine Service,Ethnicity,H: Indian,18 To 52 Weeks,75
Elderly Medicine Service,Ethnicity,H: Indian,Over 52 Weeks,*
Elderly Medicine Service,Ethnicity,H: Indian,Total,500
Elderly Medicine Service,Ethnicity,J: Pakistani,01 To 18 Weeks,195
Elderly Medicine Service,Ethnicity,J: Pakistani,18 To 52 Weeks,30
Elderly Medicine Service,Ethnicity,J: Pakistani,Total,225
Elderly Medicine Service,Ethnicity,K: Bangladeshi,01 To 18 Weeks,95
Elderly Medicine Service,Ethnicity,K: Bangladeshi,18 To 52 Weeks,10
Elderly Medicine Service,Ethnicity,K: Bangladeshi,Over 52 Weeks,*
Elderly Medicine Service,Ethnicity,K: Bangladeshi,Total,105
Elderly Medicine Service,Ethnicity,L: Any other Asian background,Unknown Clock Start,*
Elderly Medicine Service,Ethnicity,L: Any other Asian background,01 To 18 Weeks,200
Elderly Medicine Service,Ethnicity,L: Any other Asian background,18 To 52 Weeks,30
Elderly Medicine Service,Ethnicity,L: Any other Asian background,Over 52 Weeks,*
Elderly Medicine Service,Ethnicity,L: Any other Asian background,Total,230
Elderly Medicine Service,Ethnicity,M: Caribbean,01 To 18 Weeks,250
Elderly Medicine Service,Ethnicity,M: Caribbean,18 To 52 Weeks,35
Elderly Medicine Service,Ethnicity,M: Caribbean,Over 52 Weeks,*
Elderly Medicine Service,Ethnicity,M: Caribbean,Total,290
Elderly Medicine Service,Ethnicity,N: African,01 To 18 Weeks,205
Elderly Medicine Service,Ethnicity,N: African,18 To 52 Weeks,20
Elderly Medicine Service,Ethnicity,N: African,Total,225
Elderly Medicine Service,Ethnicity,P: Any other Black background,01 To 18 Weeks,90
Elderly Medicine Service,Ethnicity,P: Any other Black background,18 To 52 Weeks,10
Elderly Medicine Service,Ethnicity,P: Any other Black background,Total,100
Elderly Medicine Service,Ethnicity,R: Chinese,01 To 18 Weeks,60
Elderly Medicine Service,Ethnicity,R: Chinese,18 To 52 Weeks,10
Elderly Medicine Service,Ethnicity,R: Chinese,Total,70
Elderly Medicine Service,Ethnicity,S: Any other ethnic group,Unknown Clock Start,*
Elderly Medicine Service,Ethnicity,S: Any other ethnic group,01 To 18 Weeks,105
Elderly Medicine Service,Ethnicity,S: Any other ethnic group,18 To 52 Weeks,30
Elderly Medicine Service,Ethnicity,S: Any other ethnic group,Over 52 Weeks,*
Elderly Medicine Service,Ethnicity,S: Any other ethnic group,Total,135
Elderly Medicine Service,Ethnicity,Z: Not stated,01 To 18 Weeks,585
Elderly Medicine Service,Ethnicity,Z: Not stated,18 To 52 Weeks,125
Elderly Medicine Service,Ethnicity,Z: Not stated,Over 52 Weeks,*
Elderly Medicine Service,Ethnicity,Z: Not stated,Total,710
Elderly Medicine Service,IMD,1,Unknown Clock Start,*
Elderly Medicine Service,IMD,1,01 To 18 Weeks,1830
Elderly Medicine Service,IMD,1,18 To 52 Weeks,570
Elderly Medicine Service,IMD,1,Over 52 Weeks,*
Elderly Medicine Service,IMD,1,Total,2410
Elderly Medicine Service,IMD,10,Unknown Clock Start,15
Elderly Medicine Service,IMD,10,01 To 18 Weeks,1995
Elderly Medicine Service,IMD,10,18 To 52 Weeks,545
Elderly Medicine Service,IMD,10,Over 52 Weeks,30
Elderly Medicine Service,IMD,10,Total,2585
Elderly Medicine Service,IMD,2,01 To 18 Weeks,2110
Elderly Medicine Service,IMD,2,18 To 52 Weeks,555
Elderly Medicine Service,IMD,2,Over 52 Weeks,*
Elderly Medicine Service,IMD,2,Total,2670
Elderly Medicine Service,IMD,3,Unknown Clock Start,*
Elderly Medicine Service,IMD,3,01 To 18 Weeks,2105
Elderly Medicine Service,IMD,3,18 To 52 Weeks,525
Elderly Medicine Service,IMD,3,Over 52 Weeks,*
Elderly Medicine Service,IMD,3,Total,2635
Elderly Medicine Service,IMD,4,Unknown Clock Start,*
Elderly Medicine Service,IMD,4,01 To 18 Weeks,2105
Elderly Medicine Service,IMD,4,18 To 52 Weeks,525
Elderly Medicine Service,IMD,4,Over 52 Weeks,10
Elderly Medicine Service,IMD,4,Total,2645
Elderly Medicine Service,IMD,5,Unknown Clock Start,*
Elderly Medicine Service,IMD,5,01 To 18 Weeks,2125
Elderly Medicine Service,IMD,5,18 To 52 Weeks,550
Elderly Medicine Service,IMD,5,Over 52 Weeks,10
Elderly Medicine Service,IMD,5,Total,2685
Elderly Medicine Service,IMD,6,Unknown Clock Start,*
Elderly Medicine Service,IMD,6,01 To 18 Weeks,2070
Elderly Medicine Service,IMD,6,18 To 52 Weeks,500
Elderly Medicine Service,IMD,6,Over 52 Weeks,15
Elderly Medicine Service,IMD,6,Total,2585
Elderly Medicine Service,IMD,7,Unknown Clock Start,10
Elderly Medicine Service,IMD,7,01 To 18 Weeks,2105
Elderly Medicine Service,IMD,7,18 To 52 Weeks,590
Elderly Medicine Service,IMD,7,Over 52 Weeks,20
Elderly Medicine Service,IMD,7,Total,2720
Elderly Medicine Service,IMD,8,Unknown Clock Start,10
Elderly Medicine Service,IMD,8,01 To 18 Weeks,2130
Elderly Medicine Service,IMD,8,18 To 52 Weeks,575
Elderly Medicine Service,IMD,8,Over 52 Weeks,20
Elderly Medicine Service,IMD,8,Total,2735
Elderly Medicine Service,IMD,9,Unknown Clock Start,10
Elderly Medicine Service,IMD,9,01 To 18 Weeks,2190
Elderly Medicine Service,IMD,9,18 To 52 Weeks,560
Elderly Medicine Service,IMD,9,Over 52 Weeks,25
Elderly Medicine Service,IMD,9,Total,2785
Elderly Medicine Service,Sex,Female,Unknown Clock Start,35
Elderly Medicine Service,Sex,Female,01 To 18 Weeks,11295
Elderly Medicine Service,Sex,Female,18 To 52 Weeks,3245
Elderly Medicine Service,Sex,Female,Over 52 Weeks,90
Elderly Medicine Service,Sex,Female,Total,14665
Elderly Medicine Service,Sex,Male,Unknown Clock Start,20
Elderly Medicine Service,Sex,Male,01 To 18 Weeks,8690
Elderly Medicine Service,Sex,Male,18 To 52 Weeks,2130
Elderly Medicine Service,Sex,Male,Over 52 Weeks,45
Elderly Medicine Service,Sex,Male,Total,10885
Gastroenterology Service,Age,0-18 Years,Unknown Clock Start,*
Gastroenterology Service,Age,0-18 Years,01 To 18 Weeks,4300
Gastroenterology Service,Age,0-18 Years,18 To 52 Weeks,2585
Gastroenterology Service,Age,0-18 Years,Over 52 Weeks,105
Gastroenterology Service,Age,0-18 Years,Total,6995
Gastroenterology Service,Age,19-64 Years,Unknown Clock Start,275
Gastroenterology Service,Age,19-64 Years,01 To 18 Weeks,152370
Gastroenterology Service,Age,19-64 Years,18 To 52 Weeks,91445
Gastroenterology Service,Age,19-64 Years,Over 52 Weeks,3925
Gastroenterology Service,Age,19-64 Years,Total,248020
Gastroenterology Service,Age,Over 65 Years,Unknown Clock Start,200
Gastroenterology Service,Age,Over 65 Years,01 To 18 Weeks,83740
Gastroenterology Service,Age,Over 65 Years,18 To 52 Weeks,40905
Gastroenterology Service,Age,Over 65 Years,Over 52 Weeks,1375
Gastroenterology Service,Age,Over 65 Years,Total,126220
Gastroenterology Service,Ethnicity,99: Not known,Unknown Clock Start,*
Gastroenterology Service,Ethnicity,99: Not known,01 To 18 Weeks,9010
Gastroenterology Service,Ethnicity,99: Not known,18 To 52 Weeks,3630
Gastroenterology Service,Ethnicity,99: Not known,Over 52 Weeks,125
Gastroenterology Service,Ethnicity,99: Not known,Total,12765
Gastroenterology Service,Ethnicity,A: British,Unknown Clock Start,345
Gastroenterology Service,Ethnicity,A: British,01 To 18 Weeks,172950
Gastroenterology Service,Ethnicity,A: British,18 To 52 Weeks,96600
Gastroenterology Service,Ethnicity,A: British,Over 52 Weeks,4020
Gastroenterology Service,Ethnicity,A: British,Total,273915
Gastroenterology Service,Ethnicity,B: Irish,Unknown Clock Start,10
Gastroenterology Service,Ethnicity,B: Irish,01 To 18 Weeks,1665
Gastroenterology Service,Ethnicity,B: Irish,18 To 52 Weeks,810
Gastroenterology Service,Ethnicity,B: Irish,Over 52 Weeks,30
Gastroenterology Service,Ethnicity,B: Irish,Total,2510
Gastroenterology Service,Ethnicity,C: Any other white background,Unknown Clock Start,35
Gastroenterology Service,Ethnicity,C: Any other white background,01 To 18 Weeks,15095
Gastroenterology Service,Ethnicity,C: Any other white background,18 To 52 Weeks,8340
Gastroenterology Service,Ethnicity,C: Any other white background,Over 52 Weeks,320
Gastroenterology Service,Ethnicity,C: Any other white background,Total,23795
Gastroenterology Service,Ethnicity,D: White and Black Caribbean,Unknown Clock Start,*
Gastroenterology Service,Ethnicity,D: White and Black Caribbean,01 To 18 Weeks,710
Gastroenterology Service,Ethnicity,D: White and Black Caribbean,18 To 52 Weeks,445
Gastroenterology Service,Ethnicity,D: White and Black Caribbean,Over 52 Weeks,15
Gastroenterology Service,Ethnicity,D: White and Black Caribbean,Total,1175
Gastroenterology Service,Ethnicity,E: White and Black African,01 To 18 Weeks,445
Gastroenterology Service,Ethnicity,E: White and Black African,18 To 52 Weeks,250
Gastroenterology Service,Ethnicity,E: White and Black African,Over 52 Weeks,15
Gastroenterology Service,Ethnicity,E: White and Black African,Total,710
Gastroenterology Service,Ethnicity,F: White and Asian,Unknown Clock Start,*
Gastroenterology Service,Ethnicity,F: White and Asian,01 To 18 Weeks,640
Gastroenterology Service,Ethnicity,F: White and Asian,18 To 52 Weeks,375
Gastroenterology Service,Ethnicity,F: White and Asian,Over 52 Weeks,15
Gastroenterology Service,Ethnicity,F: White and Asian,Total,1030
Gastroenterology Service,Ethnicity,G: Any other mixed background,Unknown Clock Start,*
Gastroenterology Service,Ethnicity,G: Any other mixed background,01 To 18 Weeks,1585
Gastroenterology Service,Ethnicity,G: Any other mixed background,18 To 52 Weeks,920
Gastroenterology Service,Ethnicity,G: Any other mixed background,Over 52 Weeks,45
Gastroenterology Service,Ethnicity,G: Any other mixed background,Total,2560
Gastroenterology Service,Ethnicity,H: Indian,Unknown Clock Start,10
Gastroenterology Service,Ethnicity,H: Indian,01 To 18 Weeks,6725
Gastroenterology Service,Ethnicity,H: Indian,18 To 52 Weeks,3885
Gastroenterology Service,Ethnicity,H: Indian,Over 52 Weeks,95
Gastroenterology Service,Ethnicity,H: Indian,Total,10715
Gastroenterology Service,Ethnicity,J: Pakistani,Unknown Clock Start,10
Gastroenterology Service,Ethnicity,J: Pakistani,01 To 18 Weeks,5985
Gastroenterology Service,Ethnicity,J: Pakistani,18 To 52 Weeks,3785
Gastroenterology Service,Ethnicity,J: Pakistani,Over 52 Weeks,100
Gastroenterology Service,Ethnicity,J: Pakistani,Total,9880
Gastroenterology Service,Ethnicity,K: Bangladeshi,Unknown Clock Start,*
Gastroenterology Service,Ethnicity,K: Bangladeshi,01 To 18 Weeks,2615
Gastroenterology Service,Ethnicity,K: Bangladeshi,18 To 52 Weeks,1515
Gastroenterology Service,Ethnicity,K: Bangladeshi,Over 52 Weeks,55
Gastroenterology Service,Ethnicity,K: Bangladeshi,Total,4185
Gastroenterology Service,Ethnicity,L: Any other Asian background,Unknown Clock Start,20
Gastroenterology Service,Ethnicity,L: Any other Asian background,01 To 18 Weeks,5495
Gastroenterology Service,Ethnicity,L: Any other Asian background,18 To 52 Weeks,3075
Gastroenterology Service,Ethnicity,L: Any other Asian background,Over 52 Weeks,100
Gastroenterology Service,Ethnicity,L: Any other Asian background,Total,8690
Gastroenterology Service,Ethnicity,M: Caribbean,Unknown Clock Start,*
Gastroenterology Service,Ethnicity,M: Caribbean,01 To 18 Weeks,2590
Gastroenterology Service,Ethnicity,M: Caribbean,18 To 52 Weeks,1405
Gastroenterology Service,Ethnicity,M: Caribbean,Over 52 Weeks,45
Gastroenterology Service,Ethnicity,M: Caribbean,Total,4045
Gastroenterology Service,Ethnicity,N: African,Unknown Clock Start,*
Gastroenterology Service,Ethnicity,N: African,01 To 18 Weeks,4225
Gastroenterology Service,Ethnicity,N: African,18 To 52 Weeks,2395
Gastroenterology Service,Ethnicity,N: African,Over 52 Weeks,110
Gastroenterology Service,Ethnicity,N: African,Total,6735
Gastroenterology Service,Ethnicity,P: Any other Black background,Unknown Clock Start,*
Gastroenterology Service,Ethnicity,P: Any other Black background,01 To 18 Weeks,2005
Gastroenterology Service,Ethnicity,P: Any other Black background,18 To 52 Weeks,1160
Gastroenterology Service,Ethnicity,P: Any other Black background,Over 52 Weeks,30
Gastroenterology Service,Ethnicity,P: Any other Black background,Total,3200
Gastroenterology Service,Ethnicity,R: Chinese,Unknown Clock Start,*
Gastroenterology Service,Ethnicity,R: Chinese,01 To 18 Weeks,1110
Gastroenterology Service,Ethnicity,R: Chinese,18 To 52 Weeks,620
Gastroenterology Service,Ethnicity,R: Chinese,Over 52 Weeks,25
Gastroenterology Service,Ethnicity,R: Chinese,Total,1760
Gastroenterology Service,Ethnicity,S: Any other ethnic group,Unknown Clock Start,10
Gastroenterology Service,Ethnicity,S: Any other ethnic group,01 To 18 Weeks,2905
Gastroenterology Service,Ethnicity,S: Any other ethnic group,18 To 52 Weeks,1445
Gastroenterology Service,Ethnicity,S: Any other ethnic group,Over 52 Weeks,45
Gastroenterology Service,Ethnicity,S: Any other ethnic group,Total,4400
Gastroenterology Service,Ethnicity,Z: Not stated,Unknown Clock Start,20
Gastroenterology Service,Ethnicity,Z: Not stated,01 To 18 Weeks,10210
Gastroenterology Service,Ethnicity,Z: Not stated,18 To 52 Weeks,5090
Gastroenterology Service,Ethnicity,Z: Not stated,Over 52 Weeks,215
Gastroenterology Service,Ethnicity,Z: Not stated,Total,15535
Gastroenterology Service,IMD,1,Unknown Clock Start,*
Gastroenterology Service,IMD,1,01 To 18 Weeks,25030
Gastroenterology Service,IMD,1,18 To 52 Weeks,15050
Gastroenterology Service,IMD,1,Over 52 Weeks,575
Gastroenterology Service,IMD,1,Total,40660
Gastroenterology Service,IMD,10,Unknown Clock Start,115
Gastroenterology Service,IMD,10,01 To 18 Weeks,20430
Gastroenterology Service,IMD,10,18 To 52 Weeks,11235
Gastroenterology Service,IMD,10,Over 52 Weeks,470
Gastroenterology Service,IMD,10,Total,32250
Gastroenterology Service,IMD,2,Unknown Clock Start,15
Gastroenterology Service,IMD,2,01 To 18 Weeks,25200
Gastroenterology Service,IMD,2,18 To 52 Weeks,14485
Gastroenterology Service,IMD,2,Over 52 Weeks,550
Gastroenterology Service,IMD,2,Total,40250
Gastroenterology Service,IMD,3,Unknown Clock Start,30
Gastroenterology Service,IMD,3,01 To 18 Weeks,24895
Gastroenterology Service,IMD,3,18 To 52 Weeks,14335
Gastroenterology Service,IMD,3,Over 52 Weeks,610
Gastroenterology Service,IMD,3,Total,39875
Gastroenterology Service,IMD,4,Unknown Clock Start,50
Gastroenterology Service,IMD,4,01 To 18 Weeks,24385
Gastroenterology Service,IMD,4,18 To 52 Weeks,13465
Gastroenterology Service,IMD,4,Over 52 Weeks,505
Gastroenterology Service,IMD,4,Total,38405
Gastroenterology Service,IMD,5,Unknown Clock Start,25
Gastroenterology Service,IMD,5,01 To 18 Weeks,23940
Gastroenterology Service,IMD,5,18 To 52 Weeks,13120
Gastroenterology Service,IMD,5,Over 52 Weeks,515
Gastroenterology Service,IMD,5,Total,37595
Gastroenterology Service,IMD,6,Unknown Clock Start,35
Gastroenterology Service,IMD,6,01 To 18 Weeks,24250
Gastroenterology Service,IMD,6,18 To 52 Weeks,12865
Gastroenterology Service,IMD,6,Over 52 Weeks,490
Gastroenterology Service,IMD,6,Total,37645
Gastroenterology Service,IMD,7,Unknown Clock Start,65
Gastroenterology Service,IMD,7,01 To 18 Weeks,22830
Gastroenterology Service,IMD,7,18 To 52 Weeks,12705
Gastroenterology Service,IMD,7,Over 52 Weeks,545
Gastroenterology Service,IMD,7,Total,36140
Gastroenterology Service,IMD,8,Unknown Clock Start,60
Gastroenterology Service,IMD,8,01 To 18 Weeks,23300
Gastroenterology Service,IMD,8,18 To 52 Weeks,12485
Gastroenterology Service,IMD,8,Over 52 Weeks,535
Gastroenterology Service,IMD,8,Total,36380
Gastroenterology Service,IMD,9,Unknown Clock Start,90
Gastroenterology Service,IMD,9,01 To 18 Weeks,22420
Gastroenterology Service,IMD,9,18 To 52 Weeks,12065
Gastroenterology Service,IMD,9,Over 52 Weeks,470
Gastroenterology Service,IMD,9,Total,35050
Gastroenterology Service,Sex,Female,Unknown Clock Start,290
Gastroenterology Service,Sex,Female,01 To 18 Weeks,129285
Gastroenterology Service,Sex,Female,18 To 52 Weeks,74910
Gastroenterology Service,Sex,Female,Over 52 Weeks,2925
Gastroenterology Service,Sex,Female,Total,207415
Gastroenterology Service,Sex,Male,Unknown Clock Start,190
Gastroenterology Service,Sex,Male,01 To 18 Weeks,97685
Gastroenterology Service,Sex,Male,18 To 52 Weeks,52120
Gastroenterology Service,Sex,Male,Over 52 Weeks,1850
Gastroenterology Service,Sex,Male,Total,151850
General Internal Medicine Service,Age,0-18 Years,Unknown Clock Start,*
General Internal Medicine Service,Age,0-18 Years,01 To 18 Weeks,280
General Internal Medicine Service,Age,0-18 Years,18 To 52 Weeks,110
General Internal Medicine Service,Age,0-18 Years,Over 52 Weeks,*
General Internal Medicine Service,Age,0-18 Years,Total,395
General Internal Medicine Service,Age,19-64 Years,Unknown Clock Start,25
General Internal Medicine Service,Age,19-64 Years,01 To 18 Weeks,9955
General Internal Medicine Service,Age,19-64 Years,18 To 52 Weeks,5830
General Internal Medicine Service,Age,19-64 Years,Over 52 Weeks,210
General Internal Medicine Service,Age,19-64 Years,Total,16025
General Internal Medicine Service,Age,Over 65 Years,Unknown Clock Start,25
General Internal Medicine Service,Age,Over 65 Years,01 To 18 Weeks,7610
General Internal Medicine Service,Age,Over 65 Years,18 To 52 Weeks,3215
General Internal Medicine Service,Age,Over 65 Years,Over 52 Weeks,85
General Internal Medicine Service,Age,Over 65 Years,Total,10935
General Internal Medicine Service,Ethnicity,99: Not known,01 To 18 Weeks,540
General Internal Medicine Service,Ethnicity,99: Not known,18 To 52 Weeks,415
General Internal Medicine Service,Ethnicity,99: Not known,Over 52 Weeks,15
General Internal Medicine Service,Ethnicity,99: Not known,Total,965
General Internal Medicine Service,Ethnicity,A: British,Unknown Clock Start,45
General Internal Medicine Service,Ethnicity,A: British,01 To 18 Weeks,12850
General Internal Medicine Service,Ethnicity,A: British,18 To 52 Weeks,6000
General Internal Medicine Service,Ethnicity,A: British,Over 52 Weeks,200
General Internal Medicine Service,Ethnicity,A: British,Total,19095
General Internal Medicine Service,Ethnicity,B: Irish,01 To 18 Weeks,120
General Internal Medicine Service,Ethnicity,B: Irish,18 To 52 Weeks,50
General Internal Medicine Service,Ethnicity,B: Irish,Over 52 Weeks,*
General Internal Medicine Service,Ethnicity,B: Irish,Total,175
General Internal Medicine Service,Ethnicity,C: Any other white background,Unknown Clock Start,*
General Internal Medicine Service,Ethnicity,C: Any other white background,01 To 18 Weeks,1145
General Internal Medicine Service,Ethnicity,C: Any other white background,18 To 52 Weeks,830
General Internal Medicine Service,Ethnicity,C: Any other white background,Over 52 Weeks,30
General Internal Medicine Service,Ethnicity,C: Any other white background,Total,2010
General Internal Medicine Service,Ethnicity,D: White and Black Caribbean,01 To 18 Weeks,70
General Internal Medicine Service,Ethnicity,D: White and Black Caribbean,18 To 52 Weeks,45
General Internal Medicine Service,Ethnicity,D: White and Black Caribbean,Over 52 Weeks,*
General Internal Medicine Service,Ethnicity,D: White and Black Caribbean,Total,115
General Internal Medicine Service,Ethnicity,E: White and Black African,01 To 18 Weeks,40
General Internal Medicine Service,Ethnicity,E: White and Black African,18 To 52 Weeks,25
General Internal Medicine Service,Ethnicity,E: White and Black African,Over 52 Weeks,*
General Internal Medicine Service,Ethnicity,E: White and Black African,Total,70
General Internal Medicine Service,Ethnicity,F: White and Asian,01 To 18 Weeks,40
General Internal Medicine Service,Ethnicity,F: White and Asian,18 To 52 Weeks,30
General Internal Medicine Service,Ethnicity,F: White and Asian,Over 52 Weeks,*
General Internal Medicine Service,Ethnicity,F: White and Asian,Total,75
General Internal Medicine Service,Ethnicity,G: Any other mixed background,01 To 18 Weeks,130
General Internal Medicine Service,Ethnicity,G: Any other mixed background,18 To 52 Weeks,70
General Internal Medicine Service,Ethnicity,G: Any other mixed background,Over 52 Weeks,*
General Internal Medicine Service,Ethnicity,G: Any other mixed background,Total,205
General Internal Medicine Service,Ethnicity,H: Indian,Unknown Clock Start,*
General Internal Medicine Service,Ethnicity,H: Indian,01 To 18 Weeks,415
General Internal Medicine Service,Ethnicity,H: Indian,18 To 52 Weeks,245
General Internal Medicine Service,Ethnicity,H: Indian,Over 52 Weeks,10
General Internal Medicine Service,Ethnicity,H: Indian,Total,670
General Internal Medicine Service,Ethnicity,J: Pakistani,01 To 18 Weeks,295
General Internal Medicine Service,Ethnicity,J: Pakistani,18 To 52 Weeks,120
General Internal Medicine Service,Ethnicity,J: Pakistani,Total,415
General Internal Medicine Service,Ethnicity,K: Bangladeshi,01 To 18 Weeks,150
General Internal Medicine Service,Ethnicity,K: Bangladeshi,18 To 52 Weeks,105
General Internal Medicine Service,Ethnicity,K: Bangladeshi,Over 52 Weeks,*
General Internal Medicine Service,Ethnicity,K: Bangladeshi,Total,255
General Internal Medicine Service,Ethnicity,L: Any other Asian background,Unknown Clock Start,*
General Internal Medicine Service,Ethnicity,L: Any other Asian background,01 To 18 Weeks,375
General Internal Medicine Service,Ethnicity,L: Any other Asian background,18 To 52 Weeks,255
General Internal Medicine Service,Ethnicity,L: Any other Asian background,Over 52 Weeks,10
General Internal Medicine Service,Ethnicity,L: Any other Asian background,Total,645
General Internal Medicine Service,Ethnicity,M: Caribbean,01 To 18 Weeks,245
General Internal Medicine Service,Ethnicity,M: Caribbean,18 To 52 Weeks,170
General Internal Medicine Service,Ethnicity,M: Caribbean,Over 52 Weeks,*
General Internal Medicine Service,Ethnicity,M: Caribbean,Total,420
General Internal Medicine Service,Ethnicity,N: African,Unknown Clock Start,*
General Internal Medicine Service,Ethnicity,N: African,01 To 18 Weeks,405
General Internal Medicine Service,Ethnicity,N: African,18 To 52 Weeks,200
General Internal Medicine Service,Ethnicity,N: African,Over 52 Weeks,*
General Internal Medicine Service,Ethnicity,N: African,Total,610
General Internal Medicine Service,Ethnicity,P: Any other Black background,01 To 18 Weeks,195
General Internal Medicine Service,Ethnicity,P: Any other Black background,18 To 52 Weeks,140
General Internal Medicine Service,Ethnicity,P: Any other Black background,Over 52 Weeks,*
General Internal Medicine Service,Ethnicity,P: Any other Black background,Total,335
General Internal Medicine Service,Ethnicity,R: Chinese,01 To 18 Weeks,80
General Internal Medicine Service,Ethnicity,R: Chinese,18 To 52 Weeks,55
General Internal Medicine Service,Ethnicity,R: Chinese,Over 52 Weeks,*
General Internal Medicine Service,Ethnicity,R: Chinese,Total,140
General Internal Medicine Service,Ethnicity,S: Any other ethnic group,01 To 18 Weeks,215
General Internal Medicine Service,Ethnicity,S: Any other ethnic group,18 To 52 Weeks,115
General Internal Medicine Service,Ethnicity,S: Any other ethnic group,Over 52 Weeks,*
General Internal Medicine Service,Ethnicity,S: Any other ethnic group,Total,330
General Internal Medicine Service,Ethnicity,Z: Not stated,Unknown Clock Start,*
General Internal Medicine Service,Ethnicity,Z: Not stated,01 To 18 Weeks,650
General Internal Medicine Service,Ethnicity,Z: Not stated,18 To 52 Weeks,290
General Internal Medicine Service,Ethnicity,Z: Not stated,Over 52 Weeks,20
General Internal Medicine Service,Ethnicity,Z: Not stated,Total,965
General Internal Medicine Service,IMD,1,Unknown Clock Start,*
General Internal Medicine Service,IMD,1,01 To 18 Weeks,1335
General Internal Medicine Service,IMD,1,18 To 52 Weeks,495
General Internal Medicine Service,IMD,1,Over 52 Weeks,*
General Internal Medicine Service,IMD,1,Total,1840
General Internal Medicine Service,IMD,10,Unknown Clock Start,20
General Internal Medicine Service,IMD,10,01 To 18 Weeks,1690
General Internal Medicine Service,IMD,10,18 To 52 Weeks,740
General Internal Medicine Service,IMD,10,Over 52 Weeks,55
General Internal Medicine Service,IMD,10,Total,2505
General Internal Medicine Service,IMD,2,01 To 18 Weeks,1660
General Internal Medicine Service,IMD,2,18 To 52 Weeks,890
General Internal Medicine Service,IMD,2,Over 52 Weeks,20
General Internal Medicine Service,IMD,2,Total,2570
General Internal Medicine Service,IMD,3,Unknown Clock Start,*
General Internal Medicine Service,IMD,3,01 To 18 Weeks,1765
General Internal Medicine Service,IMD,3,18 To 52 Weeks,1090
General Internal Medicine Service,IMD,3,Over 52 Weeks,35
General Internal Medicine Service,IMD,3,Total,2890
General Internal Medicine Service,IMD,4,Unknown Clock Start,*
General Internal Medicine Service,IMD,4,01 To 18 Weeks,1850
General Internal Medicine Service,IMD,4,18 To 52 Weeks,1045
General Internal Medicine Service,IMD,4,Over 52 Weeks,20
General Internal Medicine Service,IMD,4,Total,2925
General Internal Medicine Service,IMD,5,Unknown Clock Start,*
General Internal Medicine Service,IMD,5,01 To 18 Weeks,1940
General Internal Medicine Service,IMD,5,18 To 52 Weeks,1005
General Internal Medicine Service,IMD,5,Over 52 Weeks,35
General Internal Medicine Service,IMD,5,Total,2985
General Internal Medicine Service,IMD,6,01 To 18 Weeks,1840
General Internal Medicine Service,IMD,6,18 To 52 Weeks,1015
General Internal Medicine Service,IMD,6,Over 52 Weeks,20
General Internal Medicine Service,IMD,6,Total,2880
General Internal Medicine Service,IMD,7,Unknown Clock Start,*
General Internal Medicine Service,IMD,7,01 To 18 Weeks,1865
General Internal Medicine Service,IMD,7,18 To 52 Weeks,900
General Internal Medicine Service,IMD,7,Over 52 Weeks,40
General Internal Medicine Service,IMD,7,Total,2810
General Internal Medicine Service,IMD,8,Unknown Clock Start,10
General Internal Medicine Service,IMD,8,01 To 18 Weeks,1805
General Internal Medicine Service,IMD,8,18 To 52 Weeks,895
General Internal Medicine Service,IMD,8,Over 52 Weeks,35
General Internal Medicine Service,IMD,8,Total,2750
General Internal Medicine Service,IMD,9,Unknown Clock Start,*
General Internal Medicine Service,IMD,9,01 To 18 Weeks,1760
General Internal Medicine Service,IMD,9,18 To 52 Weeks,855
General Internal Medicine Service,IMD,9,Over 52 Weeks,40
General Internal Medicine Service,IMD,9,Total,2660
General Internal Medicine Service,Sex,Female,Unknown Clock Start,30
General Internal Medicine Service,Sex,Female,01 To 18 Weeks,9160
General Internal Medicine Service,Sex,Female,18 To 52 Weeks,4065
General Internal Medicine Service,Sex,Female,Over 52 Weeks,160
General Internal Medicine Service,Sex,Female,Total,13415
General Internal Medicine Service,Sex,Male,Unknown Clock Start,20
General Internal Medicine Service,Sex,Male,01 To 18 Weeks,6050
General Internal Medicine Service,Sex,Male,18 To 52 Weeks,2480
General Internal Medicine Service,Sex,Male,Over 52 Weeks,115
General Internal Medicine Service,Sex,Male,Total,8665
General Surgery Service,Age,0-18 Years,Unknown Clock Start,*
General Surgery Service,Age,0-18 Years,01 To 18 Weeks,2085
General Surgery Service,Age,0-18 Years,18 To 52 Weeks,1410
General Surgery Service,Age,0-18 Years,Over 52 Weeks,80
General Surgery Service,Age,0-18 Years,Total,3580
General Surgery Service,Age,19-64 Years,Unknown Clock Start,300
General Surgery Service,Age,19-64 Years,01 To 18 Weeks,113160
General Surgery Service,Age,19-64 Years,18 To 52 Weeks,85010
General Surgery Service,Age,19-64 Years,Over 52 Weeks,5840
General Surgery Service,Age,19-64 Years,Total,204310
General Surgery Service,Age,Over 65 Years,Unknown Clock Start,235
General Surgery Service,Age,Over 65 Years,01 To 18 Weeks,61950
General Surgery Service,Age,Over 65 Years,18 To 52 Weeks,42605
General Surgery Service,Age,Over 65 Years,Over 52 Weeks,2755
General Surgery Service,Age,Over 65 Years,Total,107545
General Surgery Service,Ethnicity,99: Not known,Unknown Clock Start,*
General Surgery Service,Ethnicity,99: Not known,01 To 18 Weeks,4145
General Surgery Service,Ethnicity,99: Not known,18 To 52 Weeks,3075
General Surgery Service,Ethnicity,99: Not known,Over 52 Weeks,170
General Surgery Service,Ethnicity,99: Not known,Total,7400
General Surgery Service,Ethnicity,A: British,Unknown Clock Start,400
General Surgery Service,Ethnicity,A: British,01 To 18 Weeks,128365
General Surgery Service,Ethnicity,A: British,18 To 52 Weeks,90385
General Surgery Service,Ethnicity,A: British,Over 52 Weeks,6150
General Surgery Service,Ethnicity,A: British,Total,225305
General Surgery Service,Ethnicity,B: Irish,Unknown Clock Start,*
General Surgery Service,Ethnicity,B: Irish,01 To 18 Weeks,1085
General Surgery Service,Ethnicity,B: Irish,18 To 52 Weeks,735
General Surgery Service,Ethnicity,B: Irish,Over 52 Weeks,55
General Surgery Service,Ethnicity,B: Irish,Total,1885
General Surgery Service,Ethnicity,C: Any other white background,Unknown Clock Start,35
General Surgery Service,Ethnicity,C: Any other white background,01 To 18 Weeks,11850
General Surgery Service,Ethnicity,C: Any other white background,18 To 52 Weeks,9175
General Surgery Service,Ethnicity,C: Any other white background,Over 52 Weeks,660
General Surgery Service,Ethnicity,C: Any other white background,Total,21720
General Surgery Service,Ethnicity,D: White and Black Caribbean,Unknown Clock Start,*
General Surgery Service,Ethnicity,D: White and Black Caribbean,01 To 18 Weeks,560
General Surgery Service,Ethnicity,D: White and Black Caribbean,18 To 52 Weeks,460
General Surgery Service,Ethnicity,D: White and Black Caribbean,Over 52 Weeks,25
General Surgery Service,Ethnicity,D: White and Black Caribbean,Total,1040
General Surgery Service,Ethnicity,E: White and Black African,Unknown Clock Start,*
General Surgery Service,Ethnicity,E: White and Black African,01 To 18 Weeks,305
General Surgery Service,Ethnicity,E: White and Black African,18 To 52 Weeks,250
General Surgery Service,Ethnicity,E: White and Black African,Over 52 Weeks,15
General Surgery Service,Ethnicity,E: White and Black African,Total,570
General Surgery Service,Ethnicity,F: White and Asian,01 To 18 Weeks,400
General Surgery Service,Ethnicity,F: White and Asian,18 To 52 Weeks,300
General Surgery Service,Ethnicity,F: White and Asian,Over 52 Weeks,15
General Surgery Service,Ethnicity,F: White and Asian,Total,715
General Surgery Service,Ethnicity,G: Any other mixed background,Unknown Clock Start,*
General Surgery Service,Ethnicity,G: Any other mixed background,01 To 18 Weeks,1085
General Surgery Service,Ethnicity,G: Any other mixed background,18 To 52 Weeks,900
General Surgery Service,Ethnicity,G: Any other mixed background,Over 52 Weeks,55
General Surgery Service,Ethnicity,G: Any other mixed background,Total,2040
General Surgery Service,Ethnicity,H: Indian,Unknown Clock Start,10
General Surgery Service,Ethnicity,H: Indian,01 To 18 Weeks,4385
General Surgery Service,Ethnicity,H: Indian,18 To 52 Weeks,3675
General Surgery Service,Ethnicity,H: Indian,Over 52 Weeks,195
General Surgery Service,Ethnicity,H: Indian,Total,8265
General Surgery Service,Ethnicity,J: Pakistani,Unknown Clock Start,*
General Surgery Service,Ethnicity,J: Pakistani,01 To 18 Weeks,3855
General Surgery Service,Ethnicity,J: Pakistani,18 To 52 Weeks,3025
General Surgery Service,Ethnicity,J: Pakistani,Over 52 Weeks,135
General Surgery Service,Ethnicity,J: Pakistani,Total,7020
General Surgery Service,Ethnicity,K: Bangladeshi,Unknown Clock Start,*
General Surgery Service,Ethnicity,K: Bangladeshi,01 To 18 Weeks,1680
General Surgery Service,Ethnicity,K: Bangladeshi,18 To 52 Weeks,1330
General Surgery Service,Ethnicity,K: Bangladeshi,Over 52 Weeks,85
General Surgery Service,Ethnicity,K: Bangladeshi,Total,3095
General Surgery Service,Ethnicity,L: Any other Asian background,Unknown Clock Start,25
General Surgery Service,Ethnicity,L: Any other Asian background,01 To 18 Weeks,3615
General Surgery Service,Ethnicity,L: Any other Asian background,18 To 52 Weeks,2910
General Surgery Service,Ethnicity,L: Any other Asian background,Over 52 Weeks,210
General Surgery Service,Ethnicity,L: Any other Asian background,Total,6760
General Surgery Service,Ethnicity,M: Caribbean,Unknown Clock Start,*
General Surgery Service,Ethnicity,M: Caribbean,01 To 18 Weeks,1965
General Surgery Service,Ethnicity,M: Caribbean,18 To 52 Weeks,1695
General Surgery Service,Ethnicity,M: Caribbean,Over 52 Weeks,110
General Surgery Service,Ethnicity,M: Caribbean,Total,3775
General Surgery Service,Ethnicity,N: African,Unknown Clock Start,*
General Surgery Service,Ethnicity,N: African,01 To 18 Weeks,3210
General Surgery Service,Ethnicity,N: African,18 To 52 Weeks,2780
General Surgery Service,Ethnicity,N: African,Over 52 Weeks,205
General Surgery Service,Ethnicity,N: African,Total,6200
General Surgery Service,Ethnicity,P: Any other Black background,Unknown Clock Start,*
General Surgery Service,Ethnicity,P: Any other Black background,01 To 18 Weeks,1550
General Surgery Service,Ethnicity,P: Any other Black background,18 To 52 Weeks,1325
General Surgery Service,Ethnicity,P: Any other Black background,Over 52 Weeks,90
General Surgery Service,Ethnicity,P: Any other Black background,Total,2975
General Surgery Service,Ethnicity,R: Chinese,Unknown Clock Start,*
General Surgery Service,Ethnicity,R: Chinese,01 To 18 Weeks,610
General Surgery Service,Ethnicity,R: Chinese,18 To 52 Weeks,520
General Surgery Service,Ethnicity,R: Chinese,Over 52 Weeks,40
General Surgery Service,Ethnicity,R: Chinese,Total,1175
General Surgery Service,Ethnicity,S: Any other ethnic group,Unknown Clock Start,*
General Surgery Service,Ethnicity,S: Any other ethnic group,01 To 18 Weeks,1980
General Surgery Service,Ethnicity,S: Any other ethnic group,18 To 52 Weeks,1570
General Surgery Service,Ethnicity,S: Any other ethnic group,Over 52 Weeks,105
General Surgery Service,Ethnicity,S: Any other ethnic group,Total,3665
General Surgery Service,Ethnicity,Z: Not stated,Unknown Clock Start,35
General Surgery Service,Ethnicity,Z: Not stated,01 To 18 Weeks,8320
General Surgery Service,Ethnicity,Z: Not stated,18 To 52 Weeks,5425
General Surgery Service,Ethnicity,Z: Not stated,Over 52 Weeks,355
General Surgery Service,Ethnicity,Z: Not stated,Total,14135
General Surgery Service,IMD,1,Unknown Clock Start,30
General Surgery Service,IMD,1,01 To 18 Weeks,16925
General Surgery Service,IMD,1,18 To 52 Weeks,12340
General Surgery Service,IMD,1,Over 52 Weeks,720
General Surgery Service,IMD,1,Total,30015
General Surgery Service,IMD,10,Unknown Clock Start,85
General Surgery Service,IMD,10,01 To 18 Weeks,15300
General Surgery Service,IMD,10,18 To 52 Weeks,9960
General Surgery Service,IMD,10,Over 52 Weeks,645
General Surgery Service,IMD,10,Total,25985
General Surgery Service,IMD,2,Unknown Clock Start,30
General Surgery Service,IMD,2,01 To 18 Weeks,18640
General Surgery Service,IMD,2,18 To 52 Weeks,14565
General Surgery Service,IMD,2,Over 52 Weeks,1005
General Surgery Service,IMD,2,Total,34240
General Surgery Service,IMD,3,Unknown Clock Start,50
General Surgery Service,IMD,3,01 To 18 Weeks,18685
General Surgery Service,IMD,3,18 To 52 Weeks,14335
General Surgery Service,IMD,3,Over 52 Weeks,1000
General Surgery Service,IMD,3,Total,34070
General Surgery Service,IMD,4,Unknown Clock Start,60
General Surgery Service,IMD,4,01 To 18 Weeks,17795
General Surgery Service,IMD,4,18 To 52 Weeks,13465
General Surgery Service,IMD,4,Over 52 Weeks,940
General Surgery Service,IMD,4,Total,32260
General Surgery Service,IMD,5,Unknown Clock Start,45
General Surgery Service,IMD,5,01 To 18 Weeks,18160
General Surgery Service,IMD,5,18 To 52 Weeks,13320
General Surgery Service,IMD,5,Over 52 Weeks,940
General Surgery Service,IMD,5,Total,32465
General Surgery Service,IMD,6,Unknown Clock Start,45
General Surgery Service,IMD,6,01 To 18 Weeks,17885
General Surgery Service,IMD,6,18 To 52 Weeks,12905
General Surgery Service,IMD,6,Over 52 Weeks,845
General Surgery Service,IMD,6,Total,31675
General Surgery Service,IMD,7,Unknown Clock Start,75
General Surgery Service,IMD,7,01 To 18 Weeks,17225
General Surgery Service,IMD,7,18 To 52 Weeks,12210
General Surgery Service,IMD,7,Over 52 Weeks,800
General Surgery Service,IMD,7,Total,30310
General Surgery Service,IMD,8,Unknown Clock Start,60
General Surgery Service,IMD,8,01 To 18 Weeks,17430
General Surgery Service,IMD,8,18 To 52 Weeks,12180
General Surgery Service,IMD,8,Over 52 Weeks,830
General Surgery Service,IMD,8,Total,30500
General Surgery Service,IMD,9,Unknown Clock Start,60
General Surgery Service,IMD,9,01 To 18 Weeks,16240
General Surgery Service,IMD,9,18 To 52 Weeks,11095
General Surgery Service,IMD,9,Over 52 Weeks,775
General Surgery Service,IMD,9,Total,28170
General Surgery Service,Sex,Female,Unknown Clock Start,255
General Surgery Service,Sex,Female,01 To 18 Weeks,83685
General Surgery Service,Sex,Female,18 To 52 Weeks,58240
General Surgery Service,Sex,Female,Over 52 Weeks,3785
General Surgery Service,Sex,Female,Total,145960
General Surgery Service,Sex,Male,Unknown Clock Start,275
General Surgery Service,Sex,Male,01 To 18 Weeks,87800
General Surgery Service,Sex,Male,18 To 52 Weeks,63325
General Surgery Service,Sex,Male,Over 52 Weeks,4185
General Surgery Service,Sex,Male,Total,155585
Gynaecology Service,Age,0-18 Years,Unknown Clock Start,*
Gynaecology Service,Age,0-18 Years,01 To 18 Weeks,7685
Gynaecology Service,Age,0-18 Years,18 To 52 Weeks,5975
Gynaecology Service,Age,0-18 Years,Over 52 Weeks,290
Gynaecology Service,Age,0-18 Years,Total,13955
Gynaecology Service,Age,19-64 Years,Unknown Clock Start,795
Gynaecology Service,Age,19-64 Years,01 To 18 Weeks,262100
Gynaecology Service,Age,19-64 Years,18 To 52 Weeks,199470
Gynaecology Service,Age,19-64 Years,Over 52 Weeks,13750
Gynaecology Service,Age,19-64 Years,Total,476115
Gynaecology Service,Age,Over 65 Years,Unknown Clock Start,95
Gynaecology Service,Age,Over 65 Years,01 To 18 Weeks,35060
Gynaecology Service,Age,Over 65 Years,18 To 52 Weeks,24380
Gynaecology Service,Age,Over 65 Years,Over 52 Weeks,1600
Gynaecology Service,Age,Over 65 Years,Total,61135
Gynaecology Service,Ethnicity,99: Not known,01 To 18 Weeks,12650
Gynaecology Service,Ethnicity,99: Not known,18 To 52 Weeks,7640
Gynaecology Service,Ethnicity,99: Not known,Over 52 Weeks,400
Gynaecology Service,Ethnicity,99: Not known,Total,20690
Gynaecology Service,Ethnicity,A: British,Unknown Clock Start,745
Gynaecology Service,Ethnicity,A: British,01 To 18 Weeks,202515
Gynaecology Service,Ethnicity,A: British,18 To 52 Weeks,151430
Gynaecology Service,Ethnicity,A: British,Over 52 Weeks,10645
Gynaecology Service,Ethnicity,A: British,Total,365330
Gynaecology Service,Ethnicity,B: Irish,Unknown Clock Start,*
Gynaecology Service,Ethnicity,B: Irish,01 To 18 Weeks,1505
Gynaecology Service,Ethnicity,B: Irish,18 To 52 Weeks,1025
Gynaecology Service,Ethnicity,B: Irish,Over 52 Weeks,60
Gynaecology Service,Ethnicity,B: Irish,Total,2600
Gynaecology Service,Ethnicity,C: Any other white background,Unknown Clock Start,50
Gynaecology Service,Ethnicity,C: Any other white background,01 To 18 Weeks,23445
Gynaecology Service,Ethnicity,C: Any other white background,18 To 52 Weeks,17030
Gynaecology Service,Ethnicity,C: Any other white background,Over 52 Weeks,1160
Gynaecology Service,Ethnicity,C: Any other white background,Total,41685
Gynaecology Service,Ethnicity,D: White and Black Caribbean,Unknown Clock Start,*
Gynaecology Service,Ethnicity,D: White and Black Caribbean,01 To 18 Weeks,1795
Gynaecology Service,Ethnicity,D: White and Black Caribbean,18 To 52 Weeks,1455
Gynaecology Service,Ethnicity,D: White and Black Caribbean,Over 52 Weeks,95
Gynaecology Service,Ethnicity,D: White and Black Caribbean,Total,3345
Gynaecology Service,Ethnicity,E: White and Black African,Unknown Clock Start,*
Gynaecology Service,Ethnicity,E: White and Black African,01 To 18 Weeks,935
Gynaecology Service,Ethnicity,E: White and Black African,18 To 52 Weeks,790
Gynaecology Service,Ethnicity,E: White and Black African,Over 52 Weeks,55
Gynaecology Service,Ethnicity,E: White and Black African,Total,1780
Gynaecology Service,Ethnicity,F: White and Asian,01 To 18 Weeks,1025
Gynaecology Service,Ethnicity,F: White and Asian,18 To 52 Weeks,815
Gynaecology Service,Ethnicity,F: White and Asian,Over 52 Weeks,55
Gynaecology Service,Ethnicity,F: White and Asian,Total,1900
Gynaecology Service,Ethnicity,G: Any other mixed background,Unknown Clock Start,*
Gynaecology Service,Ethnicity,G: Any other mixed background,01 To 18 Weeks,2800
Gynaecology Service,Ethnicity,G: Any other mixed background,18 To 52 Weeks,2100
Gynaecology Service,Ethnicity,G: Any other mixed background,Over 52 Weeks,135
Gynaecology Service,Ethnicity,G: Any other mixed background,Total,5045
Gynaecology Service,Ethnicity,H: Indian,Unknown Clock Start,10
Gynaecology Service,Ethnicity,H: Indian,01 To 18 Weeks,9125
Gynaecology Service,Ethnicity,H: Indian,18 To 52 Weeks,6915
Gynaecology Service,Ethnicity,H: Indian,Over 52 Weeks,405
Gynaecology Service,Ethnicity,H: Indian,Total,16455
Gynaecology Service,Ethnicity,J: Pakistani,Unknown Clock Start,*
Gynaecology Service,Ethnicity,J: Pakistani,01 To 18 Weeks,9625
Gynaecology Service,Ethnicity,J: Pakistani,18 To 52 Weeks,7370
Gynaecology Service,Ethnicity,J: Pakistani,Over 52 Weeks,385
Gynaecology Service,Ethnicity,J: Pakistani,Total,17385
Gynaecology Service,Ethnicity,K: Bangladeshi,Unknown Clock Start,*
Gynaecology Service,Ethnicity,K: Bangladeshi,01 To 18 Weeks,3685
Gynaecology Service,Ethnicity,K: Bangladeshi,18 To 52 Weeks,2730
Gynaecology Service,Ethnicity,K: Bangladeshi,Over 52 Weeks,165
Gynaecology Service,Ethnicity,K: Bangladeshi,Total,6580
Gynaecology Service,Ethnicity,L: Any other Asian background,Unknown Clock Start,10
Gynaecology Service,Ethnicity,L: Any other Asian background,01 To 18 Weeks,7660
Gynaecology Service,Ethnicity,L: Any other Asian background,18 To 52 Weeks,5555
Gynaecology Service,Ethnicity,L: Any other Asian background,Over 52 Weeks,345
Gynaecology Service,Ethnicity,L: Any other Asian background,Total,13570
Gynaecology Service,Ethnicity,M: Caribbean,Unknown Clock Start,*
Gynaecology Service,Ethnicity,M: Caribbean,01 To 18 Weeks,4535
Gynaecology Service,Ethnicity,M: Caribbean,18 To 52 Weeks,3600
Gynaecology Service,Ethnicity,M: Caribbean,Over 52 Weeks,205
Gynaecology Service,Ethnicity,M: Caribbean,Total,8340
Gynaecology Service,Ethnicity,N: African,Unknown Clock Start,*
Gynaecology Service,Ethnicity,N: African,01 To 18 Weeks,9955
Gynaecology Service,Ethnicity,N: African,18 To 52 Weeks,8245
Gynaecology Service,Ethnicity,N: African,Over 52 Weeks,555
Gynaecology Service,Ethnicity,N: African,Total,18760
Gynaecology Service,Ethnicity,P: Any other Black background,Unknown Clock Start,*
Gynaecology Service,Ethnicity,P: Any other Black background,01 To 18 Weeks,4085
Gynaecology Service,Ethnicity,P: Any other Black background,18 To 52 Weeks,3295
Gynaecology Service,Ethnicity,P: Any other Black background,Over 52 Weeks,205
Gynaecology Service,Ethnicity,P: Any other Black background,Total,7585
Gynaecology Service,Ethnicity,R: Chinese,Unknown Clock Start,*
Gynaecology Service,Ethnicity,R: Chinese,01 To 18 Weeks,1610
Gynaecology Service,Ethnicity,R: Chinese,18 To 52 Weeks,1120
Gynaecology Service,Ethnicity,R: Chinese,Over 52 Weeks,60
Gynaecology Service,Ethnicity,R: Chinese,Total,2790
Gynaecology Service,Ethnicity,S: Any other ethnic group,Unknown Clock Start,*
Gynaecology Service,Ethnicity,S: Any other ethnic group,01 To 18 Weeks,4280
Gynaecology Service,Ethnicity,S: Any other ethnic group,18 To 52 Weeks,3040
Gynaecology Service,Ethnicity,S: Any other ethnic group,Over 52 Weeks,210
Gynaecology Service,Ethnicity,S: Any other ethnic group,Total,7535
Gynaecology Service,Ethnicity,Z: Not stated,Unknown Clock Start,60
Gynaecology Service,Ethnicity,Z: Not stated,01 To 18 Weeks,15295
Gynaecology Service,Ethnicity,Z: Not stated,18 To 52 Weeks,10285
Gynaecology Service,Ethnicity,Z: Not stated,Over 52 Weeks,625
Gynaecology Service,Ethnicity,Z: Not stated,Total,26270
Gynaecology Service,IMD,1,Unknown Clock Start,95
Gynaecology Service,IMD,1,01 To 18 Weeks,33630
Gynaecology Service,IMD,1,18 To 52 Weeks,27325
Gynaecology Service,IMD,1,Over 52 Weeks,2155
Gynaecology Service,IMD,1,Total,63210
Gynaecology Service,IMD,10,Unknown Clock Start,35
Gynaecology Service,IMD,10,01 To 18 Weeks,24910
Gynaecology Service,IMD,10,18 To 52 Weeks,17440
Gynaecology Service,IMD,10,Over 52 Weeks,1085
Gynaecology Service,IMD,10,Total,43470
Gynaecology Service,IMD,2,Unknown Clock Start,110
Gynaecology Service,IMD,2,01 To 18 Weeks,34255
Gynaecology Service,IMD,2,18 To 52 Weeks,26430
Gynaecology Service,IMD,2,Over 52 Weeks,1780
Gynaecology Service,IMD,2,Total,62575
Gynaecology Service,IMD,3,Unknown Clock Start,95
Gynaecology Service,IMD,3,01 To 18 Weeks,33565
Gynaecology Service,IMD,3,18 To 52 Weeks,25370
Gynaecology Service,IMD,3,Over 52 Weeks,1630
Gynaecology Service,IMD,3,Total,60660
Gynaecology Service,IMD,4,Unknown Clock Start,115
Gynaecology Service,IMD,4,01 To 18 Weeks,32000
Gynaecology Service,IMD,4,18 To 52 Weeks,23975
Gynaecology Service,IMD,4,Over 52 Weeks,1635
Gynaecology Service,IMD,4,Total,57730
Gynaecology Service,IMD,5,Unknown Clock Start,120
Gynaecology Service,IMD,5,01 To 18 Weeks,30685
Gynaecology Service,IMD,5,18 To 52 Weeks,22885
Gynaecology Service,IMD,5,Over 52 Weeks,1480
Gynaecology Service,IMD,5,Total,55170
Gynaecology Service,IMD,6,Unknown Clock Start,70
Gynaecology Service,IMD,6,01 To 18 Weeks,30030
Gynaecology Service,IMD,6,18 To 52 Weeks,22185
Gynaecology Service,IMD,6,Over 52 Weeks,1435
Gynaecology Service,IMD,6,Total,53720
Gynaecology Service,IMD,7,Unknown Clock Start,120
Gynaecology Service,IMD,7,01 To 18 Weeks,29215
Gynaecology Service,IMD,7,18 To 52 Weeks,20990
Gynaecology Service,IMD,7,Over 52 Weeks,1430
Gynaecology Service,IMD,7,Total,51755
Gynaecology Service,IMD,8,Unknown Clock Start,75
Gynaecology Service,IMD,8,01 To 18 Weeks,28625
Gynaecology Service,IMD,8,18 To 52 Weeks,20690
Gynaecology Service,IMD,8,Over 52 Weeks,1400
Gynaecology Service,IMD,8,Total,50795
Gynaecology Service,IMD,9,Unknown Clock Start,55
Gynaecology Service,IMD,9,01 To 18 Weeks,26950
Gynaecology Service,IMD,9,18 To 52 Weeks,19340
Gynaecology Service,IMD,9,Over 52 Weeks,1265
Gynaecology Service,IMD,9,Total,47610
Gynaecology Service,Sex,Female,Unknown Clock Start,885
Gynaecology Service,Sex,Female,01 To 18 Weeks,281565
Gynaecology Service,Sex,Female,18 To 52 Weeks,210510
Gynaecology Service,Sex,Female,Over 52 Weeks,14285
Gynaecology Service,Sex,Female,Total,507250
Gynaecology Service,Sex,Male,Unknown Clock Start,10
Gynaecology Service,Sex,Male,01 To 18 Weeks,2940
Gynaecology Service,Sex,Male,18 To 52 Weeks,1240
Gynaecology Service,Sex,Male,Over 52 Weeks,60
Gynaecology Service,Sex,Male,Total,4245
Neurology Service,Age,0-18 Years,Unknown Clock Start,*
Neurology Service,Age,0-18 Years,01 To 18 Weeks,4535
Neurology Service,Age,0-18 Years,18 To 52 Weeks,2380
Neurology Service,Age,0-18 Years,Over 52 Weeks,100
Neurology Service,Age,0-18 Years,Total,7015
Neurology Service,Age,19-64 Years,Unknown Clock Start,35
Neurology Service,Age,19-64 Years,01 To 18 Weeks,82815
Neurology Service,Age,19-64 Years,18 To 52 Weeks,61805
Neurology Service,Age,19-64 Years,Over 52 Weeks,3090
Neurology Service,Age,19-64 Years,Total,147740
Neurology Service,Age,Over 65 Years,Unknown Clock Start,20
Neurology Service,Age,Over 65 Years,01 To 18 Weeks,33170
Neurology Service,Age,Over 65 Years,18 To 52 Weeks,26840
Neurology Service,Age,Over 65 Years,Over 52 Weeks,1250
Neurology Service,Age,Over 65 Years,Total,61280
Neurology Service,Ethnicity,99: Not known,01 To 18 Weeks,3905
Neurology Service,Ethnicity,99: Not known,18 To 52 Weeks,2380
Neurology Service,Ethnicity,99: Not known,Over 52 Weeks,95
Neurology Service,Ethnicity,99: Not known,Total,6380
Neurology Service,Ethnicity,A: British,Unknown Clock Start,40
Neurology Service,Ethnicity,A: British,01 To 18 Weeks,86705
Neurology Service,Ethnicity,A: British,18 To 52 Weeks,65185
Neurology Service,Ethnicity,A: British,Over 52 Weeks,3350
Neurology Service,Ethnicity,A: British,Total,155280
Neurology Service,Ethnicity,B: Irish,Unknown Clock Start,*
Neurology Service,Ethnicity,B: Irish,01 To 18 Weeks,730
Neurology Service,Ethnicity,B: Irish,18 To 52 Weeks,520
Neurology Service,Ethnicity,B: Irish,Over 52 Weeks,15
Neurology Service,Ethnicity,B: Irish,Total,1265
Neurology Service,Ethnicity,C: Any other white background,Unknown Clock Start,*
Neurology Service,Ethnicity,C: Any other white background,01 To 18 Weeks,7745
Neurology Service,Ethnicity,C: Any other white background,18 To 52 Weeks,5775
Neurology Service,Ethnicity,C: Any other white background,Over 52 Weeks,235
Neurology Service,Ethnicity,C: Any other white background,Total,13760
Neurology Service,Ethnicity,D: White and Black Caribbean,Unknown Clock Start,*
Neurology Service,Ethnicity,D: White and Black Caribbean,01 To 18 Weeks,590
Neurology Service,Ethnicity,D: White and Black Caribbean,18 To 52 Weeks,435
Neurology Service,Ethnicity,D: White and Black Caribbean,Over 52 Weeks,20
Neurology Service,Ethnicity,D: White and Black Caribbean,Total,1045
Neurology Service,Ethnicity,E: White and Black African,01 To 18 Weeks,255
Neurology Service,Ethnicity,E: White and Black African,18 To 52 Weeks,180
Neurology Service,Ethnicity,E: White and Black African,Over 52 Weeks,10
Neurology Service,Ethnicity,E: White and Black African,Total,445
Neurology Service,Ethnicity,F: White and Asian,Unknown Clock Start,*
Neurology Service,Ethnicity,F: White and Asian,01 To 18 Weeks,400
Neurology Service,Ethnicity,F: White and Asian,18 To 52 Weeks,250
Neurology Service,Ethnicity,F: White and Asian,Over 52 Weeks,*
Neurology Service,Ethnicity,F: White and Asian,Total,655
Neurology Service,Ethnicity,G: Any other mixed background,01 To 18 Weeks,915
Neurology Service,Ethnicity,G: Any other mixed background,18 To 52 Weeks,625
Neurology Service,Ethnicity,G: Any other mixed background,Over 52 Weeks,35
Neurology Service,Ethnicity,G: Any other mixed background,Total,1570
Neurology Service,Ethnicity,H: Indian,Unknown Clock Start,*
Neurology Service,Ethnicity,H: Indian,01 To 18 Weeks,3060
Neurology Service,Ethnicity,H: Indian,18 To 52 Weeks,2545
Neurology Service,Ethnicity,H: Indian,Over 52 Weeks,75
Neurology Service,Ethnicity,H: Indian,Total,5680
Neurology Service,Ethnicity,J: Pakistani,01 To 18 Weeks,3000
Neurology Service,Ethnicity,J: Pakistani,18 To 52 Weeks,2360
Neurology Service,Ethnicity,J: Pakistani,Over 52 Weeks,160
Neurology Service,Ethnicity,J: Pakistani,Total,5520
Neurology Service,Ethnicity,K: Bangladeshi,01 To 18 Weeks,1035
Neurology Service,Ethnicity,K: Bangladeshi,18 To 52 Weeks,930
Neurology Service,Ethnicity,K: Bangladeshi,Over 52 Weeks,40
Neurology Service,Ethnicity,K: Bangladeshi,Total,2005
Neurology Service,Ethnicity,L: Any other Asian background,Unknown Clock Start,*
Neurology Service,Ethnicity,L: Any other Asian background,01 To 18 Weeks,2785
Neurology Service,Ethnicity,L: Any other Asian background,18 To 52 Weeks,2070
Neurology Service,Ethnicity,L: Any other Asian background,Over 52 Weeks,85
Neurology Service,Ethnicity,L: Any other Asian background,Total,4940
Neurology Service,Ethnicity,M: Caribbean,Unknown Clock Start,*
Neurology Service,Ethnicity,M: Caribbean,01 To 18 Weeks,1545
Neurology Service,Ethnicity,M: Caribbean,18 To 52 Weeks,1210
Neurology Service,Ethnicity,M: Caribbean,Over 52 Weeks,25
Neurology Service,Ethnicity,M: Caribbean,Total,2780
Neurology Service,Ethnicity,N: African,01 To 18 Weeks,2375
Neurology Service,Ethnicity,N: African,18 To 52 Weeks,1735
Neurology Service,Ethnicity,N: African,Over 52 Weeks,60
Neurology Service,Ethnicity,N: African,Total,4170
Neurology Service,Ethnicity,P: Any other Black background,01 To 18 Weeks,1230
Neurology Service,Ethnicity,P: Any other Black background,18 To 52 Weeks,835
Neurology Service,Ethnicity,P: Any other Black background,Over 52 Weeks,30
Neurology Service,Ethnicity,P: Any other Black background,Total,2095
Neurology Service,Ethnicity,R: Chinese,01 To 18 Weeks,350
Neurology Service,Ethnicity,R: Chinese,18 To 52 Weeks,290
Neurology Service,Ethnicity,R: Chinese,Over 52 Weeks,15
Neurology Service,Ethnicity,R: Chinese,Total,655
Neurology Service,Ethnicity,S: Any other ethnic group,Unknown Clock Start,*
Neurology Service,Ethnicity,S: Any other ethnic group,01 To 18 Weeks,1405
Neurology Service,Ethnicity,S: Any other ethnic group,18 To 52 Weeks,935
Neurology Service,Ethnicity,S: Any other ethnic group,Over 52 Weeks,40
Neurology Service,Ethnicity,S: Any other ethnic group,Total,2380
Neurology Service,Ethnicity,Z: Not stated,01 To 18 Weeks,5125
Neurology Service,Ethnicity,Z: Not stated,18 To 52 Weeks,3635
Neurology Service,Ethnicity,Z: Not stated,Over 52 Weeks,155
Neurology Service,Ethnicity,Z: Not stated,Total,8915
Neurology Service,IMD,1,01 To 18 Weeks,12810
Neurology Service,IMD,1,18 To 52 Weeks,9670
Neurology Service,IMD,1,Over 52 Weeks,615
Neurology Service,IMD,1,Total,23095
Neurology Service,IMD,10,Unknown Clock Start,15
Neurology Service,IMD,10,01 To 18 Weeks,10090
Neurology Service,IMD,10,18 To 52 Weeks,7760
Neurology Service,IMD,10,Over 52 Weeks,400
Neurology Service,IMD,10,Total,18260
Neurology Service,IMD,2,Unknown Clock Start,*
Neurology Service,IMD,2,01 To 18 Weeks,13065
Neurology Service,IMD,2,18 To 52 Weeks,9565
Neurology Service,IMD,2,Over 52 Weeks,455
Neurology Service,IMD,2,Total,23085
Neurology Service,IMD,3,Unknown Clock Start,*
Neurology Service,IMD,3,01 To 18 Weeks,12705
Neurology Service,IMD,3,18 To 52 Weeks,9675
Neurology Service,IMD,3,Over 52 Weeks,495
Neurology Service,IMD,3,Total,22875
Neurology Service,IMD,4,Unknown Clock Start,*
Neurology Service,IMD,4,01 To 18 Weeks,12725
Neurology Service,IMD,4,18 To 52 Weeks,9775
Neurology Service,IMD,4,Over 52 Weeks,440
Neurology Service,IMD,4,Total,22945
Neurology Service,IMD,5,Unknown Clock Start,*
Neurology Service,IMD,5,01 To 18 Weeks,12185
Neurology Service,IMD,5,18 To 52 Weeks,9170
Neurology Service,IMD,5,Over 52 Weeks,385
Neurology Service,IMD,5,Total,21745
Neurology Service,IMD,6,Unknown Clock Start,*
Neurology Service,IMD,6,01 To 18 Weeks,11915
Neurology Service,IMD,6,18 To 52 Weeks,8855
Neurology Service,IMD,6,Over 52 Weeks,410
Neurology Service,IMD,6,Total,21185
Neurology Service,IMD,7,Unknown Clock Start,*
Neurology Service,IMD,7,01 To 18 Weeks,11320
Neurology Service,IMD,7,18 To 52 Weeks,8525
Neurology Service,IMD,7,Over 52 Weeks,355
Neurology Service,IMD,7,Total,20200
Neurology Service,IMD,8,Unknown Clock Start,10
Neurology Service,IMD,8,01 To 18 Weeks,11260
Neurology Service,IMD,8,18 To 52 Weeks,8375
Neurology Service,IMD,8,Over 52 Weeks,405
Neurology Service,IMD,8,Total,20045
Neurology Service,IMD,9,Unknown Clock Start,*
Neurology Service,IMD,9,01 To 18 Weeks,10680
Neurology Service,IMD,9,18 To 52 Weeks,7905
Neurology Service,IMD,9,Over 52 Weeks,360
Neurology Service,IMD,9,Total,18950
Neurology Service,Sex,Female,Unknown Clock Start,30
Neurology Service,Sex,Female,01 To 18 Weeks,64790
Neurology Service,Sex,Female,18 To 52 Weeks,49755
Neurology Service,Sex,Female,Over 52 Weeks,2530
Neurology Service,Sex,Female,Total,117105
Neurology Service,Sex,Male,Unknown Clock Start,25
Neurology Service,Sex,Male,01 To 18 Weeks,46040
Neurology Service,Sex,Male,18 To 52 Weeks,34035
Neurology Service,Sex,Male,Over 52 Weeks,1720
Neurology Service,Sex,Male,Total,81820
Neurosurgical Service,Age,0-18 Years,01 To 18 Weeks,815
Neurosurgical Service,Age,0-18 Years,18 To 52 Weeks,530
Neurosurgical Service,Age,0-18 Years,Over 52 Weeks,20
Neurosurgical Service,Age,0-18 Years,Total,1360
Neurosurgical Service,Age,19-64 Years,01 To 18 Weeks,19885
Neurosurgical Service,Age,19-64 Years,18 To 52 Weeks,13680
Neurosurgical Service,Age,19-64 Years,Over 52 Weeks,715
Neurosurgical Service,Age,19-64 Years,Total,34285
Neurosurgical Service,Age,Over 65 Years,01 To 18 Weeks,11315
Neurosurgical Service,Age,Over 65 Years,18 To 52 Weeks,7600
Neurosurgical Service,Age,Over 65 Years,Over 52 Weeks,400
Neurosurgical Service,Age,Over 65 Years,Total,19315
Neurosurgical Service,Ethnicity,99: Not known,01 To 18 Weeks,980
Neurosurgical Service,Ethnicity,99: Not known,18 To 52 Weeks,435
Neurosurgical Service,Ethnicity,99: Not known,Over 52 Weeks,25
Neurosurgical Service,Ethnicity,99: Not known,Total,1440
Neurosurgical Service,Ethnicity,A: British,01 To 18 Weeks,22685
Neurosurgical Service,Ethnicity,A: British,18 To 52 Weeks,15020
Neurosurgical Service,Ethnicity,A: British,Over 52 Weeks,740
Neurosurgical Service,Ethnicity,A: British,Total,38450
Neurosurgical Service,Ethnicity,B: Irish,01 To 18 Weeks,195
Neurosurgical Service,Ethnicity,B: Irish,18 To 52 Weeks,160
Neurosurgical Service,Ethnicity,B: Irish,Over 52 Weeks,10
Neurosurgical Service,Ethnicity,B: Irish,Total,365
Neurosurgical Service,Ethnicity,C: Any other white background,01 To 18 Weeks,2300
Neurosurgical Service,Ethnicity,C: Any other white background,18 To 52 Weeks,1610
Neurosurgical Service,Ethnicity,C: Any other white background,Over 52 Weeks,105
Neurosurgical Service,Ethnicity,C: Any other white background,Total,4015
Neurosurgical Service,Ethnicity,D: White and Black Caribbean,01 To 18 Weeks,100
Neurosurgical Service,Ethnicity,D: White and Black Caribbean,18 To 52 Weeks,65
Neurosurgical Service,Ethnicity,D: White and Black Caribbean,Over 52 Weeks,*
Neurosurgical Service,Ethnicity,D: White and Black Caribbean,Total,170
Neurosurgical Service,Ethnicity,E: White and Black African,01 To 18 Weeks,55
Neurosurgical Service,Ethnicity,E: White and Black African,18 To 52 Weeks,45
Neurosurgical Service,Ethnicity,E: White and Black African,Over 52 Weeks,*
Neurosurgical Service,Ethnicity,E: White and Black African,Total,105
Neurosurgical Service,Ethnicity,F: White and Asian,01 To 18 Weeks,85
Neurosurgical Service,Ethnicity,F: White and Asian,18 To 52 Weeks,60
Neurosurgical Service,Ethnicity,F: White and Asian,Over 52 Weeks,*
Neurosurgical Service,Ethnicity,F: White and Asian,Total,150
Neurosurgical Service,Ethnicity,G: Any other mixed background,01 To 18 Weeks,225
Neurosurgical Service,Ethnicity,G: Any other mixed background,18 To 52 Weeks,165
Neurosurgical Service,Ethnicity,G: Any other mixed background,Over 52 Weeks,10
Neurosurgical Service,Ethnicity,G: Any other mixed background,Total,400
Neurosurgical Service,Ethnicity,H: Indian,01 To 18 Weeks,945
Neurosurgical Service,Ethnicity,H: Indian,18 To 52 Weeks,655
Neurosurgical Service,Ethnicity,H: Indian,Over 52 Weeks,35
Neurosurgical Service,Ethnicity,H: Indian,Total,1640
Neurosurgical Service,Ethnicity,J: Pakistani,01 To 18 Weeks,750
Neurosurgical Service,Ethnicity,J: Pakistani,18 To 52 Weeks,605
Neurosurgical Service,Ethnicity,J: Pakistani,Over 52 Weeks,25
Neurosurgical Service,Ethnicity,J: Pakistani,Total,1380
Neurosurgical Service,Ethnicity,K: Bangladeshi,01 To 18 Weeks,370
Neurosurgical Service,Ethnicity,K: Bangladeshi,18 To 52 Weeks,265
Neurosurgical Service,Ethnicity,K: Bangladeshi,Over 52 Weeks,15
Neurosurgical Service,Ethnicity,K: Bangladeshi,Total,650
Neurosurgical Service,Ethnicity,L: Any other Asian background,01 To 18 Weeks,915
Neurosurgical Service,Ethnicity,L: Any other Asian background,18 To 52 Weeks,685
Neurosurgical Service,Ethnicity,L: Any other Asian background,Over 52 Weeks,30
Neurosurgical Service,Ethnicity,L: Any other Asian background,Total,1630
Neurosurgical Service,Ethnicity,M: Caribbean,01 To 18 Weeks,470
Neurosurgical Service,Ethnicity,M: Caribbean,18 To 52 Weeks,365
Neurosurgical Service,Ethnicity,M: Caribbean,Over 52 Weeks,25
Neurosurgical Service,Ethnicity,M: Caribbean,Total,855
Neurosurgical Service,Ethnicity,N: African,01 To 18 Weeks,720
Neurosurgical Service,Ethnicity,N: African,18 To 52 Weeks,565
Neurosurgical Service,Ethnicity,N: African,Over 52 Weeks,25
Neurosurgical Service,Ethnicity,N: African,Total,1310
Neurosurgical Service,Ethnicity,P: Any other Black background,01 To 18 Weeks,325
Neurosurgical Service,Ethnicity,P: Any other Black background,18 To 52 Weeks,250
Neurosurgical Service,Ethnicity,P: Any other Black background,Over 52 Weeks,25
Neurosurgical Service,Ethnicity,P: Any other Black background,Total,595
Neurosurgical Service,Ethnicity,R: Chinese,01 To 18 Weeks,140
Neurosurgical Service,Ethnicity,R: Chinese,18 To 52 Weeks,120
Neurosurgical Service,Ethnicity,R: Chinese,Over 52 Weeks,*
Neurosurgical Service,Ethnicity,R: Chinese,Total,265
Neurosurgical Service,Ethnicity,S: Any other ethnic group,01 To 18 Weeks,370
Neurosurgical Service,Ethnicity,S: Any other ethnic group,18 To 52 Weeks,240
Neurosurgical Service,Ethnicity,S: Any other ethnic group,Over 52 Weeks,25
Neurosurgical Service,Ethnicity,S: Any other ethnic group,Total,635
Neurosurgical Service,Ethnicity,Z: Not stated,01 To 18 Weeks,1210
Neurosurgical Service,Ethnicity,Z: Not stated,18 To 52 Weeks,685
Neurosurgical Service,Ethnicity,Z: Not stated,Over 52 Weeks,25
Neurosurgical Service,Ethnicity,Z: Not stated,Total,1925
Neurosurgical Service,IMD,1,01 To 18 Weeks,3565
Neurosurgical Service,IMD,1,18 To 52 Weeks,2535
Neurosurgical Service,IMD,1,Over 52 Weeks,110
Neurosurgical Service,IMD,1,Total,6210
Neurosurgical Service,IMD,10,01 To 18 Weeks,2500
Neurosurgical Service,IMD,10,18 To 52 Weeks,1670
Neurosurgical Service,IMD,10,Over 52 Weeks,80
Neurosurgical Service,IMD,10,Total,4250
Neurosurgical Service,IMD,2,01 To 18 Weeks,3530
Neurosurgical Service,IMD,2,18 To 52 Weeks,2355
Neurosurgical Service,IMD,2,Over 52 Weeks,145
Neurosurgical Service,IMD,2,Total,6030
Neurosurgical Service,IMD,3,01 To 18 Weeks,3555
Neurosurgical Service,IMD,3,18 To 52 Weeks,2510
Neurosurgical Service,IMD,3,Over 52 Weeks,130
Neurosurgical Service,IMD,3,Total,6190
Neurosurgical Service,IMD,4,01 To 18 Weeks,3290
Neurosurgical Service,IMD,4,18 To 52 Weeks,2240
Neurosurgical Service,IMD,4,Over 52 Weeks,115
Neurosurgical Service,IMD,4,Total,5645
Neurosurgical Service,IMD,5,01 To 18 Weeks,3175
Neurosurgical Service,IMD,5,18 To 52 Weeks,2120
Neurosurgical Service,IMD,5,Over 52 Weeks,125
Neurosurgical Service,IMD,5,Total,5415
Neurosurgical Service,IMD,6,01 To 18 Weeks,3180
Neurosurgical Service,IMD,6,18 To 52 Weeks,2085
Neurosurgical Service,IMD,6,Over 52 Weeks,115
Neurosurgical Service,IMD,6,Total,5380
Neurosurgical Service,IMD,7,01 To 18 Weeks,3055
Neurosurgical Service,IMD,7,18 To 52 Weeks,2090
Neurosurgical Service,IMD,7,Over 52 Weeks,110
Neurosurgical Service,IMD,7,Total,5255
Neurosurgical Service,IMD,8,01 To 18 Weeks,3070
Neurosurgical Service,IMD,8,18 To 52 Weeks,2020
Neurosurgical Service,IMD,8,Over 52 Weeks,100
Neurosurgical Service,IMD,8,Total,5190
Neurosurgical Service,IMD,9,01 To 18 Weeks,3000
Neurosurgical Service,IMD,9,18 To 52 Weeks,1880
Neurosurgical Service,IMD,9,Over 52 Weeks,100
Neurosurgical Service,IMD,9,Total,4980
Neurosurgical Service,Sex,Female,01 To 18 Weeks,15845
Neurosurgical Service,Sex,Female,18 To 52 Weeks,10830
Neurosurgical Service,Sex,Female,Over 52 Weeks,520
Neurosurgical Service,Sex,Female,Total,27195
Neurosurgical Service,Sex,Male,01 To 18 Weeks,12855
Neurosurgical Service,Sex,Male,18 To 52 Weeks,8525
Neurosurgical Service,Sex,Male,Over 52 Weeks,455
Neurosurgical Service,Sex,Male,Total,21835
Ophthalmology Service,Age,0-18 Years,Unknown Clock Start,*
Ophthalmology Service,Age,0-18 Years,01 To 18 Weeks,18555
Ophthalmology Service,Age,0-18 Years,18 To 52 Weeks,9725
Ophthalmology Service,Age,0-18 Years,Over 52 Weeks,235
Ophthalmology Service,Age,0-18 Years,Total,28515
Ophthalmology Service,Age,19-64 Years,Unknown Clock Start,40
Ophthalmology Service,Age,19-64 Years,01 To 18 Weeks,140045
Ophthalmology Service,Age,19-64 Years,18 To 52 Weeks,66575
Ophthalmology Service,Age,19-64 Years,Over 52 Weeks,2220
Ophthalmology Service,Age,19-64 Years,Total,208880
Ophthalmology Service,Age,Over 65 Years,Unknown Clock Start,105
Ophthalmology Service,Age,Over 65 Years,01 To 18 Weeks,249330
Ophthalmology Service,Age,Over 65 Years,18 To 52 Weeks,102665
Ophthalmology Service,Age,Over 65 Years,Over 52 Weeks,3185
Ophthalmology Service,Age,Over 65 Years,Total,355280
Ophthalmology Service,Ethnicity,99: Not known,Unknown Clock Start,*
Ophthalmology Service,Ethnicity,99: Not known,01 To 18 Weeks,14800
Ophthalmology Service,Ethnicity,99: Not known,18 To 52 Weeks,5890
Ophthalmology Service,Ethnicity,99: Not known,Over 52 Weeks,165
Ophthalmology Service,Ethnicity,99: Not known,Total,20860
Ophthalmology Service,Ethnicity,A: British,Unknown Clock Start,120
Ophthalmology Service,Ethnicity,A: British,01 To 18 Weeks,292420
Ophthalmology Service,Ethnicity,A: British,18 To 52 Weeks,128845
Ophthalmology Service,Ethnicity,A: British,Over 52 Weeks,4265
Ophthalmology Service,Ethnicity,A: British,Total,425650
Ophthalmology Service,Ethnicity,B: Irish,Unknown Clock Start,*
Ophthalmology Service,Ethnicity,B: Irish,01 To 18 Weeks,2785
Ophthalmology Service,Ethnicity,B: Irish,18 To 52 Weeks,1135
Ophthalmology Service,Ethnicity,B: Irish,Over 52 Weeks,25
Ophthalmology Service,Ethnicity,B: Irish,Total,3945
Ophthalmology Service,Ethnicity,C: Any other white background,Unknown Clock Start,*
Ophthalmology Service,Ethnicity,C: Any other white background,01 To 18 Weeks,18340
Ophthalmology Service,Ethnicity,C: Any other white background,18 To 52 Weeks,7660
Ophthalmology Service,Ethnicity,C: Any other white background,Over 52 Weeks,205
Ophthalmology Service,Ethnicity,C: Any other white background,Total,26210
Ophthalmology Service,Ethnicity,D: White and Black Caribbean,01 To 18 Weeks,980
Ophthalmology Service,Ethnicity,D: White and Black Caribbean,18 To 52 Weeks,515
Ophthalmology Service,Ethnicity,D: White and Black Caribbean,Over 52 Weeks,20
Ophthalmology Service,Ethnicity,D: White and Black Caribbean,Total,1515
Ophthalmology Service,Ethnicity,E: White and Black African,01 To 18 Weeks,745
Ophthalmology Service,Ethnicity,E: White and Black African,18 To 52 Weeks,290
Ophthalmology Service,Ethnicity,E: White and Black African,Over 52 Weeks,10
Ophthalmology Service,Ethnicity,E: White and Black African,Total,1045
Ophthalmology Service,Ethnicity,F: White and Asian,01 To 18 Weeks,930
Ophthalmology Service,Ethnicity,F: White and Asian,18 To 52 Weeks,440
Ophthalmology Service,Ethnicity,F: White and Asian,Over 52 Weeks,20
Ophthalmology Service,Ethnicity,F: White and Asian,Total,1390
Ophthalmology Service,Ethnicity,G: Any other mixed background,Unknown Clock Start,*
Ophthalmology Service,Ethnicity,G: Any other mixed background,01 To 18 Weeks,2160
Ophthalmology Service,Ethnicity,G: Any other mixed background,18 To 52 Weeks,1035
Ophthalmology Service,Ethnicity,G: Any other mixed background,Over 52 Weeks,25
Ophthalmology Service,Ethnicity,G: Any other mixed background,Total,3225
Ophthalmology Service,Ethnicity,H: Indian,Unknown Clock Start,*
Ophthalmology Service,Ethnicity,H: Indian,01 To 18 Weeks,12470
Ophthalmology Service,Ethnicity,H: Indian,18 To 52 Weeks,5260
Ophthalmology Service,Ethnicity,H: Indian,Over 52 Weeks,125
Ophthalmology Service,Ethnicity,H: Indian,Total,17860
Ophthalmology Service,Ethnicity,J: Pakistani,Unknown Clock Start,*
Ophthalmology Service,Ethnicity,J: Pakistani,01 To 18 Weeks,9310
Ophthalmology Service,Ethnicity,J: Pakistani,18 To 52 Weeks,4715
Ophthalmology Service,Ethnicity,J: Pakistani,Over 52 Weeks,110
Ophthalmology Service,Ethnicity,J: Pakistani,Total,14140
Ophthalmology Service,Ethnicity,K: Bangladeshi,01 To 18 Weeks,3505
Ophthalmology Service,Ethnicity,K: Bangladeshi,18 To 52 Weeks,1460
Ophthalmology Service,Ethnicity,K: Bangladeshi,Over 52 Weeks,40
Ophthalmology Service,Ethnicity,K: Bangladeshi,Total,5005
Ophthalmology Service,Ethnicity,L: Any other Asian background,Unknown Clock Start,*
Ophthalmology Service,Ethnicity,L: Any other Asian background,01 To 18 Weeks,8290
Ophthalmology Service,Ethnicity,L: Any other Asian background,18 To 52 Weeks,3535
Ophthalmology Service,Ethnicity,L: Any other Asian background,Over 52 Weeks,110
Ophthalmology Service,Ethnicity,L: Any other Asian background,Total,11935
Ophthalmology Service,Ethnicity,M: Caribbean,Unknown Clock Start,*
Ophthalmology Service,Ethnicity,M: Caribbean,01 To 18 Weeks,5695
Ophthalmology Service,Ethnicity,M: Caribbean,18 To 52 Weeks,2155
Ophthalmology Service,Ethnicity,M: Caribbean,Over 52 Weeks,55
Ophthalmology Service,Ethnicity,M: Caribbean,Total,7905
Ophthalmology Service,Ethnicity,N: African,Unknown Clock Start,*
Ophthalmology Service,Ethnicity,N: African,01 To 18 Weeks,8820
Ophthalmology Service,Ethnicity,N: African,18 To 52 Weeks,3690
Ophthalmology Service,Ethnicity,N: African,Over 52 Weeks,115
Ophthalmology Service,Ethnicity,N: African,Total,12630
Ophthalmology Service,Ethnicity,P: Any other Black background,01 To 18 Weeks,3755
Ophthalmology Service,Ethnicity,P: Any other Black background,18 To 52 Weeks,1525
Ophthalmology Service,Ethnicity,P: Any other Black background,Over 52 Weeks,45
Ophthalmology Service,Ethnicity,P: Any other Black background,Total,5320
Ophthalmology Service,Ethnicity,R: Chinese,Unknown Clock Start,*
Ophthalmology Service,Ethnicity,R: Chinese,01 To 18 Weeks,2040
Ophthalmology Service,Ethnicity,R: Chinese,18 To 52 Weeks,955
Ophthalmology Service,Ethnicity,R: Chinese,Over 52 Weeks,25
Ophthalmology Service,Ethnicity,R: Chinese,Total,3025
Ophthalmology Service,Ethnicity,S: Any other ethnic group,Unknown Clock Start,*
Ophthalmology Service,Ethnicity,S: Any other ethnic group,01 To 18 Weeks,3725
Ophthalmology Service,Ethnicity,S: Any other ethnic group,18 To 52 Weeks,1620
Ophthalmology Service,Ethnicity,S: Any other ethnic group,Over 52 Weeks,40
Ophthalmology Service,Ethnicity,S: Any other ethnic group,Total,5385
Ophthalmology Service,Ethnicity,Z: Not stated,Unknown Clock Start,15
Ophthalmology Service,Ethnicity,Z: Not stated,01 To 18 Weeks,21560
Ophthalmology Service,Ethnicity,Z: Not stated,18 To 52 Weeks,8675
Ophthalmology Service,Ethnicity,Z: Not stated,Over 52 Weeks,230
Ophthalmology Service,Ethnicity,Z: Not stated,Total,30480
Ophthalmology Service,IMD,1,Unknown Clock Start,*
Ophthalmology Service,IMD,1,01 To 18 Weeks,35445
Ophthalmology Service,IMD,1,18 To 52 Weeks,17565
Ophthalmology Service,IMD,1,Over 52 Weeks,550
Ophthalmology Service,IMD,1,Total,53565
Ophthalmology Service,IMD,10,Unknown Clock Start,20
Ophthalmology Service,IMD,10,01 To 18 Weeks,40240
Ophthalmology Service,IMD,10,18 To 52 Weeks,16480
Ophthalmology Service,IMD,10,Over 52 Weeks,525
Ophthalmology Service,IMD,10,Total,57270
Ophthalmology Service,IMD,2,Unknown Clock Start,10
Ophthalmology Service,IMD,2,01 To 18 Weeks,38315
Ophthalmology Service,IMD,2,18 To 52 Weeks,16870
Ophthalmology Service,IMD,2,Over 52 Weeks,505
Ophthalmology Service,IMD,2,Total,55700
Ophthalmology Service,IMD,3,Unknown Clock Start,10
Ophthalmology Service,IMD,3,01 To 18 Weeks,39135
Ophthalmology Service,IMD,3,18 To 52 Weeks,17115
Ophthalmology Service,IMD,3,Over 52 Weeks,500
Ophthalmology Service,IMD,3,Total,56755
Ophthalmology Service,IMD,4,Unknown Clock Start,15
Ophthalmology Service,IMD,4,01 To 18 Weeks,40685
Ophthalmology Service,IMD,4,18 To 52 Weeks,17770
Ophthalmology Service,IMD,4,Over 52 Weeks,600
Ophthalmology Service,IMD,4,Total,59070
Ophthalmology Service,IMD,5,Unknown Clock Start,15
Ophthalmology Service,IMD,5,01 To 18 Weeks,40900
Ophthalmology Service,IMD,5,18 To 52 Weeks,18110
Ophthalmology Service,IMD,5,Over 52 Weeks,595
Ophthalmology Service,IMD,5,Total,59620
Ophthalmology Service,IMD,6,Unknown Clock Start,20
Ophthalmology Service,IMD,6,01 To 18 Weeks,41890
Ophthalmology Service,IMD,6,18 To 52 Weeks,17920
Ophthalmology Service,IMD,6,Over 52 Weeks,600
Ophthalmology Service,IMD,6,Total,60430
Ophthalmology Service,IMD,7,Unknown Clock Start,15
Ophthalmology Service,IMD,7,01 To 18 Weeks,40850
Ophthalmology Service,IMD,7,18 To 52 Weeks,17640
Ophthalmology Service,IMD,7,Over 52 Weeks,510
Ophthalmology Service,IMD,7,Total,59020
Ophthalmology Service,IMD,8,Unknown Clock Start,25
Ophthalmology Service,IMD,8,01 To 18 Weeks,41915
Ophthalmology Service,IMD,8,18 To 52 Weeks,18020
Ophthalmology Service,IMD,8,Over 52 Weeks,580
Ophthalmology Service,IMD,8,Total,60535
Ophthalmology Service,IMD,9,Unknown Clock Start,20
Ophthalmology Service,IMD,9,01 To 18 Weeks,41980
Ophthalmology Service,IMD,9,18 To 52 Weeks,17430
Ophthalmology Service,IMD,9,Over 52 Weeks,530
Ophthalmology Service,IMD,9,Total,59960
Ophthalmology Service,Sex,Female,Unknown Clock Start,75
Ophthalmology Service,Sex,Female,01 To 18 Weeks,211435
Ophthalmology Service,Sex,Female,18 To 52 Weeks,92360
Ophthalmology Service,Sex,Female,Over 52 Weeks,2880
Ophthalmology Service,Sex,Female,Total,306750
Ophthalmology Service,Sex,Male,Unknown Clock Start,70
Ophthalmology Service,Sex,Male,01 To 18 Weeks,173665
Ophthalmology Service,Sex,Male,18 To 52 Weeks,72850
Ophthalmology Service,Sex,Male,Over 52 Weeks,2225
Ophthalmology Service,Sex,Male,Total,248810
Oral Surgery Service,Age,0-18 Years,Unknown Clock Start,15
Oral Surgery Service,Age,0-18 Years,01 To 18 Weeks,17930
Oral Surgery Service,Age,0-18 Years,18 To 52 Weeks,17625
Oral Surgery Service,Age,0-18 Years,Over 52 Weeks,1520
Oral Surgery Service,Age,0-18 Years,Total,37090
Oral Surgery Service,Age,19-64 Years,Unknown Clock Start,35
Oral Surgery Service,Age,19-64 Years,01 To 18 Weeks,105825
Oral Surgery Service,Age,19-64 Years,18 To 52 Weeks,95870
Oral Surgery Service,Age,19-64 Years,Over 52 Weeks,7635
Oral Surgery Service,Age,19-64 Years,Total,209370
Oral Surgery Service,Age,Over 65 Years,Unknown Clock Start,10
Oral Surgery Service,Age,Over 65 Years,01 To 18 Weeks,36585
Oral Surgery Service,Age,Over 65 Years,18 To 52 Weeks,28110
Oral Surgery Service,Age,Over 65 Years,Over 52 Weeks,1720
Oral Surgery Service,Age,Over 65 Years,Total,66425
Oral Surgery Service,Ethnicity,99: Not known,Unknown Clock Start,*
Oral Surgery Service,Ethnicity,99: Not known,01 To 18 Weeks,4845
Oral Surgery Service,Ethnicity,99: Not known,18 To 52 Weeks,3775
Oral Surgery Service,Ethnicity,99: Not known,Over 52 Weeks,305
Oral Surgery Service,Ethnicity,99: Not known,Total,8925
Oral Surgery Service,Ethnicity,A: British,Unknown Clock Start,50
Oral Surgery Service,Ethnicity,A: British,01 To 18 Weeks,110635
Oral Surgery Service,Ethnicity,A: British,18 To 52 Weeks,100285
Oral Surgery Service,Ethnicity,A: British,Over 52 Weeks,7920
Oral Surgery Service,Ethnicity,A: British,Total,218890
Oral Surgery Service,Ethnicity,B: Irish,01 To 18 Weeks,825
Oral Surgery Service,Ethnicity,B: Irish,18 To 52 Weeks,630
Oral Surgery Service,Ethnicity,B: Irish,Over 52 Weeks,35
Oral Surgery Service,Ethnicity,B: Irish,Total,1490
Oral Surgery Service,Ethnicity,C: Any other white background,Unknown Clock Start,*
Oral Surgery Service,Ethnicity,C: Any other white background,01 To 18 Weeks,8600
Oral Surgery Service,Ethnicity,C: Any other white background,18 To 52 Weeks,6990
Oral Surgery Service,Ethnicity,C: Any other white background,Over 52 Weeks,530
Oral Surgery Service,Ethnicity,C: Any other white background,Total,16125
Oral Surgery Service,Ethnicity,D: White and Black Caribbean,01 To 18 Weeks,865
Oral Surgery Service,Ethnicity,D: White and Black Caribbean,18 To 52 Weeks,740
Oral Surgery Service,Ethnicity,D: White and Black Caribbean,Over 52 Weeks,50
Oral Surgery Service,Ethnicity,D: White and Black Caribbean,Total,1655
Oral Surgery Service,Ethnicity,E: White and Black African,01 To 18 Weeks,400
Oral Surgery Service,Ethnicity,E: White and Black African,18 To 52 Weeks,370
Oral Surgery Service,Ethnicity,E: White and Black African,Over 52 Weeks,30
Oral Surgery Service,Ethnicity,E: White and Black African,Total,795
Oral Surgery Service,Ethnicity,F: White and Asian,01 To 18 Weeks,600
Oral Surgery Service,Ethnicity,F: White and Asian,18 To 52 Weeks,530
Oral Surgery Service,Ethnicity,F: White and Asian,Over 52 Weeks,40
Oral Surgery Service,Ethnicity,F: White and Asian,Total,1165
Oral Surgery Service,Ethnicity,G: Any other mixed background,01 To 18 Weeks,1400
Oral Surgery Service,Ethnicity,G: Any other mixed background,18 To 52 Weeks,1150
Oral Surgery Service,Ethnicity,G: Any other mixed background,Over 52 Weeks,100
Oral Surgery Service,Ethnicity,G: Any other mixed background,Total,2645
Oral Surgery Service,Ethnicity,H: Indian,Unknown Clock Start,*
Oral Surgery Service,Ethnicity,H: Indian,01 To 18 Weeks,4845
Oral Surgery Service,Ethnicity,H: Indian,18 To 52 Weeks,4300
Oral Surgery Service,Ethnicity,H: Indian,Over 52 Weeks,305
Oral Surgery Service,Ethnicity,H: Indian,Total,9450
Oral Surgery Service,Ethnicity,J: Pakistani,01 To 18 Weeks,4250
Oral Surgery Service,Ethnicity,J: Pakistani,18 To 52 Weeks,3690
Oral Surgery Service,Ethnicity,J: Pakistani,Over 52 Weeks,235
Oral Surgery Service,Ethnicity,J: Pakistani,Total,8175
Oral Surgery Service,Ethnicity,K: Bangladeshi,01 To 18 Weeks,1735
Oral Surgery Service,Ethnicity,K: Bangladeshi,18 To 52 Weeks,1395
Oral Surgery Service,Ethnicity,K: Bangladeshi,Over 52 Weeks,110
Oral Surgery Service,Ethnicity,K: Bangladeshi,Total,3240
Oral Surgery Service,Ethnicity,L: Any other Asian background,01 To 18 Weeks,3580
Oral Surgery Service,Ethnicity,L: Any other Asian background,18 To 52 Weeks,2735
Oral Surgery Service,Ethnicity,L: Any other Asian background,Over 52 Weeks,180
Oral Surgery Service,Ethnicity,L: Any other Asian background,Total,6495
Oral Surgery Service,Ethnicity,M: Caribbean,Unknown Clock Start,*
Oral Surgery Service,Ethnicity,M: Caribbean,01 To 18 Weeks,2240
Oral Surgery Service,Ethnicity,M: Caribbean,18 To 52 Weeks,1770
Oral Surgery Service,Ethnicity,M: Caribbean,Over 52 Weeks,95
Oral Surgery Service,Ethnicity,M: Caribbean,Total,4105
Oral Surgery Service,Ethnicity,N: African,01 To 18 Weeks,3405
Oral Surgery Service,Ethnicity,N: African,18 To 52 Weeks,2570
Oral Surgery Service,Ethnicity,N: African,Over 52 Weeks,200
Oral Surgery Service,Ethnicity,N: African,Total,6175
Oral Surgery Service,Ethnicity,P: Any other Black background,01 To 18 Weeks,1855
Oral Surgery Service,Ethnicity,P: Any other Black background,18 To 52 Weeks,1445
Oral Surgery Service,Ethnicity,P: Any other Black background,Over 52 Weeks,85
Oral Surgery Service,Ethnicity,P: Any other Black background,Total,3385
Oral Surgery Service,Ethnicity,R: Chinese,01 To 18 Weeks,725
Oral Surgery Service,Ethnicity,R: Chinese,18 To 52 Weeks,625
Oral Surgery Service,Ethnicity,R: Chinese,Over 52 Weeks,45
Oral Surgery Service,Ethnicity,R: Chinese,Total,1395
Oral Surgery Service,Ethnicity,S: Any other ethnic group,Unknown Clock Start,*
Oral Surgery Service,Ethnicity,S: Any other ethnic group,01 To 18 Weeks,1790
Oral Surgery Service,Ethnicity,S: Any other ethnic group,18 To 52 Weeks,1375
Oral Surgery Service,Ethnicity,S: Any other ethnic group,Over 52 Weeks,80
Oral Surgery Service,Ethnicity,S: Any other ethnic group,Total,3250
Oral Surgery Service,Ethnicity,Z: Not stated,01 To 18 Weeks,8945
Oral Surgery Service,Ethnicity,Z: Not stated,18 To 52 Weeks,7555
Oral Surgery Service,Ethnicity,Z: Not stated,Over 52 Weeks,535
Oral Surgery Service,Ethnicity,Z: Not stated,Total,17035
Oral Surgery Service,IMD,1,Unknown Clock Start,*
Oral Surgery Service,IMD,1,01 To 18 Weeks,16530
Oral Surgery Service,IMD,1,18 To 52 Weeks,15655
Oral Surgery Service,IMD,1,Over 52 Weeks,1160
Oral Surgery Service,IMD,1,Total,33345
Oral Surgery Service,IMD,10,Unknown Clock Start,10
Oral Surgery Service,IMD,10,01 To 18 Weeks,13360
Oral Surgery Service,IMD,10,18 To 52 Weeks,12020
Oral Surgery Service,IMD,10,Over 52 Weeks,1030
Oral Surgery Service,IMD,10,Total,26420
Oral Surgery Service,IMD,2,Unknown Clock Start,*
Oral Surgery Service,IMD,2,01 To 18 Weeks,16920
Oral Surgery Service,IMD,2,18 To 52 Weeks,14390
Oral Surgery Service,IMD,2,Over 52 Weeks,1055
Oral Surgery Service,IMD,2,Total,32365
Oral Surgery Service,IMD,3,Unknown Clock Start,*
Oral Surgery Service,IMD,3,01 To 18 Weeks,16705
Oral Surgery Service,IMD,3,18 To 52 Weeks,14340
Oral Surgery Service,IMD,3,Over 52 Weeks,1080
Oral Surgery Service,IMD,3,Total,32130
Oral Surgery Service,IMD,4,Unknown Clock Start,10
Oral Surgery Service,IMD,4,01 To 18 Weeks,16150
Oral Surgery Service,IMD,4,18 To 52 Weeks,13700
Oral Surgery Service,IMD,4,Over 52 Weeks,1035
Oral Surgery Service,IMD,4,Total,30890
Oral Surgery Service,IMD,5,Unknown Clock Start,*
Oral Surgery Service,IMD,5,01 To 18 Weeks,15760
Oral Surgery Service,IMD,5,18 To 52 Weeks,13595
Oral Surgery Service,IMD,5,Over 52 Weeks,1070
Oral Surgery Service,IMD,5,Total,30425
Oral Surgery Service,IMD,6,Unknown Clock Start,*
Oral Surgery Service,IMD,6,01 To 18 Weeks,15700
Oral Surgery Service,IMD,6,18 To 52 Weeks,13510
Oral Surgery Service,IMD,6,Over 52 Weeks,1015
Oral Surgery Service,IMD,6,Total,30225
Oral Surgery Service,IMD,7,Unknown Clock Start,10
Oral Surgery Service,IMD,7,01 To 18 Weeks,15270
Oral Surgery Service,IMD,7,18 To 52 Weeks,13455
Oral Surgery Service,IMD,7,Over 52 Weeks,1010
Oral Surgery Service,IMD,7,Total,29750
Oral Surgery Service,IMD,8,Unknown Clock Start,10
Oral Surgery Service,IMD,8,01 To 18 Weeks,15100
Oral Surgery Service,IMD,8,18 To 52 Weeks,13415
Oral Surgery Service,IMD,8,Over 52 Weeks,1065
Oral Surgery Service,IMD,8,Total,29590
Oral Surgery Service,IMD,9,Unknown Clock Start,10
Oral Surgery Service,IMD,9,01 To 18 Weeks,14270
Oral Surgery Service,IMD,9,18 To 52 Weeks,12910
Oral Surgery Service,IMD,9,Over 52 Weeks,1040
Oral Surgery Service,IMD,9,Total,28230
Oral Surgery Service,Sex,Female,Unknown Clock Start,35
Oral Surgery Service,Sex,Female,01 To 18 Weeks,84440
Oral Surgery Service,Sex,Female,18 To 52 Weeks,78430
Oral Surgery Service,Sex,Female,Over 52 Weeks,6020
Oral Surgery Service,Sex,Female,Total,168925
Oral Surgery Service,Sex,Male,Unknown Clock Start,25
Oral Surgery Service,Sex,Male,01 To 18 Weeks,60645
Oral Surgery Service,Sex,Male,18 To 52 Weeks,52635
Oral Surgery Service,Sex,Male,Over 52 Weeks,4040
Oral Surgery Service,Sex,Male,Total,117345
Other - Medical Services,Age,0-18 Years,Unknown Clock Start,35
Other - Medical Services,Age,0-18 Years,01 To 18 Weeks,112480
Other - Medical Services,Age,0-18 Years,18 To 52 Weeks,38330
Other - Medical Services,Age,0-18 Years,Over 52 Weeks,805
Other - Medical Services,Age,0-18 Years,Total,151645
Other - Medical Services,Age,19-64 Years,Unknown Clock Start,405
Other - Medical Services,Age,19-64 Years,01 To 18 Weeks,248555
Other - Medical Services,Age,19-64 Years,18 To 52 Weeks,147345
Other - Medical Services,Age,19-64 Years,Over 52 Weeks,5670
Other - Medical Services,Age,19-64 Years,Total,401975
Other - Medical Services,Age,Over 65 Years,Unknown Clock Start,355
Other - Medical Services,Age,Over 65 Years,01 To 18 Weeks,117180
Other - Medical Services,Age,Over 65 Years,18 To 52 Weeks,61700
Other - Medical Services,Age,Over 65 Years,Over 52 Weeks,2370
Other - Medical Services,Age,Over 65 Years,Total,181605
Other - Medical Services,Ethnicity,99: Not known,Unknown Clock Start,10
Other - Medical Services,Ethnicity,99: Not known,01 To 18 Weeks,18325
Other - Medical Services,Ethnicity,99: Not known,18 To 52 Weeks,6960
Other - Medical Services,Ethnicity,99: Not known,Over 52 Weeks,255
Other - Medical Services,Ethnicity,99: Not known,Total,25545
Other - Medical Services,Ethnicity,A: British,Unknown Clock Start,640
Other - Medical Services,Ethnicity,A: British,01 To 18 Weeks,318970
Other - Medical Services,Ethnicity,A: British,18 To 52 Weeks,166055
Other - Medical Services,Ethnicity,A: British,Over 52 Weeks,6010
Other - Medical Services,Ethnicity,A: British,Total,491675
Other - Medical Services,Ethnicity,B: Irish,Unknown Clock Start,10
Other - Medical Services,Ethnicity,B: Irish,01 To 18 Weeks,2805
Other - Medical Services,Ethnicity,B: Irish,18 To 52 Weeks,1420
Other - Medical Services,Ethnicity,B: Irish,Over 52 Weeks,55
Other - Medical Services,Ethnicity,B: Irish,Total,4290
Other - Medical Services,Ethnicity,C: Any other white background,Unknown Clock Start,45
Other - Medical Services,Ethnicity,C: Any other white background,01 To 18 Weeks,34590
Other - Medical Services,Ethnicity,C: Any other white background,18 To 52 Weeks,17285
Other - Medical Services,Ethnicity,C: Any other white background,Over 52 Weeks,695
Other - Medical Services,Ethnicity,C: Any other white background,Total,52615
Other - Medical Services,Ethnicity,D: White and Black Caribbean,Unknown Clock Start,*
Other - Medical Services,Ethnicity,D: White and Black Caribbean,01 To 18 Weeks,2965
Other - Medical Services,Ethnicity,D: White and Black Caribbean,18 To 52 Weeks,1350
Other - Medical Services,Ethnicity,D: White and Black Caribbean,Over 52 Weeks,35
Other - Medical Services,Ethnicity,D: White and Black Caribbean,Total,4350
Other - Medical Services,Ethnicity,E: White and Black African,01 To 18 Weeks,1690
Other - Medical Services,Ethnicity,E: White and Black African,18 To 52 Weeks,760
Other - Medical Services,Ethnicity,E: White and Black African,Over 52 Weeks,25
Other - Medical Services,Ethnicity,E: White and Black African,Total,2470
Other - Medical Services,Ethnicity,F: White and Asian,Unknown Clock Start,*
Other - Medical Services,Ethnicity,F: White and Asian,01 To 18 Weeks,2250
Other - Medical Services,Ethnicity,F: White and Asian,18 To 52 Weeks,1045
Other - Medical Services,Ethnicity,F: White and Asian,Over 52 Weeks,25
Other - Medical Services,Ethnicity,F: White and Asian,Total,3320
Other - Medical Services,Ethnicity,G: Any other mixed background,Unknown Clock Start,*
Other - Medical Services,Ethnicity,G: Any other mixed background,01 To 18 Weeks,5435
Other - Medical Services,Ethnicity,G: Any other mixed background,18 To 52 Weeks,2470
Other - Medical Services,Ethnicity,G: Any other mixed background,Over 52 Weeks,80
Other - Medical Services,Ethnicity,G: Any other mixed background,Total,7990
Other - Medical Services,Ethnicity,H: Indian,Unknown Clock Start,10
Other - Medical Services,Ethnicity,H: Indian,01 To 18 Weeks,15045
Other - Medical Services,Ethnicity,H: Indian,18 To 52 Weeks,8025
Other - Medical Services,Ethnicity,H: Indian,Over 52 Weeks,275
Other - Medical Services,Ethnicity,H: Indian,Total,23355
Other - Medical Services,Ethnicity,J: Pakistani,Unknown Clock Start,*
Other - Medical Services,Ethnicity,J: Pakistani,01 To 18 Weeks,14360
Other - Medical Services,Ethnicity,J: Pakistani,18 To 52 Weeks,7315
Other - Medical Services,Ethnicity,J: Pakistani,Over 52 Weeks,180
Other - Medical Services,Ethnicity,J: Pakistani,Total,21860
Other - Medical Services,Ethnicity,K: Bangladeshi,Unknown Clock Start,*
Other - Medical Services,Ethnicity,K: Bangladeshi,01 To 18 Weeks,5840
Other - Medical Services,Ethnicity,K: Bangladeshi,18 To 52 Weeks,2835
Other - Medical Services,Ethnicity,K: Bangladeshi,Over 52 Weeks,85
Other - Medical Services,Ethnicity,K: Bangladeshi,Total,8760
Other - Medical Services,Ethnicity,L: Any other Asian background,Unknown Clock Start,20
Other - Medical Services,Ethnicity,L: Any other Asian background,01 To 18 Weeks,12875
Other - Medical Services,Ethnicity,L: Any other Asian background,18 To 52 Weeks,6650
Other - Medical Services,Ethnicity,L: Any other Asian background,Over 52 Weeks,250
Other - Medical Services,Ethnicity,L: Any other Asian background,Total,19795
Other - Medical Services,Ethnicity,M: Caribbean,Unknown Clock Start,*
Other - Medical Services,Ethnicity,M: Caribbean,01 To 18 Weeks,7435
Other - Medical Services,Ethnicity,M: Caribbean,18 To 52 Weeks,3845
Other - Medical Services,Ethnicity,M: Caribbean,Over 52 Weeks,120
Other - Medical Services,Ethnicity,M: Caribbean,Total,11400
Other - Medical Services,Ethnicity,N: African,Unknown Clock Start,10
Other - Medical Services,Ethnicity,N: African,01 To 18 Weeks,13800
Other - Medical Services,Ethnicity,N: African,18 To 52 Weeks,6205
Other - Medical Services,Ethnicity,N: African,Over 52 Weeks,205
Other - Medical Services,Ethnicity,N: African,Total,20225
Other - Medical Services,Ethnicity,P: Any other Black background,Unknown Clock Start,10
Other - Medical Services,Ethnicity,P: Any other Black background,01 To 18 Weeks,5830
Other - Medical Services,Ethnicity,P: Any other Black background,18 To 52 Weeks,2925
Other - Medical Services,Ethnicity,P: Any other Black background,Over 52 Weeks,105
Other - Medical Services,Ethnicity,P: Any other Black background,Total,8875
Other - Medical Services,Ethnicity,R: Chinese,Unknown Clock Start,*
Other - Medical Services,Ethnicity,R: Chinese,01 To 18 Weeks,2260
Other - Medical Services,Ethnicity,R: Chinese,18 To 52 Weeks,1150
Other - Medical Services,Ethnicity,R: Chinese,Over 52 Weeks,35
Other - Medical Services,Ethnicity,R: Chinese,Total,3445
Other - Medical Services,Ethnicity,S: Any other ethnic group,Unknown Clock Start,10
Other - Medical Services,Ethnicity,S: Any other ethnic group,01 To 18 Weeks,6800
Other - Medical Services,Ethnicity,S: Any other ethnic group,18 To 52 Weeks,3245
Other - Medical Services,Ethnicity,S: Any other ethnic group,Over 52 Weeks,115
Other - Medical Services,Ethnicity,S: Any other ethnic group,Total,10165
Other - Medical Services,Ethnicity,Z: Not stated,Unknown Clock Start,30
Other - Medical Services,Ethnicity,Z: Not stated,01 To 18 Weeks,21020
Other - Medical Services,Ethnicity,Z: Not stated,18 To 52 Weeks,10080
Other - Medical Services,Ethnicity,Z: Not stated,Over 52 Weeks,315
Other - Medical Services,Ethnicity,Z: Not stated,Total,31445
Other - Medical Services,IMD,1,Unknown Clock Start,45
Other - Medical Services,IMD,1,01 To 18 Weeks,54190
Other - Medical Services,IMD,1,18 To 52 Weeks,28270
Other - Medical Services,IMD,1,Over 52 Weeks,785
Other - Medical Services,IMD,1,Total,83290
Other - Medical Services,IMD,10,Unknown Clock Start,115
Other - Medical Services,IMD,10,01 To 18 Weeks,38225
Other - Medical Services,IMD,10,18 To 52 Weeks,19675
Other - Medical Services,IMD,10,Over 52 Weeks,755
Other - Medical Services,IMD,10,Total,58770
Other - Medical Services,IMD,2,Unknown Clock Start,55
Other - Medical Services,IMD,2,01 To 18 Weeks,54490
Other - Medical Services,IMD,2,18 To 52 Weeks,27790
Other - Medical Services,IMD,2,Over 52 Weeks,895
Other - Medical Services,IMD,2,Total,83235
Other - Medical Services,IMD,3,Unknown Clock Start,75
Other - Medical Services,IMD,3,01 To 18 Weeks,53350
Other - Medical Services,IMD,3,18 To 52 Weeks,27070
Other - Medical Services,IMD,3,Over 52 Weeks,970
Other - Medical Services,IMD,3,Total,81465
Other - Medical Services,IMD,4,Unknown Clock Start,90
Other - Medical Services,IMD,4,01 To 18 Weeks,50310
Other - Medical Services,IMD,4,18 To 52 Weeks,25660
Other - Medical Services,IMD,4,Over 52 Weeks,960
Other - Medical Services,IMD,4,Total,77015
Other - Medical Services,IMD,5,Unknown Clock Start,85
Other - Medical Services,IMD,5,01 To 18 Weeks,47605
Other - Medical Services,IMD,5,18 To 52 Weeks,24065
Other - Medical Services,IMD,5,Over 52 Weeks,905
Other - Medical Services,IMD,5,Total,72660
Other - Medical Services,IMD,6,Unknown Clock Start,75
Other - Medical Services,IMD,6,01 To 18 Weeks,46510
Other - Medical Services,IMD,6,18 To 52 Weeks,23825
Other - Medical Services,IMD,6,Over 52 Weeks,870
Other - Medical Services,IMD,6,Total,71275
Other - Medical Services,IMD,7,Unknown Clock Start,105
Other - Medical Services,IMD,7,01 To 18 Weeks,44070
Other - Medical Services,IMD,7,18 To 52 Weeks,22295
Other - Medical Services,IMD,7,Over 52 Weeks,885
Other - Medical Services,IMD,7,Total,67355
Other - Medical Services,IMD,8,Unknown Clock Start,75
Other - Medical Services,IMD,8,01 To 18 Weeks,43415
Other - Medical Services,IMD,8,18 To 52 Weeks,22560
Other - Medical Services,IMD,8,Over 52 Weeks,840
Other - Medical Services,IMD,8,Total,66895
Other - Medical Services,IMD,9,Unknown Clock Start,90
Other - Medical Services,IMD,9,01 To 18 Weeks,41795
Other - Medical Services,IMD,9,18 To 52 Weeks,21410
Other - Medical Services,IMD,9,Over 52 Weeks,775
Other - Medical Services,IMD,9,Total,64070
Other - Medical Services,Sex,Female,Unknown Clock Start,435
Other - Medical Services,Sex,Female,01 To 18 Weeks,249255
Other - Medical Services,Sex,Female,18 To 52 Weeks,135010
Other - Medical Services,Sex,Female,Over 52 Weeks,4885
Other - Medical Services,Sex,Female,Total,389580
Other - Medical Services,Sex,Male,Unknown Clock Start,360
Other - Medical Services,Sex,Male,01 To 18 Weeks,196120
Other - Medical Services,Sex,Male,18 To 52 Weeks,94495
Other - Medical Services,Sex,Male,Over 52 Weeks,3310
Other - Medical Services,Sex,Male,Total,294285
Other - Mental Health Services,Age,0-18 Years,Unknown Clock Start,*
Other - Mental Health Services,Age,0-18 Years,01 To 18 Weeks,235
Other - Mental Health Services,Age,0-18 Years,18 To 52 Weeks,120
Other - Mental Health Services,Age,0-18 Years,Over 52 Weeks,*
Other - Mental Health Services,Age,0-18 Years,Total,360
Other - Mental Health Services,Age,19-64 Years,01 To 18 Weeks,745
Other - Mental Health Services,Age,19-64 Years,18 To 52 Weeks,325
Other - Mental Health Services,Age,19-64 Years,Over 52 Weeks,*
Other - Mental Health Services,Age,19-64 Years,Total,1075
Other - Mental Health Services,Age,Over 65 Years,01 To 18 Weeks,460
Other - Mental Health Services,Age,Over 65 Years,18 To 52 Weeks,65
Other - Mental Health Services,Age,Over 65 Years,Total,525
Other - Mental Health Services,Ethnicity,99: Not known,01 To 18 Weeks,60
Other - Mental Health Services,Ethnicity,99: Not known,18 To 52 Weeks,20
Other - Mental Health Services,Ethnicity,99: Not known,Total,80
Other - Mental Health Services,Ethnicity,A: British,Unknown Clock Start,*
Other - Mental Health Services,Ethnicity,A: British,01 To 18 Weeks,1205
Other - Mental Health Services,Ethnicity,A: British,18 To 52 Weeks,450
Other - Mental Health Services,Ethnicity,A: British,Over 52 Weeks,*
Other - Mental Health Services,Ethnicity,A: British,Total,1665
Other - Mental Health Services,Ethnicity,B: Irish,01 To 18 Weeks,15
Other - Mental Health Services,Ethnicity,B: Irish,18 To 52 Weeks,*
Other - Mental Health Services,Ethnicity,B: Irish,Total,15
Other - Mental Health Services,Ethnicity,C: Any other white background,01 To 18 Weeks,85
Other - Mental Health Services,Ethnicity,C: Any other white background,18 To 52 Weeks,30
Other - Mental Health Services,Ethnicity,C: Any other white background,Total,115
Other - Mental Health Services,Ethnicity,D: White and Black Caribbean,01 To 18 Weeks,10
Other - Mental Health Services,Ethnicity,D: White and Black Caribbean,18 To 52 Weeks,10
Other - Mental Health Services,Ethnicity,D: White and Black Caribbean,Total,15
Other - Mental Health Services,Ethnicity,E: White and Black African,01 To 18 Weeks,*
Other - Mental Health Services,Ethnicity,E: White and Black African,Total,*
Other - Mental Health Services,Ethnicity,F: White and Asian,01 To 18 Weeks,*
Other - Mental Health Services,Ethnicity,F: White and Asian,18 To 52 Weeks,*
Other - Mental Health Services,Ethnicity,F: White and Asian,Total,*
Other - Mental Health Services,Ethnicity,G: Any other mixed background,01 To 18 Weeks,15
Other - Mental Health Services,Ethnicity,G: Any other mixed background,18 To 52 Weeks,*
Other - Mental Health Services,Ethnicity,G: Any other mixed background,Over 52 Weeks,*
Other - Mental Health Services,Ethnicity,G: Any other mixed background,Total,25
Other - Mental Health Services,Ethnicity,H: Indian,01 To 18 Weeks,35
Other - Mental Health Services,Ethnicity,H: Indian,18 To 52 Weeks,15
Other - Mental Health Services,Ethnicity,H: Indian,Total,50
Other - Mental Health Services,Ethnicity,J: Pakistani,01 To 18 Weeks,15
Other - Mental Health Services,Ethnicity,J: Pakistani,18 To 52 Weeks,10
Other - Mental Health Services,Ethnicity,J: Pakistani,Total,25
Other - Mental Health Services,Ethnicity,K: Bangladeshi,01 To 18 Weeks,15
Other - Mental Health Services,Ethnicity,K: Bangladeshi,18 To 52 Weeks,*
Other - Mental Health Services,Ethnicity,K: Bangladeshi,Total,20
Other - Mental Health Services,Ethnicity,L: Any other Asian background,01 To 18 Weeks,35
Other - Mental Health Services,Ethnicity,L: Any other Asian background,18 To 52 Weeks,10
Other - Mental Health Services,Ethnicity,L: Any other Asian background,Total,45
Other - Mental Health Services,Ethnicity,M: Caribbean,01 To 18 Weeks,15
Other - Mental Health Services,Ethnicity,M: Caribbean,18 To 52 Weeks,10
Other - Mental Health Services,Ethnicity,M: Caribbean,Total,30
Other - Mental Health Services,Ethnicity,N: African,01 To 18 Weeks,30
Other - Mental Health Services,Ethnicity,N: African,18 To 52 Weeks,10
Other - Mental Health Services,Ethnicity,N: African,Total,40
Other - Mental Health Services,Ethnicity,P: Any other Black background,01 To 18 Weeks,15
Other - Mental Health Services,Ethnicity,P: Any other Black background,18 To 52 Weeks,*
Other - Mental Health Services,Ethnicity,P: Any other Black background,Total,20
Other - Mental Health Services,Ethnicity,R: Chinese,01 To 18 Weeks,*
Other - Mental Health Services,Ethnicity,R: Chinese,18 To 52 Weeks,*
Other - Mental Health Services,Ethnicity,R: Chinese,Total,*
Other - Mental Health Services,Ethnicity,S: Any other ethnic group,01 To 18 Weeks,*
Other - Mental Health Services,Ethnicity,S: Any other ethnic group,18 To 52 Weeks,*
Other - Mental Health Services,Ethnicity,S: Any other ethnic group,Total,10
Other - Mental Health Services,Ethnicity,Z: Not stated,01 To 18 Weeks,45
Other - Mental Health Services,Ethnicity,Z: Not stated,18 To 52 Weeks,20
Other - Mental Health Services,Ethnicity,Z: Not stated,Total,65
Other - Mental Health Services,IMD,1,01 To 18 Weeks,145
Other - Mental Health Services,IMD,1,18 To 52 Weeks,40
Other - Mental Health Services,IMD,1,Over 52 Weeks,*
Other - Mental Health Services,IMD,1,Total,185
Other - Mental Health Services,IMD,10,Unknown Clock Start,*
Other - Mental Health Services,IMD,10,01 To 18 Weeks,145
Other - Mental Health Services,IMD,10,18 To 52 Weeks,60
Other - Mental Health Services,IMD,10,Total,205
Other - Mental Health Services,IMD,2,01 To 18 Weeks,195
Other - Mental Health Services,IMD,2,18 To 52 Weeks,60
Other - Mental Health Services,IMD,2,Over 52 Weeks,*
Other - Mental Health Services,IMD,2,Total,255
Other - Mental Health Services,IMD,3,01 To 18 Weeks,180
Other - Mental Health Services,IMD,3,18 To 52 Weeks,70
Other - Mental Health Services,IMD,3,Total,250
Other - Mental Health Services,IMD,4,01 To 18 Weeks,165
Other - Mental Health Services,IMD,4,18 To 52 Weeks,70
Other - Mental Health Services,IMD,4,Over 52 Weeks,*
Other - Mental Health Services,IMD,4,Total,235
Other - Mental Health Services,IMD,5,01 To 18 Weeks,130
Other - Mental Health Services,IMD,5,18 To 52 Weeks,65
Other - Mental Health Services,IMD,5,Total,200
Other - Mental Health Services,IMD,6,01 To 18 Weeks,140
Other - Mental Health Services,IMD,6,18 To 52 Weeks,55
Other - Mental Health Services,IMD,6,Total,200
Other - Mental Health Services,IMD,7,01 To 18 Weeks,135
Other - Mental Health Services,IMD,7,18 To 52 Weeks,55
Other - Mental Health Services,IMD,7,Total,190
Other - Mental Health Services,IMD,8,Unknown Clock Start,*
Other - Mental Health Services,IMD,8,01 To 18 Weeks,150
Other - Mental Health Services,IMD,8,18 To 52 Weeks,55
Other - Mental Health Services,IMD,8,Over 52 Weeks,*
Other - Mental Health Services,IMD,8,Total,205
Other - Mental Health Services,IMD,9,01 To 18 Weeks,145
Other - Mental Health Services,IMD,9,18 To 52 Weeks,60
Other - Mental Health Services,IMD,9,Total,205
Other - Mental Health Services,Sex,Female,Unknown Clock Start,*
Other - Mental Health Services,Sex,Female,01 To 18 Weeks,640
Other - Mental Health Services,Sex,Female,18 To 52 Weeks,240
Other - Mental Health Services,Sex,Female,Over 52 Weeks,*
Other - Mental Health Services,Sex,Female,Total,885
Other - Mental Health Services,Sex,Male,Unknown Clock Start,*
Other - Mental Health Services,Sex,Male,01 To 18 Weeks,400
Other - Mental Health Services,Sex,Male,18 To 52 Weeks,140
Other - Mental Health Services,Sex,Male,Over 52 Weeks,*
Other - Mental Health Services,Sex,Male,Total,540
Other - Other Services,Age,0-18 Years,Unknown Clock Start,*
Other - Other Services,Age,0-18 Years,01 To 18 Weeks,5195
Other - Other Services,Age,0-18 Years,18 To 52 Weeks,1515
Other - Other Services,Age,0-18 Years,Over 52 Weeks,60
Other - Other Services,Age,0-18 Years,Total,6775
Other - Other Services,Age,19-64 Years,Unknown Clock Start,60
Other - Other Services,Age,19-64 Years,01 To 18 Weeks,43065
Other - Other Services,Age,19-64 Years,18 To 52 Weeks,14710
Other - Other Services,Age,19-64 Years,Over 52 Weeks,570
Other - Other Services,Age,19-64 Years,Total,58400
Other - Other Services,Age,Over 65 Years,Unknown Clock Start,10
Other - Other Services,Age,Over 65 Years,01 To 18 Weeks,28620
Other - Other Services,Age,Over 65 Years,18 To 52 Weeks,7285
Other - Other Services,Age,Over 65 Years,Over 52 Weeks,205
Other - Other Services,Age,Over 65 Years,Total,36125
Other - Other Services,Ethnicity,99: Not known,01 To 18 Weeks,2075
Other - Other Services,Ethnicity,99: Not known,18 To 52 Weeks,630
Other - Other Services,Ethnicity,99: Not known,Over 52 Weeks,20
Other - Other Services,Ethnicity,99: Not known,Total,2725
Other - Other Services,Ethnicity,A: British,Unknown Clock Start,40
Other - Other Services,Ethnicity,A: British,01 To 18 Weeks,53500
Other - Other Services,Ethnicity,A: British,18 To 52 Weeks,16940
Other - Other Services,Ethnicity,A: British,Over 52 Weeks,625
Other - Other Services,Ethnicity,A: British,Total,71105
Other - Other Services,Ethnicity,B: Irish,01 To 18 Weeks,505
Other - Other Services,Ethnicity,B: Irish,18 To 52 Weeks,100
Other - Other Services,Ethnicity,B: Irish,Over 52 Weeks,*
Other - Other Services,Ethnicity,B: Irish,Total,615
Other - Other Services,Ethnicity,C: Any other white background,Unknown Clock Start,*
Other - Other Services,Ethnicity,C: Any other white background,01 To 18 Weeks,5720
Other - Other Services,Ethnicity,C: Any other white background,18 To 52 Weeks,1385
Other - Other Services,Ethnicity,C: Any other white background,Over 52 Weeks,50
Other - Other Services,Ethnicity,C: Any other white background,Total,7160
Other - Other Services,Ethnicity,D: White and Black Caribbean,01 To 18 Weeks,290
Other - Other Services,Ethnicity,D: White and Black Caribbean,18 To 52 Weeks,115
Other - Other Services,Ethnicity,D: White and Black Caribbean,Total,405
Other - Other Services,Ethnicity,E: White and Black African,01 To 18 Weeks,165
Other - Other Services,Ethnicity,E: White and Black African,18 To 52 Weeks,55
Other - Other Services,Ethnicity,E: White and Black African,Over 52 Weeks,*
Other - Other Services,Ethnicity,E: White and Black African,Total,220
Other - Other Services,Ethnicity,F: White and Asian,01 To 18 Weeks,230
Other - Other Services,Ethnicity,F: White and Asian,18 To 52 Weeks,90
Other - Other Services,Ethnicity,F: White and Asian,Over 52 Weeks,*
Other - Other Services,Ethnicity,F: White and Asian,Total,320
Other - Other Services,Ethnicity,G: Any other mixed background,01 To 18 Weeks,570
Other - Other Services,Ethnicity,G: Any other mixed background,18 To 52 Weeks,160
Other - Other Services,Ethnicity,G: Any other mixed background,Over 52 Weeks,*
Other - Other Services,Ethnicity,G: Any other mixed background,Total,735
Other - Other Services,Ethnicity,H: Indian,Unknown Clock Start,*
Other - Other Services,Ethnicity,H: Indian,01 To 18 Weeks,1545
Other - Other Services,Ethnicity,H: Indian,18 To 52 Weeks,665
Other - Other Services,Ethnicity,H: Indian,Over 52 Weeks,20
Other - Other Services,Ethnicity,H: Indian,Total,2230
Other - Other Services,Ethnicity,J: Pakistani,Unknown Clock Start,*
Other - Other Services,Ethnicity,J: Pakistani,01 To 18 Weeks,1490
Other - Other Services,Ethnicity,J: Pakistani,18 To 52 Weeks,585
Other - Other Services,Ethnicity,J: Pakistani,Over 52 Weeks,15
Other - Other Services,Ethnicity,J: Pakistani,Total,2095
Other - Other Services,Ethnicity,K: Bangladeshi,Unknown Clock Start,*
Other - Other Services,Ethnicity,K: Bangladeshi,01 To 18 Weeks,670
Other - Other Services,Ethnicity,K: Bangladeshi,18 To 52 Weeks,180
Other - Other Services,Ethnicity,K: Bangladeshi,Over 52 Weeks,10
Other - Other Services,Ethnicity,K: Bangladeshi,Total,860
Other - Other Services,Ethnicity,L: Any other Asian background,Unknown Clock Start,10
Other - Other Services,Ethnicity,L: Any other Asian background,01 To 18 Weeks,1610
Other - Other Services,Ethnicity,L: Any other Asian background,18 To 52 Weeks,465
Other - Other Services,Ethnicity,L: Any other Asian background,Over 52 Weeks,15
Other - Other Services,Ethnicity,L: Any other Asian background,Total,2105
Other - Other Services,Ethnicity,M: Caribbean,Unknown Clock Start,*
Other - Other Services,Ethnicity,M: Caribbean,01 To 18 Weeks,1000
Other - Other Services,Ethnicity,M: Caribbean,18 To 52 Weeks,250
Other - Other Services,Ethnicity,M: Caribbean,Over 52 Weeks,10
Other - Other Services,Ethnicity,M: Caribbean,Total,1255
Other - Other Services,Ethnicity,N: African,Unknown Clock Start,*
Other - Other Services,Ethnicity,N: African,01 To 18 Weeks,1640
Other - Other Services,Ethnicity,N: African,18 To 52 Weeks,365
Other - Other Services,Ethnicity,N: African,Over 52 Weeks,10
Other - Other Services,Ethnicity,N: African,Total,2015
Other - Other Services,Ethnicity,P: Any other Black background,Unknown Clock Start,*
Other - Other Services,Ethnicity,P: Any other Black background,01 To 18 Weeks,715
Other - Other Services,Ethnicity,P: Any other Black background,18 To 52 Weeks,180
Other - Other Services,Ethnicity,P: Any other Black background,Over 52 Weeks,10
Other - Other Services,Ethnicity,P: Any other Black background,Total,905
Other - Other Services,Ethnicity,R: Chinese,01 To 18 Weeks,320
Other - Other Services,Ethnicity,R: Chinese,18 To 52 Weeks,75
Other - Other Services,Ethnicity,R: Chinese,Over 52 Weeks,*
Other - Other Services,Ethnicity,R: Chinese,Total,390
Other - Other Services,Ethnicity,S: Any other ethnic group,Unknown Clock Start,*
Other - Other Services,Ethnicity,S: Any other ethnic group,01 To 18 Weeks,780
Other - Other Services,Ethnicity,S: Any other ethnic group,18 To 52 Weeks,240
Other - Other Services,Ethnicity,S: Any other ethnic group,Over 52 Weeks,*
Other - Other Services,Ethnicity,S: Any other ethnic group,Total,1025
Other - Other Services,Ethnicity,Z: Not stated,Unknown Clock Start,*
Other - Other Services,Ethnicity,Z: Not stated,01 To 18 Weeks,4495
Other - Other Services,Ethnicity,Z: Not stated,18 To 52 Weeks,1130
Other - Other Services,Ethnicity,Z: Not stated,Over 52 Weeks,35
Other - Other Services,Ethnicity,Z: Not stated,Total,5660
Other - Other Services,IMD,1,Unknown Clock Start,*
Other - Other Services,IMD,1,01 To 18 Weeks,8115
Other - Other Services,IMD,1,18 To 52 Weeks,3010
Other - Other Services,IMD,1,Over 52 Weeks,120
Other - Other Services,IMD,1,Total,11245
Other - Other Services,IMD,10,Unknown Clock Start,10
Other - Other Services,IMD,10,01 To 18 Weeks,6715
Other - Other Services,IMD,10,18 To 52 Weeks,2055
Other - Other Services,IMD,10,Over 52 Weeks,60
Other - Other Services,IMD,10,Total,8845
Other - Other Services,IMD,2,Unknown Clock Start,*
Other - Other Services,IMD,2,01 To 18 Weeks,8155
Other - Other Services,IMD,2,18 To 52 Weeks,2655
Other - Other Services,IMD,2,Over 52 Weeks,90
Other - Other Services,IMD,2,Total,10910
Other - Other Services,IMD,3,Unknown Clock Start,*
Other - Other Services,IMD,3,01 To 18 Weeks,7925
Other - Other Services,IMD,3,18 To 52 Weeks,2275
Other - Other Services,IMD,3,Over 52 Weeks,80
Other - Other Services,IMD,3,Total,10290
Other - Other Services,IMD,4,Unknown Clock Start,10
Other - Other Services,IMD,4,01 To 18 Weeks,8305
Other - Other Services,IMD,4,18 To 52 Weeks,2355
Other - Other Services,IMD,4,Over 52 Weeks,95
Other - Other Services,IMD,4,Total,10770
Other - Other Services,IMD,5,Unknown Clock Start,*
Other - Other Services,IMD,5,01 To 18 Weeks,7275
Other - Other Services,IMD,5,18 To 52 Weeks,2185
Other - Other Services,IMD,5,Over 52 Weeks,85
Other - Other Services,IMD,5,Total,9550
Other - Other Services,IMD,6,Unknown Clock Start,*
Other - Other Services,IMD,6,01 To 18 Weeks,7355
Other - Other Services,IMD,6,18 To 52 Weeks,2125
Other - Other Services,IMD,6,Over 52 Weeks,75
Other - Other Services,IMD,6,Total,9560
Other - Other Services,IMD,7,Unknown Clock Start,10
Other - Other Services,IMD,7,01 To 18 Weeks,7540
Other - Other Services,IMD,7,18 To 52 Weeks,2225
Other - Other Services,IMD,7,Over 52 Weeks,55
Other - Other Services,IMD,7,Total,9830
Other - Other Services,IMD,8,Unknown Clock Start,*
Other - Other Services,IMD,8,01 To 18 Weeks,7435
Other - Other Services,IMD,8,18 To 52 Weeks,2130
Other - Other Services,IMD,8,Over 52 Weeks,80
Other - Other Services,IMD,8,Total,9650
Other - Other Services,IMD,9,Unknown Clock Start,15
Other - Other Services,IMD,9,01 To 18 Weeks,6710
Other - Other Services,IMD,9,18 To 52 Weeks,2075
Other - Other Services,IMD,9,Over 52 Weeks,80
Other - Other Services,IMD,9,Total,8880
Other - Other Services,Sex,Female,Unknown Clock Start,55
Other - Other Services,Sex,Female,01 To 18 Weeks,41885
Other - Other Services,Sex,Female,18 To 52 Weeks,12780
Other - Other Services,Sex,Female,Over 52 Weeks,490
Other - Other Services,Sex,Female,Total,55210
Other - Other Services,Sex,Male,Unknown Clock Start,20
Other - Other Services,Sex,Male,01 To 18 Weeks,31850
Other - Other Services,Sex,Male,18 To 52 Weeks,8890
Other - Other Services,Sex,Male,Over 52 Weeks,325
Other - Other Services,Sex,Male,Total,41080
Other - Paediatric Services,Age,0-18 Years,Unknown Clock Start,85
Other - Paediatric Services,Age,0-18 Years,01 To 18 Weeks,163960
Other - Paediatric Services,Age,0-18 Years,18 To 52 Weeks,107750
Other - Paediatric Services,Age,0-18 Years,Over 52 Weeks,5305
Other - Paediatric Services,Age,0-18 Years,Total,277095
Other - Paediatric Services,Age,19-64 Years,01 To 18 Weeks,810
Other - Paediatric Services,Age,19-64 Years,18 To 52 Weeks,475
Other - Paediatric Services,Age,19-64 Years,Over 52 Weeks,30
Other - Paediatric Services,Age,19-64 Years,Total,1315
Other - Paediatric Services,Age,Over 65 Years,01 To 18 Weeks,135
Other - Paediatric Services,Age,Over 65 Years,18 To 52 Weeks,80
Other - Paediatric Services,Age,Over 65 Years,Over 52 Weeks,*
Other - Paediatric Services,Age,Over 65 Years,Total,215
Other - Paediatric Services,Ethnicity,99: Not known,Unknown Clock Start,*
Other - Paediatric Services,Ethnicity,99: Not known,01 To 18 Weeks,6665
Other - Paediatric Services,Ethnicity,99: Not known,18 To 52 Weeks,3460
Other - Paediatric Services,Ethnicity,99: Not known,Over 52 Weeks,150
Other - Paediatric Services,Ethnicity,99: Not known,Total,10275
Other - Paediatric Services,Ethnicity,A: British,Unknown Clock Start,45
Other - Paediatric Services,Ethnicity,A: British,01 To 18 Weeks,88920
Other - Paediatric Services,Ethnicity,A: British,18 To 52 Weeks,58425
Other - Paediatric Services,Ethnicity,A: British,Over 52 Weeks,3060
Other - Paediatric Services,Ethnicity,A: British,Total,150450
Other - Paediatric Services,Ethnicity,B: Irish,01 To 18 Weeks,460
Other - Paediatric Services,Ethnicity,B: Irish,18 To 52 Weeks,280
Other - Paediatric Services,Ethnicity,B: Irish,Over 52 Weeks,15
Other - Paediatric Services,Ethnicity,B: Irish,Total,755
Other - Paediatric Services,Ethnicity,C: Any other white background,Unknown Clock Start,*
Other - Paediatric Services,Ethnicity,C: Any other white background,01 To 18 Weeks,14690
Other - Paediatric Services,Ethnicity,C: Any other white background,18 To 52 Weeks,9390
Other - Paediatric Services,Ethnicity,C: Any other white background,Over 52 Weeks,450
Other - Paediatric Services,Ethnicity,C: Any other white background,Total,24535
Other - Paediatric Services,Ethnicity,D: White and Black Caribbean,Unknown Clock Start,*
Other - Paediatric Services,Ethnicity,D: White and Black Caribbean,01 To 18 Weeks,2100
Other - Paediatric Services,Ethnicity,D: White and Black Caribbean,18 To 52 Weeks,1475
Other - Paediatric Services,Ethnicity,D: White and Black Caribbean,Over 52 Weeks,65
Other - Paediatric Services,Ethnicity,D: White and Black Caribbean,Total,3645
Other - Paediatric Services,Ethnicity,E: White and Black African,Unknown Clock Start,*
Other - Paediatric Services,Ethnicity,E: White and Black African,01 To 18 Weeks,1350
Other - Paediatric Services,Ethnicity,E: White and Black African,18 To 52 Weeks,845
Other - Paediatric Services,Ethnicity,E: White and Black African,Over 52 Weeks,35
Other - Paediatric Services,Ethnicity,E: White and Black African,Total,2230
Other - Paediatric Services,Ethnicity,F: White and Asian,Unknown Clock Start,*
Other - Paediatric Services,Ethnicity,F: White and Asian,01 To 18 Weeks,1990
Other - Paediatric Services,Ethnicity,F: White and Asian,18 To 52 Weeks,1250
Other - Paediatric Services,Ethnicity,F: White and Asian,Over 52 Weeks,55
Other - Paediatric Services,Ethnicity,F: White and Asian,Total,3295
Other - Paediatric Services,Ethnicity,G: Any other mixed background,Unknown Clock Start,*
Other - Paediatric Services,Ethnicity,G: Any other mixed background,01 To 18 Weeks,4755
Other - Paediatric Services,Ethnicity,G: Any other mixed background,18 To 52 Weeks,3000
Other - Paediatric Services,Ethnicity,G: Any other mixed background,Over 52 Weeks,125
Other - Paediatric Services,Ethnicity,G: Any other mixed background,Total,7880
Other - Paediatric Services,Ethnicity,H: Indian,Unknown Clock Start,*
Other - Paediatric Services,Ethnicity,H: Indian,01 To 18 Weeks,5950
Other - Paediatric Services,Ethnicity,H: Indian,18 To 52 Weeks,4175
Other - Paediatric Services,Ethnicity,H: Indian,Over 52 Weeks,155
Other - Paediatric Services,Ethnicity,H: Indian,Total,10280
Other - Paediatric Services,Ethnicity,J: Pakistani,Unknown Clock Start,*
Other - Paediatric Services,Ethnicity,J: Pakistani,01 To 18 Weeks,8110
Other - Paediatric Services,Ethnicity,J: Pakistani,18 To 52 Weeks,5820
Other - Paediatric Services,Ethnicity,J: Pakistani,Over 52 Weeks,270
Other - Paediatric Services,Ethnicity,J: Pakistani,Total,14205
Other - Paediatric Services,Ethnicity,K: Bangladeshi,01 To 18 Weeks,3600
Other - Paediatric Services,Ethnicity,K: Bangladeshi,18 To 52 Weeks,2830
Other - Paediatric Services,Ethnicity,K: Bangladeshi,Over 52 Weeks,185
Other - Paediatric Services,Ethnicity,K: Bangladeshi,Total,6620
Other - Paediatric Services,Ethnicity,L: Any other Asian background,Unknown Clock Start,*
Other - Paediatric Services,Ethnicity,L: Any other Asian background,01 To 18 Weeks,6045
Other - Paediatric Services,Ethnicity,L: Any other Asian background,18 To 52 Weeks,4075
Other - Paediatric Services,Ethnicity,L: Any other Asian background,Over 52 Weeks,180
Other - Paediatric Services,Ethnicity,L: Any other Asian background,Total,10305
Other - Paediatric Services,Ethnicity,M: Caribbean,Unknown Clock Start,*
Other - Paediatric Services,Ethnicity,M: Caribbean,01 To 18 Weeks,1960
Other - Paediatric Services,Ethnicity,M: Caribbean,18 To 52 Weeks,1355
Other - Paediatric Services,Ethnicity,M: Caribbean,Over 52 Weeks,55
Other - Paediatric Services,Ethnicity,M: Caribbean,Total,3370
Other - Paediatric Services,Ethnicity,N: African,Unknown Clock Start,*
Other - Paediatric Services,Ethnicity,N: African,01 To 18 Weeks,7245
Other - Paediatric Services,Ethnicity,N: African,18 To 52 Weeks,4780
Other - Paediatric Services,Ethnicity,N: African,Over 52 Weeks,240
Other - Paediatric Services,Ethnicity,N: African,Total,12265
Other - Paediatric Services,Ethnicity,P: Any other Black background,Unknown Clock Start,*
Other - Paediatric Services,Ethnicity,P: Any other Black background,01 To 18 Weeks,2205
Other - Paediatric Services,Ethnicity,P: Any other Black background,18 To 52 Weeks,1485
Other - Paediatric Services,Ethnicity,P: Any other Black background,Over 52 Weeks,70
Other - Paediatric Services,Ethnicity,P: Any other Black background,Total,3765
Other - Paediatric Services,Ethnicity,R: Chinese,Unknown Clock Start,*
Other - Paediatric Services,Ethnicity,R: Chinese,01 To 18 Weeks,900
Other - Paediatric Services,Ethnicity,R: Chinese,18 To 52 Weeks,595
Other - Paediatric Services,Ethnicity,R: Chinese,Over 52 Weeks,30
Other - Paediatric Services,Ethnicity,R: Chinese,Total,1530
Other - Paediatric Services,Ethnicity,S: Any other ethnic group,Unknown Clock Start,*
Other - Paediatric Services,Ethnicity,S: Any other ethnic group,01 To 18 Weeks,3580
Other - Paediatric Services,Ethnicity,S: Any other ethnic group,18 To 52 Weeks,2245
Other - Paediatric Services,Ethnicity,S: Any other ethnic group,Over 52 Weeks,95
Other - Paediatric Services,Ethnicity,S: Any other ethnic group,Total,5925
Other - Paediatric Services,Ethnicity,Z: Not stated,Unknown Clock Start,*
Other - Paediatric Services,Ethnicity,Z: Not stated,01 To 18 Weeks,7195
Other - Paediatric Services,Ethnicity,Z: Not stated,18 To 52 Weeks,3810
Other - Paediatric Services,Ethnicity,Z: Not stated,Over 52 Weeks,170
Other - Paediatric Services,Ethnicity,Z: Not stated,Total,11180
Other - Paediatric Services,IMD,1,Unknown Clock Start,*
Other - Paediatric Services,IMD,1,01 To 18 Weeks,24130
Other - Paediatric Services,IMD,1,18 To 52 Weeks,16370
Other - Paediatric Services,IMD,1,Over 52 Weeks,790
Other - Paediatric Services,IMD,1,Total,41295
Other - Paediatric Services,IMD,10,Unknown Clock Start,20
Other - Paediatric Services,IMD,10,01 To 18 Weeks,11825
Other - Paediatric Services,IMD,10,18 To 52 Weeks,7660
Other - Paediatric Services,IMD,10,Over 52 Weeks,400
Other - Paediatric Services,IMD,10,Total,19905
Other - Paediatric Services,IMD,2,Unknown Clock Start,*
Other - Paediatric Services,IMD,2,01 To 18 Weeks,20380
Other - Paediatric Services,IMD,2,18 To 52 Weeks,13775
Other - Paediatric Services,IMD,2,Over 52 Weeks,685
Other - Paediatric Services,IMD,2,Total,34845
Other - Paediatric Services,IMD,3,Unknown Clock Start,*
Other - Paediatric Services,IMD,3,01 To 18 Weeks,19100
Other - Paediatric Services,IMD,3,18 To 52 Weeks,12735
Other - Paediatric Services,IMD,3,Over 52 Weeks,665
Other - Paediatric Services,IMD,3,Total,32510
Other - Paediatric Services,IMD,4,Unknown Clock Start,10
Other - Paediatric Services,IMD,4,01 To 18 Weeks,16605
Other - Paediatric Services,IMD,4,18 To 52 Weeks,10745
Other - Paediatric Services,IMD,4,Over 52 Weeks,520
Other - Paediatric Services,IMD,4,Total,27880
Other - Paediatric Services,IMD,5,Unknown Clock Start,10
Other - Paediatric Services,IMD,5,01 To 18 Weeks,14650
Other - Paediatric Services,IMD,5,18 To 52 Weeks,9735
Other - Paediatric Services,IMD,5,Over 52 Weeks,490
Other - Paediatric Services,IMD,5,Total,24890
Other - Paediatric Services,IMD,6,Unknown Clock Start,*
Other - Paediatric Services,IMD,6,01 To 18 Weeks,14610
Other - Paediatric Services,IMD,6,18 To 52 Weeks,9280
Other - Paediatric Services,IMD,6,Over 52 Weeks,480
Other - Paediatric Services,IMD,6,Total,24375
Other - Paediatric Services,IMD,7,Unknown Clock Start,*
Other - Paediatric Services,IMD,7,01 To 18 Weeks,13150
Other - Paediatric Services,IMD,7,18 To 52 Weeks,8560
Other - Paediatric Services,IMD,7,Over 52 Weeks,390
Other - Paediatric Services,IMD,7,Total,22110
Other - Paediatric Services,IMD,8,Unknown Clock Start,*
Other - Paediatric Services,IMD,8,01 To 18 Weeks,12940
Other - Paediatric Services,IMD,8,18 To 52 Weeks,8415
Other - Paediatric Services,IMD,8,Over 52 Weeks,430
Other - Paediatric Services,IMD,8,Total,21795
Other - Paediatric Services,IMD,9,Unknown Clock Start,*
Other - Paediatric Services,IMD,9,01 To 18 Weeks,12430
Other - Paediatric Services,IMD,9,18 To 52 Weeks,7860
Other - Paediatric Services,IMD,9,Over 52 Weeks,390
Other - Paediatric Services,IMD,9,Total,20690
Other - Paediatric Services,Sex,Female,Unknown Clock Start,40
Other - Paediatric Services,Sex,Female,01 To 18 Weeks,65450
Other - Paediatric Services,Sex,Female,18 To 52 Weeks,43840
Other - Paediatric Services,Sex,Female,Over 52 Weeks,2135
Other - Paediatric Services,Sex,Female,Total,111460
Other - Paediatric Services,Sex,Male,Unknown Clock Start,45
Other - Paediatric Services,Sex,Male,01 To 18 Weeks,81730
Other - Paediatric Services,Sex,Male,18 To 52 Weeks,55410
Other - Paediatric Services,Sex,Male,Over 52 Weeks,2955
Other - Paediatric Services,Sex,Male,Total,140140
Other - Surgical Services,Age,0-18 Years,Unknown Clock Start,*
Other - Surgical Services,Age,0-18 Years,01 To 18 Weeks,15835
Other - Surgical Services,Age,0-18 Years,18 To 52 Weeks,10990
Other - Surgical Services,Age,0-18 Years,Over 52 Weeks,560
Other - Surgical Services,Age,0-18 Years,Total,27390
Other - Surgical Services,Age,19-64 Years,Unknown Clock Start,50
Other - Surgical Services,Age,19-64 Years,01 To 18 Weeks,183745
Other - Surgical Services,Age,19-64 Years,18 To 52 Weeks,107805
Other - Surgical Services,Age,19-64 Years,Over 52 Weeks,6670
Other - Surgical Services,Age,19-64 Years,Total,298270
Other - Surgical Services,Age,Over 65 Years,Unknown Clock Start,30
Other - Surgical Services,Age,Over 65 Years,01 To 18 Weeks,110850
Other - Surgical Services,Age,Over 65 Years,18 To 52 Weeks,58885
Other - Surgical Services,Age,Over 65 Years,Over 52 Weeks,2790
Other - Surgical Services,Age,Over 65 Years,Total,172560
Other - Surgical Services,Ethnicity,99: Not known,Unknown Clock Start,*
Other - Surgical Services,Ethnicity,99: Not known,01 To 18 Weeks,10030
Other - Surgical Services,Ethnicity,99: Not known,18 To 52 Weeks,4525
Other - Surgical Services,Ethnicity,99: Not known,Over 52 Weeks,225
Other - Surgical Services,Ethnicity,99: Not known,Total,14780
Other - Surgical Services,Ethnicity,A: British,Unknown Clock Start,65
Other - Surgical Services,Ethnicity,A: British,01 To 18 Weeks,221390
Other - Surgical Services,Ethnicity,A: British,18 To 52 Weeks,124540
Other - Surgical Services,Ethnicity,A: British,Over 52 Weeks,7300
Other - Surgical Services,Ethnicity,A: British,Total,353290
Other - Surgical Services,Ethnicity,B: Irish,Unknown Clock Start,*
Other - Surgical Services,Ethnicity,B: Irish,01 To 18 Weeks,2035
Other - Surgical Services,Ethnicity,B: Irish,18 To 52 Weeks,1150
Other - Surgical Services,Ethnicity,B: Irish,Over 52 Weeks,50
Other - Surgical Services,Ethnicity,B: Irish,Total,3235
Other - Surgical Services,Ethnicity,C: Any other white background,Unknown Clock Start,*
Other - Surgical Services,Ethnicity,C: Any other white background,01 To 18 Weeks,21365
Other - Surgical Services,Ethnicity,C: Any other white background,18 To 52 Weeks,14105
Other - Surgical Services,Ethnicity,C: Any other white background,Over 52 Weeks,750
Other - Surgical Services,Ethnicity,C: Any other white background,Total,36225
Other - Surgical Services,Ethnicity,D: White and Black Caribbean,01 To 18 Weeks,1145
Other - Surgical Services,Ethnicity,D: White and Black Caribbean,18 To 52 Weeks,550
Other - Surgical Services,Ethnicity,D: White and Black Caribbean,Over 52 Weeks,40
Other - Surgical Services,Ethnicity,D: White and Black Caribbean,Total,1735
Other - Surgical Services,Ethnicity,E: White and Black African,01 To 18 Weeks,595
Other - Surgical Services,Ethnicity,E: White and Black African,18 To 52 Weeks,350
Other - Surgical Services,Ethnicity,E: White and Black African,Over 52 Weeks,25
Other - Surgical Services,Ethnicity,E: White and Black African,Total,970
Other - Surgical Services,Ethnicity,F: White and Asian,01 To 18 Weeks,865
Other - Surgical Services,Ethnicity,F: White and Asian,18 To 52 Weeks,540
Other - Surgical Services,Ethnicity,F: White and Asian,Over 52 Weeks,35
Other - Surgical Services,Ethnicity,F: White and Asian,Total,1440
Other - Surgical Services,Ethnicity,G: Any other mixed background,01 To 18 Weeks,2225
Other - Surgical Services,Ethnicity,G: Any other mixed background,18 To 52 Weeks,1395
Other - Surgical Services,Ethnicity,G: Any other mixed background,Over 52 Weeks,80
Other - Surgical Services,Ethnicity,G: Any other mixed background,Total,3700
Other - Surgical Services,Ethnicity,H: Indian,Unknown Clock Start,*
Other - Surgical Services,Ethnicity,H: Indian,01 To 18 Weeks,7570
Other - Surgical Services,Ethnicity,H: Indian,18 To 52 Weeks,4870
Other - Surgical Services,Ethnicity,H: Indian,Over 52 Weeks,180
Other - Surgical Services,Ethnicity,H: Indian,Total,12620
Other - Surgical Services,Ethnicity,J: Pakistani,Unknown Clock Start,*
Other - Surgical Services,Ethnicity,J: Pakistani,01 To 18 Weeks,6530
Other - Surgical Services,Ethnicity,J: Pakistani,18 To 52 Weeks,3865
Other - Surgical Services,Ethnicity,J: Pakistani,Over 52 Weeks,145
Other - Surgical Services,Ethnicity,J: Pakistani,Total,10540
Other - Surgical Services,Ethnicity,K: Bangladeshi,01 To 18 Weeks,2500
Other - Surgical Services,Ethnicity,K: Bangladeshi,18 To 52 Weeks,1625
Other - Surgical Services,Ethnicity,K: Bangladeshi,Over 52 Weeks,125
Other - Surgical Services,Ethnicity,K: Bangladeshi,Total,4245
Other - Surgical Services,Ethnicity,L: Any other Asian background,Unknown Clock Start,*
Other - Surgical Services,Ethnicity,L: Any other Asian background,01 To 18 Weeks,6775
Other - Surgical Services,Ethnicity,L: Any other Asian background,18 To 52 Weeks,4330
Other - Surgical Services,Ethnicity,L: Any other Asian background,Over 52 Weeks,220
Other - Surgical Services,Ethnicity,L: Any other Asian background,Total,11325
Other - Surgical Services,Ethnicity,M: Caribbean,01 To 18 Weeks,3790
Other - Surgical Services,Ethnicity,M: Caribbean,18 To 52 Weeks,2105
Other - Surgical Services,Ethnicity,M: Caribbean,Over 52 Weeks,105
Other - Surgical Services,Ethnicity,M: Caribbean,Total,6000
Other - Surgical Services,Ethnicity,N: African,Unknown Clock Start,*
Other - Surgical Services,Ethnicity,N: African,01 To 18 Weeks,5825
Other - Surgical Services,Ethnicity,N: African,18 To 52 Weeks,3445
Other - Surgical Services,Ethnicity,N: African,Over 52 Weeks,225
Other - Surgical Services,Ethnicity,N: African,Total,9500
Other - Surgical Services,Ethnicity,P: Any other Black background,Unknown Clock Start,*
Other - Surgical Services,Ethnicity,P: Any other Black background,01 To 18 Weeks,2920
Other - Surgical Services,Ethnicity,P: Any other Black background,18 To 52 Weeks,1685
Other - Surgical Services,Ethnicity,P: Any other Black background,Over 52 Weeks,95
Other - Surgical Services,Ethnicity,P: Any other Black background,Total,4705
Other - Surgical Services,Ethnicity,R: Chinese,01 To 18 Weeks,1385
Other - Surgical Services,Ethnicity,R: Chinese,18 To 52 Weeks,805
Other - Surgical Services,Ethnicity,R: Chinese,Over 52 Weeks,35
Other - Surgical Services,Ethnicity,R: Chinese,Total,2225
Other - Surgical Services,Ethnicity,S: Any other ethnic group,Unknown Clock Start,*
Other - Surgical Services,Ethnicity,S: Any other ethnic group,01 To 18 Weeks,3850
Other - Surgical Services,Ethnicity,S: Any other ethnic group,18 To 52 Weeks,2330
Other - Surgical Services,Ethnicity,S: Any other ethnic group,Over 52 Weeks,120
Other - Surgical Services,Ethnicity,S: Any other ethnic group,Total,6300
Other - Surgical Services,Ethnicity,Z: Not stated,Unknown Clock Start,*
Other - Surgical Services,Ethnicity,Z: Not stated,01 To 18 Weeks,14115
Other - Surgical Services,Ethnicity,Z: Not stated,18 To 52 Weeks,7885
Other - Surgical Services,Ethnicity,Z: Not stated,Over 52 Weeks,435
Other - Surgical Services,Ethnicity,Z: Not stated,Total,22435
Other - Surgical Services,IMD,1,Unknown Clock Start,10
Other - Surgical Services,IMD,1,01 To 18 Weeks,29705
Other - Surgical Services,IMD,1,18 To 52 Weeks,17460
Other - Surgical Services,IMD,1,Over 52 Weeks,875
Other - Surgical Services,IMD,1,Total,48050
Other - Surgical Services,IMD,10,Unknown Clock Start,10
Other - Surgical Services,IMD,10,01 To 18 Weeks,26415
Other - Surgical Services,IMD,10,18 To 52 Weeks,14800
Other - Surgical Services,IMD,10,Over 52 Weeks,850
Other - Surgical Services,IMD,10,Total,42080
Other - Surgical Services,IMD,2,Unknown Clock Start,*
Other - Surgical Services,IMD,2,01 To 18 Weeks,31740
Other - Surgical Services,IMD,2,18 To 52 Weeks,18810
Other - Surgical Services,IMD,2,Over 52 Weeks,1040
Other - Surgical Services,IMD,2,Total,51595
Other - Surgical Services,IMD,3,Unknown Clock Start,15
Other - Surgical Services,IMD,3,01 To 18 Weeks,31890
Other - Surgical Services,IMD,3,18 To 52 Weeks,19220
Other - Surgical Services,IMD,3,Over 52 Weeks,1130
Other - Surgical Services,IMD,3,Total,52255
Other - Surgical Services,IMD,4,Unknown Clock Start,10
Other - Surgical Services,IMD,4,01 To 18 Weeks,32455
Other - Surgical Services,IMD,4,18 To 52 Weeks,18690
Other - Surgical Services,IMD,4,Over 52 Weeks,1045
Other - Surgical Services,IMD,4,Total,52200
Other - Surgical Services,IMD,5,Unknown Clock Start,*
Other - Surgical Services,IMD,5,01 To 18 Weeks,31625
Other - Surgical Services,IMD,5,18 To 52 Weeks,18090
Other - Surgical Services,IMD,5,Over 52 Weeks,1000
Other - Surgical Services,IMD,5,Total,50720
Other - Surgical Services,IMD,6,Unknown Clock Start,10
Other - Surgical Services,IMD,6,01 To 18 Weeks,31615
Other - Surgical Services,IMD,6,18 To 52 Weeks,18300
Other - Surgical Services,IMD,6,Over 52 Weeks,1105
Other - Surgical Services,IMD,6,Total,51030
Other - Surgical Services,IMD,7,Unknown Clock Start,10
Other - Surgical Services,IMD,7,01 To 18 Weeks,30610
Other - Surgical Services,IMD,7,18 To 52 Weeks,17375
Other - Surgical Services,IMD,7,Over 52 Weeks,1005
Other - Surgical Services,IMD,7,Total,49000
Other - Surgical Services,IMD,8,Unknown Clock Start,*
Other - Surgical Services,IMD,8,01 To 18 Weeks,29560
Other - Surgical Services,IMD,8,18 To 52 Weeks,16535
Other - Surgical Services,IMD,8,Over 52 Weeks,965
Other - Surgical Services,IMD,8,Total,47065
Other - Surgical Services,IMD,9,Unknown Clock Start,10
Other - Surgical Services,IMD,9,01 To 18 Weeks,28935
Other - Surgical Services,IMD,9,18 To 52 Weeks,16270
Other - Surgical Services,IMD,9,Over 52 Weeks,940
Other - Surgical Services,IMD,9,Total,46150
Other - Surgical Services,Sex,Female,Unknown Clock Start,45
Other - Surgical Services,Sex,Female,01 To 18 Weeks,174610
Other - Surgical Services,Sex,Female,18 To 52 Weeks,89080
Other - Surgical Services,Sex,Female,Over 52 Weeks,4680
Other - Surgical Services,Sex,Female,Total,268415
Other - Surgical Services,Sex,Male,Unknown Clock Start,40
Other - Surgical Services,Sex,Male,01 To 18 Weeks,107170
Other - Surgical Services,Sex,Male,18 To 52 Weeks,69865
Other - Surgical Services,Sex,Male,Over 52 Weeks,3970
Other - Surgical Services,Sex,Male,Total,181040
Plastic Surgery Service,Age,0-18 Years,Unknown Clock Start,*
Plastic Surgery Service,Age,0-18 Years,01 To 18 Weeks,3215
Plastic Surgery Service,Age,0-18 Years,18 To 52 Weeks,2405
Plastic Surgery Service,Age,0-18 Years,Over 52 Weeks,225
Plastic Surgery Service,Age,0-18 Years,Total,5845
Plastic Surgery Service,Age,19-64 Years,Unknown Clock Start,*
Plastic Surgery Service,Age,19-64 Years,01 To 18 Weeks,28815
Plastic Surgery Service,Age,19-64 Years,18 To 52 Weeks,26060
Plastic Surgery Service,Age,19-64 Years,Over 52 Weeks,2335
Plastic Surgery Service,Age,19-64 Years,Total,57220
Plastic Surgery Service,Age,Over 65 Years,Unknown Clock Start,*
Plastic Surgery Service,Age,Over 65 Years,01 To 18 Weeks,22800
Plastic Surgery Service,Age,Over 65 Years,18 To 52 Weeks,15985
Plastic Surgery Service,Age,Over 65 Years,Over 52 Weeks,1060
Plastic Surgery Service,Age,Over 65 Years,Total,39850
Plastic Surgery Service,Ethnicity,99: Not known,01 To 18 Weeks,1705
Plastic Surgery Service,Ethnicity,99: Not known,18 To 52 Weeks,1200
Plastic Surgery Service,Ethnicity,99: Not known,Over 52 Weeks,95
Plastic Surgery Service,Ethnicity,99: Not known,Total,3000
Plastic Surgery Service,Ethnicity,A: British,Unknown Clock Start,10
Plastic Surgery Service,Ethnicity,A: British,01 To 18 Weeks,41640
Plastic Surgery Service,Ethnicity,A: British,18 To 52 Weeks,32735
Plastic Surgery Service,Ethnicity,A: British,Over 52 Weeks,2580
Plastic Surgery Service,Ethnicity,A: British,Total,76965
Plastic Surgery Service,Ethnicity,B: Irish,Unknown Clock Start,*
Plastic Surgery Service,Ethnicity,B: Irish,01 To 18 Weeks,350
Plastic Surgery Service,Ethnicity,B: Irish,18 To 52 Weeks,260
Plastic Surgery Service,Ethnicity,B: Irish,Over 52 Weeks,25
Plastic Surgery Service,Ethnicity,B: Irish,Total,635
Plastic Surgery Service,Ethnicity,C: Any other white background,01 To 18 Weeks,3015
Plastic Surgery Service,Ethnicity,C: Any other white background,18 To 52 Weeks,2680
Plastic Surgery Service,Ethnicity,C: Any other white background,Over 52 Weeks,255
Plastic Surgery Service,Ethnicity,C: Any other white background,Total,5950
Plastic Surgery Service,Ethnicity,D: White and Black Caribbean,01 To 18 Weeks,190
Plastic Surgery Service,Ethnicity,D: White and Black Caribbean,18 To 52 Weeks,195
Plastic Surgery Service,Ethnicity,D: White and Black Caribbean,Over 52 Weeks,15
Plastic Surgery Service,Ethnicity,D: White and Black Caribbean,Total,400
Plastic Surgery Service,Ethnicity,E: White and Black African,01 To 18 Weeks,125
Plastic Surgery Service,Ethnicity,E: White and Black African,18 To 52 Weeks,110
Plastic Surgery Service,Ethnicity,E: White and Black African,Over 52 Weeks,10
Plastic Surgery Service,Ethnicity,E: White and Black African,Total,245
Plastic Surgery Service,Ethnicity,F: White and Asian,01 To 18 Weeks,150
Plastic Surgery Service,Ethnicity,F: White and Asian,18 To 52 Weeks,135
Plastic Surgery Service,Ethnicity,F: White and Asian,Over 52 Weeks,15
Plastic Surgery Service,Ethnicity,F: White and Asian,Total,300
Plastic Surgery Service,Ethnicity,G: Any other mixed background,01 To 18 Weeks,370
Plastic Surgery Service,Ethnicity,G: Any other mixed background,18 To 52 Weeks,325
Plastic Surgery Service,Ethnicity,G: Any other mixed background,Over 52 Weeks,25
Plastic Surgery Service,Ethnicity,G: Any other mixed background,Total,720
Plastic Surgery Service,Ethnicity,H: Indian,01 To 18 Weeks,920
Plastic Surgery Service,Ethnicity,H: Indian,18 To 52 Weeks,900
Plastic Surgery Service,Ethnicity,H: Indian,Over 52 Weeks,80
Plastic Surgery Service,Ethnicity,H: Indian,Total,1895
Plastic Surgery Service,Ethnicity,J: Pakistani,01 To 18 Weeks,945
Plastic Surgery Service,Ethnicity,J: Pakistani,18 To 52 Weeks,870
Plastic Surgery Service,Ethnicity,J: Pakistani,Over 52 Weeks,85
Plastic Surgery Service,Ethnicity,J: Pakistani,Total,1900
Plastic Surgery Service,Ethnicity,K: Bangladeshi,01 To 18 Weeks,315
Plastic Surgery Service,Ethnicity,K: Bangladeshi,18 To 52 Weeks,285
Plastic Surgery Service,Ethnicity,K: Bangladeshi,Over 52 Weeks,35
Plastic Surgery Service,Ethnicity,K: Bangladeshi,Total,640
Plastic Surgery Service,Ethnicity,L: Any other Asian background,01 To 18 Weeks,900
Plastic Surgery Service,Ethnicity,L: Any other Asian background,18 To 52 Weeks,855
Plastic Surgery Service,Ethnicity,L: Any other Asian background,Over 52 Weeks,80
Plastic Surgery Service,Ethnicity,L: Any other Asian background,Total,1830
Plastic Surgery Service,Ethnicity,M: Caribbean,01 To 18 Weeks,605
Plastic Surgery Service,Ethnicity,M: Caribbean,18 To 52 Weeks,610
Plastic Surgery Service,Ethnicity,M: Caribbean,Over 52 Weeks,40
Plastic Surgery Service,Ethnicity,M: Caribbean,Total,1260
Plastic Surgery Service,Ethnicity,N: African,01 To 18 Weeks,1015
Plastic Surgery Service,Ethnicity,N: African,18 To 52 Weeks,955
Plastic Surgery Service,Ethnicity,N: African,Over 52 Weeks,85
Plastic Surgery Service,Ethnicity,N: African,Total,2055
Plastic Surgery Service,Ethnicity,P: Any other Black background,01 To 18 Weeks,500
Plastic Surgery Service,Ethnicity,P: Any other Black background,18 To 52 Weeks,490
Plastic Surgery Service,Ethnicity,P: Any other Black background,Over 52 Weeks,40
Plastic Surgery Service,Ethnicity,P: Any other Black background,Total,1030
Plastic Surgery Service,Ethnicity,R: Chinese,01 To 18 Weeks,175
Plastic Surgery Service,Ethnicity,R: Chinese,18 To 52 Weeks,165
Plastic Surgery Service,Ethnicity,R: Chinese,Over 52 Weeks,15
Plastic Surgery Service,Ethnicity,R: Chinese,Total,360
Plastic Surgery Service,Ethnicity,S: Any other ethnic group,01 To 18 Weeks,495
Plastic Surgery Service,Ethnicity,S: Any other ethnic group,18 To 52 Weeks,445
Plastic Surgery Service,Ethnicity,S: Any other ethnic group,Over 52 Weeks,35
Plastic Surgery Service,Ethnicity,S: Any other ethnic group,Total,975
Plastic Surgery Service,Ethnicity,Z: Not stated,01 To 18 Weeks,2165
Plastic Surgery Service,Ethnicity,Z: Not stated,18 To 52 Weeks,1530
Plastic Surgery Service,Ethnicity,Z: Not stated,Over 52 Weeks,110
Plastic Surgery Service,Ethnicity,Z: Not stated,Total,3805
Plastic Surgery Service,IMD,1,01 To 18 Weeks,4550
Plastic Surgery Service,IMD,1,18 To 52 Weeks,4325
Plastic Surgery Service,IMD,1,Over 52 Weeks,415
Plastic Surgery Service,IMD,1,Total,9290
Plastic Surgery Service,IMD,10,Unknown Clock Start,*
Plastic Surgery Service,IMD,10,01 To 18 Weeks,6370
Plastic Surgery Service,IMD,10,18 To 52 Weeks,4475
Plastic Surgery Service,IMD,10,Over 52 Weeks,355
Plastic Surgery Service,IMD,10,Total,11200
Plastic Surgery Service,IMD,2,01 To 18 Weeks,4730
Plastic Surgery Service,IMD,2,18 To 52 Weeks,4125
Plastic Surgery Service,IMD,2,Over 52 Weeks,365
Plastic Surgery Service,IMD,2,Total,9220
Plastic Surgery Service,IMD,3,Unknown Clock Start,*
Plastic Surgery Service,IMD,3,01 To 18 Weeks,4815
Plastic Surgery Service,IMD,3,18 To 52 Weeks,4300
Plastic Surgery Service,IMD,3,Over 52 Weeks,335
Plastic Surgery Service,IMD,3,Total,9445
Plastic Surgery Service,IMD,4,Unknown Clock Start,*
Plastic Surgery Service,IMD,4,01 To 18 Weeks,5115
Plastic Surgery Service,IMD,4,18 To 52 Weeks,4360
Plastic Surgery Service,IMD,4,Over 52 Weeks,355
Plastic Surgery Service,IMD,4,Total,9830
Plastic Surgery Service,IMD,5,Unknown Clock Start,*
Plastic Surgery Service,IMD,5,01 To 18 Weeks,5190
Plastic Surgery Service,IMD,5,18 To 52 Weeks,4210
Plastic Surgery Service,IMD,5,Over 52 Weeks,330
Plastic Surgery Service,IMD,5,Total,9730
Plastic Surgery Service,IMD,6,Unknown Clock Start,*
Plastic Surgery Service,IMD,6,01 To 18 Weeks,5510
Plastic Surgery Service,IMD,6,18 To 52 Weeks,4410
Plastic Surgery Service,IMD,6,Over 52 Weeks,355
Plastic Surgery Service,IMD,6,Total,10275
Plastic Surgery Service,IMD,7,01 To 18 Weeks,5600
Plastic Surgery Service,IMD,7,18 To 52 Weeks,4330
Plastic Surgery Service,IMD,7,Over 52 Weeks,340
Plastic Surgery Service,IMD,7,Total,10270
Plastic Surgery Service,IMD,8,Unknown Clock Start,*
Plastic Surgery Service,IMD,8,01 To 18 Weeks,5850
Plastic Surgery Service,IMD,8,18 To 52 Weeks,4520
Plastic Surgery Service,IMD,8,Over 52 Weeks,365
Plastic Surgery Service,IMD,8,Total,10740
Plastic Surgery Service,IMD,9,Unknown Clock Start,*
Plastic Surgery Service,IMD,9,01 To 18 Weeks,6075
Plastic Surgery Service,IMD,9,18 To 52 Weeks,4480
Plastic Surgery Service,IMD,9,Over 52 Weeks,315
Plastic Surgery Service,IMD,9,Total,10880
Plastic Surgery Service,Sex,Female,Unknown Clock Start,*
Plastic Surgery Service,Sex,Female,01 To 18 Weeks,27875
Plastic Surgery Service,Sex,Female,18 To 52 Weeks,23820
Plastic Surgery Service,Sex,Female,Over 52 Weeks,2060
Plastic Surgery Service,Sex,Female,Total,53760
Plastic Surgery Service,Sex,Male,Unknown Clock Start,*
Plastic Surgery Service,Sex,Male,01 To 18 Weeks,24865
Plastic Surgery Service,Sex,Male,18 To 52 Weeks,19160
Plastic Surgery Service,Sex,Male,Over 52 Weeks,1505
Plastic Surgery Service,Sex,Male,Total,45540
Respiratory Medicine Service,Age,0-18 Years,Unknown Clock Start,*
Respiratory Medicine Service,Age,0-18 Years,01 To 18 Weeks,1500
Respiratory Medicine Service,Age,0-18 Years,18 To 52 Weeks,530
Respiratory Medicine Service,Age,0-18 Years,Over 52 Weeks,15
Respiratory Medicine Service,Age,0-18 Years,Total,2045
Respiratory Medicine Service,Age,19-64 Years,Unknown Clock Start,30
Respiratory Medicine Service,Age,19-64 Years,01 To 18 Weeks,68510
Respiratory Medicine Service,Age,19-64 Years,18 To 52 Weeks,34655
Respiratory Medicine Service,Age,19-64 Years,Over 52 Weeks,875
Respiratory Medicine Service,Age,19-64 Years,Total,104070
Respiratory Medicine Service,Age,Over 65 Years,Unknown Clock Start,65
Respiratory Medicine Service,Age,Over 65 Years,01 To 18 Weeks,53150
Respiratory Medicine Service,Age,Over 65 Years,18 To 52 Weeks,23445
Respiratory Medicine Service,Age,Over 65 Years,Over 52 Weeks,615
Respiratory Medicine Service,Age,Over 65 Years,Total,77275
Respiratory Medicine Service,Ethnicity,99: Not known,Unknown Clock Start,*
Respiratory Medicine Service,Ethnicity,99: Not known,01 To 18 Weeks,4555
Respiratory Medicine Service,Ethnicity,99: Not known,18 To 52 Weeks,1665
Respiratory Medicine Service,Ethnicity,99: Not known,Over 52 Weeks,45
Respiratory Medicine Service,Ethnicity,99: Not known,Total,6265
Respiratory Medicine Service,Ethnicity,A: British,Unknown Clock Start,110
Respiratory Medicine Service,Ethnicity,A: British,01 To 18 Weeks,87585
Respiratory Medicine Service,Ethnicity,A: British,18 To 52 Weeks,41625
Respiratory Medicine Service,Ethnicity,A: British,Over 52 Weeks,1080
Respiratory Medicine Service,Ethnicity,A: British,Total,130405
Respiratory Medicine Service,Ethnicity,B: Irish,Unknown Clock Start,*
Respiratory Medicine Service,Ethnicity,B: Irish,01 To 18 Weeks,950
Respiratory Medicine Service,Ethnicity,B: Irish,18 To 52 Weeks,385
Respiratory Medicine Service,Ethnicity,B: Irish,Over 52 Weeks,10
Respiratory Medicine Service,Ethnicity,B: Irish,Total,1350
Respiratory Medicine Service,Ethnicity,C: Any other white background,Unknown Clock Start,*
Respiratory Medicine Service,Ethnicity,C: Any other white background,01 To 18 Weeks,6710
Respiratory Medicine Service,Ethnicity,C: Any other white background,18 To 52 Weeks,3405
Respiratory Medicine Service,Ethnicity,C: Any other white background,Over 52 Weeks,95
Respiratory Medicine Service,Ethnicity,C: Any other white background,Total,10215
Respiratory Medicine Service,Ethnicity,D: White and Black Caribbean,01 To 18 Weeks,380
Respiratory Medicine Service,Ethnicity,D: White and Black Caribbean,18 To 52 Weeks,150
Respiratory Medicine Service,Ethnicity,D: White and Black Caribbean,Over 52 Weeks,*
Respiratory Medicine Service,Ethnicity,D: White and Black Caribbean,Total,535
Respiratory Medicine Service,Ethnicity,E: White and Black African,01 To 18 Weeks,215
Respiratory Medicine Service,Ethnicity,E: White and Black African,18 To 52 Weeks,90
Respiratory Medicine Service,Ethnicity,E: White and Black African,Over 52 Weeks,*
Respiratory Medicine Service,Ethnicity,E: White and Black African,Total,310
Respiratory Medicine Service,Ethnicity,F: White and Asian,Unknown Clock Start,*
Respiratory Medicine Service,Ethnicity,F: White and Asian,01 To 18 Weeks,285
Respiratory Medicine Service,Ethnicity,F: White and Asian,18 To 52 Weeks,165
Respiratory Medicine Service,Ethnicity,F: White and Asian,Over 52 Weeks,*
Respiratory Medicine Service,Ethnicity,F: White and Asian,Total,460
Respiratory Medicine Service,Ethnicity,G: Any other mixed background,01 To 18 Weeks,730
Respiratory Medicine Service,Ethnicity,G: Any other mixed background,18 To 52 Weeks,390
Respiratory Medicine Service,Ethnicity,G: Any other mixed background,Over 52 Weeks,10
Respiratory Medicine Service,Ethnicity,G: Any other mixed background,Total,1130
Respiratory Medicine Service,Ethnicity,H: Indian,Unknown Clock Start,*
Respiratory Medicine Service,Ethnicity,H: Indian,01 To 18 Weeks,3755
Respiratory Medicine Service,Ethnicity,H: Indian,18 To 52 Weeks,1695
Respiratory Medicine Service,Ethnicity,H: Indian,Over 52 Weeks,35
Respiratory Medicine Service,Ethnicity,H: Indian,Total,5485
Respiratory Medicine Service,Ethnicity,J: Pakistani,Unknown Clock Start,*
Respiratory Medicine Service,Ethnicity,J: Pakistani,01 To 18 Weeks,2715
Respiratory Medicine Service,Ethnicity,J: Pakistani,18 To 52 Weeks,1275
Respiratory Medicine Service,Ethnicity,J: Pakistani,Over 52 Weeks,25
Respiratory Medicine Service,Ethnicity,J: Pakistani,Total,4015
Respiratory Medicine Service,Ethnicity,K: Bangladeshi,Unknown Clock Start,*
Respiratory Medicine Service,Ethnicity,K: Bangladeshi,01 To 18 Weeks,1320
Respiratory Medicine Service,Ethnicity,K: Bangladeshi,18 To 52 Weeks,785
Respiratory Medicine Service,Ethnicity,K: Bangladeshi,Over 52 Weeks,20
Respiratory Medicine Service,Ethnicity,K: Bangladeshi,Total,2130
Respiratory Medicine Service,Ethnicity,L: Any other Asian background,Unknown Clock Start,*
Respiratory Medicine Service,Ethnicity,L: Any other Asian background,01 To 18 Weeks,3005
Respiratory Medicine Service,Ethnicity,L: Any other Asian background,18 To 52 Weeks,1560
Respiratory Medicine Service,Ethnicity,L: Any other Asian background,Over 52 Weeks,40
Respiratory Medicine Service,Ethnicity,L: Any other Asian background,Total,4610
Respiratory Medicine Service,Ethnicity,M: Caribbean,Unknown Clock Start,*
Respiratory Medicine Service,Ethnicity,M: Caribbean,01 To 18 Weeks,1535
Respiratory Medicine Service,Ethnicity,M: Caribbean,18 To 52 Weeks,725
Respiratory Medicine Service,Ethnicity,M: Caribbean,Over 52 Weeks,25
Respiratory Medicine Service,Ethnicity,M: Caribbean,Total,2285
Respiratory Medicine Service,Ethnicity,N: African,Unknown Clock Start,*
Respiratory Medicine Service,Ethnicity,N: African,01 To 18 Weeks,2400
Respiratory Medicine Service,Ethnicity,N: African,18 To 52 Weeks,1030
Respiratory Medicine Service,Ethnicity,N: African,Over 52 Weeks,30
Respiratory Medicine Service,Ethnicity,N: African,Total,3460
Respiratory Medicine Service,Ethnicity,P: Any other Black background,01 To 18 Weeks,1200
Respiratory Medicine Service,Ethnicity,P: Any other Black background,18 To 52 Weeks,520
Respiratory Medicine Service,Ethnicity,P: Any other Black background,Over 52 Weeks,10
Respiratory Medicine Service,Ethnicity,P: Any other Black background,Total,1730
Respiratory Medicine Service,Ethnicity,R: Chinese,Unknown Clock Start,*
Respiratory Medicine Service,Ethnicity,R: Chinese,01 To 18 Weeks,530
Respiratory Medicine Service,Ethnicity,R: Chinese,18 To 52 Weeks,270
Respiratory Medicine Service,Ethnicity,R: Chinese,Over 52 Weeks,*
Respiratory Medicine Service,Ethnicity,R: Chinese,Total,810
Respiratory Medicine Service,Ethnicity,S: Any other ethnic group,01 To 18 Weeks,1420
Respiratory Medicine Service,Ethnicity,S: Any other ethnic group,18 To 52 Weeks,630
Respiratory Medicine Service,Ethnicity,S: Any other ethnic group,Over 52 Weeks,15
Respiratory Medicine Service,Ethnicity,S: Any other ethnic group,Total,2060
Respiratory Medicine Service,Ethnicity,Z: Not stated,Unknown Clock Start,*
Respiratory Medicine Service,Ethnicity,Z: Not stated,01 To 18 Weeks,5435
Respiratory Medicine Service,Ethnicity,Z: Not stated,18 To 52 Weeks,2390
Respiratory Medicine Service,Ethnicity,Z: Not stated,Over 52 Weeks,45
Respiratory Medicine Service,Ethnicity,Z: Not stated,Total,7875
Respiratory Medicine Service,IMD,1,Unknown Clock Start,*
Respiratory Medicine Service,IMD,1,01 To 18 Weeks,13705
Respiratory Medicine Service,IMD,1,18 To 52 Weeks,5940
Respiratory Medicine Service,IMD,1,Over 52 Weeks,130
Respiratory Medicine Service,IMD,1,Total,19775
Respiratory Medicine Service,IMD,10,Unknown Clock Start,25
Respiratory Medicine Service,IMD,10,01 To 18 Weeks,9275
Respiratory Medicine Service,IMD,10,18 To 52 Weeks,4450
Respiratory Medicine Service,IMD,10,Over 52 Weeks,130
Respiratory Medicine Service,IMD,10,Total,13880
Respiratory Medicine Service,IMD,2,Unknown Clock Start,10
Respiratory Medicine Service,IMD,2,01 To 18 Weeks,13740
Respiratory Medicine Service,IMD,2,18 To 52 Weeks,6290
Respiratory Medicine Service,IMD,2,Over 52 Weeks,150
Respiratory Medicine Service,IMD,2,Total,20190
Respiratory Medicine Service,IMD,3,Unknown Clock Start,10
Respiratory Medicine Service,IMD,3,01 To 18 Weeks,13665
Respiratory Medicine Service,IMD,3,18 To 52 Weeks,6550
Respiratory Medicine Service,IMD,3,Over 52 Weeks,165
Respiratory Medicine Service,IMD,3,Total,20385
Respiratory Medicine Service,IMD,4,Unknown Clock Start,15
Respiratory Medicine Service,IMD,4,01 To 18 Weeks,13015
Respiratory Medicine Service,IMD,4,18 To 52 Weeks,6340
Respiratory Medicine Service,IMD,4,Over 52 Weeks,180
Respiratory Medicine Service,IMD,4,Total,19545
Respiratory Medicine Service,IMD,5,Unknown Clock Start,10
Respiratory Medicine Service,IMD,5,01 To 18 Weeks,12515
Respiratory Medicine Service,IMD,5,18 To 52 Weeks,6060
Respiratory Medicine Service,IMD,5,Over 52 Weeks,135
Respiratory Medicine Service,IMD,5,Total,18720
Respiratory Medicine Service,IMD,6,Unknown Clock Start,15
Respiratory Medicine Service,IMD,6,01 To 18 Weeks,11850
Respiratory Medicine Service,IMD,6,18 To 52 Weeks,5825
Respiratory Medicine Service,IMD,6,Over 52 Weeks,150
Respiratory Medicine Service,IMD,6,Total,17840
Respiratory Medicine Service,IMD,7,Unknown Clock Start,15
Respiratory Medicine Service,IMD,7,01 To 18 Weeks,11355
Respiratory Medicine Service,IMD,7,18 To 52 Weeks,5545
Respiratory Medicine Service,IMD,7,Over 52 Weeks,150
Respiratory Medicine Service,IMD,7,Total,17065
Respiratory Medicine Service,IMD,8,Unknown Clock Start,15
Respiratory Medicine Service,IMD,8,01 To 18 Weeks,11145
Respiratory Medicine Service,IMD,8,18 To 52 Weeks,5315
Respiratory Medicine Service,IMD,8,Over 52 Weeks,145
Respiratory Medicine Service,IMD,8,Total,16620
Respiratory Medicine Service,IMD,9,Unknown Clock Start,20
Respiratory Medicine Service,IMD,9,01 To 18 Weeks,10445
Respiratory Medicine Service,IMD,9,18 To 52 Weeks,5075
Respiratory Medicine Service,IMD,9,Over 52 Weeks,135
Respiratory Medicine Service,IMD,9,Total,15675
Respiratory Medicine Service,Sex,Female,Unknown Clock Start,40
Respiratory Medicine Service,Sex,Female,01 To 18 Weeks,56270
Respiratory Medicine Service,Sex,Female,18 To 52 Weeks,27255
Respiratory Medicine Service,Sex,Female,Over 52 Weeks,650
Respiratory Medicine Service,Sex,Female,Total,84215
Respiratory Medicine Service,Sex,Male,Unknown Clock Start,55
Respiratory Medicine Service,Sex,Male,01 To 18 Weeks,59545
Respiratory Medicine Service,Sex,Male,18 To 52 Weeks,27995
Respiratory Medicine Service,Sex,Male,Over 52 Weeks,650
Respiratory Medicine Service,Sex,Male,Total,88245
Rheumatology Service,Age,0-18 Years,01 To 18 Weeks,1525
Rheumatology Service,Age,0-18 Years,18 To 52 Weeks,705
Rheumatology Service,Age,0-18 Years,Over 52 Weeks,20
Rheumatology Service,Age,0-18 Years,Total,2250
Rheumatology Service,Age,19-64 Years,Unknown Clock Start,30
Rheumatology Service,Age,19-64 Years,01 To 18 Weeks,49195
Rheumatology Service,Age,19-64 Years,18 To 52 Weeks,25430
Rheumatology Service,Age,19-64 Years,Over 52 Weeks,575
Rheumatology Service,Age,19-64 Years,Total,75235
Rheumatology Service,Age,Over 65 Years,Unknown Clock Start,35
Rheumatology Service,Age,Over 65 Years,01 To 18 Weeks,27965
Rheumatology Service,Age,Over 65 Years,18 To 52 Weeks,13185
Rheumatology Service,Age,Over 65 Years,Over 52 Weeks,335
Rheumatology Service,Age,Over 65 Years,Total,41515
Rheumatology Service,Ethnicity,99: Not known,01 To 18 Weeks,2605
Rheumatology Service,Ethnicity,99: Not known,18 To 52 Weeks,1045
Rheumatology Service,Ethnicity,99: Not known,Over 52 Weeks,45
Rheumatology Service,Ethnicity,99: Not known,Total,3695
Rheumatology Service,Ethnicity,A: British,Unknown Clock Start,55
Rheumatology Service,Ethnicity,A: British,01 To 18 Weeks,59460
Rheumatology Service,Ethnicity,A: British,18 To 52 Weeks,29585
Rheumatology Service,Ethnicity,A: British,Over 52 Weeks,720
Rheumatology Service,Ethnicity,A: British,Total,89820
Rheumatology Service,Ethnicity,B: Irish,01 To 18 Weeks,500
Rheumatology Service,Ethnicity,B: Irish,18 To 52 Weeks,235
Rheumatology Service,Ethnicity,B: Irish,Over 52 Weeks,*
Rheumatology Service,Ethnicity,B: Irish,Total,740
Rheumatology Service,Ethnicity,C: Any other white background,Unknown Clock Start,*
Rheumatology Service,Ethnicity,C: Any other white background,01 To 18 Weeks,4240
Rheumatology Service,Ethnicity,C: Any other white background,18 To 52 Weeks,2200
Rheumatology Service,Ethnicity,C: Any other white background,Over 52 Weeks,45
Rheumatology Service,Ethnicity,C: Any other white background,Total,6490
Rheumatology Service,Ethnicity,D: White and Black Caribbean,01 To 18 Weeks,230
Rheumatology Service,Ethnicity,D: White and Black Caribbean,18 To 52 Weeks,110
Rheumatology Service,Ethnicity,D: White and Black Caribbean,Over 52 Weeks,*
Rheumatology Service,Ethnicity,D: White and Black Caribbean,Total,345
Rheumatology Service,Ethnicity,E: White and Black African,Unknown Clock Start,*
Rheumatology Service,Ethnicity,E: White and Black African,01 To 18 Weeks,110
Rheumatology Service,Ethnicity,E: White and Black African,18 To 52 Weeks,60
Rheumatology Service,Ethnicity,E: White and Black African,Over 52 Weeks,*
Rheumatology Service,Ethnicity,E: White and Black African,Total,175
Rheumatology Service,Ethnicity,F: White and Asian,01 To 18 Weeks,185
Rheumatology Service,Ethnicity,F: White and Asian,18 To 52 Weeks,120
Rheumatology Service,Ethnicity,F: White and Asian,Over 52 Weeks,*
Rheumatology Service,Ethnicity,F: White and Asian,Total,310
Rheumatology Service,Ethnicity,G: Any other mixed background,Unknown Clock Start,*
Rheumatology Service,Ethnicity,G: Any other mixed background,01 To 18 Weeks,515
Rheumatology Service,Ethnicity,G: Any other mixed background,18 To 52 Weeks,280
Rheumatology Service,Ethnicity,G: Any other mixed background,Over 52 Weeks,*
Rheumatology Service,Ethnicity,G: Any other mixed background,Total,805
Rheumatology Service,Ethnicity,H: Indian,Unknown Clock Start,*
Rheumatology Service,Ethnicity,H: Indian,01 To 18 Weeks,2255
Rheumatology Service,Ethnicity,H: Indian,18 To 52 Weeks,1255
Rheumatology Service,Ethnicity,H: Indian,Over 52 Weeks,15
Rheumatology Service,Ethnicity,H: Indian,Total,3530
Rheumatology Service,Ethnicity,J: Pakistani,01 To 18 Weeks,1725
Rheumatology Service,Ethnicity,J: Pakistani,18 To 52 Weeks,775
Rheumatology Service,Ethnicity,J: Pakistani,Over 52 Weeks,*
Rheumatology Service,Ethnicity,J: Pakistani,Total,2505
Rheumatology Service,Ethnicity,K: Bangladeshi,01 To 18 Weeks,575
Rheumatology Service,Ethnicity,K: Bangladeshi,18 To 52 Weeks,255
Rheumatology Service,Ethnicity,K: Bangladeshi,Over 52 Weeks,*
Rheumatology Service,Ethnicity,K: Bangladeshi,Total,835
Rheumatology Service,Ethnicity,L: Any other Asian background,Unknown Clock Start,*
Rheumatology Service,Ethnicity,L: Any other Asian background,01 To 18 Weeks,1570
Rheumatology Service,Ethnicity,L: Any other Asian background,18 To 52 Weeks,765
Rheumatology Service,Ethnicity,L: Any other Asian background,Over 52 Weeks,10
Rheumatology Service,Ethnicity,L: Any other Asian background,Total,2350
Rheumatology Service,Ethnicity,M: Caribbean,Unknown Clock Start,*
Rheumatology Service,Ethnicity,M: Caribbean,01 To 18 Weeks,750
Rheumatology Service,Ethnicity,M: Caribbean,18 To 52 Weeks,310
Rheumatology Service,Ethnicity,M: Caribbean,Over 52 Weeks,*
Rheumatology Service,Ethnicity,M: Caribbean,Total,1065
Rheumatology Service,Ethnicity,N: African,01 To 18 Weeks,945
Rheumatology Service,Ethnicity,N: African,18 To 52 Weeks,515
Rheumatology Service,Ethnicity,N: African,Over 52 Weeks,*
Rheumatology Service,Ethnicity,N: African,Total,1465
Rheumatology Service,Ethnicity,P: Any other Black background,Unknown Clock Start,*
Rheumatology Service,Ethnicity,P: Any other Black background,01 To 18 Weeks,530
Rheumatology Service,Ethnicity,P: Any other Black background,18 To 52 Weeks,245
Rheumatology Service,Ethnicity,P: Any other Black background,Over 52 Weeks,*
Rheumatology Service,Ethnicity,P: Any other Black background,Total,785
Rheumatology Service,Ethnicity,R: Chinese,01 To 18 Weeks,295
Rheumatology Service,Ethnicity,R: Chinese,18 To 52 Weeks,125
Rheumatology Service,Ethnicity,R: Chinese,Over 52 Weeks,*
Rheumatology Service,Ethnicity,R: Chinese,Total,425
Rheumatology Service,Ethnicity,S: Any other ethnic group,Unknown Clock Start,*
Rheumatology Service,Ethnicity,S: Any other ethnic group,01 To 18 Weeks,730
Rheumatology Service,Ethnicity,S: Any other ethnic group,18 To 52 Weeks,340
Rheumatology Service,Ethnicity,S: Any other ethnic group,Over 52 Weeks,*
Rheumatology Service,Ethnicity,S: Any other ethnic group,Total,1075
Rheumatology Service,Ethnicity,Z: Not stated,Unknown Clock Start,*
Rheumatology Service,Ethnicity,Z: Not stated,01 To 18 Weeks,2985
Rheumatology Service,Ethnicity,Z: Not stated,18 To 52 Weeks,1475
Rheumatology Service,Ethnicity,Z: Not stated,Over 52 Weeks,45
Rheumatology Service,Ethnicity,Z: Not stated,Total,4505
Rheumatology Service,IMD,1,Unknown Clock Start,*
Rheumatology Service,IMD,1,01 To 18 Weeks,7105
Rheumatology Service,IMD,1,18 To 52 Weeks,3580
Rheumatology Service,IMD,1,Over 52 Weeks,55
Rheumatology Service,IMD,1,Total,10740
Rheumatology Service,IMD,10,Unknown Clock Start,15
Rheumatology Service,IMD,10,01 To 18 Weeks,6995
Rheumatology Service,IMD,10,18 To 52 Weeks,3220
Rheumatology Service,IMD,10,Over 52 Weeks,100
Rheumatology Service,IMD,10,Total,10325
Rheumatology Service,IMD,2,Unknown Clock Start,*
Rheumatology Service,IMD,2,01 To 18 Weeks,7520
Rheumatology Service,IMD,2,18 To 52 Weeks,3695
Rheumatology Service,IMD,2,Over 52 Weeks,70
Rheumatology Service,IMD,2,Total,11290
Rheumatology Service,IMD,3,Unknown Clock Start,*
Rheumatology Service,IMD,3,01 To 18 Weeks,7645
Rheumatology Service,IMD,3,18 To 52 Weeks,3985
Rheumatology Service,IMD,3,Over 52 Weeks,105
Rheumatology Service,IMD,3,Total,11745
Rheumatology Service,IMD,4,Unknown Clock Start,*
Rheumatology Service,IMD,4,01 To 18 Weeks,7890
Rheumatology Service,IMD,4,18 To 52 Weeks,4090
Rheumatology Service,IMD,4,Over 52 Weeks,65
Rheumatology Service,IMD,4,Total,12050
Rheumatology Service,IMD,5,Unknown Clock Start,10
Rheumatology Service,IMD,5,01 To 18 Weeks,8090
Rheumatology Service,IMD,5,18 To 52 Weeks,4115
Rheumatology Service,IMD,5,Over 52 Weeks,80
Rheumatology Service,IMD,5,Total,12295
Rheumatology Service,IMD,6,Unknown Clock Start,10
Rheumatology Service,IMD,6,01 To 18 Weeks,8185
Rheumatology Service,IMD,6,18 To 52 Weeks,4135
Rheumatology Service,IMD,6,Over 52 Weeks,115
Rheumatology Service,IMD,6,Total,12450
Rheumatology Service,IMD,7,Unknown Clock Start,10
Rheumatology Service,IMD,7,01 To 18 Weeks,8165
Rheumatology Service,IMD,7,18 To 52 Weeks,4045
Rheumatology Service,IMD,7,Over 52 Weeks,110
Rheumatology Service,IMD,7,Total,12330
Rheumatology Service,IMD,8,Unknown Clock Start,*
Rheumatology Service,IMD,8,01 To 18 Weeks,8140
Rheumatology Service,IMD,8,18 To 52 Weeks,4135
Rheumatology Service,IMD,8,Over 52 Weeks,115
Rheumatology Service,IMD,8,Total,12390
Rheumatology Service,IMD,9,Unknown Clock Start,*
Rheumatology Service,IMD,9,01 To 18 Weeks,7910
Rheumatology Service,IMD,9,18 To 52 Weeks,3740
Rheumatology Service,IMD,9,Over 52 Weeks,95
Rheumatology Service,IMD,9,Total,11745
Rheumatology Service,Sex,Female,Unknown Clock Start,50
Rheumatology Service,Sex,Female,01 To 18 Weeks,53430
Rheumatology Service,Sex,Female,18 To 52 Weeks,27585
Rheumatology Service,Sex,Female,Over 52 Weeks,685
Rheumatology Service,Sex,Female,Total,81750
Rheumatology Service,Sex,Male,Unknown Clock Start,15
Rheumatology Service,Sex,Male,01 To 18 Weeks,21405
Rheumatology Service,Sex,Male,18 To 52 Weeks,9490
Rheumatology Service,Sex,Male,Over 52 Weeks,230
Rheumatology Service,Sex,Male,Total,31145
Trauma and Orthopaedics Service,Age,0-18 Years,Unknown Clock Start,*
Trauma and Orthopaedics Service,Age,0-18 Years,01 To 18 Weeks,19490
Trauma and Orthopaedics Service,Age,0-18 Years,18 To 52 Weeks,12365
Trauma and Orthopaedics Service,Age,0-18 Years,Over 52 Weeks,985
Trauma and Orthopaedics Service,Age,0-18 Years,Total,32845
Trauma and Orthopaedics Service,Age,19-64 Years,Unknown Clock Start,665
Trauma and Orthopaedics Service,Age,19-64 Years,01 To 18 Weeks,263805
Trauma and Orthopaedics Service,Age,19-64 Years,18 To 52 Weeks,181170
Trauma and Orthopaedics Service,Age,19-64 Years,Over 52 Weeks,13025
Trauma and Orthopaedics Service,Age,19-64 Years,Total,458665
Trauma and Orthopaedics Service,Age,Over 65 Years,Unknown Clock Start,600
Trauma and Orthopaedics Service,Age,Over 65 Years,01 To 18 Weeks,186400
Trauma and Orthopaedics Service,Age,Over 65 Years,18 To 52 Weeks,142850
Trauma and Orthopaedics Service,Age,Over 65 Years,Over 52 Weeks,10565
Trauma and Orthopaedics Service,Age,Over 65 Years,Total,340420
Trauma and Orthopaedics Service,Ethnicity,99: Not known,Unknown Clock Start,*
Trauma and Orthopaedics Service,Ethnicity,99: Not known,01 To 18 Weeks,10315
Trauma and Orthopaedics Service,Ethnicity,99: Not known,18 To 52 Weeks,5680
Trauma and Orthopaedics Service,Ethnicity,99: Not known,Over 52 Weeks,435
Trauma and Orthopaedics Service,Ethnicity,99: Not known,Total,16435
Trauma and Orthopaedics Service,Ethnicity,A: British,Unknown Clock Start,1095
Trauma and Orthopaedics Service,Ethnicity,A: British,01 To 18 Weeks,362345
Trauma and Orthopaedics Service,Ethnicity,A: British,18 To 52 Weeks,259910
Trauma and Orthopaedics Service,Ethnicity,A: British,Over 52 Weeks,19510
Trauma and Orthopaedics Service,Ethnicity,A: British,Total,642860
Trauma and Orthopaedics Service,Ethnicity,B: Irish,Unknown Clock Start,*
Trauma and Orthopaedics Service,Ethnicity,B: Irish,01 To 18 Weeks,2600
Trauma and Orthopaedics Service,Ethnicity,B: Irish,18 To 52 Weeks,1950
Trauma and Orthopaedics Service,Ethnicity,B: Irish,Over 52 Weeks,130
Trauma and Orthopaedics Service,Ethnicity,B: Irish,Total,4685
Trauma and Orthopaedics Service,Ethnicity,C: Any other white background,Unknown Clock Start,50
Trauma and Orthopaedics Service,Ethnicity,C: Any other white background,01 To 18 Weeks,24480
Trauma and Orthopaedics Service,Ethnicity,C: Any other white background,18 To 52 Weeks,17505
Trauma and Orthopaedics Service,Ethnicity,C: Any other white background,Over 52 Weeks,1240
Trauma and Orthopaedics Service,Ethnicity,C: Any other white background,Total,43280
Trauma and Orthopaedics Service,Ethnicity,D: White and Black Caribbean,Unknown Clock Start,*
Trauma and Orthopaedics Service,Ethnicity,D: White and Black Caribbean,01 To 18 Weeks,1405
Trauma and Orthopaedics Service,Ethnicity,D: White and Black Caribbean,18 To 52 Weeks,1085
Trauma and Orthopaedics Service,Ethnicity,D: White and Black Caribbean,Over 52 Weeks,70
Trauma and Orthopaedics Service,Ethnicity,D: White and Black Caribbean,Total,2560
Trauma and Orthopaedics Service,Ethnicity,E: White and Black African,Unknown Clock Start,*
Trauma and Orthopaedics Service,Ethnicity,E: White and Black African,01 To 18 Weeks,760
Trauma and Orthopaedics Service,Ethnicity,E: White and Black African,18 To 52 Weeks,540
Trauma and Orthopaedics Service,Ethnicity,E: White and Black African,Over 52 Weeks,30
Trauma and Orthopaedics Service,Ethnicity,E: White and Black African,Total,1330
Trauma and Orthopaedics Service,Ethnicity,F: White and Asian,Unknown Clock Start,*
Trauma and Orthopaedics Service,Ethnicity,F: White and Asian,01 To 18 Weeks,1110
Trauma and Orthopaedics Service,Ethnicity,F: White and Asian,18 To 52 Weeks,750
Trauma and Orthopaedics Service,Ethnicity,F: White and Asian,Over 52 Weeks,45
Trauma and Orthopaedics Service,Ethnicity,F: White and Asian,Total,1910
Trauma and Orthopaedics Service,Ethnicity,G: Any other mixed background,Unknown Clock Start,10
Trauma and Orthopaedics Service,Ethnicity,G: Any other mixed background,01 To 18 Weeks,2700
Trauma and Orthopaedics Service,Ethnicity,G: Any other mixed background,18 To 52 Weeks,1945
Trauma and Orthopaedics Service,Ethnicity,G: Any other mixed background,Over 52 Weeks,135
Trauma and Orthopaedics Service,Ethnicity,G: Any other mixed background,Total,4790
Trauma and Orthopaedics Service,Ethnicity,H: Indian,Unknown Clock Start,*
Trauma and Orthopaedics Service,Ethnicity,H: Indian,01 To 18 Weeks,11800
Trauma and Orthopaedics Service,Ethnicity,H: Indian,18 To 52 Weeks,8950
Trauma and Orthopaedics Service,Ethnicity,H: Indian,Over 52 Weeks,505
Trauma and Orthopaedics Service,Ethnicity,H: Indian,Total,21255
Trauma and Orthopaedics Service,Ethnicity,J: Pakistani,Unknown Clock Start,*
Trauma and Orthopaedics Service,Ethnicity,J: Pakistani,01 To 18 Weeks,8870
Trauma and Orthopaedics Service,Ethnicity,J: Pakistani,18 To 52 Weeks,5990
Trauma and Orthopaedics Service,Ethnicity,J: Pakistani,Over 52 Weeks,360
Trauma and Orthopaedics Service,Ethnicity,J: Pakistani,Total,15225
Trauma and Orthopaedics Service,Ethnicity,K: Bangladeshi,01 To 18 Weeks,2850
Trauma and Orthopaedics Service,Ethnicity,K: Bangladeshi,18 To 52 Weeks,1895
Trauma and Orthopaedics Service,Ethnicity,K: Bangladeshi,Over 52 Weeks,100
Trauma and Orthopaedics Service,Ethnicity,K: Bangladeshi,Total,4845
Trauma and Orthopaedics Service,Ethnicity,L: Any other Asian background,Unknown Clock Start,*
Trauma and Orthopaedics Service,Ethnicity,L: Any other Asian background,01 To 18 Weeks,7725
Trauma and Orthopaedics Service,Ethnicity,L: Any other Asian background,18 To 52 Weeks,5670
Trauma and Orthopaedics Service,Ethnicity,L: Any other Asian background,Over 52 Weeks,370
Trauma and Orthopaedics Service,Ethnicity,L: Any other Asian background,Total,13770
Trauma and Orthopaedics Service,Ethnicity,M: Caribbean,Unknown Clock Start,*
Trauma and Orthopaedics Service,Ethnicity,M: Caribbean,01 To 18 Weeks,4765
Trauma and Orthopaedics Service,Ethnicity,M: Caribbean,18 To 52 Weeks,3370
Trauma and Orthopaedics Service,Ethnicity,M: Caribbean,Over 52 Weeks,220
Trauma and Orthopaedics Service,Ethnicity,M: Caribbean,Total,8355
Trauma and Orthopaedics Service,Ethnicity,N: African,Unknown Clock Start,10
Trauma and Orthopaedics Service,Ethnicity,N: African,01 To 18 Weeks,6495
Trauma and Orthopaedics Service,Ethnicity,N: African,18 To 52 Weeks,4495
Trauma and Orthopaedics Service,Ethnicity,N: African,Over 52 Weeks,325
Trauma and Orthopaedics Service,Ethnicity,N: African,Total,11325
Trauma and Orthopaedics Service,Ethnicity,P: Any other Black background,Unknown Clock Start,*
Trauma and Orthopaedics Service,Ethnicity,P: Any other Black background,01 To 18 Weeks,3355
Trauma and Orthopaedics Service,Ethnicity,P: Any other Black background,18 To 52 Weeks,2345
Trauma and Orthopaedics Service,Ethnicity,P: Any other Black background,Over 52 Weeks,135
Trauma and Orthopaedics Service,Ethnicity,P: Any other Black background,Total,5840
Trauma and Orthopaedics Service,Ethnicity,R: Chinese,Unknown Clock Start,*
Trauma and Orthopaedics Service,Ethnicity,R: Chinese,01 To 18 Weeks,1085
Trauma and Orthopaedics Service,Ethnicity,R: Chinese,18 To 52 Weeks,805
Trauma and Orthopaedics Service,Ethnicity,R: Chinese,Over 52 Weeks,50
Trauma and Orthopaedics Service,Ethnicity,R: Chinese,Total,1945
Trauma and Orthopaedics Service,Ethnicity,S: Any other ethnic group,Unknown Clock Start,*
Trauma and Orthopaedics Service,Ethnicity,S: Any other ethnic group,01 To 18 Weeks,3610
Trauma and Orthopaedics Service,Ethnicity,S: Any other ethnic group,18 To 52 Weeks,2590
Trauma and Orthopaedics Service,Ethnicity,S: Any other ethnic group,Over 52 Weeks,150
Trauma and Orthopaedics Service,Ethnicity,S: Any other ethnic group,Total,6355
Trauma and Orthopaedics Service,Ethnicity,Z: Not stated,Unknown Clock Start,75
Trauma and Orthopaedics Service,Ethnicity,Z: Not stated,01 To 18 Weeks,19385
Trauma and Orthopaedics Service,Ethnicity,Z: Not stated,18 To 52 Weeks,11565
Trauma and Orthopaedics Service,Ethnicity,Z: Not stated,Over 52 Weeks,770
Trauma and Orthopaedics Service,Ethnicity,Z: Not stated,Total,31795
Trauma and Orthopaedics Service,IMD,1,Unknown Clock Start,130
Trauma and Orthopaedics Service,IMD,1,01 To 18 Weeks,42715
Trauma and Orthopaedics Service,IMD,1,18 To 52 Weeks,29430
Trauma and Orthopaedics Service,IMD,1,Over 52 Weeks,2000
Trauma and Orthopaedics Service,IMD,1,Total,74275
Trauma and Orthopaedics Service,IMD,10,Unknown Clock Start,55
Trauma and Orthopaedics Service,IMD,10,01 To 18 Weeks,43940
Trauma and Orthopaedics Service,IMD,10,18 To 52 Weeks,30465
Trauma and Orthopaedics Service,IMD,10,Over 52 Weeks,2070
Trauma and Orthopaedics Service,IMD,10,Total,76530
Trauma and Orthopaedics Service,IMD,2,Unknown Clock Start,105
Trauma and Orthopaedics Service,IMD,2,01 To 18 Weeks,44575
Trauma and Orthopaedics Service,IMD,2,18 To 52 Weeks,31550
Trauma and Orthopaedics Service,IMD,2,Over 52 Weeks,2150
Trauma and Orthopaedics Service,IMD,2,Total,78380
Trauma and Orthopaedics Service,IMD,3,Unknown Clock Start,105
Trauma and Orthopaedics Service,IMD,3,01 To 18 Weeks,45165
Trauma and Orthopaedics Service,IMD,3,18 To 52 Weeks,32450
Trauma and Orthopaedics Service,IMD,3,Over 52 Weeks,2430
Trauma and Orthopaedics Service,IMD,3,Total,80150
Trauma and Orthopaedics Service,IMD,4,Unknown Clock Start,160
Trauma and Orthopaedics Service,IMD,4,01 To 18 Weeks,46525
Trauma and Orthopaedics Service,IMD,4,18 To 52 Weeks,34135
Trauma and Orthopaedics Service,IMD,4,Over 52 Weeks,2585
Trauma and Orthopaedics Service,IMD,4,Total,83405
Trauma and Orthopaedics Service,IMD,5,Unknown Clock Start,195
Trauma and Orthopaedics Service,IMD,5,01 To 18 Weeks,47400
Trauma and Orthopaedics Service,IMD,5,18 To 52 Weeks,34695
Trauma and Orthopaedics Service,IMD,5,Over 52 Weeks,2795
Trauma and Orthopaedics Service,IMD,5,Total,85090
Trauma and Orthopaedics Service,IMD,6,Unknown Clock Start,125
Trauma and Orthopaedics Service,IMD,6,01 To 18 Weeks,48495
Trauma and Orthopaedics Service,IMD,6,18 To 52 Weeks,35190
Trauma and Orthopaedics Service,IMD,6,Over 52 Weeks,2620
Trauma and Orthopaedics Service,IMD,6,Total,86430
Trauma and Orthopaedics Service,IMD,7,Unknown Clock Start,180
Trauma and Orthopaedics Service,IMD,7,01 To 18 Weeks,48090
Trauma and Orthopaedics Service,IMD,7,18 To 52 Weeks,34455
Trauma and Orthopaedics Service,IMD,7,Over 52 Weeks,2490
Trauma and Orthopaedics Service,IMD,7,Total,85220
Trauma and Orthopaedics Service,IMD,8,Unknown Clock Start,145
Trauma and Orthopaedics Service,IMD,8,01 To 18 Weeks,48270
Trauma and Orthopaedics Service,IMD,8,18 To 52 Weeks,34150
Trauma and Orthopaedics Service,IMD,8,Over 52 Weeks,2530
Trauma and Orthopaedics Service,IMD,8,Total,85090
Trauma and Orthopaedics Service,IMD,9,Unknown Clock Start,65
Trauma and Orthopaedics Service,IMD,9,01 To 18 Weeks,46750
Trauma and Orthopaedics Service,IMD,9,18 To 52 Weeks,32950
Trauma and Orthopaedics Service,IMD,9,Over 52 Weeks,2365
Trauma and Orthopaedics Service,IMD,9,Total,82135
Trauma and Orthopaedics Service,Sex,Female,Unknown Clock Start,740
Trauma and Orthopaedics Service,Sex,Female,01 To 18 Weeks,249785
Trauma and Orthopaedics Service,Sex,Female,18 To 52 Weeks,180580
Trauma and Orthopaedics Service,Sex,Female,Over 52 Weeks,13125
Trauma and Orthopaedics Service,Sex,Female,Total,444230
Trauma and Orthopaedics Service,Sex,Male,Unknown Clock Start,530
Trauma and Orthopaedics Service,Sex,Male,01 To 18 Weeks,196810
Trauma and Orthopaedics Service,Sex,Male,18 To 52 Weeks,141125
Trauma and Orthopaedics Service,Sex,Male,Over 52 Weeks,10765
Trauma and Orthopaedics Service,Sex,Male,Total,349225
Unknown,Age,0-18 Years,Unknown Clock Start,15
Unknown,Age,0-18 Years,01 To 18 Weeks,1170
Unknown,Age,0-18 Years,18 To 52 Weeks,980
Unknown,Age,0-18 Years,Over 52 Weeks,40
Unknown,Age,0-18 Years,Total,2205
Unknown,Age,19-64 Years,Unknown Clock Start,85
Unknown,Age,19-64 Years,01 To 18 Weeks,2760
Unknown,Age,19-64 Years,18 To 52 Weeks,375
Unknown,Age,19-64 Years,Over 52 Weeks,15
Unknown,Age,19-64 Years,Total,3235
Unknown,Age,Over 65 Years,Unknown Clock Start,75
Unknown,Age,Over 65 Years,01 To 18 Weeks,1640
Unknown,Age,Over 65 Years,18 To 52 Weeks,170
Unknown,Age,Over 65 Years,Over 52 Weeks,*
Unknown,Age,Over 65 Years,Total,1890
Unknown,Ethnicity,99: Not known,Unknown Clock Start,*
Unknown,Ethnicity,99: Not known,01 To 18 Weeks,285
Unknown,Ethnicity,99: Not known,18 To 52 Weeks,40
Unknown,Ethnicity,99: Not known,Over 52 Weeks,*
Unknown,Ethnicity,99: Not known,Total,330
Unknown,Ethnicity,A: British,Unknown Clock Start,135
Unknown,Ethnicity,A: British,01 To 18 Weeks,4265
Unknown,Ethnicity,A: British,18 To 52 Weeks,1005
Unknown,Ethnicity,A: British,Over 52 Weeks,40
Unknown,Ethnicity,A: British,Total,5445
Unknown,Ethnicity,B: Irish,Unknown Clock Start,*
Unknown,Ethnicity,B: Irish,01 To 18 Weeks,45
Unknown,Ethnicity,B: Irish,18 To 52 Weeks,10
Unknown,Ethnicity,B: Irish,Over 52 Weeks,*
Unknown,Ethnicity,B: Irish,Total,55
Unknown,Ethnicity,C: Any other white background,Unknown Clock Start,20
Unknown,Ethnicity,C: Any other white background,01 To 18 Weeks,450
Unknown,Ethnicity,C: Any other white background,18 To 52 Weeks,140
Unknown,Ethnicity,C: Any other white background,Over 52 Weeks,*
Unknown,Ethnicity,C: Any other white background,Total,615
Unknown,Ethnicity,D: White and Black Caribbean,01 To 18 Weeks,35
Unknown,Ethnicity,D: White and Black Caribbean,18 To 52 Weeks,10
Unknown,Ethnicity,D: White and Black Caribbean,Over 52 Weeks,*
Unknown,Ethnicity,D: White and Black Caribbean,Total,45
Unknown,Ethnicity,E: White and Black African,01 To 18 Weeks,25
Unknown,Ethnicity,E: White and Black African,18 To 52 Weeks,10
Unknown,Ethnicity,E: White and Black African,Over 52 Weeks,*
Unknown,Ethnicity,E: White and Black African,Total,35
Unknown,Ethnicity,F: White and Asian,01 To 18 Weeks,20
Unknown,Ethnicity,F: White and Asian,18 To 52 Weeks,10
Unknown,Ethnicity,F: White and Asian,Over 52 Weeks,*
Unknown,Ethnicity,F: White and Asian,Total,30
Unknown,Ethnicity,G: Any other mixed background,Unknown Clock Start,*
Unknown,Ethnicity,G: Any other mixed background,01 To 18 Weeks,70
Unknown,Ethnicity,G: Any other mixed background,18 To 52 Weeks,30
Unknown,Ethnicity,G: Any other mixed background,Over 52 Weeks,*
Unknown,Ethnicity,G: Any other mixed background,Total,105
Unknown,Ethnicity,H: Indian,Unknown Clock Start,*
Unknown,Ethnicity,H: Indian,01 To 18 Weeks,125
Unknown,Ethnicity,H: Indian,18 To 52 Weeks,30
Unknown,Ethnicity,H: Indian,Over 52 Weeks,*
Unknown,Ethnicity,H: Indian,Total,160
Unknown,Ethnicity,J: Pakistani,Unknown Clock Start,*
Unknown,Ethnicity,J: Pakistani,01 To 18 Weeks,155
Unknown,Ethnicity,J: Pakistani,18 To 52 Weeks,45
Unknown,Ethnicity,J: Pakistani,Over 52 Weeks,*
Unknown,Ethnicity,J: Pakistani,Total,200
Unknown,Ethnicity,K: Bangladeshi,Unknown Clock Start,*
Unknown,Ethnicity,K: Bangladeshi,01 To 18 Weeks,65
Unknown,Ethnicity,K: Bangladeshi,18 To 52 Weeks,25
Unknown,Ethnicity,K: Bangladeshi,Over 52 Weeks,*
Unknown,Ethnicity,K: Bangladeshi,Total,95
Unknown,Ethnicity,L: Any other Asian background,Unknown Clock Start,*
Unknown,Ethnicity,L: Any other Asian background,01 To 18 Weeks,140
Unknown,Ethnicity,L: Any other Asian background,18 To 52 Weeks,40
Unknown,Ethnicity,L: Any other Asian background,Over 52 Weeks,*
Unknown,Ethnicity,L: Any other Asian background,Total,190
Unknown,Ethnicity,M: Caribbean,01 To 18 Weeks,85
Unknown,Ethnicity,M: Caribbean,18 To 52 Weeks,30
Unknown,Ethnicity,M: Caribbean,Total,115
Unknown,Ethnicity,N: African,Unknown Clock Start,*
Unknown,Ethnicity,N: African,01 To 18 Weeks,170
Unknown,Ethnicity,N: African,18 To 52 Weeks,50
Unknown,Ethnicity,N: African,Over 52 Weeks,*
Unknown,Ethnicity,N: African,Total,220
Unknown,Ethnicity,P: Any other Black background,Unknown Clock Start,*
Unknown,Ethnicity,P: Any other Black background,01 To 18 Weeks,60
Unknown,Ethnicity,P: Any other Black background,18 To 52 Weeks,15
Unknown,Ethnicity,P: Any other Black background,Over 52 Weeks,*
Unknown,Ethnicity,P: Any other Black background,Total,75
Unknown,Ethnicity,R: Chinese,01 To 18 Weeks,30
Unknown,Ethnicity,R: Chinese,18 To 52 Weeks,*
Unknown,Ethnicity,R: Chinese,Total,35
Unknown,Ethnicity,S: Any other ethnic group,01 To 18 Weeks,70
Unknown,Ethnicity,S: Any other ethnic group,18 To 52 Weeks,20
Unknown,Ethnicity,S: Any other ethnic group,Over 52 Weeks,*
Unknown,Ethnicity,S: Any other ethnic group,Total,90
Unknown,Ethnicity,Z: Not stated,Unknown Clock Start,*
Unknown,Ethnicity,Z: Not stated,01 To 18 Weeks,205
Unknown,Ethnicity,Z: Not stated,18 To 52 Weeks,30
Unknown,Ethnicity,Z: Not stated,Total,240
Unknown,IMD,1,01 To 18 Weeks,510
Unknown,IMD,1,18 To 52 Weeks,125
Unknown,IMD,1,Over 52 Weeks,*
Unknown,IMD,1,Total,640
Unknown,IMD,10,Unknown Clock Start,50
Unknown,IMD,10,01 To 18 Weeks,550
Unknown,IMD,10,18 To 52 Weeks,165
Unknown,IMD,10,Over 52 Weeks,10
Unknown,IMD,10,Total,775
Unknown,IMD,2,Unknown Clock Start,*
Unknown,IMD,2,01 To 18 Weeks,610
Unknown,IMD,2,18 To 52 Weeks,140
Unknown,IMD,2,Over 52 Weeks,*
Unknown,IMD,2,Total,765
Unknown,IMD,3,Unknown Clock Start,10
Unknown,IMD,3,01 To 18 Weeks,630
Unknown,IMD,3,18 To 52 Weeks,170
Unknown,IMD,3,Over 52 Weeks,10
Unknown,IMD,3,Total,815
Unknown,IMD,4,Unknown Clock Start,15
Unknown,IMD,4,01 To 18 Weeks,785
Unknown,IMD,4,18 To 52 Weeks,180
Unknown,IMD,4,Over 52 Weeks,10
Unknown,IMD,4,Total,990
Unknown,IMD,5,Unknown Clock Start,*
Unknown,IMD,5,01 To 18 Weeks,655
Unknown,IMD,5,18 To 52 Weeks,145
Unknown,IMD,5,Over 52 Weeks,*
Unknown,IMD,5,Total,815
Unknown,IMD,6,Unknown Clock Start,15
Unknown,IMD,6,01 To 18 Weeks,650
Unknown,IMD,6,18 To 52 Weeks,155
Unknown,IMD,6,Over 52 Weeks,10
Unknown,IMD,6,Total,830
Unknown,IMD,7,Unknown Clock Start,20
Unknown,IMD,7,01 To 18 Weeks,545
Unknown,IMD,7,18 To 52 Weeks,110
Unknown,IMD,7,Over 52 Weeks,*
Unknown,IMD,7,Total,675
Unknown,IMD,8,Unknown Clock Start,30
Unknown,IMD,8,01 To 18 Weeks,575
Unknown,IMD,8,18 To 52 Weeks,140
Unknown,IMD,8,Over 52 Weeks,*
Unknown,IMD,8,Total,745
Unknown,IMD,9,Unknown Clock Start,25
Unknown,IMD,9,01 To 18 Weeks,555
Unknown,IMD,9,18 To 52 Weeks,130
Unknown,IMD,9,Over 52 Weeks,*
Unknown,IMD,9,Total,710
Unknown,Sex,Female,Unknown Clock Start,80
Unknown,Sex,Female,01 To 18 Weeks,2765
Unknown,Sex,Female,18 To 52 Weeks,625
Unknown,Sex,Female,Over 52 Weeks,30
Unknown,Sex,Female,Total,3495
Unknown,Sex,Male,Unknown Clock Start,85
Unknown,Sex,Male,01 To 18 Weeks,2285
Unknown,Sex,Male,18 To 52 Weeks,810
Unknown,Sex,Male,Over 52 Weeks,30
Unknown,Sex,Male,Total,3210
Urology Service,Age,0-18 Years,Unknown Clock Start,*
Urology Service,Age,0-18 Years,01 To 18 Weeks,6565
Urology Service,Age,0-18 Years,18 To 52 Weeks,4255
Urology Service,Age,0-18 Years,Over 52 Weeks,175
Urology Service,Age,0-18 Years,Total,11000
Urology Service,Age,19-64 Years,Unknown Clock Start,185
Urology Service,Age,19-64 Years,01 To 18 Weeks,126005
Urology Service,Age,19-64 Years,18 To 52 Weeks,82305
Urology Service,Age,19-64 Years,Over 52 Weeks,5165
Urology Service,Age,19-64 Years,Total,213660
Urology Service,Age,Over 65 Years,Unknown Clock Start,125
Urology Service,Age,Over 65 Years,01 To 18 Weeks,107955
Urology Service,Age,Over 65 Years,18 To 52 Weeks,54795
Urology Service,Age,Over 65 Years,Over 52 Weeks,3240
Urology Service,Age,Over 65 Years,Total,166120
Urology Service,Ethnicity,99: Not known,Unknown Clock Start,*
Urology Service,Ethnicity,99: Not known,01 To 18 Weeks,8745
Urology Service,Ethnicity,99: Not known,18 To 52 Weeks,4175
Urology Service,Ethnicity,99: Not known,Over 52 Weeks,210
Urology Service,Ethnicity,99: Not known,Total,13135
Urology Service,Ethnicity,A: British,Unknown Clock Start,230
Urology Service,Ethnicity,A: British,01 To 18 Weeks,174955
Urology Service,Ethnicity,A: British,18 To 52 Weeks,99150
Urology Service,Ethnicity,A: British,Over 52 Weeks,6190
Urology Service,Ethnicity,A: British,Total,280525
Urology Service,Ethnicity,B: Irish,Unknown Clock Start,*
Urology Service,Ethnicity,B: Irish,01 To 18 Weeks,1505
Urology Service,Ethnicity,B: Irish,18 To 52 Weeks,950
Urology Service,Ethnicity,B: Irish,Over 52 Weeks,40
Urology Service,Ethnicity,B: Irish,Total,2495
Urology Service,Ethnicity,C: Any other white background,Unknown Clock Start,30
Urology Service,Ethnicity,C: Any other white background,01 To 18 Weeks,13625
Urology Service,Ethnicity,C: Any other white background,18 To 52 Weeks,8715
Urology Service,Ethnicity,C: Any other white background,Over 52 Weeks,510
Urology Service,Ethnicity,C: Any other white background,Total,22880
Urology Service,Ethnicity,D: White and Black Caribbean,01 To 18 Weeks,675
Urology Service,Ethnicity,D: White and Black Caribbean,18 To 52 Weeks,465
Urology Service,Ethnicity,D: White and Black Caribbean,Over 52 Weeks,25
Urology Service,Ethnicity,D: White and Black Caribbean,Total,1165
Urology Service,Ethnicity,E: White and Black African,01 To 18 Weeks,405
Urology Service,Ethnicity,E: White and Black African,18 To 52 Weeks,290
Urology Service,Ethnicity,E: White and Black African,Over 52 Weeks,15
Urology Service,Ethnicity,E: White and Black African,Total,710
Urology Service,Ethnicity,F: White and Asian,01 To 18 Weeks,530
Urology Service,Ethnicity,F: White and Asian,18 To 52 Weeks,380
Urology Service,Ethnicity,F: White and Asian,Over 52 Weeks,15
Urology Service,Ethnicity,F: White and Asian,Total,930
Urology Service,Ethnicity,G: Any other mixed background,Unknown Clock Start,*
Urology Service,Ethnicity,G: Any other mixed background,01 To 18 Weeks,1520
Urology Service,Ethnicity,G: Any other mixed background,18 To 52 Weeks,1040
Urology Service,Ethnicity,G: Any other mixed background,Over 52 Weeks,75
Urology Service,Ethnicity,G: Any other mixed background,Total,2635
Urology Service,Ethnicity,H: Indian,Unknown Clock Start,*
Urology Service,Ethnicity,H: Indian,01 To 18 Weeks,5785
Urology Service,Ethnicity,H: Indian,18 To 52 Weeks,4130
Urology Service,Ethnicity,H: Indian,Over 52 Weeks,220
Urology Service,Ethnicity,H: Indian,Total,10140
Urology Service,Ethnicity,J: Pakistani,Unknown Clock Start,*
Urology Service,Ethnicity,J: Pakistani,01 To 18 Weeks,4670
Urology Service,Ethnicity,J: Pakistani,18 To 52 Weeks,3150
Urology Service,Ethnicity,J: Pakistani,Over 52 Weeks,145
Urology Service,Ethnicity,J: Pakistani,Total,7970
Urology Service,Ethnicity,K: Bangladeshi,01 To 18 Weeks,1715
Urology Service,Ethnicity,K: Bangladeshi,18 To 52 Weeks,1245
Urology Service,Ethnicity,K: Bangladeshi,Over 52 Weeks,90
Urology Service,Ethnicity,K: Bangladeshi,Total,3050
Urology Service,Ethnicity,L: Any other Asian background,Unknown Clock Start,10
Urology Service,Ethnicity,L: Any other Asian background,01 To 18 Weeks,4985
Urology Service,Ethnicity,L: Any other Asian background,18 To 52 Weeks,3380
Urology Service,Ethnicity,L: Any other Asian background,Over 52 Weeks,165
Urology Service,Ethnicity,L: Any other Asian background,Total,8545
Urology Service,Ethnicity,M: Caribbean,Unknown Clock Start,*
Urology Service,Ethnicity,M: Caribbean,01 To 18 Weeks,3030
Urology Service,Ethnicity,M: Caribbean,18 To 52 Weeks,1830
Urology Service,Ethnicity,M: Caribbean,Over 52 Weeks,90
Urology Service,Ethnicity,M: Caribbean,Total,4955
Urology Service,Ethnicity,N: African,Unknown Clock Start,*
Urology Service,Ethnicity,N: African,01 To 18 Weeks,4275
Urology Service,Ethnicity,N: African,18 To 52 Weeks,2825
Urology Service,Ethnicity,N: African,Over 52 Weeks,140
Urology Service,Ethnicity,N: African,Total,7240
Urology Service,Ethnicity,P: Any other Black background,Unknown Clock Start,*
Urology Service,Ethnicity,P: Any other Black background,01 To 18 Weeks,2160
Urology Service,Ethnicity,P: Any other Black background,18 To 52 Weeks,1405
Urology Service,Ethnicity,P: Any other Black background,Over 52 Weeks,60
Urology Service,Ethnicity,P: Any other Black background,Total,3630
Urology Service,Ethnicity,R: Chinese,01 To 18 Weeks,690
Urology Service,Ethnicity,R: Chinese,18 To 52 Weeks,495
Urology Service,Ethnicity,R: Chinese,Over 52 Weeks,20
Urology Service,Ethnicity,R: Chinese,Total,1205
Urology Service,Ethnicity,S: Any other ethnic group,Unknown Clock Start,*
Urology Service,Ethnicity,S: Any other ethnic group,01 To 18 Weeks,2845
Urology Service,Ethnicity,S: Any other ethnic group,18 To 52 Weeks,1720
Urology Service,Ethnicity,S: Any other ethnic group,Over 52 Weeks,120
Urology Service,Ethnicity,S: Any other ethnic group,Total,4690
Urology Service,Ethnicity,Z: Not stated,Unknown Clock Start,15
Urology Service,Ethnicity,Z: Not stated,01 To 18 Weeks,11710
Urology Service,Ethnicity,Z: Not stated,18 To 52 Weeks,6230
Urology Service,Ethnicity,Z: Not stated,Over 52 Weeks,445
Urology Service,Ethnicity,Z: Not stated,Total,18400
Urology Service,IMD,1,Unknown Clock Start,25
Urology Service,IMD,1,01 To 18 Weeks,21485
Urology Service,IMD,1,18 To 52 Weeks,13950
Urology Service,IMD,1,Over 52 Weeks,830
Urology Service,IMD,1,Total,36285
Urology Service,IMD,10,Unknown Clock Start,35
Urology Service,IMD,10,01 To 18 Weeks,21895
Urology Service,IMD,10,18 To 52 Weeks,11425
Urology Service,IMD,10,Over 52 Weeks,765
Urology Service,IMD,10,Total,34125
Urology Service,IMD,2,Unknown Clock Start,10
Urology Service,IMD,2,01 To 18 Weeks,23180
Urology Service,IMD,2,18 To 52 Weeks,14955
Urology Service,IMD,2,Over 52 Weeks,880
Urology Service,IMD,2,Total,39030
Urology Service,IMD,3,Unknown Clock Start,30
Urology Service,IMD,3,01 To 18 Weeks,23725
Urology Service,IMD,3,18 To 52 Weeks,15070
Urology Service,IMD,3,Over 52 Weeks,845
Urology Service,IMD,3,Total,39665
Urology Service,IMD,4,Unknown Clock Start,30
Urology Service,IMD,4,01 To 18 Weeks,24150
Urology Service,IMD,4,18 To 52 Weeks,14910
Urology Service,IMD,4,Over 52 Weeks,880
Urology Service,IMD,4,Total,39970
Urology Service,IMD,5,Unknown Clock Start,35
Urology Service,IMD,5,01 To 18 Weeks,24420
Urology Service,IMD,5,18 To 52 Weeks,14380
Urology Service,IMD,5,Over 52 Weeks,895
Urology Service,IMD,5,Total,39730
Urology Service,IMD,6,Unknown Clock Start,35
Urology Service,IMD,6,01 To 18 Weeks,24805
Urology Service,IMD,6,18 To 52 Weeks,14075
Urology Service,IMD,6,Over 52 Weeks,860
Urology Service,IMD,6,Total,39775
Urology Service,IMD,7,Unknown Clock Start,40
Urology Service,IMD,7,01 To 18 Weeks,24095
Urology Service,IMD,7,18 To 52 Weeks,13035
Urology Service,IMD,7,Over 52 Weeks,760
Urology Service,IMD,7,Total,37935
Urology Service,IMD,8,Unknown Clock Start,35
Urology Service,IMD,8,01 To 18 Weeks,24145
Urology Service,IMD,8,18 To 52 Weeks,13230
Urology Service,IMD,8,Over 52 Weeks,870
Urology Service,IMD,8,Total,38285
Urology Service,IMD,9,Unknown Clock Start,30
Urology Service,IMD,9,01 To 18 Weeks,23775
Urology Service,IMD,9,18 To 52 Weeks,12760
Urology Service,IMD,9,Over 52 Weeks,775
Urology Service,IMD,9,Total,37340
Urology Service,Sex,Female,Unknown Clock Start,85
Urology Service,Sex,Female,01 To 18 Weeks,61050
Urology Service,Sex,Female,18 To 52 Weeks,34870
Urology Service,Sex,Female,Over 52 Weeks,1995
Urology Service,Sex,Female,Total,98000
Urology Service,Sex,Male,Unknown Clock Start,225
Urology Service,Sex,Male,01 To 18 Weeks,164560
Urology Service,Sex,Male,18 To 52 Weeks,96195
Urology Service,Sex,Male,Over 52 Weeks,5750
Urology Service,Sex,Male,Total,266730
