Treatment Function Code,Metric,Category,Waiting Bands,Count
Cardiology Service,Age,0-18 Years,Unknown Clock Start,*
Cardiology Service,Age,0-18 Years,01 To 18 Weeks,4015
Cardiology Service,Age,0-18 Years,18 To 52 Weeks,2950
Cardiology Service,Age,0-18 Years,Over 52 Weeks,135
Cardiology Service,Age,0-18 Years,Total,7100
Cardiology Service,Age,19-64 Years,Unknown Clock Start,10
Cardiology Service,Age,19-64 Years,01 To 18 Weeks,112325
Cardiology Service,Age,19-64 Years,18 To 52 Weeks,76900
Cardiology Service,Age,19-64 Years,Over 52 Weeks,4040
Cardiology Service,Age,19-64 Years,Total,193270
Cardiology Service,Age,Over 65 Years,Unknown Clock Start,20
Cardiology Service,Age,Over 65 Years,01 To 18 Weeks,120115
Cardiology Service,Age,Over 65 Years,18 To 52 Weeks,68070
Cardiology Service,Age,Over 65 Years,Over 52 Weeks,3350
Cardiology Service,Age,Over 65 Years,Total,191555
Cardiology Service,Ethnicity,99: Not known,01 To 18 Weeks,9840
Cardiology Service,Ethnicity,99: Not known,18 To 52 Weeks,4785
Cardiology Service,Ethnicity,99: Not known,Over 52 Weeks,165
Cardiology Service,Ethnicity,99: Not known,Total,14790
Cardiology Service,Ethnicity,A: British,Unknown Clock Start,30
Cardiology Service,Ethnicity,A: British,01 To 18 Weeks,173355
Cardiology Service,Ethnicity,A: British,18 To 52 Weeks,106110
Cardiology Service,Ethnicity,A: British,Over 52 Weeks,5545
Cardiology Service,Ethnicity,A: British,Total,285040
Cardiology Service,Ethnicity,B: Irish,01 To 18 Weeks,1765
Cardiology Service,Ethnicity,B: Irish,18 To 52 Weeks,1085
Cardiology Service,Ethnicity,B: Irish,Over 52 Weeks,40
Cardiology Service,Ethnicity,B: Irish,Total,2890
Cardiology Service,Ethnicity,C: Any other white background,Unknown Clock Start,*
Cardiology Service,Ethnicity,C: Any other white background,01 To 18 Weeks,13620
Cardiology Service,Ethnicity,C: Any other white background,18 To 52 Weeks,9070
Cardiology Service,Ethnicity,C: Any other white background,Over 52 Weeks,355
Cardiology Service,Ethnicity,C: Any other white background,Total,23050
Cardiology Service,Ethnicity,D: White and Black Caribbean,01 To 18 Weeks,625
Cardiology Service,Ethnicity,D: White and Black Caribbean,18 To 52 Weeks,435
Cardiology Service,Ethnicity,D: White and Black Caribbean,Over 52 Weeks,20
Cardiology Service,Ethnicity,D: White and Black Caribbean,Total,1080
Cardiology Service,Ethnicity,E: White and Black African,Unknown Clock Start,*
Cardiology Service,Ethnicity,E: White and Black African,01 To 18 Weeks,390
Cardiology Service,Ethnicity,E: White and Black African,18 To 52 Weeks,255
Cardiology Service,Ethnicity,E: White and Black African,Over 52 Weeks,15
Cardiology Service,Ethnicity,E: White and Black African,Total,665
Cardiology Service,Ethnicity,F: White and Asian,01 To 18 Weeks,505
Cardiology Service,Ethnicity,F: White and Asian,18 To 52 Weeks,305
Cardiology Service,Ethnicity,F: White and Asian,Over 52 Weeks,15
Cardiology Service,Ethnicity,F: White and Asian,Total,830
Cardiology Service,Ethnicity,G: Any other mixed background,01 To 18 Weeks,1170
Cardiology Service,Ethnicity,G: Any other mixed background,18 To 52 Weeks,785
Cardiology Service,Ethnicity,G: Any other mixed background,Over 52 Weeks,45
Cardiology Service,Ethnicity,G: Any other mixed background,Total,2000
Cardiology Service,Ethnicity,H: Indian,01 To 18 Weeks,7035
Cardiology Service,Ethnicity,H: Indian,18 To 52 Weeks,4525
Cardiology Service,Ethnicity,H: Indian,Over 52 Weeks,315
Cardiology Service,Ethnicity,H: Indian,Total,11870
Cardiology Service,Ethnicity,J: Pakistani,01 To 18 Weeks,5040
Cardiology Service,Ethnicity,J: Pakistani,18 To 52 Weeks,3320
Cardiology Service,Ethnicity,J: Pakistani,Over 52 Weeks,120
Cardiology Service,Ethnicity,J: Pakistani,Total,8480
Cardiology Service,Ethnicity,K: Bangladeshi,01 To 18 Weeks,1980
Cardiology Service,Ethnicity,K: Bangladeshi,18 To 52 Weeks,1105
Cardiology Service,Ethnicity,K: Bangladeshi,Over 52 Weeks,35
Cardiology Service,Ethnicity,K: Bangladeshi,Total,3120
Cardiology Service,Ethnicity,L: Any other Asian background,Unknown Clock Start,*
Cardiology Service,Ethnicity,L: Any other Asian background,01 To 18 Weeks,5175
Cardiology Service,Ethnicity,L: Any other Asian background,18 To 52 Weeks,3275
Cardiology Service,Ethnicity,L: Any other Asian background,Over 52 Weeks,170
Cardiology Service,Ethnicity,L: Any other Asian background,Total,8625
Cardiology Service,Ethnicity,M: Caribbean,Unknown Clock Start,*
Cardiology Service,Ethnicity,M: Caribbean,01 To 18 Weeks,2820
Cardiology Service,Ethnicity,M: Caribbean,18 To 52 Weeks,1885
Cardiology Service,Ethnicity,M: Caribbean,Over 52 Weeks,95
Cardiology Service,Ethnicity,M: Caribbean,Total,4800
Cardiology Service,Ethnicity,N: African,01 To 18 Weeks,4155
Cardiology Service,Ethnicity,N: African,18 To 52 Weeks,2755
Cardiology Service,Ethnicity,N: African,Over 52 Weeks,135
Cardiology Service,Ethnicity,N: African,Total,7045
Cardiology Service,Ethnicity,P: Any other Black background,01 To 18 Weeks,1975
Cardiology Service,Ethnicity,P: Any other Black background,18 To 52 Weeks,1260
Cardiology Service,Ethnicity,P: Any other Black background,Over 52 Weeks,60
Cardiology Service,Ethnicity,P: Any other Black background,Total,3300
Cardiology Service,Ethnicity,R: Chinese,01 To 18 Weeks,910
Cardiology Service,Ethnicity,R: Chinese,18 To 52 Weeks,530
Cardiology Service,Ethnicity,R: Chinese,Over 52 Weeks,30
Cardiology Service,Ethnicity,R: Chinese,Total,1475
Cardiology Service,Ethnicity,S: Any other ethnic group,Unknown Clock Start,*
Cardiology Service,Ethnicity,S: Any other ethnic group,01 To 18 Weeks,2475
Cardiology Service,Ethnicity,S: Any other ethnic group,18 To 52 Weeks,1630
Cardiology Service,Ethnicity,S: Any other ethnic group,Over 52 Weeks,85
Cardiology Service,Ethnicity,S: Any other ethnic group,Total,4190
Cardiology Service,Ethnicity,Z: Not stated,01 To 18 Weeks,9500
Cardiology Service,Ethnicity,Z: Not stated,18 To 52 Weeks,6000
Cardiology Service,Ethnicity,Z: Not stated,Over 52 Weeks,280
Cardiology Service,Ethnicity,Z: Not stated,Total,15780
Cardiology Service,IMD,1,01 To 18 Weeks,20575
Cardiology Service,IMD,1,18 To 52 Weeks,13035
Cardiology Service,IMD,1,Over 52 Weeks,655
Cardiology Service,IMD,1,Total,34270
Cardiology Service,IMD,10,Unknown Clock Start,10
Cardiology Service,IMD,10,01 To 18 Weeks,22860
Cardiology Service,IMD,10,18 To 52 Weeks,14165
Cardiology Service,IMD,10,Over 52 Weeks,625
Cardiology Service,IMD,10,Total,37660
Cardiology Service,IMD,2,Unknown Clock Start,*
Cardiology Service,IMD,2,01 To 18 Weeks,22170
Cardiology Service,IMD,2,18 To 52 Weeks,13755
Cardiology Service,IMD,2,Over 52 Weeks,685
Cardiology Service,IMD,2,Total,36610
Cardiology Service,IMD,3,Unknown Clock Start,*
Cardiology Service,IMD,3,01 To 18 Weeks,22925
Cardiology Service,IMD,3,18 To 52 Weeks,14310
Cardiology Service,IMD,3,Over 52 Weeks,705
Cardiology Service,IMD,3,Total,37935
Cardiology Service,IMD,4,Unknown Clock Start,*
Cardiology Service,IMD,4,01 To 18 Weeks,23890
Cardiology Service,IMD,4,18 To 52 Weeks,14920
Cardiology Service,IMD,4,Over 52 Weeks,795
Cardiology Service,IMD,4,Total,39610
Cardiology Service,IMD,5,Unknown Clock Start,*
Cardiology Service,IMD,5,01 To 18 Weeks,24175
Cardiology Service,IMD,5,18 To 52 Weeks,15155
Cardiology Service,IMD,5,Over 52 Weeks,850
Cardiology Service,IMD,5,Total,40185
Cardiology Service,IMD,6,Unknown Clock Start,*
Cardiology Service,IMD,6,01 To 18 Weeks,24710
Cardiology Service,IMD,6,18 To 52 Weeks,15085
Cardiology Service,IMD,6,Over 52 Weeks,790
Cardiology Service,IMD,6,Total,40590
Cardiology Service,IMD,7,Unknown Clock Start,*
Cardiology Service,IMD,7,01 To 18 Weeks,24385
Cardiology Service,IMD,7,18 To 52 Weeks,14815
Cardiology Service,IMD,7,Over 52 Weeks,755
Cardiology Service,IMD,7,Total,39955
Cardiology Service,IMD,8,Unknown Clock Start,*
Cardiology Service,IMD,8,01 To 18 Weeks,23650
Cardiology Service,IMD,8,18 To 52 Weeks,14795
Cardiology Service,IMD,8,Over 52 Weeks,760
Cardiology Service,IMD,8,Total,39205
Cardiology Service,IMD,9,Unknown Clock Start,*
Cardiology Service,IMD,9,01 To 18 Weeks,23740
Cardiology Service,IMD,9,18 To 52 Weeks,14600
Cardiology Service,IMD,9,Over 52 Weeks,755
Cardiology Service,IMD,9,Total,39100
Cardiology Service,Sex,Female,Unknown Clock Start,20
Cardiology Service,Sex,Female,01 To 18 Weeks,107515
Cardiology Service,Sex,Female,18 To 52 Weeks,69165
Cardiology Service,Sex,Female,Over 52 Weeks,3645
Cardiology Service,Sex,Female,Total,180340
Cardiology Service,Sex,Male,Unknown Clock Start,10
Cardiology Service,Sex,Male,01 To 18 Weeks,115725
Cardiology Service,Sex,Male,18 To 52 Weeks,70215
Cardiology Service,Sex,Male,Over 52 Weeks,3375
Cardiology Service,Sex,Male,Total,189320
Cardiothoracic Surgery Service,Age,0-18 Years,01 To 18 Weeks,260
Cardiothoracic Surgery Service,Age,0-18 Years,18 To 52 Weeks,130
Cardiothoracic Surgery Service,Age,0-18 Years,Over 52 Weeks,*
Cardiothoracic Surgery Service,Age,0-18 Years,Total,395
Cardiothoracic Surgery Service,Age,19-64 Years,01 To 18 Weeks,4250
Cardiothoracic Surgery Service,Age,19-64 Years,18 To 52 Weeks,1870
Cardiothoracic Surgery Service,Age,19-64 Years,Over 52 Weeks,110
Cardiothoracic Surgery Service,Age,19-64 Years,Total,6230
Cardiothoracic Surgery Service,Age,Over 65 Years,01 To 18 Weeks,5490
Cardiothoracic Surgery Service,Age,Over 65 Years,18 To 52 Weeks,2135
Cardiothoracic Surgery Service,Age,Over 65 Years,Over 52 Weeks,145
Cardiothoracic Surgery Service,Age,Over 65 Years,Total,7775
Cardiothoracic Surgery Service,Ethnicity,99: Not known,01 To 18 Weeks,255
Cardiothoracic Surgery Service,Ethnicity,99: Not known,18 To 52 Weeks,65
Cardiothoracic Surgery Service,Ethnicity,99: Not known,Over 52 Weeks,*
Cardiothoracic Surgery Service,Ethnicity,99: Not known,Total,320
Cardiothoracic Surgery Service,Ethnicity,A: British,01 To 18 Weeks,7635
Cardiothoracic Surgery Service,Ethnicity,A: British,18 To 52 Weeks,3155
Cardiothoracic Surgery Service,Ethnicity,A: British,Over 52 Weeks,210
Cardiothoracic Surgery Service,Ethnicity,A: British,Total,10995
Cardiothoracic Surgery Service,Ethnicity,B: Irish,01 To 18 Weeks,65
Cardiothoracic Surgery Service,Ethnicity,B: Irish,18 To 52 Weeks,25
Cardiothoracic Surgery Service,Ethnicity,B: Irish,Total,90
Cardiothoracic Surgery Service,Ethnicity,C: Any other white background,01 To 18 Weeks,540
Cardiothoracic Surgery Service,Ethnicity,C: Any other white background,18 To 52 Weeks,255
Cardiothoracic Surgery Service,Ethnicity,C: Any other white background,Over 52 Weeks,*
Cardiothoracic Surgery Service,Ethnicity,C: Any other white background,Total,800
Cardiothoracic Surgery Service,Ethnicity,D: White and Black Caribbean,01 To 18 Weeks,20
Cardiothoracic Surgery Service,Ethnicity,D: White and Black Caribbean,18 To 52 Weeks,*
Cardiothoracic Surgery Service,Ethnicity,D: White and Black Caribbean,Total,20
Cardiothoracic Surgery Service,Ethnicity,E: White and Black African,01 To 18 Weeks,10
Cardiothoracic Surgery Service,Ethnicity,E: White and Black African,18 To 52 Weeks,*
Cardiothoracic Surgery Service,Ethnicity,E: White and Black African,Total,20
Cardiothoracic Surgery Service,Ethnicity,F: White and Asian,01 To 18 Weeks,20
Cardiothoracic Surgery Service,Ethnicity,F: White and Asian,18 To 52 Weeks,10
Cardiothoracic Surgery Service,Ethnicity,F: White and Asian,Total,30
Cardiothoracic Surgery Service,Ethnicity,G: Any other mixed background,01 To 18 Weeks,45
Cardiothoracic Surgery Service,Ethnicity,G: Any other mixed background,18 To 52 Weeks,15
Cardiothoracic Surgery Service,Ethnicity,G: Any other mixed background,Over 52 Weeks,*
Cardiothoracic Surgery Service,Ethnicity,G: Any other mixed background,Total,60
Cardiothoracic Surgery Service,Ethnicity,H: Indian,01 To 18 Weeks,250
Cardiothoracic Surgery Service,Ethnicity,H: Indian,18 To 52 Weeks,110
Cardiothoracic Surgery Service,Ethnicity,H: Indian,Over 52 Weeks,10
Cardiothoracic Surgery Service,Ethnicity,H: Indian,Total,370
Cardiothoracic Surgery Service,Ethnicity,J: Pakistani,01 To 18 Weeks,170
Cardiothoracic Surgery Service,Ethnicity,J: Pakistani,18 To 52 Weeks,85
Cardiothoracic Surgery Service,Ethnicity,J: Pakistani,Over 52 Weeks,*
Cardiothoracic Surgery Service,Ethnicity,J: Pakistani,Total,265
Cardiothoracic Surgery Service,Ethnicity,K: Bangladeshi,01 To 18 Weeks,80
Cardiothoracic Surgery Service,Ethnicity,K: Bangladeshi,18 To 52 Weeks,25
Cardiothoracic Surgery Service,Ethnicity,K: Bangladeshi,Over 52 Weeks,*
Cardiothoracic Surgery Service,Ethnicity,K: Bangladeshi,Total,105
Cardiothoracic Surgery Service,Ethnicity,L: Any other Asian background,01 To 18 Weeks,205
Cardiothoracic Surgery Service,Ethnicity,L: Any other Asian background,18 To 52 Weeks,90
Cardiothoracic Surgery Service,Ethnicity,L: Any other Asian background,Over 52 Weeks,*
Cardiothoracic Surgery Service,Ethnicity,L: Any other Asian background,Total,300
Cardiothoracic Surgery Service,Ethnicity,M: Caribbean,01 To 18 Weeks,85
Cardiothoracic Surgery Service,Ethnicity,M: Caribbean,18 To 52 Weeks,35
Cardiothoracic Surgery Service,Ethnicity,M: Caribbean,Over 52 Weeks,*
Cardiothoracic Surgery Service,Ethnicity,M: Caribbean,Total,120
Cardiothoracic Surgery Service,Ethnicity,N: African,01 To 18 Weeks,110
Cardiothoracic Surgery Service,Ethnicity,N: African,18 To 52 Weeks,65
Cardiothoracic Surgery Service,Ethnicity,N: African,Over 52 Weeks,*
Cardiothoracic Surgery Service,Ethnicity,N: African,Total,175
Cardiothoracic Surgery Service,Ethnicity,P: Any other Black background,01 To 18 Weeks,70
Cardiothoracic Surgery Service,Ethnicity,P: Any other Black background,18 To 52 Weeks,35
Cardiothoracic Surgery Service,Ethnicity,P: Any other Black background,Over 52 Weeks,*
Cardiothoracic Surgery Service,Ethnicity,P: Any other Black background,Total,110
Cardiothoracic Surgery Service,Ethnicity,R: Chinese,01 To 18 Weeks,55
Cardiothoracic Surgery Service,Ethnicity,R: Chinese,18 To 52 Weeks,20
Cardiothoracic Surgery Service,Ethnicity,R: Chinese,Over 52 Weeks,*
Cardiothoracic Surgery Service,Ethnicity,R: Chinese,Total,80
Cardiothoracic Surgery Service,Ethnicity,S: Any other ethnic group,01 To 18 Weeks,85
Cardiothoracic Surgery Service,Ethnicity,S: Any other ethnic group,18 To 52 Weeks,40
Cardiothoracic Surgery Service,Ethnicity,S: Any other ethnic group,Over 52 Weeks,*
Cardiothoracic Surgery Service,Ethnicity,S: Any other ethnic group,Total,130
Cardiothoracic Surgery Service,Ethnicity,Z: Not stated,01 To 18 Weeks,370
Cardiothoracic Surgery Service,Ethnicity,Z: Not stated,18 To 52 Weeks,105
Cardiothoracic Surgery Service,Ethnicity,Z: Not stated,Over 52 Weeks,*
Cardiothoracic Surgery Service,Ethnicity,Z: Not stated,Total,480
Cardiothoracic Surgery Service,IMD,1,01 To 18 Weeks,930
Cardiothoracic Surgery Service,IMD,1,18 To 52 Weeks,405
Cardiothoracic Surgery Service,IMD,1,Over 52 Weeks,30
Cardiothoracic Surgery Service,IMD,1,Total,1370
Cardiothoracic Surgery Service,IMD,10,01 To 18 Weeks,875
Cardiothoracic Surgery Service,IMD,10,18 To 52 Weeks,340
Cardiothoracic Surgery Service,IMD,10,Over 52 Weeks,25
Cardiothoracic Surgery Service,IMD,10,Total,1240
Cardiothoracic Surgery Service,IMD,2,01 To 18 Weeks,1000
Cardiothoracic Surgery Service,IMD,2,18 To 52 Weeks,380
Cardiothoracic Surgery Service,IMD,2,Over 52 Weeks,25
Cardiothoracic Surgery Service,IMD,2,Total,1405
Cardiothoracic Surgery Service,IMD,3,01 To 18 Weeks,1005
Cardiothoracic Surgery Service,IMD,3,18 To 52 Weeks,445
Cardiothoracic Surgery Service,IMD,3,Over 52 Weeks,20
Cardiothoracic Surgery Service,IMD,3,Total,1475
Cardiothoracic Surgery Service,IMD,4,01 To 18 Weeks,1015
Cardiothoracic Surgery Service,IMD,4,18 To 52 Weeks,405
Cardiothoracic Surgery Service,IMD,4,Over 52 Weeks,30
Cardiothoracic Surgery Service,IMD,4,Total,1445
Cardiothoracic Surgery Service,IMD,5,01 To 18 Weeks,960
Cardiothoracic Surgery Service,IMD,5,18 To 52 Weeks,435
Cardiothoracic Surgery Service,IMD,5,Over 52 Weeks,20
Cardiothoracic Surgery Service,IMD,5,Total,1415
Cardiothoracic Surgery Service,IMD,6,01 To 18 Weeks,1010
Cardiothoracic Surgery Service,IMD,6,18 To 52 Weeks,435
Cardiothoracic Surgery Service,IMD,6,Over 52 Weeks,30
Cardiothoracic Surgery Service,IMD,6,Total,1480
Cardiothoracic Surgery Service,IMD,7,01 To 18 Weeks,1030
Cardiothoracic Surgery Service,IMD,7,18 To 52 Weeks,405
Cardiothoracic Surgery Service,IMD,7,Over 52 Weeks,25
Cardiothoracic Surgery Service,IMD,7,Total,1460
Cardiothoracic Surgery Service,IMD,8,01 To 18 Weeks,995
Cardiothoracic Surgery Service,IMD,8,18 To 52 Weeks,420
Cardiothoracic Surgery Service,IMD,8,Over 52 Weeks,25
Cardiothoracic Surgery Service,IMD,8,Total,1440
Cardiothoracic Surgery Service,IMD,9,01 To 18 Weeks,1025
Cardiothoracic Surgery Service,IMD,9,18 To 52 Weeks,400
Cardiothoracic Surgery Service,IMD,9,Over 52 Weeks,30
Cardiothoracic Surgery Service,IMD,9,Total,1455
Cardiothoracic Surgery Service,Sex,Female,01 To 18 Weeks,3230
Cardiothoracic Surgery Service,Sex,Female,18 To 52 Weeks,1185
Cardiothoracic Surgery Service,Sex,Female,Over 52 Weeks,80
Cardiothoracic Surgery Service,Sex,Female,Total,4500
Cardiothoracic Surgery Service,Sex,Male,01 To 18 Weeks,5545
Cardiothoracic Surgery Service,Sex,Male,18 To 52 Weeks,2310
Cardiothoracic Surgery Service,Sex,Male,Over 52 Weeks,140
Cardiothoracic Surgery Service,Sex,Male,Total,7990
Dermatology Service,Age,0-18 Years,Unknown Clock Start,*
Dermatology Service,Age,0-18 Years,01 To 18 Weeks,17190
Dermatology Service,Age,0-18 Years,18 To 52 Weeks,14300
Dermatology Service,Age,0-18 Years,Over 52 Weeks,1065
Dermatology Service,Age,0-18 Years,Total,32560
Dermatology Service,Age,19-64 Years,Unknown Clock Start,75
Dermatology Service,Age,19-64 Years,01 To 18 Weeks,144025
Dermatology Service,Age,19-64 Years,18 To 52 Weeks,87355
Dermatology Service,Age,19-64 Years,Over 52 Weeks,7855
Dermatology Service,Age,19-64 Years,Total,239310
Dermatology Service,Age,Over 65 Years,Unknown Clock Start,80
Dermatology Service,Age,Over 65 Years,01 To 18 Weeks,105090
Dermatology Service,Age,Over 65 Years,18 To 52 Weeks,44000
Dermatology Service,Age,Over 65 Years,Over 52 Weeks,3880
Dermatology Service,Age,Over 65 Years,Total,153050
Dermatology Service,Ethnicity,99: Not known,Unknown Clock Start,*
Dermatology Service,Ethnicity,99: Not known,01 To 18 Weeks,11605
Dermatology Service,Ethnicity,99: Not known,18 To 52 Weeks,5945
Dermatology Service,Ethnicity,99: Not known,Over 52 Weeks,520
Dermatology Service,Ethnicity,99: Not known,Total,18070
Dermatology Service,Ethnicity,A: British,Unknown Clock Start,130
Dermatology Service,Ethnicity,A: British,01 To 18 Weeks,197565
Dermatology Service,Ethnicity,A: British,18 To 52 Weeks,103255
Dermatology Service,Ethnicity,A: British,Over 52 Weeks,9285
Dermatology Service,Ethnicity,A: British,Total,310235
Dermatology Service,Ethnicity,B: Irish,Unknown Clock Start,*
Dermatology Service,Ethnicity,B: Irish,01 To 18 Weeks,1995
Dermatology Service,Ethnicity,B: Irish,18 To 52 Weeks,995
Dermatology Service,Ethnicity,B: Irish,Over 52 Weeks,90
Dermatology Service,Ethnicity,B: Irish,Total,3080
Dermatology Service,Ethnicity,C: Any other white background,Unknown Clock Start,*
Dermatology Service,Ethnicity,C: Any other white background,01 To 18 Weeks,15275
Dermatology Service,Ethnicity,C: Any other white background,18 To 52 Weeks,9210
Dermatology Service,Ethnicity,C: Any other white background,Over 52 Weeks,805
Dermatology Service,Ethnicity,C: Any other white background,Total,25290
Dermatology Service,Ethnicity,D: White and Black Caribbean,Unknown Clock Start,*
Dermatology Service,Ethnicity,D: White and Black Caribbean,01 To 18 Weeks,850
Dermatology Service,Ethnicity,D: White and Black Caribbean,18 To 52 Weeks,585
Dermatology Service,Ethnicity,D: White and Black Caribbean,Over 52 Weeks,50
Dermatology Service,Ethnicity,D: White and Black Caribbean,Total,1485
Dermatology Service,Ethnicity,E: White and Black African,01 To 18 Weeks,465
Dermatology Service,Ethnicity,E: White and Black African,18 To 52 Weeks,350
Dermatology Service,Ethnicity,E: White and Black African,Over 52 Weeks,30
Dermatology Service,Ethnicity,E: White and Black African,Total,845
Dermatology Service,Ethnicity,F: White and Asian,01 To 18 Weeks,680
Dermatology Service,Ethnicity,F: White and Asian,18 To 52 Weeks,495
Dermatology Service,Ethnicity,F: White and Asian,Over 52 Weeks,50
Dermatology Service,Ethnicity,F: White and Asian,Total,1220
Dermatology Service,Ethnicity,G: Any other mixed background,01 To 18 Weeks,1815
Dermatology Service,Ethnicity,G: Any other mixed background,18 To 52 Weeks,1245
Dermatology Service,Ethnicity,G: Any other mixed background,Over 52 Weeks,105
Dermatology Service,Ethnicity,G: Any other mixed background,Total,3160
Dermatology Service,Ethnicity,H: Indian,Unknown Clock Start,*
Dermatology Service,Ethnicity,H: Indian,01 To 18 Weeks,5380
Dermatology Service,Ethnicity,H: Indian,18 To 52 Weeks,3765
Dermatology Service,Ethnicity,H: Indian,Over 52 Weeks,320
Dermatology Service,Ethnicity,H: Indian,Total,9465
Dermatology Service,Ethnicity,J: Pakistani,01 To 18 Weeks,4355
Dermatology Service,Ethnicity,J: Pakistani,18 To 52 Weeks,3565
Dermatology Service,Ethnicity,J: Pakistani,Over 52 Weeks,285
Dermatology Service,Ethnicity,J: Pakistani,Total,8205
Dermatology Service,Ethnicity,K: Bangladeshi,01 To 18 Weeks,2055
Dermatology Service,Ethnicity,K: Bangladeshi,18 To 52 Weeks,1675
Dermatology Service,Ethnicity,K: Bangladeshi,Over 52 Weeks,110
Dermatology Service,Ethnicity,K: Bangladeshi,Total,3840
Dermatology Service,Ethnicity,L: Any other Asian background,Unknown Clock Start,*
Dermatology Service,Ethnicity,L: Any other Asian background,01 To 18 Weeks,4490
Dermatology Service,Ethnicity,L: Any other Asian background,18 To 52 Weeks,3290
Dermatology Service,Ethnicity,L: Any other Asian background,Over 52 Weeks,275
Dermatology Service,Ethnicity,L: Any other Asian background,Total,8055
Dermatology Service,Ethnicity,M: Caribbean,Unknown Clock Start,*
Dermatology Service,Ethnicity,M: Caribbean,01 To 18 Weeks,2315
Dermatology Service,Ethnicity,M: Caribbean,18 To 52 Weeks,1445
Dermatology Service,Ethnicity,M: Caribbean,Over 52 Weeks,105
Dermatology Service,Ethnicity,M: Caribbean,Total,3860
Dermatology Service,Ethnicity,N: African,01 To 18 Weeks,3270
Dermatology Service,Ethnicity,N: African,18 To 52 Weeks,2580
Dermatology Service,Ethnicity,N: African,Over 52 Weeks,190
Dermatology Service,Ethnicity,N: African,Total,6040
Dermatology Service,Ethnicity,P: Any other Black background,Unknown Clock Start,*
Dermatology Service,Ethnicity,P: Any other Black background,01 To 18 Weeks,1935
Dermatology Service,Ethnicity,P: Any other Black background,18 To 52 Weeks,1260
Dermatology Service,Ethnicity,P: Any other Black background,Over 52 Weeks,105
Dermatology Service,Ethnicity,P: Any other Black background,Total,3305
Dermatology Service,Ethnicity,R: Chinese,01 To 18 Weeks,1055
Dermatology Service,Ethnicity,R: Chinese,18 To 52 Weeks,705
Dermatology Service,Ethnicity,R: Chinese,Over 52 Weeks,60
Dermatology Service,Ethnicity,R: Chinese,Total,1820
Dermatology Service,Ethnicity,S: Any other ethnic group,01 To 18 Weeks,2440
Dermatology Service,Ethnicity,S: Any other ethnic group,18 To 52 Weeks,1705
Dermatology Service,Ethnicity,S: Any other ethnic group,Over 52 Weeks,140
Dermatology Service,Ethnicity,S: Any other ethnic group,Total,4285
Dermatology Service,Ethnicity,Z: Not stated,Unknown Clock Start,15
Dermatology Service,Ethnicity,Z: Not stated,01 To 18 Weeks,14760
Dermatology Service,Ethnicity,Z: Not stated,18 To 52 Weeks,7875
Dermatology Service,Ethnicity,Z: Not stated,Over 52 Weeks,690
Dermatology Service,Ethnicity,Z: Not stated,Total,23345
Dermatology Service,IMD,1,Unknown Clock Start,*
Dermatology Service,IMD,1,01 To 18 Weeks,18065
Dermatology Service,IMD,1,18 To 52 Weeks,12560
Dermatology Service,IMD,1,Over 52 Weeks,1105
Dermatology Service,IMD,1,Total,31730
Dermatology Service,IMD,10,Unknown Clock Start,30
Dermatology Service,IMD,10,01 To 18 Weeks,30040
Dermatology Service,IMD,10,18 To 52 Weeks,15950
Dermatology Service,IMD,10,Over 52 Weeks,1615
Dermatology Service,IMD,10,Total,47640
Dermatology Service,IMD,2,Unknown Clock Start,*
Dermatology Service,IMD,2,01 To 18 Weeks,21275
Dermatology Service,IMD,2,18 To 52 Weeks,13125
Dermatology Service,IMD,2,Over 52 Weeks,960
Dermatology Service,IMD,2,Total,35365
Dermatology Service,IMD,3,Unknown Clock Start,*
Dermatology Service,IMD,3,01 To 18 Weeks,24215
Dermatology Service,IMD,3,18 To 52 Weeks,13930
Dermatology Service,IMD,3,Over 52 Weeks,1110
Dermatology Service,IMD,3,Total,39265
Dermatology Service,IMD,4,Unknown Clock Start,20
Dermatology Service,IMD,4,01 To 18 Weeks,25645
Dermatology Service,IMD,4,18 To 52 Weeks,13755
Dermatology Service,IMD,4,Over 52 Weeks,1155
Dermatology Service,IMD,4,Total,40575
Dermatology Service,IMD,5,Unknown Clock Start,15
Dermatology Service,IMD,5,01 To 18 Weeks,26505
Dermatology Service,IMD,5,18 To 52 Weeks,14305
Dermatology Service,IMD,5,Over 52 Weeks,1190
Dermatology Service,IMD,5,Total,42015
Dermatology Service,IMD,6,Unknown Clock Start,15
Dermatology Service,IMD,6,01 To 18 Weeks,28610
Dermatology Service,IMD,6,18 To 52 Weeks,15450
Dermatology Service,IMD,6,Over 52 Weeks,1285
Dermatology Service,IMD,6,Total,45360
Dermatology Service,IMD,7,Unknown Clock Start,20
Dermatology Service,IMD,7,01 To 18 Weeks,28745
Dermatology Service,IMD,7,18 To 52 Weeks,15125
Dermatology Service,IMD,7,Over 52 Weeks,1395
Dermatology Service,IMD,7,Total,45290
Dermatology Service,IMD,8,Unknown Clock Start,20
Dermatology Service,IMD,8,01 To 18 Weeks,29510
Dermatology Service,IMD,8,18 To 52 Weeks,15510
Dermatology Service,IMD,8,Over 52 Weeks,1535
Dermatology Service,IMD,8,Total,46580
Dermatology Service,IMD,9,Unknown Clock Start,20
Dermatology Service,IMD,9,01 To 18 Weeks,30335
Dermatology Service,IMD,9,18 To 52 Weeks,15985
Dermatology Service,IMD,9,Over 52 Weeks,1535
Dermatology Service,IMD,9,Total,47875
Dermatology Service,Sex,Female,Unknown Clock Start,85
Dermatology Service,Sex,Female,01 To 18 Weeks,143380
Dermatology Service,Sex,Female,18 To 52 Weeks,80775
Dermatology Service,Sex,Female,Over 52 Weeks,7135
Dermatology Service,Sex,Female,Total,231375
Dermatology Service,Sex,Male,Unknown Clock Start,75
Dermatology Service,Sex,Male,01 To 18 Weeks,108160
Dermatology Service,Sex,Male,18 To 52 Weeks,57310
Dermatology Service,Sex,Male,Over 52 Weeks,4870
Dermatology Service,Sex,Male,Total,170410
Ear Nose and Throat Service,Age,0-18 Years,Unknown Clock Start,15
Ear Nose and Throat Service,Age,0-18 Years,01 To 18 Weeks,45750
Ear Nose and Throat Service,Age,0-18 Years,18 To 52 Weeks,46630
Ear Nose and Throat Service,Age,0-18 Years,Over 52 Weeks,5790
Ear Nose and Throat Service,Age,0-18 Years,Total,98180
Ear Nose and Throat Service,Age,19-64 Years,Unknown Clock Start,120
Ear Nose and Throat Service,Age,19-64 Years,01 To 18 Weeks,172220
Ear Nose and Throat Service,Age,19-64 Years,18 To 52 Weeks,161635
Ear Nose and Throat Service,Age,19-64 Years,Over 52 Weeks,16390
Ear Nose and Throat Service,Age,19-64 Years,Total,350365
Ear Nose and Throat Service,Age,Over 65 Years,Unknown Clock Start,85
Ear Nose and Throat Service,Age,Over 65 Years,01 To 18 Weeks,84440
Ear Nose and Throat Service,Age,Over 65 Years,18 To 52 Weeks,68700
Ear Nose and Throat Service,Age,Over 65 Years,Over 52 Weeks,6100
Ear Nose and Throat Service,Age,Over 65 Years,Total,159320
Ear Nose and Throat Service,Ethnicity,99: Not known,Unknown Clock Start,*
Ear Nose and Throat Service,Ethnicity,99: Not known,01 To 18 Weeks,12510
Ear Nose and Throat Service,Ethnicity,99: Not known,18 To 52 Weeks,9580
Ear Nose and Throat Service,Ethnicity,99: Not known,Over 52 Weeks,1005
Ear Nose and Throat Service,Ethnicity,99: Not known,Total,23095
Ear Nose and Throat Service,Ethnicity,A: British,Unknown Clock Start,185
Ear Nose and Throat Service,Ethnicity,A: British,01 To 18 Weeks,212910
Ear Nose and Throat Service,Ethnicity,A: British,18 To 52 Weeks,188470
Ear Nose and Throat Service,Ethnicity,A: British,Over 52 Weeks,19020
Ear Nose and Throat Service,Ethnicity,A: British,Total,420585
Ear Nose and Throat Service,Ethnicity,B: Irish,01 To 18 Weeks,1555
Ear Nose and Throat Service,Ethnicity,B: Irish,18 To 52 Weeks,1370
Ear Nose and Throat Service,Ethnicity,B: Irish,Over 52 Weeks,115
Ear Nose and Throat Service,Ethnicity,B: Irish,Total,3040
Ear Nose and Throat Service,Ethnicity,C: Any other white background,Unknown Clock Start,15
Ear Nose and Throat Service,Ethnicity,C: Any other white background,01 To 18 Weeks,20110
Ear Nose and Throat Service,Ethnicity,C: Any other white background,18 To 52 Weeks,19165
Ear Nose and Throat Service,Ethnicity,C: Any other white background,Over 52 Weeks,1875
Ear Nose and Throat Service,Ethnicity,C: Any other white background,Total,41165
Ear Nose and Throat Service,Ethnicity,D: White and Black Caribbean,01 To 18 Weeks,1230
Ear Nose and Throat Service,Ethnicity,D: White and Black Caribbean,18 To 52 Weeks,1275
Ear Nose and Throat Service,Ethnicity,D: White and Black Caribbean,Over 52 Weeks,125
Ear Nose and Throat Service,Ethnicity,D: White and Black Caribbean,Total,2630
Ear Nose and Throat Service,Ethnicity,E: White and Black African,01 To 18 Weeks,720
Ear Nose and Throat Service,Ethnicity,E: White and Black African,18 To 52 Weeks,630
Ear Nose and Throat Service,Ethnicity,E: White and Black African,Over 52 Weeks,100
Ear Nose and Throat Service,Ethnicity,E: White and Black African,Total,1445
Ear Nose and Throat Service,Ethnicity,F: White and Asian,01 To 18 Weeks,1160
Ear Nose and Throat Service,Ethnicity,F: White and Asian,18 To 52 Weeks,1060
Ear Nose and Throat Service,Ethnicity,F: White and Asian,Over 52 Weeks,145
Ear Nose and Throat Service,Ethnicity,F: White and Asian,Total,2365
Ear Nose and Throat Service,Ethnicity,G: Any other mixed background,Unknown Clock Start,*
Ear Nose and Throat Service,Ethnicity,G: Any other mixed background,01 To 18 Weeks,2650
Ear Nose and Throat Service,Ethnicity,G: Any other mixed background,18 To 52 Weeks,2575
Ear Nose and Throat Service,Ethnicity,G: Any other mixed background,Over 52 Weeks,305
Ear Nose and Throat Service,Ethnicity,G: Any other mixed background,Total,5530
Ear Nose and Throat Service,Ethnicity,H: Indian,Unknown Clock Start,*
Ear Nose and Throat Service,Ethnicity,H: Indian,01 To 18 Weeks,8670
Ear Nose and Throat Service,Ethnicity,H: Indian,18 To 52 Weeks,8915
Ear Nose and Throat Service,Ethnicity,H: Indian,Over 52 Weeks,890
Ear Nose and Throat Service,Ethnicity,H: Indian,Total,18480
Ear Nose and Throat Service,Ethnicity,J: Pakistani,Unknown Clock Start,*
Ear Nose and Throat Service,Ethnicity,J: Pakistani,01 To 18 Weeks,8690
Ear Nose and Throat Service,Ethnicity,J: Pakistani,18 To 52 Weeks,8580
Ear Nose and Throat Service,Ethnicity,J: Pakistani,Over 52 Weeks,935
Ear Nose and Throat Service,Ethnicity,J: Pakistani,Total,18205
Ear Nose and Throat Service,Ethnicity,K: Bangladeshi,01 To 18 Weeks,3230
Ear Nose and Throat Service,Ethnicity,K: Bangladeshi,18 To 52 Weeks,2985
Ear Nose and Throat Service,Ethnicity,K: Bangladeshi,Over 52 Weeks,355
Ear Nose and Throat Service,Ethnicity,K: Bangladeshi,Total,6570
Ear Nose and Throat Service,Ethnicity,L: Any other Asian background,Unknown Clock Start,*
Ear Nose and Throat Service,Ethnicity,L: Any other Asian background,01 To 18 Weeks,7160
Ear Nose and Throat Service,Ethnicity,L: Any other Asian background,18 To 52 Weeks,7020
Ear Nose and Throat Service,Ethnicity,L: Any other Asian background,Over 52 Weeks,715
Ear Nose and Throat Service,Ethnicity,L: Any other Asian background,Total,14895
Ear Nose and Throat Service,Ethnicity,M: Caribbean,Unknown Clock Start,*
Ear Nose and Throat Service,Ethnicity,M: Caribbean,01 To 18 Weeks,2785
Ear Nose and Throat Service,Ethnicity,M: Caribbean,18 To 52 Weeks,2440
Ear Nose and Throat Service,Ethnicity,M: Caribbean,Over 52 Weeks,280
Ear Nose and Throat Service,Ethnicity,M: Caribbean,Total,5510
Ear Nose and Throat Service,Ethnicity,N: African,01 To 18 Weeks,5130
Ear Nose and Throat Service,Ethnicity,N: African,18 To 52 Weeks,4575
Ear Nose and Throat Service,Ethnicity,N: African,Over 52 Weeks,570
Ear Nose and Throat Service,Ethnicity,N: African,Total,10280
Ear Nose and Throat Service,Ethnicity,P: Any other Black background,01 To 18 Weeks,2245
Ear Nose and Throat Service,Ethnicity,P: Any other Black background,18 To 52 Weeks,1940
Ear Nose and Throat Service,Ethnicity,P: Any other Black background,Over 52 Weeks,220
Ear Nose and Throat Service,Ethnicity,P: Any other Black background,Total,4405
Ear Nose and Throat Service,Ethnicity,R: Chinese,Unknown Clock Start,*
Ear Nose and Throat Service,Ethnicity,R: Chinese,01 To 18 Weeks,1285
Ear Nose and Throat Service,Ethnicity,R: Chinese,18 To 52 Weeks,1110
Ear Nose and Throat Service,Ethnicity,R: Chinese,Over 52 Weeks,125
Ear Nose and Throat Service,Ethnicity,R: Chinese,Total,2520
Ear Nose and Throat Service,Ethnicity,S: Any other ethnic group,Unknown Clock Start,*
Ear Nose and Throat Service,Ethnicity,S: Any other ethnic group,01 To 18 Weeks,3780
Ear Nose and Throat Service,Ethnicity,S: Any other ethnic group,18 To 52 Weeks,3505
Ear Nose and Throat Service,Ethnicity,S: Any other ethnic group,Over 52 Weeks,345
Ear Nose and Throat Service,Ethnicity,S: Any other ethnic group,Total,7630
Ear Nose and Throat Service,Ethnicity,Z: Not stated,Unknown Clock Start,15
Ear Nose and Throat Service,Ethnicity,Z: Not stated,01 To 18 Weeks,14390
Ear Nose and Throat Service,Ethnicity,Z: Not stated,18 To 52 Weeks,12505
Ear Nose and Throat Service,Ethnicity,Z: Not stated,Over 52 Weeks,1150
Ear Nose and Throat Service,Ethnicity,Z: Not stated,Total,28060
Ear Nose and Throat Service,IMD,1,Unknown Clock Start,25
Ear Nose and Throat Service,IMD,1,01 To 18 Weeks,31020
Ear Nose and Throat Service,IMD,1,18 To 52 Weeks,28610
Ear Nose and Throat Service,IMD,1,Over 52 Weeks,3655
Ear Nose and Throat Service,IMD,1,Total,63305
Ear Nose and Throat Service,IMD,10,Unknown Clock Start,15
Ear Nose and Throat Service,IMD,10,01 To 18 Weeks,26400
Ear Nose and Throat Service,IMD,10,18 To 52 Weeks,23815
Ear Nose and Throat Service,IMD,10,Over 52 Weeks,2125
Ear Nose and Throat Service,IMD,10,Total,52355
Ear Nose and Throat Service,IMD,2,Unknown Clock Start,15
Ear Nose and Throat Service,IMD,2,01 To 18 Weeks,31875
Ear Nose and Throat Service,IMD,2,18 To 52 Weeks,28355
Ear Nose and Throat Service,IMD,2,Over 52 Weeks,3135
Ear Nose and Throat Service,IMD,2,Total,63385
Ear Nose and Throat Service,IMD,3,Unknown Clock Start,15
Ear Nose and Throat Service,IMD,3,01 To 18 Weeks,30590
Ear Nose and Throat Service,IMD,3,18 To 52 Weeks,27430
Ear Nose and Throat Service,IMD,3,Over 52 Weeks,2905
Ear Nose and Throat Service,IMD,3,Total,60940
Ear Nose and Throat Service,IMD,4,Unknown Clock Start,20
Ear Nose and Throat Service,IMD,4,01 To 18 Weeks,30635
Ear Nose and Throat Service,IMD,4,18 To 52 Weeks,27970
Ear Nose and Throat Service,IMD,4,Over 52 Weeks,2840
Ear Nose and Throat Service,IMD,4,Total,61465
Ear Nose and Throat Service,IMD,5,Unknown Clock Start,30
Ear Nose and Throat Service,IMD,5,01 To 18 Weeks,30085
Ear Nose and Throat Service,IMD,5,18 To 52 Weeks,27085
Ear Nose and Throat Service,IMD,5,Over 52 Weeks,2745
Ear Nose and Throat Service,IMD,5,Total,59950
Ear Nose and Throat Service,IMD,6,Unknown Clock Start,20
Ear Nose and Throat Service,IMD,6,01 To 18 Weeks,30695
Ear Nose and Throat Service,IMD,6,18 To 52 Weeks,27780
Ear Nose and Throat Service,IMD,6,Over 52 Weeks,2680
Ear Nose and Throat Service,IMD,6,Total,61170
Ear Nose and Throat Service,IMD,7,Unknown Clock Start,25
Ear Nose and Throat Service,IMD,7,01 To 18 Weeks,29610
Ear Nose and Throat Service,IMD,7,18 To 52 Weeks,26260
Ear Nose and Throat Service,IMD,7,Over 52 Weeks,2460
Ear Nose and Throat Service,IMD,7,Total,58355
Ear Nose and Throat Service,IMD,8,Unknown Clock Start,35
Ear Nose and Throat Service,IMD,8,01 To 18 Weeks,29240
Ear Nose and Throat Service,IMD,8,18 To 52 Weeks,26135
Ear Nose and Throat Service,IMD,8,Over 52 Weeks,2455
Ear Nose and Throat Service,IMD,8,Total,57865
Ear Nose and Throat Service,IMD,9,Unknown Clock Start,20
Ear Nose and Throat Service,IMD,9,01 To 18 Weeks,28245
Ear Nose and Throat Service,IMD,9,18 To 52 Weeks,25955
Ear Nose and Throat Service,IMD,9,Over 52 Weeks,2475
Ear Nose and Throat Service,IMD,9,Total,56695
Ear Nose and Throat Service,Sex,Female,Unknown Clock Start,125
Ear Nose and Throat Service,Sex,Female,01 To 18 Weeks,158485
Ear Nose and Throat Service,Sex,Female,18 To 52 Weeks,144985
Ear Nose and Throat Service,Sex,Female,Over 52 Weeks,14655
Ear Nose and Throat Service,Sex,Female,Total,318250
Ear Nose and Throat Service,Sex,Male,Unknown Clock Start,95
Ear Nose and Throat Service,Sex,Male,01 To 18 Weeks,132785
Ear Nose and Throat Service,Sex,Male,18 To 52 Weeks,124700
Ear Nose and Throat Service,Sex,Male,Over 52 Weeks,12640
Ear Nose and Throat Service,Sex,Male,Total,270215
Elderly Medicine Service,Age,0-18 Years,01 To 18 Weeks,55
Elderly Medicine Service,Age,0-18 Years,18 To 52 Weeks,10
Elderly Medicine Service,Age,0-18 Years,Total,65
Elderly Medicine Service,Age,19-64 Years,Unknown Clock Start,*
Elderly Medicine Service,Age,19-64 Years,01 To 18 Weeks,2460
Elderly Medicine Service,Age,19-64 Years,18 To 52 Weeks,590
Elderly Medicine Service,Age,19-64 Years,Over 52 Weeks,*
Elderly Medicine Service,Age,19-64 Years,Total,3055
Elderly Medicine Service,Age,Over 65 Years,Unknown Clock Start,15
Elderly Medicine Service,Age,Over 65 Years,01 To 18 Weeks,18045
Elderly Medicine Service,Age,Over 65 Years,18 To 52 Weeks,3450
Elderly Medicine Service,Age,Over 65 Years,Over 52 Weeks,40
Elderly Medicine Service,Age,Over 65 Years,Total,21545
Elderly Medicine Service,Ethnicity,99: Not known,01 To 18 Weeks,285
Elderly Medicine Service,Ethnicity,99: Not known,18 To 52 Weeks,65
Elderly Medicine Service,Ethnicity,99: Not known,Over 52 Weeks,*
Elderly Medicine Service,Ethnicity,99: Not known,Total,355
Elderly Medicine Service,Ethnicity,A: British,Unknown Clock Start,15
Elderly Medicine Service,Ethnicity,A: British,01 To 18 Weeks,17460
Elderly Medicine Service,Ethnicity,A: British,18 To 52 Weeks,3480
Elderly Medicine Service,Ethnicity,A: British,Over 52 Weeks,35
Elderly Medicine Service,Ethnicity,A: British,Total,20985
Elderly Medicine Service,Ethnicity,B: Irish,01 To 18 Weeks,245
Elderly Medicine Service,Ethnicity,B: Irish,18 To 52 Weeks,50
Elderly Medicine Service,Ethnicity,B: Irish,Total,295
Elderly Medicine Service,Ethnicity,C: Any other white background,01 To 18 Weeks,645
Elderly Medicine Service,Ethnicity,C: Any other white background,18 To 52 Weeks,120
Elderly Medicine Service,Ethnicity,C: Any other white background,Over 52 Weeks,*
Elderly Medicine Service,Ethnicity,C: Any other white background,Total,765
Elderly Medicine Service,Ethnicity,D: White and Black Caribbean,01 To 18 Weeks,20
Elderly Medicine Service,Ethnicity,D: White and Black Caribbean,18 To 52 Weeks,*
Elderly Medicine Service,Ethnicity,D: White and Black Caribbean,Total,25
Elderly Medicine Service,Ethnicity,E: White and Black African,01 To 18 Weeks,10
Elderly Medicine Service,Ethnicity,E: White and Black African,18 To 52 Weeks,*
Elderly Medicine Service,Ethnicity,E: White and Black African,Total,10
Elderly Medicine Service,Ethnicity,F: White and Asian,01 To 18 Weeks,20
Elderly Medicine Service,Ethnicity,F: White and Asian,18 To 52 Weeks,*
Elderly Medicine Service,Ethnicity,F: White and Asian,Total,20
Elderly Medicine Service,Ethnicity,G: Any other mixed background,01 To 18 Weeks,55
Elderly Medicine Service,Ethnicity,G: Any other mixed background,18 To 52 Weeks,*
Elderly Medicine Service,Ethnicity,G: Any other mixed background,Total,60
Elderly Medicine Service,Ethnicity,H: Indian,Unknown Clock Start,*
Elderly Medicine Service,Ethnicity,H: Indian,01 To 18 Weeks,425
Elderly Medicine Service,Ethnicity,H: Indian,18 To 52 Weeks,60
Elderly Medicine Service,Ethnicity,H: Indian,Over 52 Weeks,*
Elderly Medicine Service,Ethnicity,H: Indian,Total,490
Elderly Medicine Service,Ethnicity,J: Pakistani,01 To 18 Weeks,195
Elderly Medicine Service,Ethnicity,J: Pakistani,18 To 52 Weeks,25
Elderly Medicine Service,Ethnicity,J: Pakistani,Total,220
Elderly Medicine Service,Ethnicity,K: Bangladeshi,01 To 18 Weeks,110
Elderly Medicine Service,Ethnicity,K: Bangladeshi,18 To 52 Weeks,10
Elderly Medicine Service,Ethnicity,K: Bangladeshi,Total,125
Elderly Medicine Service,Ethnicity,L: Any other Asian background,01 To 18 Weeks,200
Elderly Medicine Service,Ethnicity,L: Any other Asian background,18 To 52 Weeks,40
Elderly Medicine Service,Ethnicity,L: Any other Asian background,Total,240
Elderly Medicine Service,Ethnicity,M: Caribbean,01 To 18 Weeks,235
Elderly Medicine Service,Ethnicity,M: Caribbean,18 To 52 Weeks,35
Elderly Medicine Service,Ethnicity,M: Caribbean,Over 52 Weeks,*
Elderly Medicine Service,Ethnicity,M: Caribbean,Total,270
Elderly Medicine Service,Ethnicity,N: African,01 To 18 Weeks,170
Elderly Medicine Service,Ethnicity,N: African,18 To 52 Weeks,20
Elderly Medicine Service,Ethnicity,N: African,Total,195
Elderly Medicine Service,Ethnicity,P: Any other Black background,01 To 18 Weeks,95
Elderly Medicine Service,Ethnicity,P: Any other Black background,18 To 52 Weeks,10
Elderly Medicine Service,Ethnicity,P: Any other Black background,Total,110
Elderly Medicine Service,Ethnicity,R: Chinese,01 To 18 Weeks,65
Elderly Medicine Service,Ethnicity,R: Chinese,18 To 52 Weeks,*
Elderly Medicine Service,Ethnicity,R: Chinese,Total,75
Elderly Medicine Service,Ethnicity,S: Any other ethnic group,01 To 18 Weeks,105
Elderly Medicine Service,Ethnicity,S: Any other ethnic group,18 To 52 Weeks,20
Elderly Medicine Service,Ethnicity,S: Any other ethnic group,Total,125
Elderly Medicine Service,Ethnicity,Z: Not stated,01 To 18 Weeks,520
Elderly Medicine Service,Ethnicity,Z: Not stated,18 To 52 Weeks,90
Elderly Medicine Service,Ethnicity,Z: Not stated,Over 52 Weeks,*
Elderly Medicine Service,Ethnicity,Z: Not stated,Total,610
Elderly Medicine Service,IMD,1,01 To 18 Weeks,1980
Elderly Medicine Service,IMD,1,18 To 52 Weeks,415
Elderly Medicine Service,IMD,1,Over 52 Weeks,*
Elderly Medicine Service,IMD,1,Total,2400
Elderly Medicine Service,IMD,10,Unknown Clock Start,*
Elderly Medicine Service,IMD,10,01 To 18 Weeks,1955
Elderly Medicine Service,IMD,10,18 To 52 Weeks,370
Elderly Medicine Service,IMD,10,Over 52 Weeks,*
Elderly Medicine Service,IMD,10,Total,2335
Elderly Medicine Service,IMD,2,01 To 18 Weeks,2195
Elderly Medicine Service,IMD,2,18 To 52 Weeks,415
Elderly Medicine Service,IMD,2,Over 52 Weeks,*
Elderly Medicine Service,IMD,2,Total,2615
Elderly Medicine Service,IMD,3,01 To 18 Weeks,2125
Elderly Medicine Service,IMD,3,18 To 52 Weeks,400
Elderly Medicine Service,IMD,3,Over 52 Weeks,*
Elderly Medicine Service,IMD,3,Total,2525
Elderly Medicine Service,IMD,4,01 To 18 Weeks,2090
Elderly Medicine Service,IMD,4,18 To 52 Weeks,415
Elderly Medicine Service,IMD,4,Over 52 Weeks,*
Elderly Medicine Service,IMD,4,Total,2505
Elderly Medicine Service,IMD,5,Unknown Clock Start,*
Elderly Medicine Service,IMD,5,01 To 18 Weeks,2055
Elderly Medicine Service,IMD,5,18 To 52 Weeks,370
Elderly Medicine Service,IMD,5,Over 52 Weeks,*
Elderly Medicine Service,IMD,5,Total,2430
Elderly Medicine Service,IMD,6,Unknown Clock Start,*
Elderly Medicine Service,IMD,6,01 To 18 Weeks,1955
Elderly Medicine Service,IMD,6,18 To 52 Weeks,400
Elderly Medicine Service,IMD,6,Over 52 Weeks,*
Elderly Medicine Service,IMD,6,Total,2360
Elderly Medicine Service,IMD,7,Unknown Clock Start,*
Elderly Medicine Service,IMD,7,01 To 18 Weeks,2065
Elderly Medicine Service,IMD,7,18 To 52 Weeks,405
Elderly Medicine Service,IMD,7,Over 52 Weeks,10
Elderly Medicine Service,IMD,7,Total,2485
Elderly Medicine Service,IMD,8,Unknown Clock Start,*
Elderly Medicine Service,IMD,8,01 To 18 Weeks,2110
Elderly Medicine Service,IMD,8,18 To 52 Weeks,410
Elderly Medicine Service,IMD,8,Over 52 Weeks,*
Elderly Medicine Service,IMD,8,Total,2530
Elderly Medicine Service,IMD,9,Unknown Clock Start,*
Elderly Medicine Service,IMD,9,01 To 18 Weeks,2100
Elderly Medicine Service,IMD,9,18 To 52 Weeks,400
Elderly Medicine Service,IMD,9,Over 52 Weeks,*
Elderly Medicine Service,IMD,9,Total,2505
Elderly Medicine Service,Sex,Female,Unknown Clock Start,*
Elderly Medicine Service,Sex,Female,01 To 18 Weeks,11235
Elderly Medicine Service,Sex,Female,18 To 52 Weeks,2350
Elderly Medicine Service,Sex,Female,Over 52 Weeks,25
Elderly Medicine Service,Sex,Female,Total,13615
Elderly Medicine Service,Sex,Male,Unknown Clock Start,*
Elderly Medicine Service,Sex,Male,01 To 18 Weeks,8705
Elderly Medicine Service,Sex,Male,18 To 52 Weeks,1545
Elderly Medicine Service,Sex,Male,Over 52 Weeks,15
Elderly Medicine Service,Sex,Male,Total,10270
Gastroenterology Service,Age,0-18 Years,Unknown Clock Start,10
Gastroenterology Service,Age,0-18 Years,01 To 18 Weeks,3790
Gastroenterology Service,Age,0-18 Years,18 To 52 Weeks,2825
Gastroenterology Service,Age,0-18 Years,Over 52 Weeks,95
Gastroenterology Service,Age,0-18 Years,Total,6720
Gastroenterology Service,Age,19-64 Years,Unknown Clock Start,355
Gastroenterology Service,Age,19-64 Years,01 To 18 Weeks,150210
Gastroenterology Service,Age,19-64 Years,18 To 52 Weeks,88935
Gastroenterology Service,Age,19-64 Years,Over 52 Weeks,4960
Gastroenterology Service,Age,19-64 Years,Total,244455
Gastroenterology Service,Age,Over 65 Years,Unknown Clock Start,240
Gastroenterology Service,Age,Over 65 Years,01 To 18 Weeks,84240
Gastroenterology Service,Age,Over 65 Years,18 To 52 Weeks,39485
Gastroenterology Service,Age,Over 65 Years,Over 52 Weeks,1965
Gastroenterology Service,Age,Over 65 Years,Total,125935
Gastroenterology Service,Ethnicity,99: Not known,Unknown Clock Start,*
Gastroenterology Service,Ethnicity,99: Not known,01 To 18 Weeks,9495
Gastroenterology Service,Ethnicity,99: Not known,18 To 52 Weeks,3870
Gastroenterology Service,Ethnicity,99: Not known,Over 52 Weeks,175
Gastroenterology Service,Ethnicity,99: Not known,Total,13545
Gastroenterology Service,Ethnicity,A: British,Unknown Clock Start,425
Gastroenterology Service,Ethnicity,A: British,01 To 18 Weeks,173100
Gastroenterology Service,Ethnicity,A: British,18 To 52 Weeks,95375
Gastroenterology Service,Ethnicity,A: British,Over 52 Weeks,5125
Gastroenterology Service,Ethnicity,A: British,Total,274025
Gastroenterology Service,Ethnicity,B: Irish,Unknown Clock Start,*
Gastroenterology Service,Ethnicity,B: Irish,01 To 18 Weeks,1620
Gastroenterology Service,Ethnicity,B: Irish,18 To 52 Weeks,840
Gastroenterology Service,Ethnicity,B: Irish,Over 52 Weeks,40
Gastroenterology Service,Ethnicity,B: Irish,Total,2510
Gastroenterology Service,Ethnicity,C: Any other white background,Unknown Clock Start,40
Gastroenterology Service,Ethnicity,C: Any other white background,01 To 18 Weeks,14695
Gastroenterology Service,Ethnicity,C: Any other white background,18 To 52 Weeks,8065
Gastroenterology Service,Ethnicity,C: Any other white background,Over 52 Weeks,445
Gastroenterology Service,Ethnicity,C: Any other white background,Total,23245
Gastroenterology Service,Ethnicity,D: White and Black Caribbean,Unknown Clock Start,*
Gastroenterology Service,Ethnicity,D: White and Black Caribbean,01 To 18 Weeks,715
Gastroenterology Service,Ethnicity,D: White and Black Caribbean,18 To 52 Weeks,390
Gastroenterology Service,Ethnicity,D: White and Black Caribbean,Over 52 Weeks,20
Gastroenterology Service,Ethnicity,D: White and Black Caribbean,Total,1125
Gastroenterology Service,Ethnicity,E: White and Black African,01 To 18 Weeks,405
Gastroenterology Service,Ethnicity,E: White and Black African,18 To 52 Weeks,210
Gastroenterology Service,Ethnicity,E: White and Black African,Over 52 Weeks,*
Gastroenterology Service,Ethnicity,E: White and Black African,Total,620
Gastroenterology Service,Ethnicity,F: White and Asian,Unknown Clock Start,*
Gastroenterology Service,Ethnicity,F: White and Asian,01 To 18 Weeks,585
Gastroenterology Service,Ethnicity,F: White and Asian,18 To 52 Weeks,340
Gastroenterology Service,Ethnicity,F: White and Asian,Over 52 Weeks,15
Gastroenterology Service,Ethnicity,F: White and Asian,Total,945
Gastroenterology Service,Ethnicity,G: Any other mixed background,Unknown Clock Start,*
Gastroenterology Service,Ethnicity,G: Any other mixed background,01 To 18 Weeks,1540
Gastroenterology Service,Ethnicity,G: Any other mixed background,18 To 52 Weeks,850
Gastroenterology Service,Ethnicity,G: Any other mixed background,Over 52 Weeks,35
Gastroenterology Service,Ethnicity,G: Any other mixed background,Total,2430
Gastroenterology Service,Ethnicity,H: Indian,Unknown Clock Start,20
Gastroenterology Service,Ethnicity,H: Indian,01 To 18 Weeks,7005
Gastroenterology Service,Ethnicity,H: Indian,18 To 52 Weeks,3325
Gastroenterology Service,Ethnicity,H: Indian,Over 52 Weeks,165
Gastroenterology Service,Ethnicity,H: Indian,Total,10510
Gastroenterology Service,Ethnicity,J: Pakistani,Unknown Clock Start,10
Gastroenterology Service,Ethnicity,J: Pakistani,01 To 18 Weeks,5750
Gastroenterology Service,Ethnicity,J: Pakistani,18 To 52 Weeks,3520
Gastroenterology Service,Ethnicity,J: Pakistani,Over 52 Weeks,180
Gastroenterology Service,Ethnicity,J: Pakistani,Total,9460
Gastroenterology Service,Ethnicity,K: Bangladeshi,Unknown Clock Start,*
Gastroenterology Service,Ethnicity,K: Bangladeshi,01 To 18 Weeks,2275
Gastroenterology Service,Ethnicity,K: Bangladeshi,18 To 52 Weeks,1325
Gastroenterology Service,Ethnicity,K: Bangladeshi,Over 52 Weeks,60
Gastroenterology Service,Ethnicity,K: Bangladeshi,Total,3660
Gastroenterology Service,Ethnicity,L: Any other Asian background,Unknown Clock Start,30
Gastroenterology Service,Ethnicity,L: Any other Asian background,01 To 18 Weeks,5425
Gastroenterology Service,Ethnicity,L: Any other Asian background,18 To 52 Weeks,2785
Gastroenterology Service,Ethnicity,L: Any other Asian background,Over 52 Weeks,150
Gastroenterology Service,Ethnicity,L: Any other Asian background,Total,8390
Gastroenterology Service,Ethnicity,M: Caribbean,01 To 18 Weeks,2600
Gastroenterology Service,Ethnicity,M: Caribbean,18 To 52 Weeks,1265
Gastroenterology Service,Ethnicity,M: Caribbean,Over 52 Weeks,60
Gastroenterology Service,Ethnicity,M: Caribbean,Total,3925
Gastroenterology Service,Ethnicity,N: African,Unknown Clock Start,10
Gastroenterology Service,Ethnicity,N: African,01 To 18 Weeks,4140
Gastroenterology Service,Ethnicity,N: African,18 To 52 Weeks,2100
Gastroenterology Service,Ethnicity,N: African,Over 52 Weeks,115
Gastroenterology Service,Ethnicity,N: African,Total,6365
Gastroenterology Service,Ethnicity,P: Any other Black background,Unknown Clock Start,10
Gastroenterology Service,Ethnicity,P: Any other Black background,01 To 18 Weeks,2015
Gastroenterology Service,Ethnicity,P: Any other Black background,18 To 52 Weeks,1010
Gastroenterology Service,Ethnicity,P: Any other Black background,Over 52 Weeks,60
Gastroenterology Service,Ethnicity,P: Any other Black background,Total,3095
Gastroenterology Service,Ethnicity,R: Chinese,Unknown Clock Start,*
Gastroenterology Service,Ethnicity,R: Chinese,01 To 18 Weeks,1135
Gastroenterology Service,Ethnicity,R: Chinese,18 To 52 Weeks,640
Gastroenterology Service,Ethnicity,R: Chinese,Over 52 Weeks,25
Gastroenterology Service,Ethnicity,R: Chinese,Total,1805
Gastroenterology Service,Ethnicity,S: Any other ethnic group,Unknown Clock Start,10
Gastroenterology Service,Ethnicity,S: Any other ethnic group,01 To 18 Weeks,2650
Gastroenterology Service,Ethnicity,S: Any other ethnic group,18 To 52 Weeks,1395
Gastroenterology Service,Ethnicity,S: Any other ethnic group,Over 52 Weeks,90
Gastroenterology Service,Ethnicity,S: Any other ethnic group,Total,4145
Gastroenterology Service,Ethnicity,Z: Not stated,Unknown Clock Start,35
Gastroenterology Service,Ethnicity,Z: Not stated,01 To 18 Weeks,9420
Gastroenterology Service,Ethnicity,Z: Not stated,18 To 52 Weeks,4960
Gastroenterology Service,Ethnicity,Z: Not stated,Over 52 Weeks,255
Gastroenterology Service,Ethnicity,Z: Not stated,Total,14670
Gastroenterology Service,IMD,1,Unknown Clock Start,10
Gastroenterology Service,IMD,1,01 To 18 Weeks,25750
Gastroenterology Service,IMD,1,18 To 52 Weeks,14740
Gastroenterology Service,IMD,1,Over 52 Weeks,820
Gastroenterology Service,IMD,1,Total,41320
Gastroenterology Service,IMD,10,Unknown Clock Start,135
Gastroenterology Service,IMD,10,01 To 18 Weeks,20125
Gastroenterology Service,IMD,10,18 To 52 Weeks,11255
Gastroenterology Service,IMD,10,Over 52 Weeks,585
Gastroenterology Service,IMD,10,Total,32095
Gastroenterology Service,IMD,2,Unknown Clock Start,20
Gastroenterology Service,IMD,2,01 To 18 Weeks,25565
Gastroenterology Service,IMD,2,18 To 52 Weeks,13815
Gastroenterology Service,IMD,2,Over 52 Weeks,720
Gastroenterology Service,IMD,2,Total,40120
Gastroenterology Service,IMD,3,Unknown Clock Start,55
Gastroenterology Service,IMD,3,01 To 18 Weeks,24845
Gastroenterology Service,IMD,3,18 To 52 Weeks,13350
Gastroenterology Service,IMD,3,Over 52 Weeks,720
Gastroenterology Service,IMD,3,Total,38970
Gastroenterology Service,IMD,4,Unknown Clock Start,55
Gastroenterology Service,IMD,4,01 To 18 Weeks,24170
Gastroenterology Service,IMD,4,18 To 52 Weeks,13250
Gastroenterology Service,IMD,4,Over 52 Weeks,695
Gastroenterology Service,IMD,4,Total,38165
Gastroenterology Service,IMD,5,Unknown Clock Start,40
Gastroenterology Service,IMD,5,01 To 18 Weeks,23860
Gastroenterology Service,IMD,5,18 To 52 Weeks,12530
Gastroenterology Service,IMD,5,Over 52 Weeks,680
Gastroenterology Service,IMD,5,Total,37105
Gastroenterology Service,IMD,6,Unknown Clock Start,45
Gastroenterology Service,IMD,6,01 To 18 Weeks,23490
Gastroenterology Service,IMD,6,18 To 52 Weeks,12565
Gastroenterology Service,IMD,6,Over 52 Weeks,660
Gastroenterology Service,IMD,6,Total,36760
Gastroenterology Service,IMD,7,Unknown Clock Start,80
Gastroenterology Service,IMD,7,01 To 18 Weeks,22940
Gastroenterology Service,IMD,7,18 To 52 Weeks,12425
Gastroenterology Service,IMD,7,Over 52 Weeks,670
Gastroenterology Service,IMD,7,Total,36115
Gastroenterology Service,IMD,8,Unknown Clock Start,70
Gastroenterology Service,IMD,8,01 To 18 Weeks,22920
Gastroenterology Service,IMD,8,18 To 52 Weeks,12235
Gastroenterology Service,IMD,8,Over 52 Weeks,660
Gastroenterology Service,IMD,8,Total,35880
Gastroenterology Service,IMD,9,Unknown Clock Start,100
Gastroenterology Service,IMD,9,01 To 18 Weeks,21655
Gastroenterology Service,IMD,9,18 To 52 Weeks,12055
Gastroenterology Service,IMD,9,Over 52 Weeks,675
Gastroenterology Service,IMD,9,Total,34485
Gastroenterology Service,Sex,Female,Unknown Clock Start,320
Gastroenterology Service,Sex,Female,01 To 18 Weeks,129870
Gastroenterology Service,Sex,Female,18 To 52 Weeks,73745
Gastroenterology Service,Sex,Female,Over 52 Weeks,4040
Gastroenterology Service,Sex,Female,Total,207980
Gastroenterology Service,Sex,Male,Unknown Clock Start,270
Gastroenterology Service,Sex,Male,01 To 18 Weeks,99170
Gastroenterology Service,Sex,Male,18 To 52 Weeks,51625
Gastroenterology Service,Sex,Male,Over 52 Weeks,2675
Gastroenterology Service,Sex,Male,Total,153740
General Internal Medicine Service,Age,0-18 Years,01 To 18 Weeks,560
General Internal Medicine Service,Age,0-18 Years,18 To 52 Weeks,110
General Internal Medicine Service,Age,0-18 Years,Over 52 Weeks,*
General Internal Medicine Service,Age,0-18 Years,Total,675
General Internal Medicine Service,Age,19-64 Years,Unknown Clock Start,25
General Internal Medicine Service,Age,19-64 Years,01 To 18 Weeks,10505
General Internal Medicine Service,Age,19-64 Years,18 To 52 Weeks,5230
General Internal Medicine Service,Age,19-64 Years,Over 52 Weeks,180
General Internal Medicine Service,Age,19-64 Years,Total,15935
General Internal Medicine Service,Age,Over 65 Years,Unknown Clock Start,30
General Internal Medicine Service,Age,Over 65 Years,01 To 18 Weeks,7390
General Internal Medicine Service,Age,Over 65 Years,18 To 52 Weeks,2830
General Internal Medicine Service,Age,Over 65 Years,Over 52 Weeks,95
General Internal Medicine Service,Age,Over 65 Years,Total,10340
General Internal Medicine Service,Ethnicity,99: Not known,01 To 18 Weeks,365
General Internal Medicine Service,Ethnicity,99: Not known,18 To 52 Weeks,225
General Internal Medicine Service,Ethnicity,99: Not known,Over 52 Weeks,*
General Internal Medicine Service,Ethnicity,99: Not known,Total,595
General Internal Medicine Service,Ethnicity,A: British,Unknown Clock Start,45
General Internal Medicine Service,Ethnicity,A: British,01 To 18 Weeks,13290
General Internal Medicine Service,Ethnicity,A: British,18 To 52 Weeks,5665
General Internal Medicine Service,Ethnicity,A: British,Over 52 Weeks,210
General Internal Medicine Service,Ethnicity,A: British,Total,19210
General Internal Medicine Service,Ethnicity,B: Irish,01 To 18 Weeks,120
General Internal Medicine Service,Ethnicity,B: Irish,18 To 52 Weeks,60
General Internal Medicine Service,Ethnicity,B: Irish,Over 52 Weeks,*
General Internal Medicine Service,Ethnicity,B: Irish,Total,180
General Internal Medicine Service,Ethnicity,C: Any other white background,01 To 18 Weeks,1260
General Internal Medicine Service,Ethnicity,C: Any other white background,18 To 52 Weeks,680
General Internal Medicine Service,Ethnicity,C: Any other white background,Over 52 Weeks,25
General Internal Medicine Service,Ethnicity,C: Any other white background,Total,1965
General Internal Medicine Service,Ethnicity,D: White and Black Caribbean,01 To 18 Weeks,65
General Internal Medicine Service,Ethnicity,D: White and Black Caribbean,18 To 52 Weeks,35
General Internal Medicine Service,Ethnicity,D: White and Black Caribbean,Over 52 Weeks,*
General Internal Medicine Service,Ethnicity,D: White and Black Caribbean,Total,100
General Internal Medicine Service,Ethnicity,E: White and Black African,01 To 18 Weeks,50
General Internal Medicine Service,Ethnicity,E: White and Black African,18 To 52 Weeks,10
General Internal Medicine Service,Ethnicity,E: White and Black African,Total,60
General Internal Medicine Service,Ethnicity,F: White and Asian,01 To 18 Weeks,65
General Internal Medicine Service,Ethnicity,F: White and Asian,18 To 52 Weeks,25
General Internal Medicine Service,Ethnicity,F: White and Asian,Over 52 Weeks,*
General Internal Medicine Service,Ethnicity,F: White and Asian,Total,95
General Internal Medicine Service,Ethnicity,G: Any other mixed background,01 To 18 Weeks,130
General Internal Medicine Service,Ethnicity,G: Any other mixed background,18 To 52 Weeks,75
General Internal Medicine Service,Ethnicity,G: Any other mixed background,Over 52 Weeks,*
General Internal Medicine Service,Ethnicity,G: Any other mixed background,Total,210
General Internal Medicine Service,Ethnicity,H: Indian,Unknown Clock Start,*
General Internal Medicine Service,Ethnicity,H: Indian,01 To 18 Weeks,490
General Internal Medicine Service,Ethnicity,H: Indian,18 To 52 Weeks,215
General Internal Medicine Service,Ethnicity,H: Indian,Over 52 Weeks,*
General Internal Medicine Service,Ethnicity,H: Indian,Total,710
General Internal Medicine Service,Ethnicity,J: Pakistani,01 To 18 Weeks,280
General Internal Medicine Service,Ethnicity,J: Pakistani,18 To 52 Weeks,110
General Internal Medicine Service,Ethnicity,J: Pakistani,Over 52 Weeks,*
General Internal Medicine Service,Ethnicity,J: Pakistani,Total,395
General Internal Medicine Service,Ethnicity,K: Bangladeshi,01 To 18 Weeks,160
General Internal Medicine Service,Ethnicity,K: Bangladeshi,18 To 52 Weeks,65
General Internal Medicine Service,Ethnicity,K: Bangladeshi,Over 52 Weeks,*
General Internal Medicine Service,Ethnicity,K: Bangladeshi,Total,230
General Internal Medicine Service,Ethnicity,L: Any other Asian background,Unknown Clock Start,*
General Internal Medicine Service,Ethnicity,L: Any other Asian background,01 To 18 Weeks,380
General Internal Medicine Service,Ethnicity,L: Any other Asian background,18 To 52 Weeks,200
General Internal Medicine Service,Ethnicity,L: Any other Asian background,Over 52 Weeks,*
General Internal Medicine Service,Ethnicity,L: Any other Asian background,Total,585
General Internal Medicine Service,Ethnicity,M: Caribbean,Unknown Clock Start,*
General Internal Medicine Service,Ethnicity,M: Caribbean,01 To 18 Weeks,275
General Internal Medicine Service,Ethnicity,M: Caribbean,18 To 52 Weeks,115
General Internal Medicine Service,Ethnicity,M: Caribbean,Over 52 Weeks,*
General Internal Medicine Service,Ethnicity,M: Caribbean,Total,395
General Internal Medicine Service,Ethnicity,N: African,01 To 18 Weeks,425
General Internal Medicine Service,Ethnicity,N: African,18 To 52 Weeks,160
General Internal Medicine Service,Ethnicity,N: African,Over 52 Weeks,*
General Internal Medicine Service,Ethnicity,N: African,Total,590
General Internal Medicine Service,Ethnicity,P: Any other Black background,Unknown Clock Start,*
General Internal Medicine Service,Ethnicity,P: Any other Black background,01 To 18 Weeks,210
General Internal Medicine Service,Ethnicity,P: Any other Black background,18 To 52 Weeks,100
General Internal Medicine Service,Ethnicity,P: Any other Black background,Total,310
General Internal Medicine Service,Ethnicity,R: Chinese,01 To 18 Weeks,105
General Internal Medicine Service,Ethnicity,R: Chinese,18 To 52 Weeks,50
General Internal Medicine Service,Ethnicity,R: Chinese,Over 52 Weeks,*
General Internal Medicine Service,Ethnicity,R: Chinese,Total,155
General Internal Medicine Service,Ethnicity,S: Any other ethnic group,01 To 18 Weeks,210
General Internal Medicine Service,Ethnicity,S: Any other ethnic group,18 To 52 Weeks,95
General Internal Medicine Service,Ethnicity,S: Any other ethnic group,Over 52 Weeks,*
General Internal Medicine Service,Ethnicity,S: Any other ethnic group,Total,305
General Internal Medicine Service,Ethnicity,Z: Not stated,Unknown Clock Start,*
General Internal Medicine Service,Ethnicity,Z: Not stated,01 To 18 Weeks,825
General Internal Medicine Service,Ethnicity,Z: Not stated,18 To 52 Weeks,355
General Internal Medicine Service,Ethnicity,Z: Not stated,Over 52 Weeks,*
General Internal Medicine Service,Ethnicity,Z: Not stated,Total,1190
General Internal Medicine Service,IMD,1,Unknown Clock Start,*
General Internal Medicine Service,IMD,1,01 To 18 Weeks,1465
General Internal Medicine Service,IMD,1,18 To 52 Weeks,435
General Internal Medicine Service,IMD,1,Over 52 Weeks,10
General Internal Medicine Service,IMD,1,Total,1915
General Internal Medicine Service,IMD,10,Unknown Clock Start,15
General Internal Medicine Service,IMD,10,01 To 18 Weeks,1600
General Internal Medicine Service,IMD,10,18 To 52 Weeks,675
General Internal Medicine Service,IMD,10,Over 52 Weeks,30
General Internal Medicine Service,IMD,10,Total,2325
General Internal Medicine Service,IMD,2,Unknown Clock Start,*
General Internal Medicine Service,IMD,2,01 To 18 Weeks,1735
General Internal Medicine Service,IMD,2,18 To 52 Weeks,770
General Internal Medicine Service,IMD,2,Over 52 Weeks,30
General Internal Medicine Service,IMD,2,Total,2540
General Internal Medicine Service,IMD,3,Unknown Clock Start,*
General Internal Medicine Service,IMD,3,01 To 18 Weeks,1970
General Internal Medicine Service,IMD,3,18 To 52 Weeks,940
General Internal Medicine Service,IMD,3,Over 52 Weeks,25
General Internal Medicine Service,IMD,3,Total,2940
General Internal Medicine Service,IMD,4,Unknown Clock Start,*
General Internal Medicine Service,IMD,4,01 To 18 Weeks,2045
General Internal Medicine Service,IMD,4,18 To 52 Weeks,900
General Internal Medicine Service,IMD,4,Over 52 Weeks,20
General Internal Medicine Service,IMD,4,Total,2970
General Internal Medicine Service,IMD,5,Unknown Clock Start,*
General Internal Medicine Service,IMD,5,01 To 18 Weeks,2000
General Internal Medicine Service,IMD,5,18 To 52 Weeks,910
General Internal Medicine Service,IMD,5,Over 52 Weeks,25
General Internal Medicine Service,IMD,5,Total,2935
General Internal Medicine Service,IMD,6,Unknown Clock Start,*
General Internal Medicine Service,IMD,6,01 To 18 Weeks,1970
General Internal Medicine Service,IMD,6,18 To 52 Weeks,875
General Internal Medicine Service,IMD,6,Over 52 Weeks,40
General Internal Medicine Service,IMD,6,Total,2890
General Internal Medicine Service,IMD,7,Unknown Clock Start,*
General Internal Medicine Service,IMD,7,01 To 18 Weeks,1880
General Internal Medicine Service,IMD,7,18 To 52 Weeks,890
General Internal Medicine Service,IMD,7,Over 52 Weeks,25
General Internal Medicine Service,IMD,7,Total,2795
General Internal Medicine Service,IMD,8,Unknown Clock Start,*
General Internal Medicine Service,IMD,8,01 To 18 Weeks,1840
General Internal Medicine Service,IMD,8,18 To 52 Weeks,870
General Internal Medicine Service,IMD,8,Over 52 Weeks,30
General Internal Medicine Service,IMD,8,Total,2745
General Internal Medicine Service,IMD,9,Unknown Clock Start,10
General Internal Medicine Service,IMD,9,01 To 18 Weeks,1765
General Internal Medicine Service,IMD,9,18 To 52 Weeks,775
General Internal Medicine Service,IMD,9,Over 52 Weeks,30
General Internal Medicine Service,IMD,9,Total,2575
General Internal Medicine Service,Sex,Female,Unknown Clock Start,30
General Internal Medicine Service,Sex,Female,01 To 18 Weeks,10850
General Internal Medicine Service,Sex,Female,18 To 52 Weeks,5235
General Internal Medicine Service,Sex,Female,Over 52 Weeks,185
General Internal Medicine Service,Sex,Female,Total,16295
General Internal Medicine Service,Sex,Male,Unknown Clock Start,20
General Internal Medicine Service,Sex,Male,01 To 18 Weeks,7280
General Internal Medicine Service,Sex,Male,18 To 52 Weeks,2895
General Internal Medicine Service,Sex,Male,Over 52 Weeks,90
General Internal Medicine Service,Sex,Male,Total,10285
General Surgery Service,Age,0-18 Years,Unknown Clock Start,*
General Surgery Service,Age,0-18 Years,01 To 18 Weeks,2220
General Surgery Service,Age,0-18 Years,18 To 52 Weeks,1480
General Surgery Service,Age,0-18 Years,Over 52 Weeks,110
General Surgery Service,Age,0-18 Years,Total,3820
General Surgery Service,Age,19-64 Years,Unknown Clock Start,230
General Surgery Service,Age,19-64 Years,01 To 18 Weeks,119905
General Surgery Service,Age,19-64 Years,18 To 52 Weeks,81445
General Surgery Service,Age,19-64 Years,Over 52 Weeks,6785
General Surgery Service,Age,19-64 Years,Total,208365
General Surgery Service,Age,Over 65 Years,Unknown Clock Start,160
General Surgery Service,Age,Over 65 Years,01 To 18 Weeks,68375
General Surgery Service,Age,Over 65 Years,18 To 52 Weeks,41360
General Surgery Service,Age,Over 65 Years,Over 52 Weeks,3290
General Surgery Service,Age,Over 65 Years,Total,113185
General Surgery Service,Ethnicity,99: Not known,Unknown Clock Start,*
General Surgery Service,Ethnicity,99: Not known,01 To 18 Weeks,5090
General Surgery Service,Ethnicity,99: Not known,18 To 52 Weeks,2995
General Surgery Service,Ethnicity,99: Not known,Over 52 Weeks,225
General Surgery Service,Ethnicity,99: Not known,Total,8315
General Surgery Service,Ethnicity,A: British,Unknown Clock Start,320
General Surgery Service,Ethnicity,A: British,01 To 18 Weeks,139430
General Surgery Service,Ethnicity,A: British,18 To 52 Weeks,87855
General Surgery Service,Ethnicity,A: British,Over 52 Weeks,7160
General Surgery Service,Ethnicity,A: British,Total,234765
General Surgery Service,Ethnicity,B: Irish,Unknown Clock Start,*
General Surgery Service,Ethnicity,B: Irish,01 To 18 Weeks,1085
General Surgery Service,Ethnicity,B: Irish,18 To 52 Weeks,795
General Surgery Service,Ethnicity,B: Irish,Over 52 Weeks,65
General Surgery Service,Ethnicity,B: Irish,Total,1950
General Surgery Service,Ethnicity,C: Any other white background,Unknown Clock Start,10
General Surgery Service,Ethnicity,C: Any other white background,01 To 18 Weeks,12195
General Surgery Service,Ethnicity,C: Any other white background,18 To 52 Weeks,8840
General Surgery Service,Ethnicity,C: Any other white background,Over 52 Weeks,700
General Surgery Service,Ethnicity,C: Any other white background,Total,21750
General Surgery Service,Ethnicity,D: White and Black Caribbean,01 To 18 Weeks,610
General Surgery Service,Ethnicity,D: White and Black Caribbean,18 To 52 Weeks,385
General Surgery Service,Ethnicity,D: White and Black Caribbean,Over 52 Weeks,40
General Surgery Service,Ethnicity,D: White and Black Caribbean,Total,1035
General Surgery Service,Ethnicity,E: White and Black African,01 To 18 Weeks,325
General Surgery Service,Ethnicity,E: White and Black African,18 To 52 Weeks,235
General Surgery Service,Ethnicity,E: White and Black African,Over 52 Weeks,30
General Surgery Service,Ethnicity,E: White and Black African,Total,585
General Surgery Service,Ethnicity,F: White and Asian,Unknown Clock Start,*
General Surgery Service,Ethnicity,F: White and Asian,01 To 18 Weeks,395
General Surgery Service,Ethnicity,F: White and Asian,18 To 52 Weeks,290
General Surgery Service,Ethnicity,F: White and Asian,Over 52 Weeks,25
General Surgery Service,Ethnicity,F: White and Asian,Total,710
General Surgery Service,Ethnicity,G: Any other mixed background,Unknown Clock Start,*
General Surgery Service,Ethnicity,G: Any other mixed background,01 To 18 Weeks,1160
General Surgery Service,Ethnicity,G: Any other mixed background,18 To 52 Weeks,840
General Surgery Service,Ethnicity,G: Any other mixed background,Over 52 Weeks,65
General Surgery Service,Ethnicity,G: Any other mixed background,Total,2070
General Surgery Service,Ethnicity,H: Indian,Unknown Clock Start,*
General Surgery Service,Ethnicity,H: Indian,01 To 18 Weeks,5260
General Surgery Service,Ethnicity,H: Indian,18 To 52 Weeks,3515
General Surgery Service,Ethnicity,H: Indian,Over 52 Weeks,265
General Surgery Service,Ethnicity,H: Indian,Total,9040
General Surgery Service,Ethnicity,J: Pakistani,Unknown Clock Start,*
General Surgery Service,Ethnicity,J: Pakistani,01 To 18 Weeks,4245
General Surgery Service,Ethnicity,J: Pakistani,18 To 52 Weeks,2900
General Surgery Service,Ethnicity,J: Pakistani,Over 52 Weeks,230
General Surgery Service,Ethnicity,J: Pakistani,Total,7375
General Surgery Service,Ethnicity,K: Bangladeshi,Unknown Clock Start,*
General Surgery Service,Ethnicity,K: Bangladeshi,01 To 18 Weeks,1730
General Surgery Service,Ethnicity,K: Bangladeshi,18 To 52 Weeks,1280
General Surgery Service,Ethnicity,K: Bangladeshi,Over 52 Weeks,125
General Surgery Service,Ethnicity,K: Bangladeshi,Total,3140
General Surgery Service,Ethnicity,L: Any other Asian background,Unknown Clock Start,*
General Surgery Service,Ethnicity,L: Any other Asian background,01 To 18 Weeks,3880
General Surgery Service,Ethnicity,L: Any other Asian background,18 To 52 Weeks,2745
General Surgery Service,Ethnicity,L: Any other Asian background,Over 52 Weeks,205
General Surgery Service,Ethnicity,L: Any other Asian background,Total,6830
General Surgery Service,Ethnicity,M: Caribbean,01 To 18 Weeks,2235
General Surgery Service,Ethnicity,M: Caribbean,18 To 52 Weeks,1630
General Surgery Service,Ethnicity,M: Caribbean,Over 52 Weeks,140
General Surgery Service,Ethnicity,M: Caribbean,Total,4010
General Surgery Service,Ethnicity,N: African,Unknown Clock Start,*
General Surgery Service,Ethnicity,N: African,01 To 18 Weeks,3495
General Surgery Service,Ethnicity,N: African,18 To 52 Weeks,2480
General Surgery Service,Ethnicity,N: African,Over 52 Weeks,245
General Surgery Service,Ethnicity,N: African,Total,6220
General Surgery Service,Ethnicity,P: Any other Black background,Unknown Clock Start,*
General Surgery Service,Ethnicity,P: Any other Black background,01 To 18 Weeks,1565
General Surgery Service,Ethnicity,P: Any other Black background,18 To 52 Weeks,1155
General Surgery Service,Ethnicity,P: Any other Black background,Over 52 Weeks,120
General Surgery Service,Ethnicity,P: Any other Black background,Total,2840
General Surgery Service,Ethnicity,R: Chinese,Unknown Clock Start,*
General Surgery Service,Ethnicity,R: Chinese,01 To 18 Weeks,660
General Surgery Service,Ethnicity,R: Chinese,18 To 52 Weeks,485
General Surgery Service,Ethnicity,R: Chinese,Over 52 Weeks,45
General Surgery Service,Ethnicity,R: Chinese,Total,1195
General Surgery Service,Ethnicity,S: Any other ethnic group,Unknown Clock Start,*
General Surgery Service,Ethnicity,S: Any other ethnic group,01 To 18 Weeks,1965
General Surgery Service,Ethnicity,S: Any other ethnic group,18 To 52 Weeks,1475
General Surgery Service,Ethnicity,S: Any other ethnic group,Over 52 Weeks,115
General Surgery Service,Ethnicity,S: Any other ethnic group,Total,3560
General Surgery Service,Ethnicity,Z: Not stated,Unknown Clock Start,35
General Surgery Service,Ethnicity,Z: Not stated,01 To 18 Weeks,7985
General Surgery Service,Ethnicity,Z: Not stated,18 To 52 Weeks,4935
General Surgery Service,Ethnicity,Z: Not stated,Over 52 Weeks,395
General Surgery Service,Ethnicity,Z: Not stated,Total,13350
General Surgery Service,IMD,1,Unknown Clock Start,20
General Surgery Service,IMD,1,01 To 18 Weeks,19010
General Surgery Service,IMD,1,18 To 52 Weeks,12185
General Surgery Service,IMD,1,Over 52 Weeks,1110
General Surgery Service,IMD,1,Total,32325
General Surgery Service,IMD,10,Unknown Clock Start,55
General Surgery Service,IMD,10,01 To 18 Weeks,16215
General Surgery Service,IMD,10,18 To 52 Weeks,9690
General Surgery Service,IMD,10,Over 52 Weeks,770
General Surgery Service,IMD,10,Total,26735
General Surgery Service,IMD,2,Unknown Clock Start,30
General Surgery Service,IMD,2,01 To 18 Weeks,20930
General Surgery Service,IMD,2,18 To 52 Weeks,13895
General Surgery Service,IMD,2,Over 52 Weeks,1150
General Surgery Service,IMD,2,Total,36010
General Surgery Service,IMD,3,Unknown Clock Start,40
General Surgery Service,IMD,3,01 To 18 Weeks,20440
General Surgery Service,IMD,3,18 To 52 Weeks,13635
General Surgery Service,IMD,3,Over 52 Weeks,1115
General Surgery Service,IMD,3,Total,35225
General Surgery Service,IMD,4,Unknown Clock Start,40
General Surgery Service,IMD,4,01 To 18 Weeks,19305
General Surgery Service,IMD,4,18 To 52 Weeks,13045
General Surgery Service,IMD,4,Over 52 Weeks,1130
General Surgery Service,IMD,4,Total,33515
General Surgery Service,IMD,5,Unknown Clock Start,40
General Surgery Service,IMD,5,01 To 18 Weeks,19370
General Surgery Service,IMD,5,18 To 52 Weeks,12740
General Surgery Service,IMD,5,Over 52 Weeks,1110
General Surgery Service,IMD,5,Total,33255
General Surgery Service,IMD,6,Unknown Clock Start,45
General Surgery Service,IMD,6,01 To 18 Weeks,19125
General Surgery Service,IMD,6,18 To 52 Weeks,12265
General Surgery Service,IMD,6,Over 52 Weeks,995
General Surgery Service,IMD,6,Total,32430
General Surgery Service,IMD,7,Unknown Clock Start,50
General Surgery Service,IMD,7,01 To 18 Weeks,18540
General Surgery Service,IMD,7,18 To 52 Weeks,11720
General Surgery Service,IMD,7,Over 52 Weeks,895
General Surgery Service,IMD,7,Total,31205
General Surgery Service,IMD,8,Unknown Clock Start,45
General Surgery Service,IMD,8,01 To 18 Weeks,18335
General Surgery Service,IMD,8,18 To 52 Weeks,11870
General Surgery Service,IMD,8,Over 52 Weeks,890
General Surgery Service,IMD,8,Total,31135
General Surgery Service,IMD,9,Unknown Clock Start,30
General Surgery Service,IMD,9,01 To 18 Weeks,17220
General Surgery Service,IMD,9,18 To 52 Weeks,11070
General Surgery Service,IMD,9,Over 52 Weeks,845
General Surgery Service,IMD,9,Total,29160
General Surgery Service,Sex,Female,Unknown Clock Start,165
General Surgery Service,Sex,Female,01 To 18 Weeks,92845
General Surgery Service,Sex,Female,18 To 52 Weeks,58025
General Surgery Service,Sex,Female,Over 52 Weeks,4665
General Surgery Service,Sex,Female,Total,155700
General Surgery Service,Sex,Male,Unknown Clock Start,215
General Surgery Service,Sex,Male,01 To 18 Weeks,94255
General Surgery Service,Sex,Male,18 To 52 Weeks,63500
General Surgery Service,Sex,Male,Over 52 Weeks,5215
General Surgery Service,Sex,Male,Total,163185
Gynaecology Service,Age,0-18 Years,Unknown Clock Start,*
Gynaecology Service,Age,0-18 Years,01 To 18 Weeks,7165
Gynaecology Service,Age,0-18 Years,18 To 52 Weeks,5615
Gynaecology Service,Age,0-18 Years,Over 52 Weeks,240
Gynaecology Service,Age,0-18 Years,Total,13025
Gynaecology Service,Age,19-64 Years,Unknown Clock Start,875
Gynaecology Service,Age,19-64 Years,01 To 18 Weeks,268065
Gynaecology Service,Age,19-64 Years,18 To 52 Weeks,201545
Gynaecology Service,Age,19-64 Years,Over 52 Weeks,16490
Gynaecology Service,Age,19-64 Years,Total,486975
Gynaecology Service,Age,Over 65 Years,Unknown Clock Start,105
Gynaecology Service,Age,Over 65 Years,01 To 18 Weeks,36455
Gynaecology Service,Age,Over 65 Years,18 To 52 Weeks,24265
Gynaecology Service,Age,Over 65 Years,Over 52 Weeks,1980
Gynaecology Service,Age,Over 65 Years,Total,62800
Gynaecology Service,Ethnicity,99: Not known,Unknown Clock Start,*
Gynaecology Service,Ethnicity,99: Not known,01 To 18 Weeks,14485
Gynaecology Service,Ethnicity,99: Not known,18 To 52 Weeks,7645
Gynaecology Service,Ethnicity,99: Not known,Over 52 Weeks,430
Gynaecology Service,Ethnicity,99: Not known,Total,22565
Gynaecology Service,Ethnicity,A: British,Unknown Clock Start,810
Gynaecology Service,Ethnicity,A: British,01 To 18 Weeks,209790
Gynaecology Service,Ethnicity,A: British,18 To 52 Weeks,153195
Gynaecology Service,Ethnicity,A: British,Over 52 Weeks,12745
Gynaecology Service,Ethnicity,A: British,Total,376545
Gynaecology Service,Ethnicity,B: Irish,Unknown Clock Start,*
Gynaecology Service,Ethnicity,B: Irish,01 To 18 Weeks,1545
Gynaecology Service,Ethnicity,B: Irish,18 To 52 Weeks,1090
Gynaecology Service,Ethnicity,B: Irish,Over 52 Weeks,75
Gynaecology Service,Ethnicity,B: Irish,Total,2710
Gynaecology Service,Ethnicity,C: Any other white background,Unknown Clock Start,50
Gynaecology Service,Ethnicity,C: Any other white background,01 To 18 Weeks,23355
Gynaecology Service,Ethnicity,C: Any other white background,18 To 52 Weeks,17445
Gynaecology Service,Ethnicity,C: Any other white background,Over 52 Weeks,1330
Gynaecology Service,Ethnicity,C: Any other white background,Total,42180
Gynaecology Service,Ethnicity,D: White and Black Caribbean,Unknown Clock Start,*
Gynaecology Service,Ethnicity,D: White and Black Caribbean,01 To 18 Weeks,1760
Gynaecology Service,Ethnicity,D: White and Black Caribbean,18 To 52 Weeks,1330
Gynaecology Service,Ethnicity,D: White and Black Caribbean,Over 52 Weeks,110
Gynaecology Service,Ethnicity,D: White and Black Caribbean,Total,3205
Gynaecology Service,Ethnicity,E: White and Black African,Unknown Clock Start,*
Gynaecology Service,Ethnicity,E: White and Black African,01 To 18 Weeks,965
Gynaecology Service,Ethnicity,E: White and Black African,18 To 52 Weeks,720
Gynaecology Service,Ethnicity,E: White and Black African,Over 52 Weeks,60
Gynaecology Service,Ethnicity,E: White and Black African,Total,1745
Gynaecology Service,Ethnicity,F: White and Asian,Unknown Clock Start,*
Gynaecology Service,Ethnicity,F: White and Asian,01 To 18 Weeks,1060
Gynaecology Service,Ethnicity,F: White and Asian,18 To 52 Weeks,835
Gynaecology Service,Ethnicity,F: White and Asian,Over 52 Weeks,65
Gynaecology Service,Ethnicity,F: White and Asian,Total,1965
Gynaecology Service,Ethnicity,G: Any other mixed background,Unknown Clock Start,10
Gynaecology Service,Ethnicity,G: Any other mixed background,01 To 18 Weeks,2785
Gynaecology Service,Ethnicity,G: Any other mixed background,18 To 52 Weeks,2060
Gynaecology Service,Ethnicity,G: Any other mixed background,Over 52 Weeks,165
Gynaecology Service,Ethnicity,G: Any other mixed background,Total,5015
Gynaecology Service,Ethnicity,H: Indian,Unknown Clock Start,*
Gynaecology Service,Ethnicity,H: Indian,01 To 18 Weeks,9475
Gynaecology Service,Ethnicity,H: Indian,18 To 52 Weeks,6930
Gynaecology Service,Ethnicity,H: Indian,Over 52 Weeks,555
Gynaecology Service,Ethnicity,H: Indian,Total,16970
Gynaecology Service,Ethnicity,J: Pakistani,Unknown Clock Start,*
Gynaecology Service,Ethnicity,J: Pakistani,01 To 18 Weeks,9500
Gynaecology Service,Ethnicity,J: Pakistani,18 To 52 Weeks,7855
Gynaecology Service,Ethnicity,J: Pakistani,Over 52 Weeks,520
Gynaecology Service,Ethnicity,J: Pakistani,Total,17875
Gynaecology Service,Ethnicity,K: Bangladeshi,Unknown Clock Start,*
Gynaecology Service,Ethnicity,K: Bangladeshi,01 To 18 Weeks,3770
Gynaecology Service,Ethnicity,K: Bangladeshi,18 To 52 Weeks,2850
Gynaecology Service,Ethnicity,K: Bangladeshi,Over 52 Weeks,220
Gynaecology Service,Ethnicity,K: Bangladeshi,Total,6840
Gynaecology Service,Ethnicity,L: Any other Asian background,Unknown Clock Start,10
Gynaecology Service,Ethnicity,L: Any other Asian background,01 To 18 Weeks,7725
Gynaecology Service,Ethnicity,L: Any other Asian background,18 To 52 Weeks,5745
Gynaecology Service,Ethnicity,L: Any other Asian background,Over 52 Weeks,470
Gynaecology Service,Ethnicity,L: Any other Asian background,Total,13945
Gynaecology Service,Ethnicity,M: Caribbean,Unknown Clock Start,*
Gynaecology Service,Ethnicity,M: Caribbean,01 To 18 Weeks,4545
Gynaecology Service,Ethnicity,M: Caribbean,18 To 52 Weeks,3430
Gynaecology Service,Ethnicity,M: Caribbean,Over 52 Weeks,310
Gynaecology Service,Ethnicity,M: Caribbean,Total,8285
Gynaecology Service,Ethnicity,N: African,Unknown Clock Start,10
Gynaecology Service,Ethnicity,N: African,01 To 18 Weeks,9995
Gynaecology Service,Ethnicity,N: African,18 To 52 Weeks,7900
Gynaecology Service,Ethnicity,N: African,Over 52 Weeks,765
Gynaecology Service,Ethnicity,N: African,Total,18670
Gynaecology Service,Ethnicity,P: Any other Black background,Unknown Clock Start,*
Gynaecology Service,Ethnicity,P: Any other Black background,01 To 18 Weeks,4090
Gynaecology Service,Ethnicity,P: Any other Black background,18 To 52 Weeks,3235
Gynaecology Service,Ethnicity,P: Any other Black background,Over 52 Weeks,280
Gynaecology Service,Ethnicity,P: Any other Black background,Total,7610
Gynaecology Service,Ethnicity,R: Chinese,Unknown Clock Start,*
Gynaecology Service,Ethnicity,R: Chinese,01 To 18 Weeks,1605
Gynaecology Service,Ethnicity,R: Chinese,18 To 52 Weeks,1120
Gynaecology Service,Ethnicity,R: Chinese,Over 52 Weeks,90
Gynaecology Service,Ethnicity,R: Chinese,Total,2815
Gynaecology Service,Ethnicity,S: Any other ethnic group,Unknown Clock Start,*
Gynaecology Service,Ethnicity,S: Any other ethnic group,01 To 18 Weeks,4305
Gynaecology Service,Ethnicity,S: Any other ethnic group,18 To 52 Weeks,3235
Gynaecology Service,Ethnicity,S: Any other ethnic group,Over 52 Weeks,210
Gynaecology Service,Ethnicity,S: Any other ethnic group,Total,7755
Gynaecology Service,Ethnicity,Z: Not stated,Unknown Clock Start,70
Gynaecology Service,Ethnicity,Z: Not stated,01 To 18 Weeks,15260
Gynaecology Service,Ethnicity,Z: Not stated,18 To 52 Weeks,10220
Gynaecology Service,Ethnicity,Z: Not stated,Over 52 Weeks,760
Gynaecology Service,Ethnicity,Z: Not stated,Total,26315
Gynaecology Service,IMD,1,Unknown Clock Start,115
Gynaecology Service,IMD,1,01 To 18 Weeks,35345
Gynaecology Service,IMD,1,18 To 52 Weeks,28605
Gynaecology Service,IMD,1,Over 52 Weeks,2500
Gynaecology Service,IMD,1,Total,66560
Gynaecology Service,IMD,10,Unknown Clock Start,30
Gynaecology Service,IMD,10,01 To 18 Weeks,25215
Gynaecology Service,IMD,10,18 To 52 Weeks,17315
Gynaecology Service,IMD,10,Over 52 Weeks,1145
Gynaecology Service,IMD,10,Total,43705
Gynaecology Service,IMD,2,Unknown Clock Start,115
Gynaecology Service,IMD,2,01 To 18 Weeks,35660
Gynaecology Service,IMD,2,18 To 52 Weeks,26695
Gynaecology Service,IMD,2,Over 52 Weeks,2285
Gynaecology Service,IMD,2,Total,64755
Gynaecology Service,IMD,3,Unknown Clock Start,85
Gynaecology Service,IMD,3,01 To 18 Weeks,34750
Gynaecology Service,IMD,3,18 To 52 Weeks,25490
Gynaecology Service,IMD,3,Over 52 Weeks,2090
Gynaecology Service,IMD,3,Total,62420
Gynaecology Service,IMD,4,Unknown Clock Start,125
Gynaecology Service,IMD,4,01 To 18 Weeks,33125
Gynaecology Service,IMD,4,18 To 52 Weeks,24010
Gynaecology Service,IMD,4,Over 52 Weeks,2065
Gynaecology Service,IMD,4,Total,59320
Gynaecology Service,IMD,5,Unknown Clock Start,150
Gynaecology Service,IMD,5,01 To 18 Weeks,31850
Gynaecology Service,IMD,5,18 To 52 Weeks,23190
Gynaecology Service,IMD,5,Over 52 Weeks,1895
Gynaecology Service,IMD,5,Total,57090
Gynaecology Service,IMD,6,Unknown Clock Start,100
Gynaecology Service,IMD,6,01 To 18 Weeks,30895
Gynaecology Service,IMD,6,18 To 52 Weeks,22315
Gynaecology Service,IMD,6,Over 52 Weeks,1850
Gynaecology Service,IMD,6,Total,55155
Gynaecology Service,IMD,7,Unknown Clock Start,115
Gynaecology Service,IMD,7,01 To 18 Weeks,29675
Gynaecology Service,IMD,7,18 To 52 Weeks,21360
Gynaecology Service,IMD,7,Over 52 Weeks,1635
Gynaecology Service,IMD,7,Total,52785
Gynaecology Service,IMD,8,Unknown Clock Start,75
Gynaecology Service,IMD,8,01 To 18 Weeks,29085
Gynaecology Service,IMD,8,18 To 52 Weeks,20960
Gynaecology Service,IMD,8,Over 52 Weeks,1680
Gynaecology Service,IMD,8,Total,51800
Gynaecology Service,IMD,9,Unknown Clock Start,60
Gynaecology Service,IMD,9,01 To 18 Weeks,27705
Gynaecology Service,IMD,9,18 To 52 Weeks,19625
Gynaecology Service,IMD,9,Over 52 Weeks,1490
Gynaecology Service,IMD,9,Total,48880
Gynaecology Service,Sex,Female,Unknown Clock Start,970
Gynaecology Service,Sex,Female,01 To 18 Weeks,291870
Gynaecology Service,Sex,Female,18 To 52 Weeks,217520
Gynaecology Service,Sex,Female,Over 52 Weeks,17965
Gynaecology Service,Sex,Female,Total,528325
Gynaecology Service,Sex,Male,Unknown Clock Start,10
Gynaecology Service,Sex,Male,01 To 18 Weeks,4010
Gynaecology Service,Sex,Male,18 To 52 Weeks,1795
Gynaecology Service,Sex,Male,Over 52 Weeks,100
Gynaecology Service,Sex,Male,Total,5910
Neurology Service,Age,0-18 Years,Unknown Clock Start,*
Neurology Service,Age,0-18 Years,01 To 18 Weeks,4035
Neurology Service,Age,0-18 Years,18 To 52 Weeks,2575
Neurology Service,Age,0-18 Years,Over 52 Weeks,145
Neurology Service,Age,0-18 Years,Total,6760
Neurology Service,Age,19-64 Years,Unknown Clock Start,30
Neurology Service,Age,19-64 Years,01 To 18 Weeks,81690
Neurology Service,Age,19-64 Years,18 To 52 Weeks,63180
Neurology Service,Age,19-64 Years,Over 52 Weeks,4875
Neurology Service,Age,19-64 Years,Total,149775
Neurology Service,Age,Over 65 Years,Unknown Clock Start,10
Neurology Service,Age,Over 65 Years,01 To 18 Weeks,34380
Neurology Service,Age,Over 65 Years,18 To 52 Weeks,26200
Neurology Service,Age,Over 65 Years,Over 52 Weeks,2195
Neurology Service,Age,Over 65 Years,Total,62785
Neurology Service,Ethnicity,99: Not known,01 To 18 Weeks,6860
Neurology Service,Ethnicity,99: Not known,18 To 52 Weeks,2730
Neurology Service,Ethnicity,99: Not known,Over 52 Weeks,175
Neurology Service,Ethnicity,99: Not known,Total,9760
Neurology Service,Ethnicity,A: British,Unknown Clock Start,20
Neurology Service,Ethnicity,A: British,01 To 18 Weeks,86860
Neurology Service,Ethnicity,A: British,18 To 52 Weeks,65705
Neurology Service,Ethnicity,A: British,Over 52 Weeks,5235
Neurology Service,Ethnicity,A: British,Total,157820
Neurology Service,Ethnicity,B: Irish,01 To 18 Weeks,725
Neurology Service,Ethnicity,B: Irish,18 To 52 Weeks,580
Neurology Service,Ethnicity,B: Irish,Over 52 Weeks,45
Neurology Service,Ethnicity,B: Irish,Total,1350
Neurology Service,Ethnicity,C: Any other white background,Unknown Clock Start,*
Neurology Service,Ethnicity,C: Any other white background,01 To 18 Weeks,7560
Neurology Service,Ethnicity,C: Any other white background,18 To 52 Weeks,6140
Neurology Service,Ethnicity,C: Any other white background,Over 52 Weeks,410
Neurology Service,Ethnicity,C: Any other white background,Total,14110
Neurology Service,Ethnicity,D: White and Black Caribbean,01 To 18 Weeks,600
Neurology Service,Ethnicity,D: White and Black Caribbean,18 To 52 Weeks,395
Neurology Service,Ethnicity,D: White and Black Caribbean,Over 52 Weeks,25
Neurology Service,Ethnicity,D: White and Black Caribbean,Total,1015
Neurology Service,Ethnicity,E: White and Black African,01 To 18 Weeks,245
Neurology Service,Ethnicity,E: White and Black African,18 To 52 Weeks,195
Neurology Service,Ethnicity,E: White and Black African,Over 52 Weeks,20
Neurology Service,Ethnicity,E: White and Black African,Total,460
Neurology Service,Ethnicity,F: White and Asian,Unknown Clock Start,*
Neurology Service,Ethnicity,F: White and Asian,01 To 18 Weeks,350
Neurology Service,Ethnicity,F: White and Asian,18 To 52 Weeks,270
Neurology Service,Ethnicity,F: White and Asian,Over 52 Weeks,15
Neurology Service,Ethnicity,F: White and Asian,Total,640
Neurology Service,Ethnicity,G: Any other mixed background,01 To 18 Weeks,915
Neurology Service,Ethnicity,G: Any other mixed background,18 To 52 Weeks,660
Neurology Service,Ethnicity,G: Any other mixed background,Over 52 Weeks,50
Neurology Service,Ethnicity,G: Any other mixed background,Total,1625
Neurology Service,Ethnicity,H: Indian,Unknown Clock Start,*
Neurology Service,Ethnicity,H: Indian,01 To 18 Weeks,3085
Neurology Service,Ethnicity,H: Indian,18 To 52 Weeks,2430
Neurology Service,Ethnicity,H: Indian,Over 52 Weeks,155
Neurology Service,Ethnicity,H: Indian,Total,5665
Neurology Service,Ethnicity,J: Pakistani,01 To 18 Weeks,2820
Neurology Service,Ethnicity,J: Pakistani,18 To 52 Weeks,2375
Neurology Service,Ethnicity,J: Pakistani,Over 52 Weeks,180
Neurology Service,Ethnicity,J: Pakistani,Total,5375
Neurology Service,Ethnicity,K: Bangladeshi,01 To 18 Weeks,1025
Neurology Service,Ethnicity,K: Bangladeshi,18 To 52 Weeks,825
Neurology Service,Ethnicity,K: Bangladeshi,Over 52 Weeks,80
Neurology Service,Ethnicity,K: Bangladeshi,Total,1930
Neurology Service,Ethnicity,L: Any other Asian background,Unknown Clock Start,*
Neurology Service,Ethnicity,L: Any other Asian background,01 To 18 Weeks,2660
Neurology Service,Ethnicity,L: Any other Asian background,18 To 52 Weeks,2185
Neurology Service,Ethnicity,L: Any other Asian background,Over 52 Weeks,150
Neurology Service,Ethnicity,L: Any other Asian background,Total,4995
Neurology Service,Ethnicity,M: Caribbean,Unknown Clock Start,*
Neurology Service,Ethnicity,M: Caribbean,01 To 18 Weeks,1605
Neurology Service,Ethnicity,M: Caribbean,18 To 52 Weeks,1200
Neurology Service,Ethnicity,M: Caribbean,Over 52 Weeks,95
Neurology Service,Ethnicity,M: Caribbean,Total,2900
Neurology Service,Ethnicity,N: African,Unknown Clock Start,*
Neurology Service,Ethnicity,N: African,01 To 18 Weeks,2370
Neurology Service,Ethnicity,N: African,18 To 52 Weeks,1760
Neurology Service,Ethnicity,N: African,Over 52 Weeks,155
Neurology Service,Ethnicity,N: African,Total,4285
Neurology Service,Ethnicity,P: Any other Black background,Unknown Clock Start,*
Neurology Service,Ethnicity,P: Any other Black background,01 To 18 Weeks,1185
Neurology Service,Ethnicity,P: Any other Black background,18 To 52 Weeks,885
Neurology Service,Ethnicity,P: Any other Black background,Over 52 Weeks,65
Neurology Service,Ethnicity,P: Any other Black background,Total,2135
Neurology Service,Ethnicity,R: Chinese,Unknown Clock Start,*
Neurology Service,Ethnicity,R: Chinese,01 To 18 Weeks,390
Neurology Service,Ethnicity,R: Chinese,18 To 52 Weeks,315
Neurology Service,Ethnicity,R: Chinese,Over 52 Weeks,35
Neurology Service,Ethnicity,R: Chinese,Total,740
Neurology Service,Ethnicity,S: Any other ethnic group,01 To 18 Weeks,1380
Neurology Service,Ethnicity,S: Any other ethnic group,18 To 52 Weeks,1000
Neurology Service,Ethnicity,S: Any other ethnic group,Over 52 Weeks,80
Neurology Service,Ethnicity,S: Any other ethnic group,Total,2460
Neurology Service,Ethnicity,Z: Not stated,Unknown Clock Start,*
Neurology Service,Ethnicity,Z: Not stated,01 To 18 Weeks,5015
Neurology Service,Ethnicity,Z: Not stated,18 To 52 Weeks,3645
Neurology Service,Ethnicity,Z: Not stated,Over 52 Weeks,250
Neurology Service,Ethnicity,Z: Not stated,Total,8915
Neurology Service,IMD,1,01 To 18 Weeks,13205
Neurology Service,IMD,1,18 To 52 Weeks,9670
Neurology Service,IMD,1,Over 52 Weeks,900
Neurology Service,IMD,1,Total,23780
Neurology Service,IMD,10,Unknown Clock Start,10
Neurology Service,IMD,10,01 To 18 Weeks,9915
Neurology Service,IMD,10,18 To 52 Weeks,7870
Neurology Service,IMD,10,Over 52 Weeks,520
Neurology Service,IMD,10,Total,18310
Neurology Service,IMD,2,Unknown Clock Start,*
Neurology Service,IMD,2,01 To 18 Weeks,12915
Neurology Service,IMD,2,18 To 52 Weeks,9685
Neurology Service,IMD,2,Over 52 Weeks,800
Neurology Service,IMD,2,Total,23400
Neurology Service,IMD,3,Unknown Clock Start,*
Neurology Service,IMD,3,01 To 18 Weeks,12720
Neurology Service,IMD,3,18 To 52 Weeks,9855
Neurology Service,IMD,3,Over 52 Weeks,835
Neurology Service,IMD,3,Total,23415
Neurology Service,IMD,4,Unknown Clock Start,*
Neurology Service,IMD,4,01 To 18 Weeks,12760
Neurology Service,IMD,4,18 To 52 Weeks,9855
Neurology Service,IMD,4,Over 52 Weeks,810
Neurology Service,IMD,4,Total,23430
Neurology Service,IMD,5,01 To 18 Weeks,12125
Neurology Service,IMD,5,18 To 52 Weeks,9440
Neurology Service,IMD,5,Over 52 Weeks,710
Neurology Service,IMD,5,Total,22275
Neurology Service,IMD,6,Unknown Clock Start,*
Neurology Service,IMD,6,01 To 18 Weeks,11900
Neurology Service,IMD,6,18 To 52 Weeks,9255
Neurology Service,IMD,6,Over 52 Weeks,655
Neurology Service,IMD,6,Total,21810
Neurology Service,IMD,7,Unknown Clock Start,*
Neurology Service,IMD,7,01 To 18 Weeks,11285
Neurology Service,IMD,7,18 To 52 Weeks,8415
Neurology Service,IMD,7,Over 52 Weeks,640
Neurology Service,IMD,7,Total,20345
Neurology Service,IMD,8,Unknown Clock Start,*
Neurology Service,IMD,8,01 To 18 Weeks,11160
Neurology Service,IMD,8,18 To 52 Weeks,8595
Neurology Service,IMD,8,Over 52 Weeks,615
Neurology Service,IMD,8,Total,20380
Neurology Service,IMD,9,Unknown Clock Start,10
Neurology Service,IMD,9,01 To 18 Weeks,10470
Neurology Service,IMD,9,18 To 52 Weeks,7925
Neurology Service,IMD,9,Over 52 Weeks,575
Neurology Service,IMD,9,Total,18980
Neurology Service,Sex,Female,Unknown Clock Start,20
Neurology Service,Sex,Female,01 To 18 Weeks,67525
Neurology Service,Sex,Female,18 To 52 Weeks,52415
Neurology Service,Sex,Female,Over 52 Weeks,4210
Neurology Service,Sex,Female,Total,124170
Neurology Service,Sex,Male,Unknown Clock Start,15
Neurology Service,Sex,Male,01 To 18 Weeks,47825
Neurology Service,Sex,Male,18 To 52 Weeks,35940
Neurology Service,Sex,Male,Over 52 Weeks,2815
Neurology Service,Sex,Male,Total,86590
Neurosurgical Service,Age,0-18 Years,01 To 18 Weeks,870
Neurosurgical Service,Age,0-18 Years,18 To 52 Weeks,515
Neurosurgical Service,Age,0-18 Years,Over 52 Weeks,45
Neurosurgical Service,Age,0-18 Years,Total,1435
Neurosurgical Service,Age,19-64 Years,01 To 18 Weeks,20045
Neurosurgical Service,Age,19-64 Years,18 To 52 Weeks,13830
Neurosurgical Service,Age,19-64 Years,Over 52 Weeks,945
Neurosurgical Service,Age,19-64 Years,Total,34815
Neurosurgical Service,Age,Over 65 Years,01 To 18 Weeks,11425
Neurosurgical Service,Age,Over 65 Years,18 To 52 Weeks,7350
Neurosurgical Service,Age,Over 65 Years,Over 52 Weeks,490
Neurosurgical Service,Age,Over 65 Years,Total,19265
Neurosurgical Service,Ethnicity,99: Not known,01 To 18 Weeks,1055
Neurosurgical Service,Ethnicity,99: Not known,18 To 52 Weeks,415
Neurosurgical Service,Ethnicity,99: Not known,Over 52 Weeks,30
Neurosurgical Service,Ethnicity,99: Not known,Total,1505
Neurosurgical Service,Ethnicity,A: British,01 To 18 Weeks,23275
Neurosurgical Service,Ethnicity,A: British,18 To 52 Weeks,14185
Neurosurgical Service,Ethnicity,A: British,Over 52 Weeks,870
Neurosurgical Service,Ethnicity,A: British,Total,38330
Neurosurgical Service,Ethnicity,B: Irish,01 To 18 Weeks,220
Neurosurgical Service,Ethnicity,B: Irish,18 To 52 Weeks,155
Neurosurgical Service,Ethnicity,B: Irish,Over 52 Weeks,10
Neurosurgical Service,Ethnicity,B: Irish,Total,385
Neurosurgical Service,Ethnicity,C: Any other white background,01 To 18 Weeks,2150
Neurosurgical Service,Ethnicity,C: Any other white background,18 To 52 Weeks,1770
Neurosurgical Service,Ethnicity,C: Any other white background,Over 52 Weeks,150
Neurosurgical Service,Ethnicity,C: Any other white background,Total,4070
Neurosurgical Service,Ethnicity,D: White and Black Caribbean,01 To 18 Weeks,105
Neurosurgical Service,Ethnicity,D: White and Black Caribbean,18 To 52 Weeks,65
Neurosurgical Service,Ethnicity,D: White and Black Caribbean,Over 52 Weeks,*
Neurosurgical Service,Ethnicity,D: White and Black Caribbean,Total,180
Neurosurgical Service,Ethnicity,E: White and Black African,01 To 18 Weeks,65
Neurosurgical Service,Ethnicity,E: White and Black African,18 To 52 Weeks,45
Neurosurgical Service,Ethnicity,E: White and Black African,Over 52 Weeks,*
Neurosurgical Service,Ethnicity,E: White and Black African,Total,110
Neurosurgical Service,Ethnicity,F: White and Asian,01 To 18 Weeks,85
Neurosurgical Service,Ethnicity,F: White and Asian,18 To 52 Weeks,70
Neurosurgical Service,Ethnicity,F: White and Asian,Over 52 Weeks,*
Neurosurgical Service,Ethnicity,F: White and Asian,Total,160
Neurosurgical Service,Ethnicity,G: Any other mixed background,01 To 18 Weeks,190
Neurosurgical Service,Ethnicity,G: Any other mixed background,18 To 52 Weeks,185
Neurosurgical Service,Ethnicity,G: Any other mixed background,Over 52 Weeks,15
Neurosurgical Service,Ethnicity,G: Any other mixed background,Total,390
Neurosurgical Service,Ethnicity,H: Indian,01 To 18 Weeks,945
Neurosurgical Service,Ethnicity,H: Indian,18 To 52 Weeks,800
Neurosurgical Service,Ethnicity,H: Indian,Over 52 Weeks,60
Neurosurgical Service,Ethnicity,H: Indian,Total,1805
Neurosurgical Service,Ethnicity,J: Pakistani,01 To 18 Weeks,760
Neurosurgical Service,Ethnicity,J: Pakistani,18 To 52 Weeks,625
Neurosurgical Service,Ethnicity,J: Pakistani,Over 52 Weeks,30
Neurosurgical Service,Ethnicity,J: Pakistani,Total,1415
Neurosurgical Service,Ethnicity,K: Bangladeshi,01 To 18 Weeks,340
Neurosurgical Service,Ethnicity,K: Bangladeshi,18 To 52 Weeks,280
Neurosurgical Service,Ethnicity,K: Bangladeshi,Over 52 Weeks,15
Neurosurgical Service,Ethnicity,K: Bangladeshi,Total,635
Neurosurgical Service,Ethnicity,L: Any other Asian background,01 To 18 Weeks,830
Neurosurgical Service,Ethnicity,L: Any other Asian background,18 To 52 Weeks,800
Neurosurgical Service,Ethnicity,L: Any other Asian background,Over 52 Weeks,85
Neurosurgical Service,Ethnicity,L: Any other Asian background,Total,1715
Neurosurgical Service,Ethnicity,M: Caribbean,01 To 18 Weeks,480
Neurosurgical Service,Ethnicity,M: Caribbean,18 To 52 Weeks,410
Neurosurgical Service,Ethnicity,M: Caribbean,Over 52 Weeks,40
Neurosurgical Service,Ethnicity,M: Caribbean,Total,935
Neurosurgical Service,Ethnicity,N: African,01 To 18 Weeks,705
Neurosurgical Service,Ethnicity,N: African,18 To 52 Weeks,535
Neurosurgical Service,Ethnicity,N: African,Over 52 Weeks,45
Neurosurgical Service,Ethnicity,N: African,Total,1285
Neurosurgical Service,Ethnicity,P: Any other Black background,01 To 18 Weeks,310
Neurosurgical Service,Ethnicity,P: Any other Black background,18 To 52 Weeks,275
Neurosurgical Service,Ethnicity,P: Any other Black background,Over 52 Weeks,25
Neurosurgical Service,Ethnicity,P: Any other Black background,Total,610
Neurosurgical Service,Ethnicity,R: Chinese,01 To 18 Weeks,150
Neurosurgical Service,Ethnicity,R: Chinese,18 To 52 Weeks,105
Neurosurgical Service,Ethnicity,R: Chinese,Over 52 Weeks,10
Neurosurgical Service,Ethnicity,R: Chinese,Total,270
Neurosurgical Service,Ethnicity,S: Any other ethnic group,01 To 18 Weeks,350
Neurosurgical Service,Ethnicity,S: Any other ethnic group,18 To 52 Weeks,310
Neurosurgical Service,Ethnicity,S: Any other ethnic group,Over 52 Weeks,20
Neurosurgical Service,Ethnicity,S: Any other ethnic group,Total,680
Neurosurgical Service,Ethnicity,Z: Not stated,01 To 18 Weeks,1305
Neurosurgical Service,Ethnicity,Z: Not stated,18 To 52 Weeks,740
Neurosurgical Service,Ethnicity,Z: Not stated,Over 52 Weeks,50
Neurosurgical Service,Ethnicity,Z: Not stated,Total,2095
Neurosurgical Service,IMD,1,01 To 18 Weeks,3870
Neurosurgical Service,IMD,1,18 To 52 Weeks,2420
Neurosurgical Service,IMD,1,Over 52 Weeks,125
Neurosurgical Service,IMD,1,Total,6415
Neurosurgical Service,IMD,10,01 To 18 Weeks,2535
Neurosurgical Service,IMD,10,18 To 52 Weeks,1555
Neurosurgical Service,IMD,10,Over 52 Weeks,110
Neurosurgical Service,IMD,10,Total,4205
Neurosurgical Service,IMD,2,01 To 18 Weeks,3475
Neurosurgical Service,IMD,2,18 To 52 Weeks,2510
Neurosurgical Service,IMD,2,Over 52 Weeks,155
Neurosurgical Service,IMD,2,Total,6145
Neurosurgical Service,IMD,3,01 To 18 Weeks,3555
Neurosurgical Service,IMD,3,18 To 52 Weeks,2520
Neurosurgical Service,IMD,3,Over 52 Weeks,175
Neurosurgical Service,IMD,3,Total,6250
Neurosurgical Service,IMD,4,01 To 18 Weeks,3335
Neurosurgical Service,IMD,4,18 To 52 Weeks,2265
Neurosurgical Service,IMD,4,Over 52 Weeks,160
Neurosurgical Service,IMD,4,Total,5760
Neurosurgical Service,IMD,5,01 To 18 Weeks,3150
Neurosurgical Service,IMD,5,18 To 52 Weeks,2150
Neurosurgical Service,IMD,5,Over 52 Weeks,150
Neurosurgical Service,IMD,5,Total,5450
Neurosurgical Service,IMD,6,01 To 18 Weeks,3120
Neurosurgical Service,IMD,6,18 To 52 Weeks,2120
Neurosurgical Service,IMD,6,Over 52 Weeks,175
Neurosurgical Service,IMD,6,Total,5420
Neurosurgical Service,IMD,7,01 To 18 Weeks,3085
Neurosurgical Service,IMD,7,18 To 52 Weeks,2030
Neurosurgical Service,IMD,7,Over 52 Weeks,145
Neurosurgical Service,IMD,7,Total,5255
Neurosurgical Service,IMD,8,01 To 18 Weeks,3080
Neurosurgical Service,IMD,8,18 To 52 Weeks,1920
Neurosurgical Service,IMD,8,Over 52 Weeks,130
Neurosurgical Service,IMD,8,Total,5125
Neurosurgical Service,IMD,9,01 To 18 Weeks,2865
Neurosurgical Service,IMD,9,18 To 52 Weeks,1820
Neurosurgical Service,IMD,9,Over 52 Weeks,130
Neurosurgical Service,IMD,9,Total,4815
Neurosurgical Service,Sex,Female,01 To 18 Weeks,17375
Neurosurgical Service,Sex,Female,18 To 52 Weeks,11740
Neurosurgical Service,Sex,Female,Over 52 Weeks,805
Neurosurgical Service,Sex,Female,Total,29920
Neurosurgical Service,Sex,Male,01 To 18 Weeks,13720
Neurosurgical Service,Sex,Male,18 To 52 Weeks,9055
Neurosurgical Service,Sex,Male,Over 52 Weeks,610
Neurosurgical Service,Sex,Male,Total,23385
Ophthalmology Service,Age,0-18 Years,Unknown Clock Start,15
Ophthalmology Service,Age,0-18 Years,01 To 18 Weeks,19985
Ophthalmology Service,Age,0-18 Years,18 To 52 Weeks,9660
Ophthalmology Service,Age,0-18 Years,Over 52 Weeks,355
Ophthalmology Service,Age,0-18 Years,Total,30015
Ophthalmology Service,Age,19-64 Years,Unknown Clock Start,175
Ophthalmology Service,Age,19-64 Years,01 To 18 Weeks,140465
Ophthalmology Service,Age,19-64 Years,18 To 52 Weeks,66665
Ophthalmology Service,Age,19-64 Years,Over 52 Weeks,3260
Ophthalmology Service,Age,19-64 Years,Total,210565
Ophthalmology Service,Age,Over 65 Years,Unknown Clock Start,255
Ophthalmology Service,Age,Over 65 Years,01 To 18 Weeks,243730
Ophthalmology Service,Age,Over 65 Years,18 To 52 Weeks,94160
Ophthalmology Service,Age,Over 65 Years,Over 52 Weeks,5165
Ophthalmology Service,Age,Over 65 Years,Total,343315
Ophthalmology Service,Ethnicity,99: Not known,Unknown Clock Start,30
Ophthalmology Service,Ethnicity,99: Not known,01 To 18 Weeks,15635
Ophthalmology Service,Ethnicity,99: Not known,18 To 52 Weeks,6105
Ophthalmology Service,Ethnicity,99: Not known,Over 52 Weeks,295
Ophthalmology Service,Ethnicity,99: Not known,Total,22070
Ophthalmology Service,Ethnicity,A: British,Unknown Clock Start,300
Ophthalmology Service,Ethnicity,A: British,01 To 18 Weeks,289425
Ophthalmology Service,Ethnicity,A: British,18 To 52 Weeks,122035
Ophthalmology Service,Ethnicity,A: British,Over 52 Weeks,6500
Ophthalmology Service,Ethnicity,A: British,Total,418260
Ophthalmology Service,Ethnicity,B: Irish,Unknown Clock Start,*
Ophthalmology Service,Ethnicity,B: Irish,01 To 18 Weeks,2595
Ophthalmology Service,Ethnicity,B: Irish,18 To 52 Weeks,1115
Ophthalmology Service,Ethnicity,B: Irish,Over 52 Weeks,65
Ophthalmology Service,Ethnicity,B: Irish,Total,3780
Ophthalmology Service,Ethnicity,C: Any other white background,Unknown Clock Start,10
Ophthalmology Service,Ethnicity,C: Any other white background,01 To 18 Weeks,17555
Ophthalmology Service,Ethnicity,C: Any other white background,18 To 52 Weeks,7505
Ophthalmology Service,Ethnicity,C: Any other white background,Over 52 Weeks,335
Ophthalmology Service,Ethnicity,C: Any other white background,Total,25405
Ophthalmology Service,Ethnicity,D: White and Black Caribbean,Unknown Clock Start,*
Ophthalmology Service,Ethnicity,D: White and Black Caribbean,01 To 18 Weeks,970
Ophthalmology Service,Ethnicity,D: White and Black Caribbean,18 To 52 Weeks,460
Ophthalmology Service,Ethnicity,D: White and Black Caribbean,Over 52 Weeks,20
Ophthalmology Service,Ethnicity,D: White and Black Caribbean,Total,1450
Ophthalmology Service,Ethnicity,E: White and Black African,Unknown Clock Start,*
Ophthalmology Service,Ethnicity,E: White and Black African,01 To 18 Weeks,735
Ophthalmology Service,Ethnicity,E: White and Black African,18 To 52 Weeks,315
Ophthalmology Service,Ethnicity,E: White and Black African,Over 52 Weeks,20
Ophthalmology Service,Ethnicity,E: White and Black African,Total,1070
Ophthalmology Service,Ethnicity,F: White and Asian,Unknown Clock Start,*
Ophthalmology Service,Ethnicity,F: White and Asian,01 To 18 Weeks,905
Ophthalmology Service,Ethnicity,F: White and Asian,18 To 52 Weeks,395
Ophthalmology Service,Ethnicity,F: White and Asian,Over 52 Weeks,20
Ophthalmology Service,Ethnicity,F: White and Asian,Total,1325
Ophthalmology Service,Ethnicity,G: Any other mixed background,Unknown Clock Start,*
Ophthalmology Service,Ethnicity,G: Any other mixed background,01 To 18 Weeks,2240
Ophthalmology Service,Ethnicity,G: Any other mixed background,18 To 52 Weeks,945
Ophthalmology Service,Ethnicity,G: Any other mixed background,Over 52 Weeks,50
Ophthalmology Service,Ethnicity,G: Any other mixed background,Total,3235
Ophthalmology Service,Ethnicity,H: Indian,Unknown Clock Start,10
Ophthalmology Service,Ethnicity,H: Indian,01 To 18 Weeks,12660
Ophthalmology Service,Ethnicity,H: Indian,18 To 52 Weeks,4810
Ophthalmology Service,Ethnicity,H: Indian,Over 52 Weeks,180
Ophthalmology Service,Ethnicity,H: Indian,Total,17660
Ophthalmology Service,Ethnicity,J: Pakistani,Unknown Clock Start,20
Ophthalmology Service,Ethnicity,J: Pakistani,01 To 18 Weeks,9495
Ophthalmology Service,Ethnicity,J: Pakistani,18 To 52 Weeks,4550
Ophthalmology Service,Ethnicity,J: Pakistani,Over 52 Weeks,255
Ophthalmology Service,Ethnicity,J: Pakistani,Total,14320
Ophthalmology Service,Ethnicity,K: Bangladeshi,Unknown Clock Start,*
Ophthalmology Service,Ethnicity,K: Bangladeshi,01 To 18 Weeks,3360
Ophthalmology Service,Ethnicity,K: Bangladeshi,18 To 52 Weeks,1315
Ophthalmology Service,Ethnicity,K: Bangladeshi,Over 52 Weeks,70
Ophthalmology Service,Ethnicity,K: Bangladeshi,Total,4745
Ophthalmology Service,Ethnicity,L: Any other Asian background,Unknown Clock Start,20
Ophthalmology Service,Ethnicity,L: Any other Asian background,01 To 18 Weeks,8295
Ophthalmology Service,Ethnicity,L: Any other Asian background,18 To 52 Weeks,3260
Ophthalmology Service,Ethnicity,L: Any other Asian background,Over 52 Weeks,140
Ophthalmology Service,Ethnicity,L: Any other Asian background,Total,11720
Ophthalmology Service,Ethnicity,M: Caribbean,Unknown Clock Start,*
Ophthalmology Service,Ethnicity,M: Caribbean,01 To 18 Weeks,5510
Ophthalmology Service,Ethnicity,M: Caribbean,18 To 52 Weeks,2105
Ophthalmology Service,Ethnicity,M: Caribbean,Over 52 Weeks,95
Ophthalmology Service,Ethnicity,M: Caribbean,Total,7710
Ophthalmology Service,Ethnicity,N: African,Unknown Clock Start,10
Ophthalmology Service,Ethnicity,N: African,01 To 18 Weeks,8700
Ophthalmology Service,Ethnicity,N: African,18 To 52 Weeks,3485
Ophthalmology Service,Ethnicity,N: African,Over 52 Weeks,170
Ophthalmology Service,Ethnicity,N: African,Total,12370
Ophthalmology Service,Ethnicity,P: Any other Black background,Unknown Clock Start,10
Ophthalmology Service,Ethnicity,P: Any other Black background,01 To 18 Weeks,3795
Ophthalmology Service,Ethnicity,P: Any other Black background,18 To 52 Weeks,1470
Ophthalmology Service,Ethnicity,P: Any other Black background,Over 52 Weeks,75
Ophthalmology Service,Ethnicity,P: Any other Black background,Total,5350
Ophthalmology Service,Ethnicity,R: Chinese,Unknown Clock Start,*
Ophthalmology Service,Ethnicity,R: Chinese,01 To 18 Weeks,2045
Ophthalmology Service,Ethnicity,R: Chinese,18 To 52 Weeks,850
Ophthalmology Service,Ethnicity,R: Chinese,Over 52 Weeks,45
Ophthalmology Service,Ethnicity,R: Chinese,Total,2945
Ophthalmology Service,Ethnicity,S: Any other ethnic group,Unknown Clock Start,*
Ophthalmology Service,Ethnicity,S: Any other ethnic group,01 To 18 Weeks,3695
Ophthalmology Service,Ethnicity,S: Any other ethnic group,18 To 52 Weeks,1605
Ophthalmology Service,Ethnicity,S: Any other ethnic group,Over 52 Weeks,65
Ophthalmology Service,Ethnicity,S: Any other ethnic group,Total,5375
Ophthalmology Service,Ethnicity,Z: Not stated,Unknown Clock Start,15
Ophthalmology Service,Ethnicity,Z: Not stated,01 To 18 Weeks,20660
Ophthalmology Service,Ethnicity,Z: Not stated,18 To 52 Weeks,8480
Ophthalmology Service,Ethnicity,Z: Not stated,Over 52 Weeks,380
Ophthalmology Service,Ethnicity,Z: Not stated,Total,29535
Ophthalmology Service,IMD,1,Unknown Clock Start,35
Ophthalmology Service,IMD,1,01 To 18 Weeks,37185
Ophthalmology Service,IMD,1,18 To 52 Weeks,16665
Ophthalmology Service,IMD,1,Over 52 Weeks,1000
Ophthalmology Service,IMD,1,Total,54885
Ophthalmology Service,IMD,10,Unknown Clock Start,70
Ophthalmology Service,IMD,10,01 To 18 Weeks,39160
Ophthalmology Service,IMD,10,18 To 52 Weeks,15345
Ophthalmology Service,IMD,10,Over 52 Weeks,715
Ophthalmology Service,IMD,10,Total,55290
Ophthalmology Service,IMD,2,Unknown Clock Start,40
Ophthalmology Service,IMD,2,01 To 18 Weeks,38155
Ophthalmology Service,IMD,2,18 To 52 Weeks,16030
Ophthalmology Service,IMD,2,Over 52 Weeks,855
Ophthalmology Service,IMD,2,Total,55080
Ophthalmology Service,IMD,3,Unknown Clock Start,35
Ophthalmology Service,IMD,3,01 To 18 Weeks,38785
Ophthalmology Service,IMD,3,18 To 52 Weeks,16185
Ophthalmology Service,IMD,3,Over 52 Weeks,815
Ophthalmology Service,IMD,3,Total,55820
Ophthalmology Service,IMD,4,Unknown Clock Start,40
Ophthalmology Service,IMD,4,01 To 18 Weeks,40260
Ophthalmology Service,IMD,4,18 To 52 Weeks,17335
Ophthalmology Service,IMD,4,Over 52 Weeks,870
Ophthalmology Service,IMD,4,Total,58510
Ophthalmology Service,IMD,5,Unknown Clock Start,35
Ophthalmology Service,IMD,5,01 To 18 Weeks,40015
Ophthalmology Service,IMD,5,18 To 52 Weeks,17055
Ophthalmology Service,IMD,5,Over 52 Weeks,915
Ophthalmology Service,IMD,5,Total,58015
Ophthalmology Service,IMD,6,Unknown Clock Start,30
Ophthalmology Service,IMD,6,01 To 18 Weeks,41380
Ophthalmology Service,IMD,6,18 To 52 Weeks,16820
Ophthalmology Service,IMD,6,Over 52 Weeks,885
Ophthalmology Service,IMD,6,Total,59115
Ophthalmology Service,IMD,7,Unknown Clock Start,40
Ophthalmology Service,IMD,7,01 To 18 Weeks,40745
Ophthalmology Service,IMD,7,18 To 52 Weeks,16765
Ophthalmology Service,IMD,7,Over 52 Weeks,825
Ophthalmology Service,IMD,7,Total,58375
Ophthalmology Service,IMD,8,Unknown Clock Start,50
Ophthalmology Service,IMD,8,01 To 18 Weeks,40580
Ophthalmology Service,IMD,8,18 To 52 Weeks,17150
Ophthalmology Service,IMD,8,Over 52 Weeks,885
Ophthalmology Service,IMD,8,Total,58660
Ophthalmology Service,IMD,9,Unknown Clock Start,65
Ophthalmology Service,IMD,9,01 To 18 Weeks,40485
Ophthalmology Service,IMD,9,18 To 52 Weeks,16850
Ophthalmology Service,IMD,9,Over 52 Weeks,835
Ophthalmology Service,IMD,9,Total,58235
Ophthalmology Service,Sex,Female,Unknown Clock Start,235
Ophthalmology Service,Sex,Female,01 To 18 Weeks,212550
Ophthalmology Service,Sex,Female,18 To 52 Weeks,88220
Ophthalmology Service,Sex,Female,Over 52 Weeks,4350
Ophthalmology Service,Sex,Female,Total,305355
Ophthalmology Service,Sex,Male,Unknown Clock Start,205
Ophthalmology Service,Sex,Male,01 To 18 Weeks,171815
Ophthalmology Service,Sex,Male,18 To 52 Weeks,69935
Ophthalmology Service,Sex,Male,Over 52 Weeks,3455
Ophthalmology Service,Sex,Male,Total,245410
Oral Surgery Service,Age,0-18 Years,Unknown Clock Start,*
Oral Surgery Service,Age,0-18 Years,01 To 18 Weeks,18560
Oral Surgery Service,Age,0-18 Years,18 To 52 Weeks,20120
Oral Surgery Service,Age,0-18 Years,Over 52 Weeks,2205
Oral Surgery Service,Age,0-18 Years,Total,40890
Oral Surgery Service,Age,19-64 Years,Unknown Clock Start,20
Oral Surgery Service,Age,19-64 Years,01 To 18 Weeks,107155
Oral Surgery Service,Age,19-64 Years,18 To 52 Weeks,100035
Oral Surgery Service,Age,19-64 Years,Over 52 Weeks,9595
Oral Surgery Service,Age,19-64 Years,Total,216805
Oral Surgery Service,Age,Over 65 Years,Unknown Clock Start,15
Oral Surgery Service,Age,Over 65 Years,01 To 18 Weeks,38100
Oral Surgery Service,Age,Over 65 Years,18 To 52 Weeks,28700
Oral Surgery Service,Age,Over 65 Years,Over 52 Weeks,2485
Oral Surgery Service,Age,Over 65 Years,Total,69295
Oral Surgery Service,Ethnicity,99: Not known,Unknown Clock Start,*
Oral Surgery Service,Ethnicity,99: Not known,01 To 18 Weeks,5265
Oral Surgery Service,Ethnicity,99: Not known,18 To 52 Weeks,4345
Oral Surgery Service,Ethnicity,99: Not known,Over 52 Weeks,360
Oral Surgery Service,Ethnicity,99: Not known,Total,9975
Oral Surgery Service,Ethnicity,A: British,Unknown Clock Start,35
Oral Surgery Service,Ethnicity,A: British,01 To 18 Weeks,114025
Oral Surgery Service,Ethnicity,A: British,18 To 52 Weeks,105205
Oral Surgery Service,Ethnicity,A: British,Over 52 Weeks,10270
Oral Surgery Service,Ethnicity,A: British,Total,229535
Oral Surgery Service,Ethnicity,B: Irish,01 To 18 Weeks,800
Oral Surgery Service,Ethnicity,B: Irish,18 To 52 Weeks,655
Oral Surgery Service,Ethnicity,B: Irish,Over 52 Weeks,55
Oral Surgery Service,Ethnicity,B: Irish,Total,1510
Oral Surgery Service,Ethnicity,C: Any other white background,Unknown Clock Start,*
Oral Surgery Service,Ethnicity,C: Any other white background,01 To 18 Weeks,8690
Oral Surgery Service,Ethnicity,C: Any other white background,18 To 52 Weeks,7650
Oral Surgery Service,Ethnicity,C: Any other white background,Over 52 Weeks,720
Oral Surgery Service,Ethnicity,C: Any other white background,Total,17065
Oral Surgery Service,Ethnicity,D: White and Black Caribbean,01 To 18 Weeks,880
Oral Surgery Service,Ethnicity,D: White and Black Caribbean,18 To 52 Weeks,835
Oral Surgery Service,Ethnicity,D: White and Black Caribbean,Over 52 Weeks,75
Oral Surgery Service,Ethnicity,D: White and Black Caribbean,Total,1790
Oral Surgery Service,Ethnicity,E: White and Black African,01 To 18 Weeks,420
Oral Surgery Service,Ethnicity,E: White and Black African,18 To 52 Weeks,365
Oral Surgery Service,Ethnicity,E: White and Black African,Over 52 Weeks,25
Oral Surgery Service,Ethnicity,E: White and Black African,Total,805
Oral Surgery Service,Ethnicity,F: White and Asian,01 To 18 Weeks,610
Oral Surgery Service,Ethnicity,F: White and Asian,18 To 52 Weeks,565
Oral Surgery Service,Ethnicity,F: White and Asian,Over 52 Weeks,55
Oral Surgery Service,Ethnicity,F: White and Asian,Total,1230
Oral Surgery Service,Ethnicity,G: Any other mixed background,Unknown Clock Start,*
Oral Surgery Service,Ethnicity,G: Any other mixed background,01 To 18 Weeks,1350
Oral Surgery Service,Ethnicity,G: Any other mixed background,18 To 52 Weeks,1250
Oral Surgery Service,Ethnicity,G: Any other mixed background,Over 52 Weeks,125
Oral Surgery Service,Ethnicity,G: Any other mixed background,Total,2725
Oral Surgery Service,Ethnicity,H: Indian,01 To 18 Weeks,4690
Oral Surgery Service,Ethnicity,H: Indian,18 To 52 Weeks,4230
Oral Surgery Service,Ethnicity,H: Indian,Over 52 Weeks,415
Oral Surgery Service,Ethnicity,H: Indian,Total,9340
Oral Surgery Service,Ethnicity,J: Pakistani,01 To 18 Weeks,4185
Oral Surgery Service,Ethnicity,J: Pakistani,18 To 52 Weeks,3950
Oral Surgery Service,Ethnicity,J: Pakistani,Over 52 Weeks,415
Oral Surgery Service,Ethnicity,J: Pakistani,Total,8555
Oral Surgery Service,Ethnicity,K: Bangladeshi,01 To 18 Weeks,1750
Oral Surgery Service,Ethnicity,K: Bangladeshi,18 To 52 Weeks,1405
Oral Surgery Service,Ethnicity,K: Bangladeshi,Over 52 Weeks,165
Oral Surgery Service,Ethnicity,K: Bangladeshi,Total,3325
Oral Surgery Service,Ethnicity,L: Any other Asian background,Unknown Clock Start,*
Oral Surgery Service,Ethnicity,L: Any other Asian background,01 To 18 Weeks,3470
Oral Surgery Service,Ethnicity,L: Any other Asian background,18 To 52 Weeks,2980
Oral Surgery Service,Ethnicity,L: Any other Asian background,Over 52 Weeks,255
Oral Surgery Service,Ethnicity,L: Any other Asian background,Total,6705
Oral Surgery Service,Ethnicity,M: Caribbean,01 To 18 Weeks,2410
Oral Surgery Service,Ethnicity,M: Caribbean,18 To 52 Weeks,1865
Oral Surgery Service,Ethnicity,M: Caribbean,Over 52 Weeks,130
Oral Surgery Service,Ethnicity,M: Caribbean,Total,4405
Oral Surgery Service,Ethnicity,N: African,01 To 18 Weeks,3330
Oral Surgery Service,Ethnicity,N: African,18 To 52 Weeks,2755
Oral Surgery Service,Ethnicity,N: African,Over 52 Weeks,240
Oral Surgery Service,Ethnicity,N: African,Total,6325
Oral Surgery Service,Ethnicity,P: Any other Black background,01 To 18 Weeks,1845
Oral Surgery Service,Ethnicity,P: Any other Black background,18 To 52 Weeks,1455
Oral Surgery Service,Ethnicity,P: Any other Black background,Over 52 Weeks,100
Oral Surgery Service,Ethnicity,P: Any other Black background,Total,3400
Oral Surgery Service,Ethnicity,R: Chinese,01 To 18 Weeks,760
Oral Surgery Service,Ethnicity,R: Chinese,18 To 52 Weeks,650
Oral Surgery Service,Ethnicity,R: Chinese,Over 52 Weeks,55
Oral Surgery Service,Ethnicity,R: Chinese,Total,1465
Oral Surgery Service,Ethnicity,S: Any other ethnic group,01 To 18 Weeks,1850
Oral Surgery Service,Ethnicity,S: Any other ethnic group,18 To 52 Weeks,1445
Oral Surgery Service,Ethnicity,S: Any other ethnic group,Over 52 Weeks,120
Oral Surgery Service,Ethnicity,S: Any other ethnic group,Total,3415
Oral Surgery Service,Ethnicity,Z: Not stated,01 To 18 Weeks,8780
Oral Surgery Service,Ethnicity,Z: Not stated,18 To 52 Weeks,7640
Oral Surgery Service,Ethnicity,Z: Not stated,Over 52 Weeks,715
Oral Surgery Service,Ethnicity,Z: Not stated,Total,17130
Oral Surgery Service,IMD,1,Unknown Clock Start,*
Oral Surgery Service,IMD,1,01 To 18 Weeks,17475
Oral Surgery Service,IMD,1,18 To 52 Weeks,17025
Oral Surgery Service,IMD,1,Over 52 Weeks,1850
Oral Surgery Service,IMD,1,Total,36350
Oral Surgery Service,IMD,10,Unknown Clock Start,*
Oral Surgery Service,IMD,10,01 To 18 Weeks,13670
Oral Surgery Service,IMD,10,18 To 52 Weeks,12945
Oral Surgery Service,IMD,10,Over 52 Weeks,1355
Oral Surgery Service,IMD,10,Total,27975
Oral Surgery Service,IMD,2,Unknown Clock Start,*
Oral Surgery Service,IMD,2,01 To 18 Weeks,17360
Oral Surgery Service,IMD,2,18 To 52 Weeks,15250
Oral Surgery Service,IMD,2,Over 52 Weeks,1470
Oral Surgery Service,IMD,2,Total,34080
Oral Surgery Service,IMD,3,Unknown Clock Start,*
Oral Surgery Service,IMD,3,01 To 18 Weeks,17360
Oral Surgery Service,IMD,3,18 To 52 Weeks,14970
Oral Surgery Service,IMD,3,Over 52 Weeks,1410
Oral Surgery Service,IMD,3,Total,33745
Oral Surgery Service,IMD,4,Unknown Clock Start,*
Oral Surgery Service,IMD,4,01 To 18 Weeks,16245
Oral Surgery Service,IMD,4,18 To 52 Weeks,14500
Oral Surgery Service,IMD,4,Over 52 Weeks,1295
Oral Surgery Service,IMD,4,Total,32045
Oral Surgery Service,IMD,5,Unknown Clock Start,*
Oral Surgery Service,IMD,5,01 To 18 Weeks,15980
Oral Surgery Service,IMD,5,18 To 52 Weeks,14090
Oral Surgery Service,IMD,5,Over 52 Weeks,1285
Oral Surgery Service,IMD,5,Total,31365
Oral Surgery Service,IMD,6,Unknown Clock Start,*
Oral Surgery Service,IMD,6,01 To 18 Weeks,15970
Oral Surgery Service,IMD,6,18 To 52 Weeks,13910
Oral Surgery Service,IMD,6,Over 52 Weeks,1250
Oral Surgery Service,IMD,6,Total,31140
Oral Surgery Service,IMD,7,Unknown Clock Start,10
Oral Surgery Service,IMD,7,01 To 18 Weeks,15515
Oral Surgery Service,IMD,7,18 To 52 Weeks,13870
Oral Surgery Service,IMD,7,Over 52 Weeks,1305
Oral Surgery Service,IMD,7,Total,30700
Oral Surgery Service,IMD,8,Unknown Clock Start,*
Oral Surgery Service,IMD,8,01 To 18 Weeks,15205
Oral Surgery Service,IMD,8,18 To 52 Weeks,14170
Oral Surgery Service,IMD,8,Over 52 Weeks,1320
Oral Surgery Service,IMD,8,Total,30695
Oral Surgery Service,IMD,9,Unknown Clock Start,*
Oral Surgery Service,IMD,9,01 To 18 Weeks,14640
Oral Surgery Service,IMD,9,18 To 52 Weeks,13605
Oral Surgery Service,IMD,9,Over 52 Weeks,1360
Oral Surgery Service,IMD,9,Total,29610
Oral Surgery Service,Sex,Female,Unknown Clock Start,25
Oral Surgery Service,Sex,Female,01 To 18 Weeks,88875
Oral Surgery Service,Sex,Female,18 To 52 Weeks,83955
Oral Surgery Service,Sex,Female,Over 52 Weeks,8085
Oral Surgery Service,Sex,Female,Total,180940
Oral Surgery Service,Sex,Male,Unknown Clock Start,15
Oral Surgery Service,Sex,Male,01 To 18 Weeks,63545
Oral Surgery Service,Sex,Male,18 To 52 Weeks,57115
Oral Surgery Service,Sex,Male,Over 52 Weeks,5485
Oral Surgery Service,Sex,Male,Total,126160
Other - Medical Services,Age,0-18 Years,Unknown Clock Start,100
Other - Medical Services,Age,0-18 Years,01 To 18 Weeks,110415
Other - Medical Services,Age,0-18 Years,18 To 52 Weeks,41285
Other - Medical Services,Age,0-18 Years,Over 52 Weeks,1400
Other - Medical Services,Age,0-18 Years,Total,153200
Other - Medical Services,Age,19-64 Years,Unknown Clock Start,365
Other - Medical Services,Age,19-64 Years,01 To 18 Weeks,259705
Other - Medical Services,Age,19-64 Years,18 To 52 Weeks,153205
Other - Medical Services,Age,19-64 Years,Over 52 Weeks,8965
Other - Medical Services,Age,19-64 Years,Total,422235
Other - Medical Services,Age,Over 65 Years,Unknown Clock Start,330
Other - Medical Services,Age,Over 65 Years,01 To 18 Weeks,121850
Other - Medical Services,Age,Over 65 Years,18 To 52 Weeks,61415
Other - Medical Services,Age,Over 65 Years,Over 52 Weeks,3305
Other - Medical Services,Age,Over 65 Years,Total,186895
Other - Medical Services,Ethnicity,99: Not known,Unknown Clock Start,10
Other - Medical Services,Ethnicity,99: Not known,01 To 18 Weeks,19065
Other - Medical Services,Ethnicity,99: Not known,18 To 52 Weeks,7075
Other - Medical Services,Ethnicity,99: Not known,Over 52 Weeks,360
Other - Medical Services,Ethnicity,99: Not known,Total,26510
Other - Medical Services,Ethnicity,A: British,Unknown Clock Start,590
Other - Medical Services,Ethnicity,A: British,01 To 18 Weeks,331345
Other - Medical Services,Ethnicity,A: British,18 To 52 Weeks,171880
Other - Medical Services,Ethnicity,A: British,Over 52 Weeks,9445
Other - Medical Services,Ethnicity,A: British,Total,513255
Other - Medical Services,Ethnicity,B: Irish,Unknown Clock Start,*
Other - Medical Services,Ethnicity,B: Irish,01 To 18 Weeks,2800
Other - Medical Services,Ethnicity,B: Irish,18 To 52 Weeks,1480
Other - Medical Services,Ethnicity,B: Irish,Over 52 Weeks,80
Other - Medical Services,Ethnicity,B: Irish,Total,4365
Other - Medical Services,Ethnicity,C: Any other white background,Unknown Clock Start,45
Other - Medical Services,Ethnicity,C: Any other white background,01 To 18 Weeks,34795
Other - Medical Services,Ethnicity,C: Any other white background,18 To 52 Weeks,18625
Other - Medical Services,Ethnicity,C: Any other white background,Over 52 Weeks,885
Other - Medical Services,Ethnicity,C: Any other white background,Total,54350
Other - Medical Services,Ethnicity,D: White and Black Caribbean,Unknown Clock Start,*
Other - Medical Services,Ethnicity,D: White and Black Caribbean,01 To 18 Weeks,2860
Other - Medical Services,Ethnicity,D: White and Black Caribbean,18 To 52 Weeks,1420
Other - Medical Services,Ethnicity,D: White and Black Caribbean,Over 52 Weeks,60
Other - Medical Services,Ethnicity,D: White and Black Caribbean,Total,4345
Other - Medical Services,Ethnicity,E: White and Black African,Unknown Clock Start,*
Other - Medical Services,Ethnicity,E: White and Black African,01 To 18 Weeks,1720
Other - Medical Services,Ethnicity,E: White and Black African,18 To 52 Weeks,770
Other - Medical Services,Ethnicity,E: White and Black African,Over 52 Weeks,30
Other - Medical Services,Ethnicity,E: White and Black African,Total,2520
Other - Medical Services,Ethnicity,F: White and Asian,Unknown Clock Start,*
Other - Medical Services,Ethnicity,F: White and Asian,01 To 18 Weeks,2410
Other - Medical Services,Ethnicity,F: White and Asian,18 To 52 Weeks,1085
Other - Medical Services,Ethnicity,F: White and Asian,Over 52 Weeks,50
Other - Medical Services,Ethnicity,F: White and Asian,Total,3550
Other - Medical Services,Ethnicity,G: Any other mixed background,Unknown Clock Start,*
Other - Medical Services,Ethnicity,G: Any other mixed background,01 To 18 Weeks,5690
Other - Medical Services,Ethnicity,G: Any other mixed background,18 To 52 Weeks,2680
Other - Medical Services,Ethnicity,G: Any other mixed background,Over 52 Weeks,120
Other - Medical Services,Ethnicity,G: Any other mixed background,Total,8495
Other - Medical Services,Ethnicity,H: Indian,Unknown Clock Start,20
Other - Medical Services,Ethnicity,H: Indian,01 To 18 Weeks,15505
Other - Medical Services,Ethnicity,H: Indian,18 To 52 Weeks,8215
Other - Medical Services,Ethnicity,H: Indian,Over 52 Weeks,350
Other - Medical Services,Ethnicity,H: Indian,Total,24090
Other - Medical Services,Ethnicity,J: Pakistani,Unknown Clock Start,*
Other - Medical Services,Ethnicity,J: Pakistani,01 To 18 Weeks,14605
Other - Medical Services,Ethnicity,J: Pakistani,18 To 52 Weeks,7575
Other - Medical Services,Ethnicity,J: Pakistani,Over 52 Weeks,410
Other - Medical Services,Ethnicity,J: Pakistani,Total,22595
Other - Medical Services,Ethnicity,K: Bangladeshi,Unknown Clock Start,*
Other - Medical Services,Ethnicity,K: Bangladeshi,01 To 18 Weeks,5730
Other - Medical Services,Ethnicity,K: Bangladeshi,18 To 52 Weeks,3035
Other - Medical Services,Ethnicity,K: Bangladeshi,Over 52 Weeks,195
Other - Medical Services,Ethnicity,K: Bangladeshi,Total,8965
Other - Medical Services,Ethnicity,L: Any other Asian background,Unknown Clock Start,25
Other - Medical Services,Ethnicity,L: Any other Asian background,01 To 18 Weeks,13075
Other - Medical Services,Ethnicity,L: Any other Asian background,18 To 52 Weeks,6885
Other - Medical Services,Ethnicity,L: Any other Asian background,Over 52 Weeks,300
Other - Medical Services,Ethnicity,L: Any other Asian background,Total,20285
Other - Medical Services,Ethnicity,M: Caribbean,Unknown Clock Start,*
Other - Medical Services,Ethnicity,M: Caribbean,01 To 18 Weeks,7735
Other - Medical Services,Ethnicity,M: Caribbean,18 To 52 Weeks,4015
Other - Medical Services,Ethnicity,M: Caribbean,Over 52 Weeks,205
Other - Medical Services,Ethnicity,M: Caribbean,Total,11960
Other - Medical Services,Ethnicity,N: African,Unknown Clock Start,25
Other - Medical Services,Ethnicity,N: African,01 To 18 Weeks,14160
Other - Medical Services,Ethnicity,N: African,18 To 52 Weeks,6290
Other - Medical Services,Ethnicity,N: African,Over 52 Weeks,305
Other - Medical Services,Ethnicity,N: African,Total,20780
Other - Medical Services,Ethnicity,P: Any other Black background,Unknown Clock Start,15
Other - Medical Services,Ethnicity,P: Any other Black background,01 To 18 Weeks,6205
Other - Medical Services,Ethnicity,P: Any other Black background,18 To 52 Weeks,2940
Other - Medical Services,Ethnicity,P: Any other Black background,Over 52 Weeks,145
Other - Medical Services,Ethnicity,P: Any other Black background,Total,9305
Other - Medical Services,Ethnicity,R: Chinese,Unknown Clock Start,*
Other - Medical Services,Ethnicity,R: Chinese,01 To 18 Weeks,2480
Other - Medical Services,Ethnicity,R: Chinese,18 To 52 Weeks,1135
Other - Medical Services,Ethnicity,R: Chinese,Over 52 Weeks,70
Other - Medical Services,Ethnicity,R: Chinese,Total,3690
Other - Medical Services,Ethnicity,S: Any other ethnic group,Unknown Clock Start,15
Other - Medical Services,Ethnicity,S: Any other ethnic group,01 To 18 Weeks,6710
Other - Medical Services,Ethnicity,S: Any other ethnic group,18 To 52 Weeks,3495
Other - Medical Services,Ethnicity,S: Any other ethnic group,Over 52 Weeks,150
Other - Medical Services,Ethnicity,S: Any other ethnic group,Total,10370
Other - Medical Services,Ethnicity,Z: Not stated,Unknown Clock Start,20
Other - Medical Services,Ethnicity,Z: Not stated,01 To 18 Weeks,20660
Other - Medical Services,Ethnicity,Z: Not stated,18 To 52 Weeks,10210
Other - Medical Services,Ethnicity,Z: Not stated,Over 52 Weeks,530
Other - Medical Services,Ethnicity,Z: Not stated,Total,31415
Other - Medical Services,IMD,1,Unknown Clock Start,30
Other - Medical Services,IMD,1,01 To 18 Weeks,56200
Other - Medical Services,IMD,1,18 To 52 Weeks,28805
Other - Medical Services,IMD,1,Over 52 Weeks,1655
Other - Medical Services,IMD,1,Total,86695
Other - Medical Services,IMD,10,Unknown Clock Start,140
Other - Medical Services,IMD,10,01 To 18 Weeks,39195
Other - Medical Services,IMD,10,18 To 52 Weeks,20370
Other - Medical Services,IMD,10,Over 52 Weeks,1105
Other - Medical Services,IMD,10,Total,60810
Other - Medical Services,IMD,2,Unknown Clock Start,40
Other - Medical Services,IMD,2,01 To 18 Weeks,56710
Other - Medical Services,IMD,2,18 To 52 Weeks,28955
Other - Medical Services,IMD,2,Over 52 Weeks,1500
Other - Medical Services,IMD,2,Total,87210
Other - Medical Services,IMD,3,Unknown Clock Start,70
Other - Medical Services,IMD,3,01 To 18 Weeks,54785
Other - Medical Services,IMD,3,18 To 52 Weeks,27925
Other - Medical Services,IMD,3,Over 52 Weeks,1530
Other - Medical Services,IMD,3,Total,84310
Other - Medical Services,IMD,4,Unknown Clock Start,85
Other - Medical Services,IMD,4,01 To 18 Weeks,51760
Other - Medical Services,IMD,4,18 To 52 Weeks,26975
Other - Medical Services,IMD,4,Over 52 Weeks,1420
Other - Medical Services,IMD,4,Total,80240
Other - Medical Services,IMD,5,Unknown Clock Start,65
Other - Medical Services,IMD,5,01 To 18 Weeks,48890
Other - Medical Services,IMD,5,18 To 52 Weeks,25475
Other - Medical Services,IMD,5,Over 52 Weeks,1310
Other - Medical Services,IMD,5,Total,75740
Other - Medical Services,IMD,6,Unknown Clock Start,80
Other - Medical Services,IMD,6,01 To 18 Weeks,48160
Other - Medical Services,IMD,6,18 To 52 Weeks,25005
Other - Medical Services,IMD,6,Over 52 Weeks,1270
Other - Medical Services,IMD,6,Total,74515
Other - Medical Services,IMD,7,Unknown Clock Start,85
Other - Medical Services,IMD,7,01 To 18 Weeks,45240
Other - Medical Services,IMD,7,18 To 52 Weeks,23310
Other - Medical Services,IMD,7,Over 52 Weeks,1185
Other - Medical Services,IMD,7,Total,69815
Other - Medical Services,IMD,8,Unknown Clock Start,75
Other - Medical Services,IMD,8,01 To 18 Weeks,44495
Other - Medical Services,IMD,8,18 To 52 Weeks,23215
Other - Medical Services,IMD,8,Over 52 Weeks,1225
Other - Medical Services,IMD,8,Total,69010
Other - Medical Services,IMD,9,Unknown Clock Start,105
Other - Medical Services,IMD,9,01 To 18 Weeks,42870
Other - Medical Services,IMD,9,18 To 52 Weeks,21720
Other - Medical Services,IMD,9,Over 52 Weeks,1155
Other - Medical Services,IMD,9,Total,65850
Other - Medical Services,Sex,Female,Unknown Clock Start,390
Other - Medical Services,Sex,Female,01 To 18 Weeks,262620
Other - Medical Services,Sex,Female,18 To 52 Weeks,142135
Other - Medical Services,Sex,Female,Over 52 Weeks,7630
Other - Medical Services,Sex,Female,Total,412770
Other - Medical Services,Sex,Male,Unknown Clock Start,370
Other - Medical Services,Sex,Male,01 To 18 Weeks,205185
Other - Medical Services,Sex,Male,18 To 52 Weeks,100875
Other - Medical Services,Sex,Male,Over 52 Weeks,5585
Other - Medical Services,Sex,Male,Total,312015
Other - Mental Health Services,Age,0-18 Years,Unknown Clock Start,*
Other - Mental Health Services,Age,0-18 Years,01 To 18 Weeks,280
Other - Mental Health Services,Age,0-18 Years,18 To 52 Weeks,70
Other - Mental Health Services,Age,0-18 Years,Over 52 Weeks,*
Other - Mental Health Services,Age,0-18 Years,Total,355
Other - Mental Health Services,Age,19-64 Years,01 To 18 Weeks,825
Other - Mental Health Services,Age,19-64 Years,18 To 52 Weeks,355
Other - Mental Health Services,Age,19-64 Years,Over 52 Weeks,*
Other - Mental Health Services,Age,19-64 Years,Total,1180
Other - Mental Health Services,Age,Over 65 Years,01 To 18 Weeks,475
Other - Mental Health Services,Age,Over 65 Years,18 To 52 Weeks,65
Other - Mental Health Services,Age,Over 65 Years,Over 52 Weeks,*
Other - Mental Health Services,Age,Over 65 Years,Total,540
Other - Mental Health Services,Ethnicity,99: Not known,01 To 18 Weeks,50
Other - Mental Health Services,Ethnicity,99: Not known,18 To 52 Weeks,10
Other - Mental Health Services,Ethnicity,99: Not known,Total,60
Other - Mental Health Services,Ethnicity,A: British,Unknown Clock Start,*
Other - Mental Health Services,Ethnicity,A: British,01 To 18 Weeks,1335
Other - Mental Health Services,Ethnicity,A: British,18 To 52 Weeks,450
Other - Mental Health Services,Ethnicity,A: British,Over 52 Weeks,*
Other - Mental Health Services,Ethnicity,A: British,Total,1790
Other - Mental Health Services,Ethnicity,B: Irish,01 To 18 Weeks,10
Other - Mental Health Services,Ethnicity,B: Irish,18 To 52 Weeks,*
Other - Mental Health Services,Ethnicity,B: Irish,Total,15
Other - Mental Health Services,Ethnicity,C: Any other white background,01 To 18 Weeks,110
Other - Mental Health Services,Ethnicity,C: Any other white background,18 To 52 Weeks,40
Other - Mental Health Services,Ethnicity,C: Any other white background,Over 52 Weeks,*
Other - Mental Health Services,Ethnicity,C: Any other white background,Total,150
Other - Mental Health Services,Ethnicity,D: White and Black Caribbean,01 To 18 Weeks,20
Other - Mental Health Services,Ethnicity,D: White and Black Caribbean,18 To 52 Weeks,*
Other - Mental Health Services,Ethnicity,D: White and Black Caribbean,Total,25
Other - Mental Health Services,Ethnicity,E: White and Black African,01 To 18 Weeks,*
Other - Mental Health Services,Ethnicity,E: White and Black African,18 To 52 Weeks,*
Other - Mental Health Services,Ethnicity,E: White and Black African,Total,10
Other - Mental Health Services,Ethnicity,F: White and Asian,01 To 18 Weeks,*
Other - Mental Health Services,Ethnicity,F: White and Asian,18 To 52 Weeks,*
Other - Mental Health Services,Ethnicity,F: White and Asian,Total,10
Other - Mental Health Services,Ethnicity,G: Any other mixed background,01 To 18 Weeks,15
Other - Mental Health Services,Ethnicity,G: Any other mixed background,18 To 52 Weeks,10
Other - Mental Health Services,Ethnicity,G: Any other mixed background,Total,25
Other - Mental Health Services,Ethnicity,H: Indian,01 To 18 Weeks,30
Other - Mental Health Services,Ethnicity,H: Indian,18 To 52 Weeks,10
Other - Mental Health Services,Ethnicity,H: Indian,Total,40
Other - Mental Health Services,Ethnicity,J: Pakistani,01 To 18 Weeks,15
Other - Mental Health Services,Ethnicity,J: Pakistani,18 To 52 Weeks,*
Other - Mental Health Services,Ethnicity,J: Pakistani,Over 52 Weeks,*
Other - Mental Health Services,Ethnicity,J: Pakistani,Total,20
Other - Mental Health Services,Ethnicity,K: Bangladeshi,01 To 18 Weeks,10
Other - Mental Health Services,Ethnicity,K: Bangladeshi,18 To 52 Weeks,*
Other - Mental Health Services,Ethnicity,K: Bangladeshi,Total,20
Other - Mental Health Services,Ethnicity,L: Any other Asian background,01 To 18 Weeks,30
Other - Mental Health Services,Ethnicity,L: Any other Asian background,18 To 52 Weeks,10
Other - Mental Health Services,Ethnicity,L: Any other Asian background,Total,40
Other - Mental Health Services,Ethnicity,M: Caribbean,01 To 18 Weeks,20
Other - Mental Health Services,Ethnicity,M: Caribbean,18 To 52 Weeks,*
Other - Mental Health Services,Ethnicity,M: Caribbean,Total,25
Other - Mental Health Services,Ethnicity,N: African,01 To 18 Weeks,30
Other - Mental Health Services,Ethnicity,N: African,18 To 52 Weeks,10
Other - Mental Health Services,Ethnicity,N: African,Total,40
Other - Mental Health Services,Ethnicity,P: Any other Black background,01 To 18 Weeks,15
Other - Mental Health Services,Ethnicity,P: Any other Black background,18 To 52 Weeks,*
Other - Mental Health Services,Ethnicity,P: Any other Black background,Total,20
Other - Mental Health Services,Ethnicity,R: Chinese,01 To 18 Weeks,*
Other - Mental Health Services,Ethnicity,R: Chinese,18 To 52 Weeks,*
Other - Mental Health Services,Ethnicity,R: Chinese,Total,10
Other - Mental Health Services,Ethnicity,S: Any other ethnic group,01 To 18 Weeks,*
Other - Mental Health Services,Ethnicity,S: Any other ethnic group,18 To 52 Weeks,*
Other - Mental Health Services,Ethnicity,S: Any other ethnic group,Total,10
Other - Mental Health Services,Ethnicity,Z: Not stated,01 To 18 Weeks,60
Other - Mental Health Services,Ethnicity,Z: Not stated,18 To 52 Weeks,30
Other - Mental Health Services,Ethnicity,Z: Not stated,Total,90
Other - Mental Health Services,IMD,1,01 To 18 Weeks,170
Other - Mental Health Services,IMD,1,18 To 52 Weeks,40
Other - Mental Health Services,IMD,1,Total,210
Other - Mental Health Services,IMD,10,01 To 18 Weeks,155
Other - Mental Health Services,IMD,10,18 To 52 Weeks,45
Other - Mental Health Services,IMD,10,Total,200
Other - Mental Health Services,IMD,2,01 To 18 Weeks,165
Other - Mental Health Services,IMD,2,18 To 52 Weeks,75
Other - Mental Health Services,IMD,2,Total,240
Other - Mental Health Services,IMD,3,01 To 18 Weeks,190
Other - Mental Health Services,IMD,3,18 To 52 Weeks,65
Other - Mental Health Services,IMD,3,Total,255
Other - Mental Health Services,IMD,4,01 To 18 Weeks,180
Other - Mental Health Services,IMD,4,18 To 52 Weeks,70
Other - Mental Health Services,IMD,4,Over 52 Weeks,*
Other - Mental Health Services,IMD,4,Total,250
Other - Mental Health Services,IMD,5,01 To 18 Weeks,190
Other - Mental Health Services,IMD,5,18 To 52 Weeks,45
Other - Mental Health Services,IMD,5,Total,235
Other - Mental Health Services,IMD,6,01 To 18 Weeks,135
Other - Mental Health Services,IMD,6,18 To 52 Weeks,70
Other - Mental Health Services,IMD,6,Total,205
Other - Mental Health Services,IMD,7,Unknown Clock Start,*
Other - Mental Health Services,IMD,7,01 To 18 Weeks,185
Other - Mental Health Services,IMD,7,18 To 52 Weeks,65
Other - Mental Health Services,IMD,7,Total,255
Other - Mental Health Services,IMD,8,01 To 18 Weeks,155
Other - Mental Health Services,IMD,8,18 To 52 Weeks,60
Other - Mental Health Services,IMD,8,Total,215
Other - Mental Health Services,IMD,9,01 To 18 Weeks,185
Other - Mental Health Services,IMD,9,18 To 52 Weeks,55
Other - Mental Health Services,IMD,9,Over 52 Weeks,*
Other - Mental Health Services,IMD,9,Total,240
Other - Mental Health Services,Sex,Female,Unknown Clock Start,*
Other - Mental Health Services,Sex,Female,01 To 18 Weeks,950
Other - Mental Health Services,Sex,Female,18 To 52 Weeks,295
Other - Mental Health Services,Sex,Female,Over 52 Weeks,*
Other - Mental Health Services,Sex,Female,Total,1250
Other - Mental Health Services,Sex,Male,01 To 18 Weeks,620
Other - Mental Health Services,Sex,Male,18 To 52 Weeks,190
Other - Mental Health Services,Sex,Male,Over 52 Weeks,*
Other - Mental Health Services,Sex,Male,Total,810
Other - Other Services,Age,0-18 Years,Unknown Clock Start,*
Other - Other Services,Age,0-18 Years,01 To 18 Weeks,4880
Other - Other Services,Age,0-18 Years,18 To 52 Weeks,1550
Other - Other Services,Age,0-18 Years,Over 52 Weeks,80
Other - Other Services,Age,0-18 Years,Total,6510
Other - Other Services,Age,19-64 Years,Unknown Clock Start,35
Other - Other Services,Age,19-64 Years,01 To 18 Weeks,46580
Other - Other Services,Age,19-64 Years,18 To 52 Weeks,14740
Other - Other Services,Age,19-64 Years,Over 52 Weeks,1135
Other - Other Services,Age,19-64 Years,Total,62495
Other - Other Services,Age,Over 65 Years,Unknown Clock Start,*
Other - Other Services,Age,Over 65 Years,01 To 18 Weeks,31170
Other - Other Services,Age,Over 65 Years,18 To 52 Weeks,7050
Other - Other Services,Age,Over 65 Years,Over 52 Weeks,450
Other - Other Services,Age,Over 65 Years,Total,38680
Other - Other Services,Ethnicity,99: Not known,01 To 18 Weeks,4770
Other - Other Services,Ethnicity,99: Not known,18 To 52 Weeks,760
Other - Other Services,Ethnicity,99: Not known,Over 52 Weeks,65
Other - Other Services,Ethnicity,99: Not known,Total,5590
Other - Other Services,Ethnicity,A: British,Unknown Clock Start,20
Other - Other Services,Ethnicity,A: British,01 To 18 Weeks,58550
Other - Other Services,Ethnicity,A: British,18 To 52 Weeks,17025
Other - Other Services,Ethnicity,A: British,Over 52 Weeks,1100
Other - Other Services,Ethnicity,A: British,Total,76695
Other - Other Services,Ethnicity,B: Irish,01 To 18 Weeks,485
Other - Other Services,Ethnicity,B: Irish,18 To 52 Weeks,135
Other - Other Services,Ethnicity,B: Irish,Over 52 Weeks,15
Other - Other Services,Ethnicity,B: Irish,Total,630
Other - Other Services,Ethnicity,C: Any other white background,Unknown Clock Start,10
Other - Other Services,Ethnicity,C: Any other white background,01 To 18 Weeks,5980
Other - Other Services,Ethnicity,C: Any other white background,18 To 52 Weeks,1340
Other - Other Services,Ethnicity,C: Any other white background,Over 52 Weeks,85
Other - Other Services,Ethnicity,C: Any other white background,Total,7415
Other - Other Services,Ethnicity,D: White and Black Caribbean,01 To 18 Weeks,310
Other - Other Services,Ethnicity,D: White and Black Caribbean,18 To 52 Weeks,80
Other - Other Services,Ethnicity,D: White and Black Caribbean,Over 52 Weeks,10
Other - Other Services,Ethnicity,D: White and Black Caribbean,Total,400
Other - Other Services,Ethnicity,E: White and Black African,01 To 18 Weeks,155
Other - Other Services,Ethnicity,E: White and Black African,18 To 52 Weeks,65
Other - Other Services,Ethnicity,E: White and Black African,Over 52 Weeks,*
Other - Other Services,Ethnicity,E: White and Black African,Total,225
Other - Other Services,Ethnicity,F: White and Asian,Unknown Clock Start,*
Other - Other Services,Ethnicity,F: White and Asian,01 To 18 Weeks,245
Other - Other Services,Ethnicity,F: White and Asian,18 To 52 Weeks,65
Other - Other Services,Ethnicity,F: White and Asian,Over 52 Weeks,*
Other - Other Services,Ethnicity,F: White and Asian,Total,315
Other - Other Services,Ethnicity,G: Any other mixed background,Unknown Clock Start,*
Other - Other Services,Ethnicity,G: Any other mixed background,01 To 18 Weeks,640
Other - Other Services,Ethnicity,G: Any other mixed background,18 To 52 Weeks,165
Other - Other Services,Ethnicity,G: Any other mixed background,Over 52 Weeks,10
Other - Other Services,Ethnicity,G: Any other mixed background,Total,815
Other - Other Services,Ethnicity,H: Indian,Unknown Clock Start,*
Other - Other Services,Ethnicity,H: Indian,01 To 18 Weeks,1625
Other - Other Services,Ethnicity,H: Indian,18 To 52 Weeks,570
Other - Other Services,Ethnicity,H: Indian,Over 52 Weeks,45
Other - Other Services,Ethnicity,H: Indian,Total,2245
Other - Other Services,Ethnicity,J: Pakistani,Unknown Clock Start,*
Other - Other Services,Ethnicity,J: Pakistani,01 To 18 Weeks,1370
Other - Other Services,Ethnicity,J: Pakistani,18 To 52 Weeks,550
Other - Other Services,Ethnicity,J: Pakistani,Over 52 Weeks,95
Other - Other Services,Ethnicity,J: Pakistani,Total,2015
Other - Other Services,Ethnicity,K: Bangladeshi,Unknown Clock Start,*
Other - Other Services,Ethnicity,K: Bangladeshi,01 To 18 Weeks,745
Other - Other Services,Ethnicity,K: Bangladeshi,18 To 52 Weeks,225
Other - Other Services,Ethnicity,K: Bangladeshi,Over 52 Weeks,25
Other - Other Services,Ethnicity,K: Bangladeshi,Total,1000
Other - Other Services,Ethnicity,L: Any other Asian background,Unknown Clock Start,*
Other - Other Services,Ethnicity,L: Any other Asian background,01 To 18 Weeks,1645
Other - Other Services,Ethnicity,L: Any other Asian background,18 To 52 Weeks,425
Other - Other Services,Ethnicity,L: Any other Asian background,Over 52 Weeks,35
Other - Other Services,Ethnicity,L: Any other Asian background,Total,2110
Other - Other Services,Ethnicity,M: Caribbean,01 To 18 Weeks,980
Other - Other Services,Ethnicity,M: Caribbean,18 To 52 Weeks,250
Other - Other Services,Ethnicity,M: Caribbean,Over 52 Weeks,25
Other - Other Services,Ethnicity,M: Caribbean,Total,1250
Other - Other Services,Ethnicity,N: African,01 To 18 Weeks,1700
Other - Other Services,Ethnicity,N: African,18 To 52 Weeks,355
Other - Other Services,Ethnicity,N: African,Over 52 Weeks,25
Other - Other Services,Ethnicity,N: African,Total,2080
Other - Other Services,Ethnicity,P: Any other Black background,Unknown Clock Start,*
Other - Other Services,Ethnicity,P: Any other Black background,01 To 18 Weeks,640
Other - Other Services,Ethnicity,P: Any other Black background,18 To 52 Weeks,150
Other - Other Services,Ethnicity,P: Any other Black background,Over 52 Weeks,10
Other - Other Services,Ethnicity,P: Any other Black background,Total,800
Other - Other Services,Ethnicity,R: Chinese,01 To 18 Weeks,345
Other - Other Services,Ethnicity,R: Chinese,18 To 52 Weeks,90
Other - Other Services,Ethnicity,R: Chinese,Over 52 Weeks,*
Other - Other Services,Ethnicity,R: Chinese,Total,445
Other - Other Services,Ethnicity,S: Any other ethnic group,Unknown Clock Start,*
Other - Other Services,Ethnicity,S: Any other ethnic group,01 To 18 Weeks,820
Other - Other Services,Ethnicity,S: Any other ethnic group,18 To 52 Weeks,195
Other - Other Services,Ethnicity,S: Any other ethnic group,Over 52 Weeks,20
Other - Other Services,Ethnicity,S: Any other ethnic group,Total,1035
Other - Other Services,Ethnicity,Z: Not stated,01 To 18 Weeks,5245
Other - Other Services,Ethnicity,Z: Not stated,18 To 52 Weeks,1280
Other - Other Services,Ethnicity,Z: Not stated,Over 52 Weeks,95
Other - Other Services,Ethnicity,Z: Not stated,Total,6620
Other - Other Services,IMD,1,01 To 18 Weeks,8525
Other - Other Services,IMD,1,18 To 52 Weeks,2625
Other - Other Services,IMD,1,Over 52 Weeks,275
Other - Other Services,IMD,1,Total,11425
Other - Other Services,IMD,10,Unknown Clock Start,*
Other - Other Services,IMD,10,01 To 18 Weeks,7240
Other - Other Services,IMD,10,18 To 52 Weeks,2175
Other - Other Services,IMD,10,Over 52 Weeks,165
Other - Other Services,IMD,10,Total,9585
Other - Other Services,IMD,2,Unknown Clock Start,*
Other - Other Services,IMD,2,01 To 18 Weeks,8920
Other - Other Services,IMD,2,18 To 52 Weeks,2490
Other - Other Services,IMD,2,Over 52 Weeks,160
Other - Other Services,IMD,2,Total,11575
Other - Other Services,IMD,3,Unknown Clock Start,*
Other - Other Services,IMD,3,01 To 18 Weeks,8680
Other - Other Services,IMD,3,18 To 52 Weeks,2250
Other - Other Services,IMD,3,Over 52 Weeks,135
Other - Other Services,IMD,3,Total,11070
Other - Other Services,IMD,4,Unknown Clock Start,*
Other - Other Services,IMD,4,01 To 18 Weeks,8730
Other - Other Services,IMD,4,18 To 52 Weeks,2470
Other - Other Services,IMD,4,Over 52 Weeks,165
Other - Other Services,IMD,4,Total,11370
Other - Other Services,IMD,5,Unknown Clock Start,*
Other - Other Services,IMD,5,01 To 18 Weeks,7875
Other - Other Services,IMD,5,18 To 52 Weeks,2225
Other - Other Services,IMD,5,Over 52 Weeks,160
Other - Other Services,IMD,5,Total,10260
Other - Other Services,IMD,6,Unknown Clock Start,*
Other - Other Services,IMD,6,01 To 18 Weeks,8050
Other - Other Services,IMD,6,18 To 52 Weeks,2160
Other - Other Services,IMD,6,Over 52 Weeks,150
Other - Other Services,IMD,6,Total,10365
Other - Other Services,IMD,7,Unknown Clock Start,*
Other - Other Services,IMD,7,01 To 18 Weeks,8030
Other - Other Services,IMD,7,18 To 52 Weeks,2360
Other - Other Services,IMD,7,Over 52 Weeks,130
Other - Other Services,IMD,7,Total,10525
Other - Other Services,IMD,8,Unknown Clock Start,*
Other - Other Services,IMD,8,01 To 18 Weeks,8110
Other - Other Services,IMD,8,18 To 52 Weeks,2125
Other - Other Services,IMD,8,Over 52 Weeks,155
Other - Other Services,IMD,8,Total,10395
Other - Other Services,IMD,9,Unknown Clock Start,10
Other - Other Services,IMD,9,01 To 18 Weeks,7295
Other - Other Services,IMD,9,18 To 52 Weeks,2070
Other - Other Services,IMD,9,Over 52 Weeks,135
Other - Other Services,IMD,9,Total,9515
Other - Other Services,Sex,Female,Unknown Clock Start,35
Other - Other Services,Sex,Female,01 To 18 Weeks,46025
Other - Other Services,Sex,Female,18 To 52 Weeks,12720
Other - Other Services,Sex,Female,Over 52 Weeks,960
Other - Other Services,Sex,Female,Total,59740
Other - Other Services,Sex,Male,Unknown Clock Start,*
Other - Other Services,Sex,Male,01 To 18 Weeks,34495
Other - Other Services,Sex,Male,18 To 52 Weeks,9130
Other - Other Services,Sex,Male,Over 52 Weeks,690
Other - Other Services,Sex,Male,Total,44320
Other - Paediatric Services,Age,0-18 Years,Unknown Clock Start,195
Other - Paediatric Services,Age,0-18 Years,01 To 18 Weeks,172300
Other - Paediatric Services,Age,0-18 Years,18 To 52 Weeks,109635
Other - Paediatric Services,Age,0-18 Years,Over 52 Weeks,8665
Other - Paediatric Services,Age,0-18 Years,Total,290795
Other - Paediatric Services,Age,19-64 Years,01 To 18 Weeks,800
Other - Paediatric Services,Age,19-64 Years,18 To 52 Weeks,425
Other - Paediatric Services,Age,19-64 Years,Over 52 Weeks,55
Other - Paediatric Services,Age,19-64 Years,Total,1280
Other - Paediatric Services,Age,Over 65 Years,01 To 18 Weeks,140
Other - Paediatric Services,Age,Over 65 Years,18 To 52 Weeks,55
Other - Paediatric Services,Age,Over 65 Years,Over 52 Weeks,*
Other - Paediatric Services,Age,Over 65 Years,Total,205
Other - Paediatric Services,Ethnicity,99: Not known,Unknown Clock Start,*
Other - Paediatric Services,Ethnicity,99: Not known,01 To 18 Weeks,5235
Other - Paediatric Services,Ethnicity,99: Not known,18 To 52 Weeks,3030
Other - Paediatric Services,Ethnicity,99: Not known,Over 52 Weeks,240
Other - Paediatric Services,Ethnicity,99: Not known,Total,8510
Other - Paediatric Services,Ethnicity,A: British,Unknown Clock Start,85
Other - Paediatric Services,Ethnicity,A: British,01 To 18 Weeks,95350
Other - Paediatric Services,Ethnicity,A: British,18 To 52 Weeks,60470
Other - Paediatric Services,Ethnicity,A: British,Over 52 Weeks,4860
Other - Paediatric Services,Ethnicity,A: British,Total,160760
Other - Paediatric Services,Ethnicity,B: Irish,Unknown Clock Start,*
Other - Paediatric Services,Ethnicity,B: Irish,01 To 18 Weeks,515
Other - Paediatric Services,Ethnicity,B: Irish,18 To 52 Weeks,335
Other - Paediatric Services,Ethnicity,B: Irish,Over 52 Weeks,15
Other - Paediatric Services,Ethnicity,B: Irish,Total,865
Other - Paediatric Services,Ethnicity,C: Any other white background,Unknown Clock Start,40
Other - Paediatric Services,Ethnicity,C: Any other white background,01 To 18 Weeks,15680
Other - Paediatric Services,Ethnicity,C: Any other white background,18 To 52 Weeks,9860
Other - Paediatric Services,Ethnicity,C: Any other white background,Over 52 Weeks,700
Other - Paediatric Services,Ethnicity,C: Any other white background,Total,26280
Other - Paediatric Services,Ethnicity,D: White and Black Caribbean,Unknown Clock Start,*
Other - Paediatric Services,Ethnicity,D: White and Black Caribbean,01 To 18 Weeks,2285
Other - Paediatric Services,Ethnicity,D: White and Black Caribbean,18 To 52 Weeks,1420
Other - Paediatric Services,Ethnicity,D: White and Black Caribbean,Over 52 Weeks,120
Other - Paediatric Services,Ethnicity,D: White and Black Caribbean,Total,3825
Other - Paediatric Services,Ethnicity,E: White and Black African,Unknown Clock Start,*
Other - Paediatric Services,Ethnicity,E: White and Black African,01 To 18 Weeks,1360
Other - Paediatric Services,Ethnicity,E: White and Black African,18 To 52 Weeks,795
Other - Paediatric Services,Ethnicity,E: White and Black African,Over 52 Weeks,85
Other - Paediatric Services,Ethnicity,E: White and Black African,Total,2245
Other - Paediatric Services,Ethnicity,F: White and Asian,Unknown Clock Start,*
Other - Paediatric Services,Ethnicity,F: White and Asian,01 To 18 Weeks,2180
Other - Paediatric Services,Ethnicity,F: White and Asian,18 To 52 Weeks,1270
Other - Paediatric Services,Ethnicity,F: White and Asian,Over 52 Weeks,100
Other - Paediatric Services,Ethnicity,F: White and Asian,Total,3550
Other - Paediatric Services,Ethnicity,G: Any other mixed background,Unknown Clock Start,*
Other - Paediatric Services,Ethnicity,G: Any other mixed background,01 To 18 Weeks,5020
Other - Paediatric Services,Ethnicity,G: Any other mixed background,18 To 52 Weeks,3080
Other - Paediatric Services,Ethnicity,G: Any other mixed background,Over 52 Weeks,210
Other - Paediatric Services,Ethnicity,G: Any other mixed background,Total,8315
Other - Paediatric Services,Ethnicity,H: Indian,Unknown Clock Start,*
Other - Paediatric Services,Ethnicity,H: Indian,01 To 18 Weeks,6525
Other - Paediatric Services,Ethnicity,H: Indian,18 To 52 Weeks,4060
Other - Paediatric Services,Ethnicity,H: Indian,Over 52 Weeks,270
Other - Paediatric Services,Ethnicity,H: Indian,Total,10860
Other - Paediatric Services,Ethnicity,J: Pakistani,Unknown Clock Start,*
Other - Paediatric Services,Ethnicity,J: Pakistani,01 To 18 Weeks,8780
Other - Paediatric Services,Ethnicity,J: Pakistani,18 To 52 Weeks,6040
Other - Paediatric Services,Ethnicity,J: Pakistani,Over 52 Weeks,530
Other - Paediatric Services,Ethnicity,J: Pakistani,Total,15355
Other - Paediatric Services,Ethnicity,K: Bangladeshi,Unknown Clock Start,*
Other - Paediatric Services,Ethnicity,K: Bangladeshi,01 To 18 Weeks,3990
Other - Paediatric Services,Ethnicity,K: Bangladeshi,18 To 52 Weeks,2690
Other - Paediatric Services,Ethnicity,K: Bangladeshi,Over 52 Weeks,335
Other - Paediatric Services,Ethnicity,K: Bangladeshi,Total,7020
Other - Paediatric Services,Ethnicity,L: Any other Asian background,Unknown Clock Start,10
Other - Paediatric Services,Ethnicity,L: Any other Asian background,01 To 18 Weeks,6670
Other - Paediatric Services,Ethnicity,L: Any other Asian background,18 To 52 Weeks,3880
Other - Paediatric Services,Ethnicity,L: Any other Asian background,Over 52 Weeks,290
Other - Paediatric Services,Ethnicity,L: Any other Asian background,Total,10850
Other - Paediatric Services,Ethnicity,M: Caribbean,Unknown Clock Start,*
Other - Paediatric Services,Ethnicity,M: Caribbean,01 To 18 Weeks,2225
Other - Paediatric Services,Ethnicity,M: Caribbean,18 To 52 Weeks,1270
Other - Paediatric Services,Ethnicity,M: Caribbean,Over 52 Weeks,80
Other - Paediatric Services,Ethnicity,M: Caribbean,Total,3575
Other - Paediatric Services,Ethnicity,N: African,Unknown Clock Start,*
Other - Paediatric Services,Ethnicity,N: African,01 To 18 Weeks,7840
Other - Paediatric Services,Ethnicity,N: African,18 To 52 Weeks,4715
Other - Paediatric Services,Ethnicity,N: African,Over 52 Weeks,415
Other - Paediatric Services,Ethnicity,N: African,Total,12970
Other - Paediatric Services,Ethnicity,P: Any other Black background,Unknown Clock Start,*
Other - Paediatric Services,Ethnicity,P: Any other Black background,01 To 18 Weeks,2355
Other - Paediatric Services,Ethnicity,P: Any other Black background,18 To 52 Weeks,1410
Other - Paediatric Services,Ethnicity,P: Any other Black background,Over 52 Weeks,100
Other - Paediatric Services,Ethnicity,P: Any other Black background,Total,3870
Other - Paediatric Services,Ethnicity,R: Chinese,Unknown Clock Start,*
Other - Paediatric Services,Ethnicity,R: Chinese,01 To 18 Weeks,980
Other - Paediatric Services,Ethnicity,R: Chinese,18 To 52 Weeks,650
Other - Paediatric Services,Ethnicity,R: Chinese,Over 52 Weeks,35
Other - Paediatric Services,Ethnicity,R: Chinese,Total,1665
Other - Paediatric Services,Ethnicity,S: Any other ethnic group,Unknown Clock Start,*
Other - Paediatric Services,Ethnicity,S: Any other ethnic group,01 To 18 Weeks,3635
Other - Paediatric Services,Ethnicity,S: Any other ethnic group,18 To 52 Weeks,2280
Other - Paediatric Services,Ethnicity,S: Any other ethnic group,Over 52 Weeks,170
Other - Paediatric Services,Ethnicity,S: Any other ethnic group,Total,6090
Other - Paediatric Services,Ethnicity,Z: Not stated,Unknown Clock Start,10
Other - Paediatric Services,Ethnicity,Z: Not stated,01 To 18 Weeks,6620
Other - Paediatric Services,Ethnicity,Z: Not stated,18 To 52 Weeks,4055
Other - Paediatric Services,Ethnicity,Z: Not stated,Over 52 Weeks,270
Other - Paediatric Services,Ethnicity,Z: Not stated,Total,10955
Other - Paediatric Services,IMD,1,Unknown Clock Start,*
Other - Paediatric Services,IMD,1,01 To 18 Weeks,26365
Other - Paediatric Services,IMD,1,18 To 52 Weeks,17545
Other - Paediatric Services,IMD,1,Over 52 Weeks,1485
Other - Paediatric Services,IMD,1,Total,45395
Other - Paediatric Services,IMD,10,Unknown Clock Start,35
Other - Paediatric Services,IMD,10,01 To 18 Weeks,12395
Other - Paediatric Services,IMD,10,18 To 52 Weeks,7770
Other - Paediatric Services,IMD,10,Over 52 Weeks,615
Other - Paediatric Services,IMD,10,Total,20815
Other - Paediatric Services,IMD,2,Unknown Clock Start,15
Other - Paediatric Services,IMD,2,01 To 18 Weeks,21925
Other - Paediatric Services,IMD,2,18 To 52 Weeks,14145
Other - Paediatric Services,IMD,2,Over 52 Weeks,1155
Other - Paediatric Services,IMD,2,Total,37235
Other - Paediatric Services,IMD,3,Unknown Clock Start,20
Other - Paediatric Services,IMD,3,01 To 18 Weeks,20350
Other - Paediatric Services,IMD,3,18 To 52 Weeks,12760
Other - Paediatric Services,IMD,3,Over 52 Weeks,1040
Other - Paediatric Services,IMD,3,Total,34170
Other - Paediatric Services,IMD,4,Unknown Clock Start,20
Other - Paediatric Services,IMD,4,01 To 18 Weeks,17500
Other - Paediatric Services,IMD,4,18 To 52 Weeks,10810
Other - Paediatric Services,IMD,4,Over 52 Weeks,810
Other - Paediatric Services,IMD,4,Total,29145
Other - Paediatric Services,IMD,5,Unknown Clock Start,15
Other - Paediatric Services,IMD,5,01 To 18 Weeks,15700
Other - Paediatric Services,IMD,5,18 To 52 Weeks,9845
Other - Paediatric Services,IMD,5,Over 52 Weeks,780
Other - Paediatric Services,IMD,5,Total,26340
Other - Paediatric Services,IMD,6,Unknown Clock Start,15
Other - Paediatric Services,IMD,6,01 To 18 Weeks,15195
Other - Paediatric Services,IMD,6,18 To 52 Weeks,9595
Other - Paediatric Services,IMD,6,Over 52 Weeks,700
Other - Paediatric Services,IMD,6,Total,25505
Other - Paediatric Services,IMD,7,Unknown Clock Start,25
Other - Paediatric Services,IMD,7,01 To 18 Weeks,13770
Other - Paediatric Services,IMD,7,18 To 52 Weeks,8550
Other - Paediatric Services,IMD,7,Over 52 Weeks,640
Other - Paediatric Services,IMD,7,Total,22980
Other - Paediatric Services,IMD,8,Unknown Clock Start,20
Other - Paediatric Services,IMD,8,01 To 18 Weeks,13475
Other - Paediatric Services,IMD,8,18 To 52 Weeks,8440
Other - Paediatric Services,IMD,8,Over 52 Weeks,690
Other - Paediatric Services,IMD,8,Total,22625
Other - Paediatric Services,IMD,9,Unknown Clock Start,25
Other - Paediatric Services,IMD,9,01 To 18 Weeks,12995
Other - Paediatric Services,IMD,9,18 To 52 Weeks,8120
Other - Paediatric Services,IMD,9,Over 52 Weeks,615
Other - Paediatric Services,IMD,9,Total,21760
Other - Paediatric Services,Sex,Female,Unknown Clock Start,85
Other - Paediatric Services,Sex,Female,01 To 18 Weeks,69320
Other - Paediatric Services,Sex,Female,18 To 52 Weeks,44545
Other - Paediatric Services,Sex,Female,Over 52 Weeks,3660
Other - Paediatric Services,Sex,Female,Total,117610
Other - Paediatric Services,Sex,Male,Unknown Clock Start,105
Other - Paediatric Services,Sex,Male,01 To 18 Weeks,86775
Other - Paediatric Services,Sex,Male,18 To 52 Weeks,56005
Other - Paediatric Services,Sex,Male,Over 52 Weeks,4585
Other - Paediatric Services,Sex,Male,Total,147470
Other - Surgical Services,Age,0-18 Years,Unknown Clock Start,*
Other - Surgical Services,Age,0-18 Years,01 To 18 Weeks,16110
Other - Surgical Services,Age,0-18 Years,18 To 52 Weeks,12100
Other - Surgical Services,Age,0-18 Years,Over 52 Weeks,530
Other - Surgical Services,Age,0-18 Years,Total,28745
Other - Surgical Services,Age,19-64 Years,Unknown Clock Start,60
Other - Surgical Services,Age,19-64 Years,01 To 18 Weeks,184855
Other - Surgical Services,Age,19-64 Years,18 To 52 Weeks,105175
Other - Surgical Services,Age,19-64 Years,Over 52 Weeks,9110
Other - Surgical Services,Age,19-64 Years,Total,299205
Other - Surgical Services,Age,Over 65 Years,Unknown Clock Start,50
Other - Surgical Services,Age,Over 65 Years,01 To 18 Weeks,115820
Other - Surgical Services,Age,Over 65 Years,18 To 52 Weeks,55555
Other - Surgical Services,Age,Over 65 Years,Over 52 Weeks,4100
Other - Surgical Services,Age,Over 65 Years,Total,175525
Other - Surgical Services,Ethnicity,99: Not known,Unknown Clock Start,*
Other - Surgical Services,Ethnicity,99: Not known,01 To 18 Weeks,11225
Other - Surgical Services,Ethnicity,99: Not known,18 To 52 Weeks,4460
Other - Surgical Services,Ethnicity,99: Not known,Over 52 Weeks,310
Other - Surgical Services,Ethnicity,99: Not known,Total,15995
Other - Surgical Services,Ethnicity,A: British,Unknown Clock Start,105
Other - Surgical Services,Ethnicity,A: British,01 To 18 Weeks,227365
Other - Surgical Services,Ethnicity,A: British,18 To 52 Weeks,120320
Other - Surgical Services,Ethnicity,A: British,Over 52 Weeks,9650
Other - Surgical Services,Ethnicity,A: British,Total,357440
Other - Surgical Services,Ethnicity,B: Irish,Unknown Clock Start,*
Other - Surgical Services,Ethnicity,B: Irish,01 To 18 Weeks,2115
Other - Surgical Services,Ethnicity,B: Irish,18 To 52 Weeks,1235
Other - Surgical Services,Ethnicity,B: Irish,Over 52 Weeks,85
Other - Surgical Services,Ethnicity,B: Irish,Total,3440
Other - Surgical Services,Ethnicity,C: Any other white background,Unknown Clock Start,*
Other - Surgical Services,Ethnicity,C: Any other white background,01 To 18 Weeks,22010
Other - Surgical Services,Ethnicity,C: Any other white background,18 To 52 Weeks,13610
Other - Surgical Services,Ethnicity,C: Any other white background,Over 52 Weeks,1295
Other - Surgical Services,Ethnicity,C: Any other white background,Total,36925
Other - Surgical Services,Ethnicity,D: White and Black Caribbean,01 To 18 Weeks,1035
Other - Surgical Services,Ethnicity,D: White and Black Caribbean,18 To 52 Weeks,630
Other - Surgical Services,Ethnicity,D: White and Black Caribbean,Over 52 Weeks,35
Other - Surgical Services,Ethnicity,D: White and Black Caribbean,Total,1700
Other - Surgical Services,Ethnicity,E: White and Black African,01 To 18 Weeks,615
Other - Surgical Services,Ethnicity,E: White and Black African,18 To 52 Weeks,355
Other - Surgical Services,Ethnicity,E: White and Black African,Over 52 Weeks,35
Other - Surgical Services,Ethnicity,E: White and Black African,Total,1010
Other - Surgical Services,Ethnicity,F: White and Asian,01 To 18 Weeks,860
Other - Surgical Services,Ethnicity,F: White and Asian,18 To 52 Weeks,520
Other - Surgical Services,Ethnicity,F: White and Asian,Over 52 Weeks,45
Other - Surgical Services,Ethnicity,F: White and Asian,Total,1425
Other - Surgical Services,Ethnicity,G: Any other mixed background,Unknown Clock Start,*
Other - Surgical Services,Ethnicity,G: Any other mixed background,01 To 18 Weeks,2110
Other - Surgical Services,Ethnicity,G: Any other mixed background,18 To 52 Weeks,1405
Other - Surgical Services,Ethnicity,G: Any other mixed background,Over 52 Weeks,120
Other - Surgical Services,Ethnicity,G: Any other mixed background,Total,3640
Other - Surgical Services,Ethnicity,H: Indian,01 To 18 Weeks,7920
Other - Surgical Services,Ethnicity,H: Indian,18 To 52 Weeks,4260
Other - Surgical Services,Ethnicity,H: Indian,Over 52 Weeks,335
Other - Surgical Services,Ethnicity,H: Indian,Total,12515
Other - Surgical Services,Ethnicity,J: Pakistani,01 To 18 Weeks,6685
Other - Surgical Services,Ethnicity,J: Pakistani,18 To 52 Weeks,3860
Other - Surgical Services,Ethnicity,J: Pakistani,Over 52 Weeks,270
Other - Surgical Services,Ethnicity,J: Pakistani,Total,10815
Other - Surgical Services,Ethnicity,K: Bangladeshi,01 To 18 Weeks,2555
Other - Surgical Services,Ethnicity,K: Bangladeshi,18 To 52 Weeks,1670
Other - Surgical Services,Ethnicity,K: Bangladeshi,Over 52 Weeks,160
Other - Surgical Services,Ethnicity,K: Bangladeshi,Total,4385
Other - Surgical Services,Ethnicity,L: Any other Asian background,Unknown Clock Start,*
Other - Surgical Services,Ethnicity,L: Any other Asian background,01 To 18 Weeks,6920
Other - Surgical Services,Ethnicity,L: Any other Asian background,18 To 52 Weeks,4195
Other - Surgical Services,Ethnicity,L: Any other Asian background,Over 52 Weeks,325
Other - Surgical Services,Ethnicity,L: Any other Asian background,Total,11445
Other - Surgical Services,Ethnicity,M: Caribbean,01 To 18 Weeks,3860
Other - Surgical Services,Ethnicity,M: Caribbean,18 To 52 Weeks,2225
Other - Surgical Services,Ethnicity,M: Caribbean,Over 52 Weeks,240
Other - Surgical Services,Ethnicity,M: Caribbean,Total,6325
Other - Surgical Services,Ethnicity,N: African,Unknown Clock Start,*
Other - Surgical Services,Ethnicity,N: African,01 To 18 Weeks,5895
Other - Surgical Services,Ethnicity,N: African,18 To 52 Weeks,3585
Other - Surgical Services,Ethnicity,N: African,Over 52 Weeks,355
Other - Surgical Services,Ethnicity,N: African,Total,9835
Other - Surgical Services,Ethnicity,P: Any other Black background,Unknown Clock Start,*
Other - Surgical Services,Ethnicity,P: Any other Black background,01 To 18 Weeks,2970
Other - Surgical Services,Ethnicity,P: Any other Black background,18 To 52 Weeks,1755
Other - Surgical Services,Ethnicity,P: Any other Black background,Over 52 Weeks,165
Other - Surgical Services,Ethnicity,P: Any other Black background,Total,4895
Other - Surgical Services,Ethnicity,R: Chinese,01 To 18 Weeks,1565
Other - Surgical Services,Ethnicity,R: Chinese,18 To 52 Weeks,825
Other - Surgical Services,Ethnicity,R: Chinese,Over 52 Weeks,60
Other - Surgical Services,Ethnicity,R: Chinese,Total,2450
Other - Surgical Services,Ethnicity,S: Any other ethnic group,01 To 18 Weeks,3820
Other - Surgical Services,Ethnicity,S: Any other ethnic group,18 To 52 Weeks,2430
Other - Surgical Services,Ethnicity,S: Any other ethnic group,Over 52 Weeks,200
Other - Surgical Services,Ethnicity,S: Any other ethnic group,Total,6450
Other - Surgical Services,Ethnicity,Z: Not stated,Unknown Clock Start,*
Other - Surgical Services,Ethnicity,Z: Not stated,01 To 18 Weeks,14405
Other - Surgical Services,Ethnicity,Z: Not stated,18 To 52 Weeks,8025
Other - Surgical Services,Ethnicity,Z: Not stated,Over 52 Weeks,585
Other - Surgical Services,Ethnicity,Z: Not stated,Total,23020
Other - Surgical Services,IMD,1,Unknown Clock Start,10
Other - Surgical Services,IMD,1,01 To 18 Weeks,31420
Other - Surgical Services,IMD,1,18 To 52 Weeks,17300
Other - Surgical Services,IMD,1,Over 52 Weeks,1310
Other - Surgical Services,IMD,1,Total,50045
Other - Surgical Services,IMD,10,Unknown Clock Start,15
Other - Surgical Services,IMD,10,01 To 18 Weeks,26995
Other - Surgical Services,IMD,10,18 To 52 Weeks,14285
Other - Surgical Services,IMD,10,Over 52 Weeks,1040
Other - Surgical Services,IMD,10,Total,42335
Other - Surgical Services,IMD,2,Unknown Clock Start,10
Other - Surgical Services,IMD,2,01 To 18 Weeks,32760
Other - Surgical Services,IMD,2,18 To 52 Weeks,18465
Other - Surgical Services,IMD,2,Over 52 Weeks,1570
Other - Surgical Services,IMD,2,Total,52805
Other - Surgical Services,IMD,3,Unknown Clock Start,15
Other - Surgical Services,IMD,3,01 To 18 Weeks,33340
Other - Surgical Services,IMD,3,18 To 52 Weeks,18880
Other - Surgical Services,IMD,3,Over 52 Weeks,1750
Other - Surgical Services,IMD,3,Total,53985
Other - Surgical Services,IMD,4,Unknown Clock Start,10
Other - Surgical Services,IMD,4,01 To 18 Weeks,33005
Other - Surgical Services,IMD,4,18 To 52 Weeks,18360
Other - Surgical Services,IMD,4,Over 52 Weeks,1615
Other - Surgical Services,IMD,4,Total,52990
Other - Surgical Services,IMD,5,Unknown Clock Start,10
Other - Surgical Services,IMD,5,01 To 18 Weeks,32060
Other - Surgical Services,IMD,5,18 To 52 Weeks,17695
Other - Surgical Services,IMD,5,Over 52 Weeks,1470
Other - Surgical Services,IMD,5,Total,51235
Other - Surgical Services,IMD,6,Unknown Clock Start,20
Other - Surgical Services,IMD,6,01 To 18 Weeks,32590
Other - Surgical Services,IMD,6,18 To 52 Weeks,17725
Other - Surgical Services,IMD,6,Over 52 Weeks,1415
Other - Surgical Services,IMD,6,Total,51750
Other - Surgical Services,IMD,7,Unknown Clock Start,*
Other - Surgical Services,IMD,7,01 To 18 Weeks,31245
Other - Surgical Services,IMD,7,18 To 52 Weeks,16560
Other - Surgical Services,IMD,7,Over 52 Weeks,1275
Other - Surgical Services,IMD,7,Total,49090
Other - Surgical Services,IMD,8,Unknown Clock Start,10
Other - Surgical Services,IMD,8,01 To 18 Weeks,30350
Other - Surgical Services,IMD,8,18 To 52 Weeks,15985
Other - Surgical Services,IMD,8,Over 52 Weeks,1295
Other - Surgical Services,IMD,8,Total,47640
Other - Surgical Services,IMD,9,Unknown Clock Start,15
Other - Surgical Services,IMD,9,01 To 18 Weeks,29540
Other - Surgical Services,IMD,9,18 To 52 Weeks,15655
Other - Surgical Services,IMD,9,Over 52 Weeks,1245
Other - Surgical Services,IMD,9,Total,46450
Other - Surgical Services,Sex,Female,Unknown Clock Start,60
Other - Surgical Services,Sex,Female,01 To 18 Weeks,181915
Other - Surgical Services,Sex,Female,18 To 52 Weeks,88465
Other - Surgical Services,Sex,Female,Over 52 Weeks,7130
Other - Surgical Services,Sex,Female,Total,277570
Other - Surgical Services,Sex,Male,Unknown Clock Start,50
Other - Surgical Services,Sex,Male,01 To 18 Weeks,113330
Other - Surgical Services,Sex,Male,18 To 52 Weeks,70475
Other - Surgical Services,Sex,Male,Over 52 Weeks,5230
Other - Surgical Services,Sex,Male,Total,189085
Plastic Surgery Service,Age,0-18 Years,01 To 18 Weeks,3230
Plastic Surgery Service,Age,0-18 Years,18 To 52 Weeks,2445
Plastic Surgery Service,Age,0-18 Years,Over 52 Weeks,260
Plastic Surgery Service,Age,0-18 Years,Total,5940
Plastic Surgery Service,Age,19-64 Years,Unknown Clock Start,*
Plastic Surgery Service,Age,19-64 Years,01 To 18 Weeks,30915
Plastic Surgery Service,Age,19-64 Years,18 To 52 Weeks,24455
Plastic Surgery Service,Age,19-64 Years,Over 52 Weeks,2780
Plastic Surgery Service,Age,19-64 Years,Total,58150
Plastic Surgery Service,Age,Over 65 Years,Unknown Clock Start,*
Plastic Surgery Service,Age,Over 65 Years,01 To 18 Weeks,23675
Plastic Surgery Service,Age,Over 65 Years,18 To 52 Weeks,13615
Plastic Surgery Service,Age,Over 65 Years,Over 52 Weeks,1580
Plastic Surgery Service,Age,Over 65 Years,Total,38870
Plastic Surgery Service,Ethnicity,99: Not known,01 To 18 Weeks,2630
Plastic Surgery Service,Ethnicity,99: Not known,18 To 52 Weeks,1320
Plastic Surgery Service,Ethnicity,99: Not known,Over 52 Weeks,105
Plastic Surgery Service,Ethnicity,99: Not known,Total,4055
Plastic Surgery Service,Ethnicity,A: British,Unknown Clock Start,*
Plastic Surgery Service,Ethnicity,A: British,01 To 18 Weeks,44835
Plastic Surgery Service,Ethnicity,A: British,18 To 52 Weeks,29675
Plastic Surgery Service,Ethnicity,A: British,Over 52 Weeks,3460
Plastic Surgery Service,Ethnicity,A: British,Total,77975
Plastic Surgery Service,Ethnicity,B: Irish,01 To 18 Weeks,360
Plastic Surgery Service,Ethnicity,B: Irish,18 To 52 Weeks,230
Plastic Surgery Service,Ethnicity,B: Irish,Over 52 Weeks,20
Plastic Surgery Service,Ethnicity,B: Irish,Total,615
Plastic Surgery Service,Ethnicity,C: Any other white background,01 To 18 Weeks,3060
Plastic Surgery Service,Ethnicity,C: Any other white background,18 To 52 Weeks,2455
Plastic Surgery Service,Ethnicity,C: Any other white background,Over 52 Weeks,235
Plastic Surgery Service,Ethnicity,C: Any other white background,Total,5750
Plastic Surgery Service,Ethnicity,D: White and Black Caribbean,01 To 18 Weeks,215
Plastic Surgery Service,Ethnicity,D: White and Black Caribbean,18 To 52 Weeks,175
Plastic Surgery Service,Ethnicity,D: White and Black Caribbean,Over 52 Weeks,15
Plastic Surgery Service,Ethnicity,D: White and Black Caribbean,Total,405
Plastic Surgery Service,Ethnicity,E: White and Black African,01 To 18 Weeks,110
Plastic Surgery Service,Ethnicity,E: White and Black African,18 To 52 Weeks,100
Plastic Surgery Service,Ethnicity,E: White and Black African,Over 52 Weeks,15
Plastic Surgery Service,Ethnicity,E: White and Black African,Total,225
Plastic Surgery Service,Ethnicity,F: White and Asian,01 To 18 Weeks,150
Plastic Surgery Service,Ethnicity,F: White and Asian,18 To 52 Weeks,125
Plastic Surgery Service,Ethnicity,F: White and Asian,Over 52 Weeks,15
Plastic Surgery Service,Ethnicity,F: White and Asian,Total,285
Plastic Surgery Service,Ethnicity,G: Any other mixed background,01 To 18 Weeks,350
Plastic Surgery Service,Ethnicity,G: Any other mixed background,18 To 52 Weeks,320
Plastic Surgery Service,Ethnicity,G: Any other mixed background,Over 52 Weeks,30
Plastic Surgery Service,Ethnicity,G: Any other mixed background,Total,695
Plastic Surgery Service,Ethnicity,H: Indian,01 To 18 Weeks,905
Plastic Surgery Service,Ethnicity,H: Indian,18 To 52 Weeks,850
Plastic Surgery Service,Ethnicity,H: Indian,Over 52 Weeks,95
Plastic Surgery Service,Ethnicity,H: Indian,Total,1850
Plastic Surgery Service,Ethnicity,J: Pakistani,01 To 18 Weeks,925
Plastic Surgery Service,Ethnicity,J: Pakistani,18 To 52 Weeks,870
Plastic Surgery Service,Ethnicity,J: Pakistani,Over 52 Weeks,110
Plastic Surgery Service,Ethnicity,J: Pakistani,Total,1905
Plastic Surgery Service,Ethnicity,K: Bangladeshi,01 To 18 Weeks,355
Plastic Surgery Service,Ethnicity,K: Bangladeshi,18 To 52 Weeks,295
Plastic Surgery Service,Ethnicity,K: Bangladeshi,Over 52 Weeks,40
Plastic Surgery Service,Ethnicity,K: Bangladeshi,Total,690
Plastic Surgery Service,Ethnicity,L: Any other Asian background,01 To 18 Weeks,840
Plastic Surgery Service,Ethnicity,L: Any other Asian background,18 To 52 Weeks,755
Plastic Surgery Service,Ethnicity,L: Any other Asian background,Over 52 Weeks,80
Plastic Surgery Service,Ethnicity,L: Any other Asian background,Total,1675
Plastic Surgery Service,Ethnicity,M: Caribbean,01 To 18 Weeks,600
Plastic Surgery Service,Ethnicity,M: Caribbean,18 To 52 Weeks,530
Plastic Surgery Service,Ethnicity,M: Caribbean,Over 52 Weeks,55
Plastic Surgery Service,Ethnicity,M: Caribbean,Total,1185
Plastic Surgery Service,Ethnicity,N: African,01 To 18 Weeks,985
Plastic Surgery Service,Ethnicity,N: African,18 To 52 Weeks,890
Plastic Surgery Service,Ethnicity,N: African,Over 52 Weeks,100
Plastic Surgery Service,Ethnicity,N: African,Total,1970
Plastic Surgery Service,Ethnicity,P: Any other Black background,01 To 18 Weeks,495
Plastic Surgery Service,Ethnicity,P: Any other Black background,18 To 52 Weeks,450
Plastic Surgery Service,Ethnicity,P: Any other Black background,Over 52 Weeks,45
Plastic Surgery Service,Ethnicity,P: Any other Black background,Total,985
Plastic Surgery Service,Ethnicity,R: Chinese,01 To 18 Weeks,195
Plastic Surgery Service,Ethnicity,R: Chinese,18 To 52 Weeks,145
Plastic Surgery Service,Ethnicity,R: Chinese,Over 52 Weeks,20
Plastic Surgery Service,Ethnicity,R: Chinese,Total,355
Plastic Surgery Service,Ethnicity,S: Any other ethnic group,01 To 18 Weeks,485
Plastic Surgery Service,Ethnicity,S: Any other ethnic group,18 To 52 Weeks,415
Plastic Surgery Service,Ethnicity,S: Any other ethnic group,Over 52 Weeks,55
Plastic Surgery Service,Ethnicity,S: Any other ethnic group,Total,955
Plastic Surgery Service,Ethnicity,Z: Not stated,01 To 18 Weeks,2120
Plastic Surgery Service,Ethnicity,Z: Not stated,18 To 52 Weeks,1455
Plastic Surgery Service,Ethnicity,Z: Not stated,Over 52 Weeks,140
Plastic Surgery Service,Ethnicity,Z: Not stated,Total,3720
Plastic Surgery Service,IMD,1,01 To 18 Weeks,4905
Plastic Surgery Service,IMD,1,18 To 52 Weeks,4325
Plastic Surgery Service,IMD,1,Over 52 Weeks,520
Plastic Surgery Service,IMD,1,Total,9755
Plastic Surgery Service,IMD,10,Unknown Clock Start,*
Plastic Surgery Service,IMD,10,01 To 18 Weeks,6540
Plastic Surgery Service,IMD,10,18 To 52 Weeks,3950
Plastic Surgery Service,IMD,10,Over 52 Weeks,465
Plastic Surgery Service,IMD,10,Total,10955
Plastic Surgery Service,IMD,2,01 To 18 Weeks,4790
Plastic Surgery Service,IMD,2,18 To 52 Weeks,4010
Plastic Surgery Service,IMD,2,Over 52 Weeks,420
Plastic Surgery Service,IMD,2,Total,9220
Plastic Surgery Service,IMD,3,01 To 18 Weeks,5190
Plastic Surgery Service,IMD,3,18 To 52 Weeks,3875
Plastic Surgery Service,IMD,3,Over 52 Weeks,455
Plastic Surgery Service,IMD,3,Total,9515
Plastic Surgery Service,IMD,4,01 To 18 Weeks,5395
Plastic Surgery Service,IMD,4,18 To 52 Weeks,3860
Plastic Surgery Service,IMD,4,Over 52 Weeks,400
Plastic Surgery Service,IMD,4,Total,9655
Plastic Surgery Service,IMD,5,01 To 18 Weeks,5540
Plastic Surgery Service,IMD,5,18 To 52 Weeks,3845
Plastic Surgery Service,IMD,5,Over 52 Weeks,465
Plastic Surgery Service,IMD,5,Total,9845
Plastic Surgery Service,IMD,6,01 To 18 Weeks,5900
Plastic Surgery Service,IMD,6,18 To 52 Weeks,4070
Plastic Surgery Service,IMD,6,Over 52 Weeks,405
Plastic Surgery Service,IMD,6,Total,10380
Plastic Surgery Service,IMD,7,Unknown Clock Start,*
Plastic Surgery Service,IMD,7,01 To 18 Weeks,6095
Plastic Surgery Service,IMD,7,18 To 52 Weeks,3880
Plastic Surgery Service,IMD,7,Over 52 Weeks,415
Plastic Surgery Service,IMD,7,Total,10390
Plastic Surgery Service,IMD,8,01 To 18 Weeks,6110
Plastic Surgery Service,IMD,8,18 To 52 Weeks,4005
Plastic Surgery Service,IMD,8,Over 52 Weeks,510
Plastic Surgery Service,IMD,8,Total,10625
Plastic Surgery Service,IMD,9,Unknown Clock Start,*
Plastic Surgery Service,IMD,9,01 To 18 Weeks,6400
Plastic Surgery Service,IMD,9,18 To 52 Weeks,3930
Plastic Surgery Service,IMD,9,Over 52 Weeks,445
Plastic Surgery Service,IMD,9,Total,10775
Plastic Surgery Service,Sex,Female,Unknown Clock Start,*
Plastic Surgery Service,Sex,Female,01 To 18 Weeks,29830
Plastic Surgery Service,Sex,Female,18 To 52 Weeks,21945
Plastic Surgery Service,Sex,Female,Over 52 Weeks,2585
Plastic Surgery Service,Sex,Female,Total,54360
Plastic Surgery Service,Sex,Male,Unknown Clock Start,*
Plastic Surgery Service,Sex,Male,01 To 18 Weeks,26220
Plastic Surgery Service,Sex,Male,18 To 52 Weeks,17465
Plastic Surgery Service,Sex,Male,Over 52 Weeks,1945
Plastic Surgery Service,Sex,Male,Total,45635
Respiratory Medicine Service,Age,0-18 Years,Unknown Clock Start,*
Respiratory Medicine Service,Age,0-18 Years,01 To 18 Weeks,1345
Respiratory Medicine Service,Age,0-18 Years,18 To 52 Weeks,680
Respiratory Medicine Service,Age,0-18 Years,Over 52 Weeks,20
Respiratory Medicine Service,Age,0-18 Years,Total,2050
Respiratory Medicine Service,Age,19-64 Years,Unknown Clock Start,55
Respiratory Medicine Service,Age,19-64 Years,01 To 18 Weeks,71220
Respiratory Medicine Service,Age,19-64 Years,18 To 52 Weeks,39485
Respiratory Medicine Service,Age,19-64 Years,Over 52 Weeks,1590
Respiratory Medicine Service,Age,19-64 Years,Total,112345
Respiratory Medicine Service,Age,Over 65 Years,Unknown Clock Start,50
Respiratory Medicine Service,Age,Over 65 Years,01 To 18 Weeks,55965
Respiratory Medicine Service,Age,Over 65 Years,18 To 52 Weeks,26825
Respiratory Medicine Service,Age,Over 65 Years,Over 52 Weeks,1055
Respiratory Medicine Service,Age,Over 65 Years,Total,83895
Respiratory Medicine Service,Ethnicity,99: Not known,01 To 18 Weeks,4835
Respiratory Medicine Service,Ethnicity,99: Not known,18 To 52 Weeks,1880
Respiratory Medicine Service,Ethnicity,99: Not known,Over 52 Weeks,45
Respiratory Medicine Service,Ethnicity,99: Not known,Total,6765
Respiratory Medicine Service,Ethnicity,A: British,Unknown Clock Start,75
Respiratory Medicine Service,Ethnicity,A: British,01 To 18 Weeks,93330
Respiratory Medicine Service,Ethnicity,A: British,18 To 52 Weeks,47835
Respiratory Medicine Service,Ethnicity,A: British,Over 52 Weeks,1800
Respiratory Medicine Service,Ethnicity,A: British,Total,143045
Respiratory Medicine Service,Ethnicity,B: Irish,Unknown Clock Start,*
Respiratory Medicine Service,Ethnicity,B: Irish,01 To 18 Weeks,995
Respiratory Medicine Service,Ethnicity,B: Irish,18 To 52 Weeks,510
Respiratory Medicine Service,Ethnicity,B: Irish,Over 52 Weeks,25
Respiratory Medicine Service,Ethnicity,B: Irish,Total,1530
Respiratory Medicine Service,Ethnicity,C: Any other white background,Unknown Clock Start,*
Respiratory Medicine Service,Ethnicity,C: Any other white background,01 To 18 Weeks,6725
Respiratory Medicine Service,Ethnicity,C: Any other white background,18 To 52 Weeks,3780
Respiratory Medicine Service,Ethnicity,C: Any other white background,Over 52 Weeks,210
Respiratory Medicine Service,Ethnicity,C: Any other white background,Total,10720
Respiratory Medicine Service,Ethnicity,D: White and Black Caribbean,01 To 18 Weeks,375
Respiratory Medicine Service,Ethnicity,D: White and Black Caribbean,18 To 52 Weeks,165
Respiratory Medicine Service,Ethnicity,D: White and Black Caribbean,Over 52 Weeks,10
Respiratory Medicine Service,Ethnicity,D: White and Black Caribbean,Total,550
Respiratory Medicine Service,Ethnicity,E: White and Black African,01 To 18 Weeks,220
Respiratory Medicine Service,Ethnicity,E: White and Black African,18 To 52 Weeks,100
Respiratory Medicine Service,Ethnicity,E: White and Black African,Over 52 Weeks,*
Respiratory Medicine Service,Ethnicity,E: White and Black African,Total,325
Respiratory Medicine Service,Ethnicity,F: White and Asian,01 To 18 Weeks,300
Respiratory Medicine Service,Ethnicity,F: White and Asian,18 To 52 Weeks,170
Respiratory Medicine Service,Ethnicity,F: White and Asian,Over 52 Weeks,10
Respiratory Medicine Service,Ethnicity,F: White and Asian,Total,480
Respiratory Medicine Service,Ethnicity,G: Any other mixed background,Unknown Clock Start,*
Respiratory Medicine Service,Ethnicity,G: Any other mixed background,01 To 18 Weeks,690
Respiratory Medicine Service,Ethnicity,G: Any other mixed background,18 To 52 Weeks,420
Respiratory Medicine Service,Ethnicity,G: Any other mixed background,Over 52 Weeks,20
Respiratory Medicine Service,Ethnicity,G: Any other mixed background,Total,1130
Respiratory Medicine Service,Ethnicity,H: Indian,Unknown Clock Start,*
Respiratory Medicine Service,Ethnicity,H: Indian,01 To 18 Weeks,3880
Respiratory Medicine Service,Ethnicity,H: Indian,18 To 52 Weeks,1955
Respiratory Medicine Service,Ethnicity,H: Indian,Over 52 Weeks,80
Respiratory Medicine Service,Ethnicity,H: Indian,Total,5915
Respiratory Medicine Service,Ethnicity,J: Pakistani,Unknown Clock Start,*
Respiratory Medicine Service,Ethnicity,J: Pakistani,01 To 18 Weeks,2760
Respiratory Medicine Service,Ethnicity,J: Pakistani,18 To 52 Weeks,1545
Respiratory Medicine Service,Ethnicity,J: Pakistani,Over 52 Weeks,75
Respiratory Medicine Service,Ethnicity,J: Pakistani,Total,4380
Respiratory Medicine Service,Ethnicity,K: Bangladeshi,Unknown Clock Start,*
Respiratory Medicine Service,Ethnicity,K: Bangladeshi,01 To 18 Weeks,1200
Respiratory Medicine Service,Ethnicity,K: Bangladeshi,18 To 52 Weeks,865
Respiratory Medicine Service,Ethnicity,K: Bangladeshi,Over 52 Weeks,25
Respiratory Medicine Service,Ethnicity,K: Bangladeshi,Total,2090
Respiratory Medicine Service,Ethnicity,L: Any other Asian background,Unknown Clock Start,*
Respiratory Medicine Service,Ethnicity,L: Any other Asian background,01 To 18 Weeks,2975
Respiratory Medicine Service,Ethnicity,L: Any other Asian background,18 To 52 Weeks,1730
Respiratory Medicine Service,Ethnicity,L: Any other Asian background,Over 52 Weeks,80
Respiratory Medicine Service,Ethnicity,L: Any other Asian background,Total,4790
Respiratory Medicine Service,Ethnicity,M: Caribbean,Unknown Clock Start,*
Respiratory Medicine Service,Ethnicity,M: Caribbean,01 To 18 Weeks,1615
Respiratory Medicine Service,Ethnicity,M: Caribbean,18 To 52 Weeks,850
Respiratory Medicine Service,Ethnicity,M: Caribbean,Over 52 Weeks,40
Respiratory Medicine Service,Ethnicity,M: Caribbean,Total,2505
Respiratory Medicine Service,Ethnicity,N: African,Unknown Clock Start,*
Respiratory Medicine Service,Ethnicity,N: African,01 To 18 Weeks,2320
Respiratory Medicine Service,Ethnicity,N: African,18 To 52 Weeks,1185
Respiratory Medicine Service,Ethnicity,N: African,Over 52 Weeks,55
Respiratory Medicine Service,Ethnicity,N: African,Total,3560
Respiratory Medicine Service,Ethnicity,P: Any other Black background,Unknown Clock Start,*
Respiratory Medicine Service,Ethnicity,P: Any other Black background,01 To 18 Weeks,1240
Respiratory Medicine Service,Ethnicity,P: Any other Black background,18 To 52 Weeks,590
Respiratory Medicine Service,Ethnicity,P: Any other Black background,Over 52 Weeks,25
Respiratory Medicine Service,Ethnicity,P: Any other Black background,Total,1860
Respiratory Medicine Service,Ethnicity,R: Chinese,01 To 18 Weeks,515
Respiratory Medicine Service,Ethnicity,R: Chinese,18 To 52 Weeks,275
Respiratory Medicine Service,Ethnicity,R: Chinese,Over 52 Weeks,10
Respiratory Medicine Service,Ethnicity,R: Chinese,Total,800
Respiratory Medicine Service,Ethnicity,S: Any other ethnic group,Unknown Clock Start,*
Respiratory Medicine Service,Ethnicity,S: Any other ethnic group,01 To 18 Weeks,1385
Respiratory Medicine Service,Ethnicity,S: Any other ethnic group,18 To 52 Weeks,680
Respiratory Medicine Service,Ethnicity,S: Any other ethnic group,Over 52 Weeks,35
Respiratory Medicine Service,Ethnicity,S: Any other ethnic group,Total,2105
Respiratory Medicine Service,Ethnicity,Z: Not stated,Unknown Clock Start,*
Respiratory Medicine Service,Ethnicity,Z: Not stated,01 To 18 Weeks,5320
Respiratory Medicine Service,Ethnicity,Z: Not stated,18 To 52 Weeks,2620
Respiratory Medicine Service,Ethnicity,Z: Not stated,Over 52 Weeks,115
Respiratory Medicine Service,Ethnicity,Z: Not stated,Total,8060
Respiratory Medicine Service,IMD,1,Unknown Clock Start,*
Respiratory Medicine Service,IMD,1,01 To 18 Weeks,14385
Respiratory Medicine Service,IMD,1,18 To 52 Weeks,6700
Respiratory Medicine Service,IMD,1,Over 52 Weeks,245
Respiratory Medicine Service,IMD,1,Total,21330
Respiratory Medicine Service,IMD,10,Unknown Clock Start,25
Respiratory Medicine Service,IMD,10,01 To 18 Weeks,9920
Respiratory Medicine Service,IMD,10,18 To 52 Weeks,5065
Respiratory Medicine Service,IMD,10,Over 52 Weeks,210
Respiratory Medicine Service,IMD,10,Total,15225
Respiratory Medicine Service,IMD,2,Unknown Clock Start,*
Respiratory Medicine Service,IMD,2,01 To 18 Weeks,14485
Respiratory Medicine Service,IMD,2,18 To 52 Weeks,7225
Respiratory Medicine Service,IMD,2,Over 52 Weeks,280
Respiratory Medicine Service,IMD,2,Total,21995
Respiratory Medicine Service,IMD,3,Unknown Clock Start,10
Respiratory Medicine Service,IMD,3,01 To 18 Weeks,14185
Respiratory Medicine Service,IMD,3,18 To 52 Weeks,7560
Respiratory Medicine Service,IMD,3,Over 52 Weeks,260
Respiratory Medicine Service,IMD,3,Total,22020
Respiratory Medicine Service,IMD,4,Unknown Clock Start,10
Respiratory Medicine Service,IMD,4,01 To 18 Weeks,13495
Respiratory Medicine Service,IMD,4,18 To 52 Weeks,7260
Respiratory Medicine Service,IMD,4,Over 52 Weeks,335
Respiratory Medicine Service,IMD,4,Total,21100
Respiratory Medicine Service,IMD,5,Unknown Clock Start,*
Respiratory Medicine Service,IMD,5,01 To 18 Weeks,12755
Respiratory Medicine Service,IMD,5,18 To 52 Weeks,6830
Respiratory Medicine Service,IMD,5,Over 52 Weeks,305
Respiratory Medicine Service,IMD,5,Total,19900
Respiratory Medicine Service,IMD,6,Unknown Clock Start,*
Respiratory Medicine Service,IMD,6,01 To 18 Weeks,12420
Respiratory Medicine Service,IMD,6,18 To 52 Weeks,6610
Respiratory Medicine Service,IMD,6,Over 52 Weeks,270
Respiratory Medicine Service,IMD,6,Total,19305
Respiratory Medicine Service,IMD,7,Unknown Clock Start,10
Respiratory Medicine Service,IMD,7,01 To 18 Weeks,12075
Respiratory Medicine Service,IMD,7,18 To 52 Weeks,6370
Respiratory Medicine Service,IMD,7,Over 52 Weeks,250
Respiratory Medicine Service,IMD,7,Total,18705
Respiratory Medicine Service,IMD,8,Unknown Clock Start,15
Respiratory Medicine Service,IMD,8,01 To 18 Weeks,11705
Respiratory Medicine Service,IMD,8,18 To 52 Weeks,6230
Respiratory Medicine Service,IMD,8,Over 52 Weeks,235
Respiratory Medicine Service,IMD,8,Total,18185
Respiratory Medicine Service,IMD,9,Unknown Clock Start,15
Respiratory Medicine Service,IMD,9,01 To 18 Weeks,11275
Respiratory Medicine Service,IMD,9,18 To 52 Weeks,5795
Respiratory Medicine Service,IMD,9,Over 52 Weeks,220
Respiratory Medicine Service,IMD,9,Total,17310
Respiratory Medicine Service,Sex,Female,Unknown Clock Start,50
Respiratory Medicine Service,Sex,Female,01 To 18 Weeks,59230
Respiratory Medicine Service,Sex,Female,18 To 52 Weeks,31660
Respiratory Medicine Service,Sex,Female,Over 52 Weeks,1250
Respiratory Medicine Service,Sex,Female,Total,92190
Respiratory Medicine Service,Sex,Male,Unknown Clock Start,55
Respiratory Medicine Service,Sex,Male,01 To 18 Weeks,62600
Respiratory Medicine Service,Sex,Male,18 To 52 Weeks,32115
Respiratory Medicine Service,Sex,Male,Over 52 Weeks,1260
Respiratory Medicine Service,Sex,Male,Total,96035
Rheumatology Service,Age,0-18 Years,01 To 18 Weeks,1520
Rheumatology Service,Age,0-18 Years,18 To 52 Weeks,765
Rheumatology Service,Age,0-18 Years,Over 52 Weeks,20
Rheumatology Service,Age,0-18 Years,Total,2305
Rheumatology Service,Age,19-64 Years,Unknown Clock Start,35
Rheumatology Service,Age,19-64 Years,01 To 18 Weeks,53360
Rheumatology Service,Age,19-64 Years,18 To 52 Weeks,25485
Rheumatology Service,Age,19-64 Years,Over 52 Weeks,1125
Rheumatology Service,Age,19-64 Years,Total,80005
Rheumatology Service,Age,Over 65 Years,Unknown Clock Start,45
Rheumatology Service,Age,Over 65 Years,01 To 18 Weeks,29520
Rheumatology Service,Age,Over 65 Years,18 To 52 Weeks,12560
Rheumatology Service,Age,Over 65 Years,Over 52 Weeks,515
Rheumatology Service,Age,Over 65 Years,Total,42645
Rheumatology Service,Ethnicity,99: Not known,01 To 18 Weeks,3180
Rheumatology Service,Ethnicity,99: Not known,18 To 52 Weeks,1015
Rheumatology Service,Ethnicity,99: Not known,Over 52 Weeks,45
Rheumatology Service,Ethnicity,99: Not known,Total,4235
Rheumatology Service,Ethnicity,A: British,Unknown Clock Start,60
Rheumatology Service,Ethnicity,A: British,01 To 18 Weeks,63635
Rheumatology Service,Ethnicity,A: British,18 To 52 Weeks,29145
Rheumatology Service,Ethnicity,A: British,Over 52 Weeks,1285
Rheumatology Service,Ethnicity,A: British,Total,94125
Rheumatology Service,Ethnicity,B: Irish,Unknown Clock Start,*
Rheumatology Service,Ethnicity,B: Irish,01 To 18 Weeks,485
Rheumatology Service,Ethnicity,B: Irish,18 To 52 Weeks,235
Rheumatology Service,Ethnicity,B: Irish,Over 52 Weeks,10
Rheumatology Service,Ethnicity,B: Irish,Total,735
Rheumatology Service,Ethnicity,C: Any other white background,Unknown Clock Start,*
Rheumatology Service,Ethnicity,C: Any other white background,01 To 18 Weeks,4545
Rheumatology Service,Ethnicity,C: Any other white background,18 To 52 Weeks,2220
Rheumatology Service,Ethnicity,C: Any other white background,Over 52 Weeks,75
Rheumatology Service,Ethnicity,C: Any other white background,Total,6850
Rheumatology Service,Ethnicity,D: White and Black Caribbean,Unknown Clock Start,*
Rheumatology Service,Ethnicity,D: White and Black Caribbean,01 To 18 Weeks,250
Rheumatology Service,Ethnicity,D: White and Black Caribbean,18 To 52 Weeks,115
Rheumatology Service,Ethnicity,D: White and Black Caribbean,Over 52 Weeks,*
Rheumatology Service,Ethnicity,D: White and Black Caribbean,Total,375
Rheumatology Service,Ethnicity,E: White and Black African,01 To 18 Weeks,135
Rheumatology Service,Ethnicity,E: White and Black African,18 To 52 Weeks,70
Rheumatology Service,Ethnicity,E: White and Black African,Over 52 Weeks,*
Rheumatology Service,Ethnicity,E: White and Black African,Total,205
Rheumatology Service,Ethnicity,F: White and Asian,01 To 18 Weeks,225
Rheumatology Service,Ethnicity,F: White and Asian,18 To 52 Weeks,105
Rheumatology Service,Ethnicity,F: White and Asian,Over 52 Weeks,*
Rheumatology Service,Ethnicity,F: White and Asian,Total,330
Rheumatology Service,Ethnicity,G: Any other mixed background,Unknown Clock Start,*
Rheumatology Service,Ethnicity,G: Any other mixed background,01 To 18 Weeks,545
Rheumatology Service,Ethnicity,G: Any other mixed background,18 To 52 Weeks,245
Rheumatology Service,Ethnicity,G: Any other mixed background,Over 52 Weeks,10
Rheumatology Service,Ethnicity,G: Any other mixed background,Total,800
Rheumatology Service,Ethnicity,H: Indian,Unknown Clock Start,*
Rheumatology Service,Ethnicity,H: Indian,01 To 18 Weeks,2435
Rheumatology Service,Ethnicity,H: Indian,18 To 52 Weeks,1270
Rheumatology Service,Ethnicity,H: Indian,Over 52 Weeks,35
Rheumatology Service,Ethnicity,H: Indian,Total,3750
Rheumatology Service,Ethnicity,J: Pakistani,Unknown Clock Start,*
Rheumatology Service,Ethnicity,J: Pakistani,01 To 18 Weeks,1910
Rheumatology Service,Ethnicity,J: Pakistani,18 To 52 Weeks,790
Rheumatology Service,Ethnicity,J: Pakistani,Over 52 Weeks,25
Rheumatology Service,Ethnicity,J: Pakistani,Total,2725
Rheumatology Service,Ethnicity,K: Bangladeshi,Unknown Clock Start,*
Rheumatology Service,Ethnicity,K: Bangladeshi,01 To 18 Weeks,615
Rheumatology Service,Ethnicity,K: Bangladeshi,18 To 52 Weeks,215
Rheumatology Service,Ethnicity,K: Bangladeshi,Over 52 Weeks,10
Rheumatology Service,Ethnicity,K: Bangladeshi,Total,840
Rheumatology Service,Ethnicity,L: Any other Asian background,Unknown Clock Start,*
Rheumatology Service,Ethnicity,L: Any other Asian background,01 To 18 Weeks,1670
Rheumatology Service,Ethnicity,L: Any other Asian background,18 To 52 Weeks,795
Rheumatology Service,Ethnicity,L: Any other Asian background,Over 52 Weeks,25
Rheumatology Service,Ethnicity,L: Any other Asian background,Total,2485
Rheumatology Service,Ethnicity,M: Caribbean,Unknown Clock Start,*
Rheumatology Service,Ethnicity,M: Caribbean,01 To 18 Weeks,765
Rheumatology Service,Ethnicity,M: Caribbean,18 To 52 Weeks,315
Rheumatology Service,Ethnicity,M: Caribbean,Over 52 Weeks,10
Rheumatology Service,Ethnicity,M: Caribbean,Total,1095
Rheumatology Service,Ethnicity,N: African,Unknown Clock Start,*
Rheumatology Service,Ethnicity,N: African,01 To 18 Weeks,1125
Rheumatology Service,Ethnicity,N: African,18 To 52 Weeks,460
Rheumatology Service,Ethnicity,N: African,Over 52 Weeks,15
Rheumatology Service,Ethnicity,N: African,Total,1600
Rheumatology Service,Ethnicity,P: Any other Black background,01 To 18 Weeks,550
Rheumatology Service,Ethnicity,P: Any other Black background,18 To 52 Weeks,250
Rheumatology Service,Ethnicity,P: Any other Black background,Over 52 Weeks,*
Rheumatology Service,Ethnicity,P: Any other Black background,Total,805
Rheumatology Service,Ethnicity,R: Chinese,Unknown Clock Start,*
Rheumatology Service,Ethnicity,R: Chinese,01 To 18 Weeks,345
Rheumatology Service,Ethnicity,R: Chinese,18 To 52 Weeks,140
Rheumatology Service,Ethnicity,R: Chinese,Over 52 Weeks,*
Rheumatology Service,Ethnicity,R: Chinese,Total,490
Rheumatology Service,Ethnicity,S: Any other ethnic group,Unknown Clock Start,*
Rheumatology Service,Ethnicity,S: Any other ethnic group,01 To 18 Weeks,785
Rheumatology Service,Ethnicity,S: Any other ethnic group,18 To 52 Weeks,350
Rheumatology Service,Ethnicity,S: Any other ethnic group,Over 52 Weeks,15
Rheumatology Service,Ethnicity,S: Any other ethnic group,Total,1155
Rheumatology Service,Ethnicity,Z: Not stated,Unknown Clock Start,*
Rheumatology Service,Ethnicity,Z: Not stated,01 To 18 Weeks,3225
Rheumatology Service,Ethnicity,Z: Not stated,18 To 52 Weeks,1355
Rheumatology Service,Ethnicity,Z: Not stated,Over 52 Weeks,70
Rheumatology Service,Ethnicity,Z: Not stated,Total,4650
Rheumatology Service,IMD,1,01 To 18 Weeks,8125
Rheumatology Service,IMD,1,18 To 52 Weeks,3680
Rheumatology Service,IMD,1,Over 52 Weeks,115
Rheumatology Service,IMD,1,Total,11915
Rheumatology Service,IMD,10,Unknown Clock Start,20
Rheumatology Service,IMD,10,01 To 18 Weeks,7395
Rheumatology Service,IMD,10,18 To 52 Weeks,3250
Rheumatology Service,IMD,10,Over 52 Weeks,170
Rheumatology Service,IMD,10,Total,10835
Rheumatology Service,IMD,2,Unknown Clock Start,*
Rheumatology Service,IMD,2,01 To 18 Weeks,8230
Rheumatology Service,IMD,2,18 To 52 Weeks,3660
Rheumatology Service,IMD,2,Over 52 Weeks,135
Rheumatology Service,IMD,2,Total,12025
Rheumatology Service,IMD,3,Unknown Clock Start,*
Rheumatology Service,IMD,3,01 To 18 Weeks,8350
Rheumatology Service,IMD,3,18 To 52 Weeks,3905
Rheumatology Service,IMD,3,Over 52 Weeks,155
Rheumatology Service,IMD,3,Total,12415
Rheumatology Service,IMD,4,Unknown Clock Start,*
Rheumatology Service,IMD,4,01 To 18 Weeks,8565
Rheumatology Service,IMD,4,18 To 52 Weeks,3960
Rheumatology Service,IMD,4,Over 52 Weeks,150
Rheumatology Service,IMD,4,Total,12680
Rheumatology Service,IMD,5,Unknown Clock Start,*
Rheumatology Service,IMD,5,01 To 18 Weeks,8795
Rheumatology Service,IMD,5,18 To 52 Weeks,4000
Rheumatology Service,IMD,5,Over 52 Weeks,200
Rheumatology Service,IMD,5,Total,13000
Rheumatology Service,IMD,6,Unknown Clock Start,10
Rheumatology Service,IMD,6,01 To 18 Weeks,8855
Rheumatology Service,IMD,6,18 To 52 Weeks,4105
Rheumatology Service,IMD,6,Over 52 Weeks,175
Rheumatology Service,IMD,6,Total,13140
Rheumatology Service,IMD,7,Unknown Clock Start,10
Rheumatology Service,IMD,7,01 To 18 Weeks,8640
Rheumatology Service,IMD,7,18 To 52 Weeks,3870
Rheumatology Service,IMD,7,Over 52 Weeks,195
Rheumatology Service,IMD,7,Total,12715
Rheumatology Service,IMD,8,Unknown Clock Start,*
Rheumatology Service,IMD,8,01 To 18 Weeks,8545
Rheumatology Service,IMD,8,18 To 52 Weeks,3990
Rheumatology Service,IMD,8,Over 52 Weeks,160
Rheumatology Service,IMD,8,Total,12705
Rheumatology Service,IMD,9,Unknown Clock Start,15
Rheumatology Service,IMD,9,01 To 18 Weeks,8240
Rheumatology Service,IMD,9,18 To 52 Weeks,3705
Rheumatology Service,IMD,9,Over 52 Weeks,170
Rheumatology Service,IMD,9,Total,12135
Rheumatology Service,Sex,Female,Unknown Clock Start,50
Rheumatology Service,Sex,Female,01 To 18 Weeks,58215
Rheumatology Service,Sex,Female,18 To 52 Weeks,27765
Rheumatology Service,Sex,Female,Over 52 Weeks,1125
Rheumatology Service,Sex,Female,Total,87155
Rheumatology Service,Sex,Male,Unknown Clock Start,30
Rheumatology Service,Sex,Male,01 To 18 Weeks,23990
Rheumatology Service,Sex,Male,18 To 52 Weeks,9950
Rheumatology Service,Sex,Male,Over 52 Weeks,385
Rheumatology Service,Sex,Male,Total,34355
Trauma and Orthopaedics Service,Age,0-18 Years,Unknown Clock Start,140
Trauma and Orthopaedics Service,Age,0-18 Years,01 To 18 Weeks,18960
Trauma and Orthopaedics Service,Age,0-18 Years,18 To 52 Weeks,12270
Trauma and Orthopaedics Service,Age,0-18 Years,Over 52 Weeks,1155
Trauma and Orthopaedics Service,Age,0-18 Years,Total,32520
Trauma and Orthopaedics Service,Age,19-64 Years,Unknown Clock Start,1050
Trauma and Orthopaedics Service,Age,19-64 Years,01 To 18 Weeks,263805
Trauma and Orthopaedics Service,Age,19-64 Years,18 To 52 Weeks,181055
Trauma and Orthopaedics Service,Age,19-64 Years,Over 52 Weeks,14440
Trauma and Orthopaedics Service,Age,19-64 Years,Total,460350
Trauma and Orthopaedics Service,Age,Over 65 Years,Unknown Clock Start,815
Trauma and Orthopaedics Service,Age,Over 65 Years,01 To 18 Weeks,195735
Trauma and Orthopaedics Service,Age,Over 65 Years,18 To 52 Weeks,136385
Trauma and Orthopaedics Service,Age,Over 65 Years,Over 52 Weeks,11990
Trauma and Orthopaedics Service,Age,Over 65 Years,Total,344920
Trauma and Orthopaedics Service,Ethnicity,99: Not known,Unknown Clock Start,20
Trauma and Orthopaedics Service,Ethnicity,99: Not known,01 To 18 Weeks,15070
Trauma and Orthopaedics Service,Ethnicity,99: Not known,18 To 52 Weeks,6450
Trauma and Orthopaedics Service,Ethnicity,99: Not known,Over 52 Weeks,500
Trauma and Orthopaedics Service,Ethnicity,99: Not known,Total,22045
Trauma and Orthopaedics Service,Ethnicity,A: British,Unknown Clock Start,1615
Trauma and Orthopaedics Service,Ethnicity,A: British,01 To 18 Weeks,371505
Trauma and Orthopaedics Service,Ethnicity,A: British,18 To 52 Weeks,255250
Trauma and Orthopaedics Service,Ethnicity,A: British,Over 52 Weeks,21825
Trauma and Orthopaedics Service,Ethnicity,A: British,Total,650195
Trauma and Orthopaedics Service,Ethnicity,B: Irish,Unknown Clock Start,10
Trauma and Orthopaedics Service,Ethnicity,B: Irish,01 To 18 Weeks,2650
Trauma and Orthopaedics Service,Ethnicity,B: Irish,18 To 52 Weeks,1930
Trauma and Orthopaedics Service,Ethnicity,B: Irish,Over 52 Weeks,150
Trauma and Orthopaedics Service,Ethnicity,B: Irish,Total,4740
Trauma and Orthopaedics Service,Ethnicity,C: Any other white background,Unknown Clock Start,125
Trauma and Orthopaedics Service,Ethnicity,C: Any other white background,01 To 18 Weeks,24135
Trauma and Orthopaedics Service,Ethnicity,C: Any other white background,18 To 52 Weeks,17100
Trauma and Orthopaedics Service,Ethnicity,C: Any other white background,Over 52 Weeks,1290
Trauma and Orthopaedics Service,Ethnicity,C: Any other white background,Total,42650
Trauma and Orthopaedics Service,Ethnicity,D: White and Black Caribbean,Unknown Clock Start,10
Trauma and Orthopaedics Service,Ethnicity,D: White and Black Caribbean,01 To 18 Weeks,1440
Trauma and Orthopaedics Service,Ethnicity,D: White and Black Caribbean,18 To 52 Weeks,1095
Trauma and Orthopaedics Service,Ethnicity,D: White and Black Caribbean,Over 52 Weeks,75
Trauma and Orthopaedics Service,Ethnicity,D: White and Black Caribbean,Total,2615
Trauma and Orthopaedics Service,Ethnicity,E: White and Black African,Unknown Clock Start,*
Trauma and Orthopaedics Service,Ethnicity,E: White and Black African,01 To 18 Weeks,790
Trauma and Orthopaedics Service,Ethnicity,E: White and Black African,18 To 52 Weeks,515
Trauma and Orthopaedics Service,Ethnicity,E: White and Black African,Over 52 Weeks,45
Trauma and Orthopaedics Service,Ethnicity,E: White and Black African,Total,1360
Trauma and Orthopaedics Service,Ethnicity,F: White and Asian,Unknown Clock Start,*
Trauma and Orthopaedics Service,Ethnicity,F: White and Asian,01 To 18 Weeks,1035
Trauma and Orthopaedics Service,Ethnicity,F: White and Asian,18 To 52 Weeks,690
Trauma and Orthopaedics Service,Ethnicity,F: White and Asian,Over 52 Weeks,70
Trauma and Orthopaedics Service,Ethnicity,F: White and Asian,Total,1795
Trauma and Orthopaedics Service,Ethnicity,G: Any other mixed background,Unknown Clock Start,15
Trauma and Orthopaedics Service,Ethnicity,G: Any other mixed background,01 To 18 Weeks,2565
Trauma and Orthopaedics Service,Ethnicity,G: Any other mixed background,18 To 52 Weeks,1895
Trauma and Orthopaedics Service,Ethnicity,G: Any other mixed background,Over 52 Weeks,150
Trauma and Orthopaedics Service,Ethnicity,G: Any other mixed background,Total,4625
Trauma and Orthopaedics Service,Ethnicity,H: Indian,Unknown Clock Start,30
Trauma and Orthopaedics Service,Ethnicity,H: Indian,01 To 18 Weeks,11890
Trauma and Orthopaedics Service,Ethnicity,H: Indian,18 To 52 Weeks,8205
Trauma and Orthopaedics Service,Ethnicity,H: Indian,Over 52 Weeks,595
Trauma and Orthopaedics Service,Ethnicity,H: Indian,Total,20725
Trauma and Orthopaedics Service,Ethnicity,J: Pakistani,Unknown Clock Start,10
Trauma and Orthopaedics Service,Ethnicity,J: Pakistani,01 To 18 Weeks,8590
Trauma and Orthopaedics Service,Ethnicity,J: Pakistani,18 To 52 Weeks,5845
Trauma and Orthopaedics Service,Ethnicity,J: Pakistani,Over 52 Weeks,465
Trauma and Orthopaedics Service,Ethnicity,J: Pakistani,Total,14915
Trauma and Orthopaedics Service,Ethnicity,K: Bangladeshi,Unknown Clock Start,*
Trauma and Orthopaedics Service,Ethnicity,K: Bangladeshi,01 To 18 Weeks,2670
Trauma and Orthopaedics Service,Ethnicity,K: Bangladeshi,18 To 52 Weeks,1680
Trauma and Orthopaedics Service,Ethnicity,K: Bangladeshi,Over 52 Weeks,150
Trauma and Orthopaedics Service,Ethnicity,K: Bangladeshi,Total,4505
Trauma and Orthopaedics Service,Ethnicity,L: Any other Asian background,Unknown Clock Start,35
Trauma and Orthopaedics Service,Ethnicity,L: Any other Asian background,01 To 18 Weeks,7800
Trauma and Orthopaedics Service,Ethnicity,L: Any other Asian background,18 To 52 Weeks,5470
Trauma and Orthopaedics Service,Ethnicity,L: Any other Asian background,Over 52 Weeks,385
Trauma and Orthopaedics Service,Ethnicity,L: Any other Asian background,Total,13690
Trauma and Orthopaedics Service,Ethnicity,M: Caribbean,Unknown Clock Start,*
Trauma and Orthopaedics Service,Ethnicity,M: Caribbean,01 To 18 Weeks,4885
Trauma and Orthopaedics Service,Ethnicity,M: Caribbean,18 To 52 Weeks,3490
Trauma and Orthopaedics Service,Ethnicity,M: Caribbean,Over 52 Weeks,280
Trauma and Orthopaedics Service,Ethnicity,M: Caribbean,Total,8665
Trauma and Orthopaedics Service,Ethnicity,N: African,Unknown Clock Start,15
Trauma and Orthopaedics Service,Ethnicity,N: African,01 To 18 Weeks,6365
Trauma and Orthopaedics Service,Ethnicity,N: African,18 To 52 Weeks,4365
Trauma and Orthopaedics Service,Ethnicity,N: African,Over 52 Weeks,380
Trauma and Orthopaedics Service,Ethnicity,N: African,Total,11125
Trauma and Orthopaedics Service,Ethnicity,P: Any other Black background,Unknown Clock Start,10
Trauma and Orthopaedics Service,Ethnicity,P: Any other Black background,01 To 18 Weeks,3280
Trauma and Orthopaedics Service,Ethnicity,P: Any other Black background,18 To 52 Weeks,2310
Trauma and Orthopaedics Service,Ethnicity,P: Any other Black background,Over 52 Weeks,200
Trauma and Orthopaedics Service,Ethnicity,P: Any other Black background,Total,5800
Trauma and Orthopaedics Service,Ethnicity,R: Chinese,Unknown Clock Start,*
Trauma and Orthopaedics Service,Ethnicity,R: Chinese,01 To 18 Weeks,1125
Trauma and Orthopaedics Service,Ethnicity,R: Chinese,18 To 52 Weeks,770
Trauma and Orthopaedics Service,Ethnicity,R: Chinese,Over 52 Weeks,70
Trauma and Orthopaedics Service,Ethnicity,R: Chinese,Total,1970
Trauma and Orthopaedics Service,Ethnicity,S: Any other ethnic group,Unknown Clock Start,15
Trauma and Orthopaedics Service,Ethnicity,S: Any other ethnic group,01 To 18 Weeks,3565
Trauma and Orthopaedics Service,Ethnicity,S: Any other ethnic group,18 To 52 Weeks,2500
Trauma and Orthopaedics Service,Ethnicity,S: Any other ethnic group,Over 52 Weeks,215
Trauma and Orthopaedics Service,Ethnicity,S: Any other ethnic group,Total,6290
Trauma and Orthopaedics Service,Ethnicity,Z: Not stated,Unknown Clock Start,85
Trauma and Orthopaedics Service,Ethnicity,Z: Not stated,01 To 18 Weeks,18035
Trauma and Orthopaedics Service,Ethnicity,Z: Not stated,18 To 52 Weeks,10790
Trauma and Orthopaedics Service,Ethnicity,Z: Not stated,Over 52 Weeks,735
Trauma and Orthopaedics Service,Ethnicity,Z: Not stated,Total,29645
Trauma and Orthopaedics Service,IMD,1,Unknown Clock Start,135
Trauma and Orthopaedics Service,IMD,1,01 To 18 Weeks,43935
Trauma and Orthopaedics Service,IMD,1,18 To 52 Weeks,28915
Trauma and Orthopaedics Service,IMD,1,Over 52 Weeks,2410
Trauma and Orthopaedics Service,IMD,1,Total,75395
Trauma and Orthopaedics Service,IMD,10,Unknown Clock Start,200
Trauma and Orthopaedics Service,IMD,10,01 To 18 Weeks,45395
Trauma and Orthopaedics Service,IMD,10,18 To 52 Weeks,29620
Trauma and Orthopaedics Service,IMD,10,Over 52 Weeks,2285
Trauma and Orthopaedics Service,IMD,10,Total,77495
Trauma and Orthopaedics Service,IMD,2,Unknown Clock Start,150
Trauma and Orthopaedics Service,IMD,2,01 To 18 Weeks,44990
Trauma and Orthopaedics Service,IMD,2,18 To 52 Weeks,31160
Trauma and Orthopaedics Service,IMD,2,Over 52 Weeks,2490
Trauma and Orthopaedics Service,IMD,2,Total,78795
Trauma and Orthopaedics Service,IMD,3,Unknown Clock Start,150
Trauma and Orthopaedics Service,IMD,3,01 To 18 Weeks,45630
Trauma and Orthopaedics Service,IMD,3,18 To 52 Weeks,31765
Trauma and Orthopaedics Service,IMD,3,Over 52 Weeks,2730
Trauma and Orthopaedics Service,IMD,3,Total,80280
Trauma and Orthopaedics Service,IMD,4,Unknown Clock Start,240
Trauma and Orthopaedics Service,IMD,4,01 To 18 Weeks,46935
Trauma and Orthopaedics Service,IMD,4,18 To 52 Weeks,33505
Trauma and Orthopaedics Service,IMD,4,Over 52 Weeks,2840
Trauma and Orthopaedics Service,IMD,4,Total,83525
Trauma and Orthopaedics Service,IMD,5,Unknown Clock Start,260
Trauma and Orthopaedics Service,IMD,5,01 To 18 Weeks,48545
Trauma and Orthopaedics Service,IMD,5,18 To 52 Weeks,34150
Trauma and Orthopaedics Service,IMD,5,Over 52 Weeks,3065
Trauma and Orthopaedics Service,IMD,5,Total,86015
Trauma and Orthopaedics Service,IMD,6,Unknown Clock Start,195
Trauma and Orthopaedics Service,IMD,6,01 To 18 Weeks,49715
Trauma and Orthopaedics Service,IMD,6,18 To 52 Weeks,34415
Trauma and Orthopaedics Service,IMD,6,Over 52 Weeks,2985
Trauma and Orthopaedics Service,IMD,6,Total,87310
Trauma and Orthopaedics Service,IMD,7,Unknown Clock Start,275
Trauma and Orthopaedics Service,IMD,7,01 To 18 Weeks,48980
Trauma and Orthopaedics Service,IMD,7,18 To 52 Weeks,33870
Trauma and Orthopaedics Service,IMD,7,Over 52 Weeks,2865
Trauma and Orthopaedics Service,IMD,7,Total,85985
Trauma and Orthopaedics Service,IMD,8,Unknown Clock Start,210
Trauma and Orthopaedics Service,IMD,8,01 To 18 Weeks,49240
Trauma and Orthopaedics Service,IMD,8,18 To 52 Weeks,33390
Trauma and Orthopaedics Service,IMD,8,Over 52 Weeks,2700
Trauma and Orthopaedics Service,IMD,8,Total,85545
Trauma and Orthopaedics Service,IMD,9,Unknown Clock Start,165
Trauma and Orthopaedics Service,IMD,9,01 To 18 Weeks,47745
Trauma and Orthopaedics Service,IMD,9,18 To 52 Weeks,32400
Trauma and Orthopaedics Service,IMD,9,Over 52 Weeks,2645
Trauma and Orthopaedics Service,IMD,9,Total,82955
Trauma and Orthopaedics Service,Sex,Female,Unknown Clock Start,1110
Trauma and Orthopaedics Service,Sex,Female,01 To 18 Weeks,262050
Trauma and Orthopaedics Service,Sex,Female,18 To 52 Weeks,179980
Trauma and Orthopaedics Service,Sex,Female,Over 52 Weeks,15085
Trauma and Orthopaedics Service,Sex,Female,Total,458230
Trauma and Orthopaedics Service,Sex,Male,Unknown Clock Start,860
Trauma and Orthopaedics Service,Sex,Male,01 To 18 Weeks,204060
Trauma and Orthopaedics Service,Sex,Male,18 To 52 Weeks,143095
Trauma and Orthopaedics Service,Sex,Male,Over 52 Weeks,11840
Trauma and Orthopaedics Service,Sex,Male,Total,359850
Unknown,Age,0-18 Years,Unknown Clock Start,15
Unknown,Age,0-18 Years,01 To 18 Weeks,1375
Unknown,Age,0-18 Years,18 To 52 Weeks,950
Unknown,Age,0-18 Years,Over 52 Weeks,30
Unknown,Age,0-18 Years,Total,2365
Unknown,Age,19-64 Years,Unknown Clock Start,90
Unknown,Age,19-64 Years,01 To 18 Weeks,2760
Unknown,Age,19-64 Years,18 To 52 Weeks,565
Unknown,Age,19-64 Years,Over 52 Weeks,40
Unknown,Age,19-64 Years,Total,3455
Unknown,Age,Over 65 Years,Unknown Clock Start,70
Unknown,Age,Over 65 Years,01 To 18 Weeks,1475
Unknown,Age,Over 65 Years,18 To 52 Weeks,155
Unknown,Age,Over 65 Years,Over 52 Weeks,*
Unknown,Age,Over 65 Years,Total,1705
Unknown,Ethnicity,99: Not known,Unknown Clock Start,*
Unknown,Ethnicity,99: Not known,01 To 18 Weeks,720
Unknown,Ethnicity,99: Not known,18 To 52 Weeks,40
Unknown,Ethnicity,99: Not known,Total,765
Unknown,Ethnicity,A: British,Unknown Clock Start,130
Unknown,Ethnicity,A: British,01 To 18 Weeks,4640
Unknown,Ethnicity,A: British,18 To 52 Weeks,1100
Unknown,Ethnicity,A: British,Over 52 Weeks,40
Unknown,Ethnicity,A: British,Total,5915
Unknown,Ethnicity,B: Irish,Unknown Clock Start,*
Unknown,Ethnicity,B: Irish,01 To 18 Weeks,45
Unknown,Ethnicity,B: Irish,18 To 52 Weeks,10
Unknown,Ethnicity,B: Irish,Over 52 Weeks,*
Unknown,Ethnicity,B: Irish,Total,60
Unknown,Ethnicity,C: Any other white background,Unknown Clock Start,20
Unknown,Ethnicity,C: Any other white background,01 To 18 Weeks,465
Unknown,Ethnicity,C: Any other white background,18 To 52 Weeks,135
Unknown,Ethnicity,C: Any other white background,Over 52 Weeks,*
Unknown,Ethnicity,C: Any other white background,Total,625
Unknown,Ethnicity,D: White and Black Caribbean,Unknown Clock Start,*
Unknown,Ethnicity,D: White and Black Caribbean,01 To 18 Weeks,30
Unknown,Ethnicity,D: White and Black Caribbean,18 To 52 Weeks,15
Unknown,Ethnicity,D: White and Black Caribbean,Over 52 Weeks,*
Unknown,Ethnicity,D: White and Black Caribbean,Total,50
Unknown,Ethnicity,E: White and Black African,01 To 18 Weeks,25
Unknown,Ethnicity,E: White and Black African,18 To 52 Weeks,10
Unknown,Ethnicity,E: White and Black African,Total,30
Unknown,Ethnicity,F: White and Asian,01 To 18 Weeks,30
Unknown,Ethnicity,F: White and Asian,18 To 52 Weeks,15
Unknown,Ethnicity,F: White and Asian,Total,40
Unknown,Ethnicity,G: Any other mixed background,Unknown Clock Start,*
Unknown,Ethnicity,G: Any other mixed background,01 To 18 Weeks,80
Unknown,Ethnicity,G: Any other mixed background,18 To 52 Weeks,35
Unknown,Ethnicity,G: Any other mixed background,Over 52 Weeks,*
Unknown,Ethnicity,G: Any other mixed background,Total,120
Unknown,Ethnicity,H: Indian,Unknown Clock Start,*
Unknown,Ethnicity,H: Indian,01 To 18 Weeks,120
Unknown,Ethnicity,H: Indian,18 To 52 Weeks,40
Unknown,Ethnicity,H: Indian,Over 52 Weeks,*
Unknown,Ethnicity,H: Indian,Total,170
Unknown,Ethnicity,J: Pakistani,Unknown Clock Start,*
Unknown,Ethnicity,J: Pakistani,01 To 18 Weeks,120
Unknown,Ethnicity,J: Pakistani,18 To 52 Weeks,45
Unknown,Ethnicity,J: Pakistani,Over 52 Weeks,*
Unknown,Ethnicity,J: Pakistani,Total,175
Unknown,Ethnicity,K: Bangladeshi,Unknown Clock Start,*
Unknown,Ethnicity,K: Bangladeshi,01 To 18 Weeks,60
Unknown,Ethnicity,K: Bangladeshi,18 To 52 Weeks,30
Unknown,Ethnicity,K: Bangladeshi,Over 52 Weeks,*
Unknown,Ethnicity,K: Bangladeshi,Total,95
Unknown,Ethnicity,L: Any other Asian background,Unknown Clock Start,*
Unknown,Ethnicity,L: Any other Asian background,01 To 18 Weeks,125
Unknown,Ethnicity,L: Any other Asian background,18 To 52 Weeks,40
Unknown,Ethnicity,L: Any other Asian background,Over 52 Weeks,*
Unknown,Ethnicity,L: Any other Asian background,Total,175
Unknown,Ethnicity,M: Caribbean,01 To 18 Weeks,85
Unknown,Ethnicity,M: Caribbean,18 To 52 Weeks,25
Unknown,Ethnicity,M: Caribbean,Over 52 Weeks,*
Unknown,Ethnicity,M: Caribbean,Total,110
Unknown,Ethnicity,N: African,01 To 18 Weeks,155
Unknown,Ethnicity,N: African,18 To 52 Weeks,50
Unknown,Ethnicity,N: African,Over 52 Weeks,*
Unknown,Ethnicity,N: African,Total,210
Unknown,Ethnicity,P: Any other Black background,Unknown Clock Start,*
Unknown,Ethnicity,P: Any other Black background,01 To 18 Weeks,75
Unknown,Ethnicity,P: Any other Black background,18 To 52 Weeks,25
Unknown,Ethnicity,P: Any other Black background,Over 52 Weeks,*
Unknown,Ethnicity,P: Any other Black background,Total,110
Unknown,Ethnicity,R: Chinese,01 To 18 Weeks,25
Unknown,Ethnicity,R: Chinese,18 To 52 Weeks,*
Unknown,Ethnicity,R: Chinese,Total,25
Unknown,Ethnicity,S: Any other ethnic group,Unknown Clock Start,*
Unknown,Ethnicity,S: Any other ethnic group,01 To 18 Weeks,60
Unknown,Ethnicity,S: Any other ethnic group,18 To 52 Weeks,20
Unknown,Ethnicity,S: Any other ethnic group,Over 52 Weeks,*
Unknown,Ethnicity,S: Any other ethnic group,Total,85
Unknown,Ethnicity,Z: Not stated,Unknown Clock Start,*
Unknown,Ethnicity,Z: Not stated,01 To 18 Weeks,190
Unknown,Ethnicity,Z: Not stated,18 To 52 Weeks,35
Unknown,Ethnicity,Z: Not stated,Over 52 Weeks,*
Unknown,Ethnicity,Z: Not stated,Total,230
Unknown,IMD,1,01 To 18 Weeks,635
Unknown,IMD,1,18 To 52 Weeks,155
Unknown,IMD,1,Over 52 Weeks,*
Unknown,IMD,1,Total,795
Unknown,IMD,10,Unknown Clock Start,50
Unknown,IMD,10,01 To 18 Weeks,555
Unknown,IMD,10,18 To 52 Weeks,180
Unknown,IMD,10,Over 52 Weeks,10
Unknown,IMD,10,Total,790
Unknown,IMD,2,Unknown Clock Start,*
Unknown,IMD,2,01 To 18 Weeks,680
Unknown,IMD,2,18 To 52 Weeks,140
Unknown,IMD,2,Over 52 Weeks,*
Unknown,IMD,2,Total,825
Unknown,IMD,3,Unknown Clock Start,*
Unknown,IMD,3,01 To 18 Weeks,740
Unknown,IMD,3,18 To 52 Weeks,185
Unknown,IMD,3,Over 52 Weeks,10
Unknown,IMD,3,Total,940
Unknown,IMD,4,Unknown Clock Start,10
Unknown,IMD,4,01 To 18 Weeks,710
Unknown,IMD,4,18 To 52 Weeks,210
Unknown,IMD,4,Over 52 Weeks,*
Unknown,IMD,4,Total,940
Unknown,IMD,5,Unknown Clock Start,10
Unknown,IMD,5,01 To 18 Weeks,610
Unknown,IMD,5,18 To 52 Weeks,165
Unknown,IMD,5,Over 52 Weeks,*
Unknown,IMD,5,Total,790
Unknown,IMD,6,Unknown Clock Start,15
Unknown,IMD,6,01 To 18 Weeks,685
Unknown,IMD,6,18 To 52 Weeks,170
Unknown,IMD,6,Over 52 Weeks,15
Unknown,IMD,6,Total,885
Unknown,IMD,7,Unknown Clock Start,25
Unknown,IMD,7,01 To 18 Weeks,545
Unknown,IMD,7,18 To 52 Weeks,120
Unknown,IMD,7,Over 52 Weeks,*
Unknown,IMD,7,Total,695
Unknown,IMD,8,Unknown Clock Start,25
Unknown,IMD,8,01 To 18 Weeks,615
Unknown,IMD,8,18 To 52 Weeks,145
Unknown,IMD,8,Over 52 Weeks,10
Unknown,IMD,8,Total,790
Unknown,IMD,9,Unknown Clock Start,25
Unknown,IMD,9,01 To 18 Weeks,585
Unknown,IMD,9,18 To 52 Weeks,150
Unknown,IMD,9,Over 52 Weeks,*
Unknown,IMD,9,Total,765
Unknown,Sex,Female,Unknown Clock Start,80
Unknown,Sex,Female,01 To 18 Weeks,2850
Unknown,Sex,Female,18 To 52 Weeks,800
Unknown,Sex,Female,Over 52 Weeks,40
Unknown,Sex,Female,Total,3770
Unknown,Sex,Male,Unknown Clock Start,70
Unknown,Sex,Male,01 To 18 Weeks,2820
Unknown,Sex,Male,18 To 52 Weeks,805
Unknown,Sex,Male,Over 52 Weeks,30
Unknown,Sex,Male,Total,3725
Urology Service,Age,0-18 Years,Unknown Clock Start,*
Urology Service,Age,0-18 Years,01 To 18 Weeks,5855
Urology Service,Age,0-18 Years,18 To 52 Weeks,4455
Urology Service,Age,0-18 Years,Over 52 Weeks,280
Urology Service,Age,0-18 Years,Total,10590
Urology Service,Age,19-64 Years,Unknown Clock Start,160
Urology Service,Age,19-64 Years,01 To 18 Weeks,122135
Urology Service,Age,19-64 Years,18 To 52 Weeks,88135
Urology Service,Age,19-64 Years,Over 52 Weeks,7050
Urology Service,Age,19-64 Years,Total,217480
Urology Service,Age,Over 65 Years,Unknown Clock Start,100
Urology Service,Age,Over 65 Years,01 To 18 Weeks,104040
Urology Service,Age,Over 65 Years,18 To 52 Weeks,58550
Urology Service,Age,Over 65 Years,Over 52 Weeks,4090
Urology Service,Age,Over 65 Years,Total,166780
Urology Service,Ethnicity,99: Not known,Unknown Clock Start,*
Urology Service,Ethnicity,99: Not known,01 To 18 Weeks,9215
Urology Service,Ethnicity,99: Not known,18 To 52 Weeks,4350
Urology Service,Ethnicity,99: Not known,Over 52 Weeks,250
Urology Service,Ethnicity,99: Not known,Total,13820
Urology Service,Ethnicity,A: British,Unknown Clock Start,200
Urology Service,Ethnicity,A: British,01 To 18 Weeks,170205
Urology Service,Ethnicity,A: British,18 To 52 Weeks,106370
Urology Service,Ethnicity,A: British,Over 52 Weeks,7995
Urology Service,Ethnicity,A: British,Total,284775
Urology Service,Ethnicity,B: Irish,01 To 18 Weeks,1495
Urology Service,Ethnicity,B: Irish,18 To 52 Weeks,990
Urology Service,Ethnicity,B: Irish,Over 52 Weeks,70
Urology Service,Ethnicity,B: Irish,Total,2555
Urology Service,Ethnicity,C: Any other white background,Unknown Clock Start,25
Urology Service,Ethnicity,C: Any other white background,01 To 18 Weeks,12810
Urology Service,Ethnicity,C: Any other white background,18 To 52 Weeks,9755
Urology Service,Ethnicity,C: Any other white background,Over 52 Weeks,675
Urology Service,Ethnicity,C: Any other white background,Total,23265
Urology Service,Ethnicity,D: White and Black Caribbean,01 To 18 Weeks,665
Urology Service,Ethnicity,D: White and Black Caribbean,18 To 52 Weeks,505
Urology Service,Ethnicity,D: White and Black Caribbean,Over 52 Weeks,40
Urology Service,Ethnicity,D: White and Black Caribbean,Total,1215
Urology Service,Ethnicity,E: White and Black African,01 To 18 Weeks,385
Urology Service,Ethnicity,E: White and Black African,18 To 52 Weeks,305
Urology Service,Ethnicity,E: White and Black African,Over 52 Weeks,25
Urology Service,Ethnicity,E: White and Black African,Total,715
Urology Service,Ethnicity,F: White and Asian,Unknown Clock Start,*
Urology Service,Ethnicity,F: White and Asian,01 To 18 Weeks,545
Urology Service,Ethnicity,F: White and Asian,18 To 52 Weeks,380
Urology Service,Ethnicity,F: White and Asian,Over 52 Weeks,45
Urology Service,Ethnicity,F: White and Asian,Total,970
Urology Service,Ethnicity,G: Any other mixed background,01 To 18 Weeks,1365
Urology Service,Ethnicity,G: Any other mixed background,18 To 52 Weeks,1055
Urology Service,Ethnicity,G: Any other mixed background,Over 52 Weeks,90
Urology Service,Ethnicity,G: Any other mixed background,Total,2510
Urology Service,Ethnicity,H: Indian,Unknown Clock Start,*
Urology Service,Ethnicity,H: Indian,01 To 18 Weeks,5730
Urology Service,Ethnicity,H: Indian,18 To 52 Weeks,4090
Urology Service,Ethnicity,H: Indian,Over 52 Weeks,255
Urology Service,Ethnicity,H: Indian,Total,10080
Urology Service,Ethnicity,J: Pakistani,Unknown Clock Start,*
Urology Service,Ethnicity,J: Pakistani,01 To 18 Weeks,4575
Urology Service,Ethnicity,J: Pakistani,18 To 52 Weeks,3485
Urology Service,Ethnicity,J: Pakistani,Over 52 Weeks,290
Urology Service,Ethnicity,J: Pakistani,Total,8355
Urology Service,Ethnicity,K: Bangladeshi,01 To 18 Weeks,1560
Urology Service,Ethnicity,K: Bangladeshi,18 To 52 Weeks,1225
Urology Service,Ethnicity,K: Bangladeshi,Over 52 Weeks,105
Urology Service,Ethnicity,K: Bangladeshi,Total,2895
Urology Service,Ethnicity,L: Any other Asian background,Unknown Clock Start,10
Urology Service,Ethnicity,L: Any other Asian background,01 To 18 Weeks,4640
Urology Service,Ethnicity,L: Any other Asian background,18 To 52 Weeks,3610
Urology Service,Ethnicity,L: Any other Asian background,Over 52 Weeks,245
Urology Service,Ethnicity,L: Any other Asian background,Total,8505
Urology Service,Ethnicity,M: Caribbean,Unknown Clock Start,*
Urology Service,Ethnicity,M: Caribbean,01 To 18 Weeks,2690
Urology Service,Ethnicity,M: Caribbean,18 To 52 Weeks,1975
Urology Service,Ethnicity,M: Caribbean,Over 52 Weeks,175
Urology Service,Ethnicity,M: Caribbean,Total,4840
Urology Service,Ethnicity,N: African,Unknown Clock Start,*
Urology Service,Ethnicity,N: African,01 To 18 Weeks,4040
Urology Service,Ethnicity,N: African,18 To 52 Weeks,2990
Urology Service,Ethnicity,N: African,Over 52 Weeks,260
Urology Service,Ethnicity,N: African,Total,7290
Urology Service,Ethnicity,P: Any other Black background,Unknown Clock Start,*
Urology Service,Ethnicity,P: Any other Black background,01 To 18 Weeks,2140
Urology Service,Ethnicity,P: Any other Black background,18 To 52 Weeks,1510
Urology Service,Ethnicity,P: Any other Black background,Over 52 Weeks,105
Urology Service,Ethnicity,P: Any other Black background,Total,3755
Urology Service,Ethnicity,R: Chinese,Unknown Clock Start,*
Urology Service,Ethnicity,R: Chinese,01 To 18 Weeks,790
Urology Service,Ethnicity,R: Chinese,18 To 52 Weeks,530
Urology Service,Ethnicity,R: Chinese,Over 52 Weeks,45
Urology Service,Ethnicity,R: Chinese,Total,1370
Urology Service,Ethnicity,S: Any other ethnic group,Unknown Clock Start,*
Urology Service,Ethnicity,S: Any other ethnic group,01 To 18 Weeks,2665
Urology Service,Ethnicity,S: Any other ethnic group,18 To 52 Weeks,1895
Urology Service,Ethnicity,S: Any other ethnic group,Over 52 Weeks,155
Urology Service,Ethnicity,S: Any other ethnic group,Total,4725
Urology Service,Ethnicity,Z: Not stated,Unknown Clock Start,15
Urology Service,Ethnicity,Z: Not stated,01 To 18 Weeks,11235
Urology Service,Ethnicity,Z: Not stated,18 To 52 Weeks,7050
Urology Service,Ethnicity,Z: Not stated,Over 52 Weeks,585
Urology Service,Ethnicity,Z: Not stated,Total,18885
Urology Service,IMD,1,Unknown Clock Start,20
Urology Service,IMD,1,01 To 18 Weeks,21870
Urology Service,IMD,1,18 To 52 Weeks,14920
Urology Service,IMD,1,Over 52 Weeks,1290
Urology Service,IMD,1,Total,38100
Urology Service,IMD,10,Unknown Clock Start,30
Urology Service,IMD,10,01 To 18 Weeks,21005
Urology Service,IMD,10,18 To 52 Weeks,12780
Urology Service,IMD,10,Over 52 Weeks,900
Urology Service,IMD,10,Total,34720
Urology Service,IMD,2,Unknown Clock Start,15
Urology Service,IMD,2,01 To 18 Weeks,22935
Urology Service,IMD,2,18 To 52 Weeks,15860
Urology Service,IMD,2,Over 52 Weeks,1215
Urology Service,IMD,2,Total,40025
Urology Service,IMD,3,Unknown Clock Start,30
Urology Service,IMD,3,01 To 18 Weeks,23530
Urology Service,IMD,3,18 To 52 Weeks,16035
Urology Service,IMD,3,Over 52 Weeks,1290
Urology Service,IMD,3,Total,40885
Urology Service,IMD,4,Unknown Clock Start,30
Urology Service,IMD,4,01 To 18 Weeks,23610
Urology Service,IMD,4,18 To 52 Weeks,15665
Urology Service,IMD,4,Over 52 Weeks,1215
Urology Service,IMD,4,Total,40515
Urology Service,IMD,5,Unknown Clock Start,30
Urology Service,IMD,5,01 To 18 Weeks,23445
Urology Service,IMD,5,18 To 52 Weeks,15185
Urology Service,IMD,5,Over 52 Weeks,1145
Urology Service,IMD,5,Total,39805
Urology Service,IMD,6,Unknown Clock Start,35
Urology Service,IMD,6,01 To 18 Weeks,23645
Urology Service,IMD,6,18 To 52 Weeks,15110
Urology Service,IMD,6,Over 52 Weeks,1100
Urology Service,IMD,6,Total,39885
Urology Service,IMD,7,Unknown Clock Start,35
Urology Service,IMD,7,01 To 18 Weeks,23115
Urology Service,IMD,7,18 To 52 Weeks,14270
Urology Service,IMD,7,Over 52 Weeks,950
Urology Service,IMD,7,Total,38370
Urology Service,IMD,8,Unknown Clock Start,25
Urology Service,IMD,8,01 To 18 Weeks,22950
Urology Service,IMD,8,18 To 52 Weeks,14630
Urology Service,IMD,8,Over 52 Weeks,1055
Urology Service,IMD,8,Total,38660
Urology Service,IMD,9,Unknown Clock Start,20
Urology Service,IMD,9,01 To 18 Weeks,22720
Urology Service,IMD,9,18 To 52 Weeks,13865
Urology Service,IMD,9,Over 52 Weeks,990
Urology Service,IMD,9,Total,37595
Urology Service,Sex,Female,Unknown Clock Start,65
Urology Service,Sex,Female,01 To 18 Weeks,58790
Urology Service,Sex,Female,18 To 52 Weeks,39550
Urology Service,Sex,Female,Over 52 Weeks,2835
Urology Service,Sex,Female,Total,101240
Urology Service,Sex,Male,Unknown Clock Start,195
Urology Service,Sex,Male,01 To 18 Weeks,164915
Urology Service,Sex,Male,18 To 52 Weeks,105500
Urology Service,Sex,Male,Over 52 Weeks,7600
Urology Service,Sex,Male,Total,278210
