Treatment Function Code,Metric,Category,Waiting Bands,Count
Cardiology Service,Age,0-18 Years,Unknown Clock Start,*
Cardiology Service,Age,0-18 Years,01 To 18 Weeks,4235
Cardiology Service,Age,0-18 Years,18 To 52 Weeks,2470
Cardiology Service,Age,0-18 Years,Over 52 Weeks,120
Cardiology Service,Age,0-18 Years,Total,6825
Cardiology Service,Age,19-64 Years,Unknown Clock Start,85
Cardiology Service,Age,19-64 Years,01 To 18 Weeks,109480
Cardiology Service,Age,19-64 Years,18 To 52 Weeks,69220
Cardiology Service,Age,19-64 Years,Over 52 Weeks,2905
Cardiology Service,Age,19-64 Years,Total,181695
Cardiology Service,Age,Over 65 Years,Unknown Clock Start,105
Cardiology Service,Age,Over 65 Years,01 To 18 Weeks,112905
Cardiology Service,Age,Over 65 Years,18 To 52 Weeks,64240
Cardiology Service,Age,Over 65 Years,Over 52 Weeks,2180
Cardiology Service,Age,Over 65 Years,Total,179435
Cardiology Service,Ethnicity,99: Not known,01 To 18 Weeks,8670
Cardiology Service,Ethnicity,99: Not known,18 To 52 Weeks,3790
Cardiology Service,Ethnicity,99: Not known,Over 52 Weeks,125
Cardiology Service,Ethnicity,99: Not known,Total,12590
Cardiology Service,Ethnicity,A: British,Unknown Clock Start,145
Cardiology Service,Ethnicity,A: British,01 To 18 Weeks,168835
Cardiology Service,Ethnicity,A: British,18 To 52 Weeks,100130
Cardiology Service,Ethnicity,A: British,Over 52 Weeks,3955
Cardiology Service,Ethnicity,A: British,Total,273065
Cardiology Service,Ethnicity,B: Irish,Unknown Clock Start,*
Cardiology Service,Ethnicity,B: Irish,01 To 18 Weeks,1585
Cardiology Service,Ethnicity,B: Irish,18 To 52 Weeks,935
Cardiology Service,Ethnicity,B: Irish,Over 52 Weeks,35
Cardiology Service,Ethnicity,B: Irish,Total,2555
Cardiology Service,Ethnicity,C: Any other white background,Unknown Clock Start,10
Cardiology Service,Ethnicity,C: Any other white background,01 To 18 Weeks,12555
Cardiology Service,Ethnicity,C: Any other white background,18 To 52 Weeks,7860
Cardiology Service,Ethnicity,C: Any other white background,Over 52 Weeks,325
Cardiology Service,Ethnicity,C: Any other white background,Total,20750
Cardiology Service,Ethnicity,D: White and Black Caribbean,01 To 18 Weeks,560
Cardiology Service,Ethnicity,D: White and Black Caribbean,18 To 52 Weeks,365
Cardiology Service,Ethnicity,D: White and Black Caribbean,Over 52 Weeks,10
Cardiology Service,Ethnicity,D: White and Black Caribbean,Total,935
Cardiology Service,Ethnicity,E: White and Black African,01 To 18 Weeks,370
Cardiology Service,Ethnicity,E: White and Black African,18 To 52 Weeks,230
Cardiology Service,Ethnicity,E: White and Black African,Over 52 Weeks,10
Cardiology Service,Ethnicity,E: White and Black African,Total,610
Cardiology Service,Ethnicity,F: White and Asian,01 To 18 Weeks,535
Cardiology Service,Ethnicity,F: White and Asian,18 To 52 Weeks,310
Cardiology Service,Ethnicity,F: White and Asian,Over 52 Weeks,*
Cardiology Service,Ethnicity,F: White and Asian,Total,850
Cardiology Service,Ethnicity,G: Any other mixed background,Unknown Clock Start,*
Cardiology Service,Ethnicity,G: Any other mixed background,01 To 18 Weeks,1240
Cardiology Service,Ethnicity,G: Any other mixed background,18 To 52 Weeks,725
Cardiology Service,Ethnicity,G: Any other mixed background,Over 52 Weeks,30
Cardiology Service,Ethnicity,G: Any other mixed background,Total,2000
Cardiology Service,Ethnicity,H: Indian,Unknown Clock Start,*
Cardiology Service,Ethnicity,H: Indian,01 To 18 Weeks,5770
Cardiology Service,Ethnicity,H: Indian,18 To 52 Weeks,3640
Cardiology Service,Ethnicity,H: Indian,Over 52 Weeks,115
Cardiology Service,Ethnicity,H: Indian,Total,9530
Cardiology Service,Ethnicity,J: Pakistani,Unknown Clock Start,*
Cardiology Service,Ethnicity,J: Pakistani,01 To 18 Weeks,4415
Cardiology Service,Ethnicity,J: Pakistani,18 To 52 Weeks,2750
Cardiology Service,Ethnicity,J: Pakistani,Over 52 Weeks,95
Cardiology Service,Ethnicity,J: Pakistani,Total,7260
Cardiology Service,Ethnicity,K: Bangladeshi,Unknown Clock Start,*
Cardiology Service,Ethnicity,K: Bangladeshi,01 To 18 Weeks,1145
Cardiology Service,Ethnicity,K: Bangladeshi,18 To 52 Weeks,695
Cardiology Service,Ethnicity,K: Bangladeshi,Over 52 Weeks,20
Cardiology Service,Ethnicity,K: Bangladeshi,Total,1865
Cardiology Service,Ethnicity,L: Any other Asian background,Unknown Clock Start,*
Cardiology Service,Ethnicity,L: Any other Asian background,01 To 18 Weeks,4485
Cardiology Service,Ethnicity,L: Any other Asian background,18 To 52 Weeks,2560
Cardiology Service,Ethnicity,L: Any other Asian background,Over 52 Weeks,70
Cardiology Service,Ethnicity,L: Any other Asian background,Total,7125
Cardiology Service,Ethnicity,M: Caribbean,Unknown Clock Start,*
Cardiology Service,Ethnicity,M: Caribbean,01 To 18 Weeks,2355
Cardiology Service,Ethnicity,M: Caribbean,18 To 52 Weeks,1475
Cardiology Service,Ethnicity,M: Caribbean,Over 52 Weeks,40
Cardiology Service,Ethnicity,M: Caribbean,Total,3875
Cardiology Service,Ethnicity,N: African,Unknown Clock Start,*
Cardiology Service,Ethnicity,N: African,01 To 18 Weeks,3555
Cardiology Service,Ethnicity,N: African,18 To 52 Weeks,2345
Cardiology Service,Ethnicity,N: African,Over 52 Weeks,75
Cardiology Service,Ethnicity,N: African,Total,5975
Cardiology Service,Ethnicity,P: Any other Black background,Unknown Clock Start,*
Cardiology Service,Ethnicity,P: Any other Black background,01 To 18 Weeks,1730
Cardiology Service,Ethnicity,P: Any other Black background,18 To 52 Weeks,1145
Cardiology Service,Ethnicity,P: Any other Black background,Over 52 Weeks,25
Cardiology Service,Ethnicity,P: Any other Black background,Total,2905
Cardiology Service,Ethnicity,R: Chinese,Unknown Clock Start,*
Cardiology Service,Ethnicity,R: Chinese,01 To 18 Weeks,810
Cardiology Service,Ethnicity,R: Chinese,18 To 52 Weeks,525
Cardiology Service,Ethnicity,R: Chinese,Over 52 Weeks,30
Cardiology Service,Ethnicity,R: Chinese,Total,1365
Cardiology Service,Ethnicity,S: Any other ethnic group,Unknown Clock Start,*
Cardiology Service,Ethnicity,S: Any other ethnic group,01 To 18 Weeks,2315
Cardiology Service,Ethnicity,S: Any other ethnic group,18 To 52 Weeks,1390
Cardiology Service,Ethnicity,S: Any other ethnic group,Over 52 Weeks,45
Cardiology Service,Ethnicity,S: Any other ethnic group,Total,3755
Cardiology Service,Ethnicity,Z: Not stated,Unknown Clock Start,10
Cardiology Service,Ethnicity,Z: Not stated,01 To 18 Weeks,9790
Cardiology Service,Ethnicity,Z: Not stated,18 To 52 Weeks,5700
Cardiology Service,Ethnicity,Z: Not stated,Over 52 Weeks,195
Cardiology Service,Ethnicity,Z: Not stated,Total,15700
Cardiology Service,IMD,1,Unknown Clock Start,*
Cardiology Service,IMD,1,01 To 18 Weeks,20300
Cardiology Service,IMD,1,18 To 52 Weeks,12005
Cardiology Service,IMD,1,Over 52 Weeks,475
Cardiology Service,IMD,1,Total,32785
Cardiology Service,IMD,10,Unknown Clock Start,65
Cardiology Service,IMD,10,01 To 18 Weeks,23085
Cardiology Service,IMD,10,18 To 52 Weeks,13375
Cardiology Service,IMD,10,Over 52 Weeks,410
Cardiology Service,IMD,10,Total,36935
Cardiology Service,IMD,2,Unknown Clock Start,*
Cardiology Service,IMD,2,01 To 18 Weeks,20245
Cardiology Service,IMD,2,18 To 52 Weeks,12380
Cardiology Service,IMD,2,Over 52 Weeks,495
Cardiology Service,IMD,2,Total,33120
Cardiology Service,IMD,3,Unknown Clock Start,10
Cardiology Service,IMD,3,01 To 18 Weeks,20805
Cardiology Service,IMD,3,18 To 52 Weeks,12600
Cardiology Service,IMD,3,Over 52 Weeks,490
Cardiology Service,IMD,3,Total,33900
Cardiology Service,IMD,4,Unknown Clock Start,15
Cardiology Service,IMD,4,01 To 18 Weeks,22095
Cardiology Service,IMD,4,18 To 52 Weeks,13690
Cardiology Service,IMD,4,Over 52 Weeks,510
Cardiology Service,IMD,4,Total,36315
Cardiology Service,IMD,5,Unknown Clock Start,10
Cardiology Service,IMD,5,01 To 18 Weeks,22765
Cardiology Service,IMD,5,18 To 52 Weeks,13800
Cardiology Service,IMD,5,Over 52 Weeks,560
Cardiology Service,IMD,5,Total,37140
Cardiology Service,IMD,6,Unknown Clock Start,15
Cardiology Service,IMD,6,01 To 18 Weeks,23300
Cardiology Service,IMD,6,18 To 52 Weeks,13690
Cardiology Service,IMD,6,Over 52 Weeks,535
Cardiology Service,IMD,6,Total,37545
Cardiology Service,IMD,7,Unknown Clock Start,20
Cardiology Service,IMD,7,01 To 18 Weeks,23265
Cardiology Service,IMD,7,18 To 52 Weeks,13820
Cardiology Service,IMD,7,Over 52 Weeks,565
Cardiology Service,IMD,7,Total,37675
Cardiology Service,IMD,8,Unknown Clock Start,25
Cardiology Service,IMD,8,01 To 18 Weeks,23240
Cardiology Service,IMD,8,18 To 52 Weeks,13620
Cardiology Service,IMD,8,Over 52 Weeks,515
Cardiology Service,IMD,8,Total,37395
Cardiology Service,IMD,9,Unknown Clock Start,30
Cardiology Service,IMD,9,01 To 18 Weeks,23510
Cardiology Service,IMD,9,18 To 52 Weeks,13735
Cardiology Service,IMD,9,Over 52 Weeks,510
Cardiology Service,IMD,9,Total,37790
Cardiology Service,Sex,Female,Unknown Clock Start,90
Cardiology Service,Sex,Female,01 To 18 Weeks,102545
Cardiology Service,Sex,Female,18 To 52 Weeks,63555
Cardiology Service,Sex,Female,Over 52 Weeks,2495
Cardiology Service,Sex,Female,Total,168685
Cardiology Service,Sex,Male,Unknown Clock Start,110
Cardiology Service,Sex,Male,01 To 18 Weeks,108100
Cardiology Service,Sex,Male,18 To 52 Weeks,63110
Cardiology Service,Sex,Male,Over 52 Weeks,2380
Cardiology Service,Sex,Male,Total,173700
Cardiothoracic Surgery Service,Age,0-18 Years,01 To 18 Weeks,200
Cardiothoracic Surgery Service,Age,0-18 Years,18 To 52 Weeks,140
Cardiothoracic Surgery Service,Age,0-18 Years,Over 52 Weeks,*
Cardiothoracic Surgery Service,Age,0-18 Years,Total,345
Cardiothoracic Surgery Service,Age,19-64 Years,01 To 18 Weeks,4020
Cardiothoracic Surgery Service,Age,19-64 Years,18 To 52 Weeks,1730
Cardiothoracic Surgery Service,Age,19-64 Years,Over 52 Weeks,70
Cardiothoracic Surgery Service,Age,19-64 Years,Total,5820
Cardiothoracic Surgery Service,Age,Over 65 Years,01 To 18 Weeks,5110
Cardiothoracic Surgery Service,Age,Over 65 Years,18 To 52 Weeks,2115
Cardiothoracic Surgery Service,Age,Over 65 Years,Over 52 Weeks,85
Cardiothoracic Surgery Service,Age,Over 65 Years,Total,7310
Cardiothoracic Surgery Service,Ethnicity,99: Not known,01 To 18 Weeks,185
Cardiothoracic Surgery Service,Ethnicity,99: Not known,18 To 52 Weeks,80
Cardiothoracic Surgery Service,Ethnicity,99: Not known,Over 52 Weeks,*
Cardiothoracic Surgery Service,Ethnicity,99: Not known,Total,265
Cardiothoracic Surgery Service,Ethnicity,A: British,01 To 18 Weeks,7230
Cardiothoracic Surgery Service,Ethnicity,A: British,18 To 52 Weeks,3040
Cardiothoracic Surgery Service,Ethnicity,A: British,Over 52 Weeks,125
Cardiothoracic Surgery Service,Ethnicity,A: British,Total,10395
Cardiothoracic Surgery Service,Ethnicity,B: Irish,01 To 18 Weeks,60
Cardiothoracic Surgery Service,Ethnicity,B: Irish,18 To 52 Weeks,20
Cardiothoracic Surgery Service,Ethnicity,B: Irish,Total,75
Cardiothoracic Surgery Service,Ethnicity,C: Any other white background,01 To 18 Weeks,460
Cardiothoracic Surgery Service,Ethnicity,C: Any other white background,18 To 52 Weeks,200
Cardiothoracic Surgery Service,Ethnicity,C: Any other white background,Over 52 Weeks,10
Cardiothoracic Surgery Service,Ethnicity,C: Any other white background,Total,670
Cardiothoracic Surgery Service,Ethnicity,D: White and Black Caribbean,01 To 18 Weeks,20
Cardiothoracic Surgery Service,Ethnicity,D: White and Black Caribbean,18 To 52 Weeks,*
Cardiothoracic Surgery Service,Ethnicity,D: White and Black Caribbean,Total,20
Cardiothoracic Surgery Service,Ethnicity,E: White and Black African,01 To 18 Weeks,*
Cardiothoracic Surgery Service,Ethnicity,E: White and Black African,18 To 52 Weeks,*
Cardiothoracic Surgery Service,Ethnicity,E: White and Black African,Total,15
Cardiothoracic Surgery Service,Ethnicity,F: White and Asian,01 To 18 Weeks,20
Cardiothoracic Surgery Service,Ethnicity,F: White and Asian,18 To 52 Weeks,10
Cardiothoracic Surgery Service,Ethnicity,F: White and Asian,Over 52 Weeks,*
Cardiothoracic Surgery Service,Ethnicity,F: White and Asian,Total,30
Cardiothoracic Surgery Service,Ethnicity,G: Any other mixed background,01 To 18 Weeks,45
Cardiothoracic Surgery Service,Ethnicity,G: Any other mixed background,18 To 52 Weeks,15
Cardiothoracic Surgery Service,Ethnicity,G: Any other mixed background,Total,60
Cardiothoracic Surgery Service,Ethnicity,H: Indian,01 To 18 Weeks,220
Cardiothoracic Surgery Service,Ethnicity,H: Indian,18 To 52 Weeks,125
Cardiothoracic Surgery Service,Ethnicity,H: Indian,Over 52 Weeks,*
Cardiothoracic Surgery Service,Ethnicity,H: Indian,Total,345
Cardiothoracic Surgery Service,Ethnicity,J: Pakistani,01 To 18 Weeks,155
Cardiothoracic Surgery Service,Ethnicity,J: Pakistani,18 To 52 Weeks,75
Cardiothoracic Surgery Service,Ethnicity,J: Pakistani,Over 52 Weeks,*
Cardiothoracic Surgery Service,Ethnicity,J: Pakistani,Total,235
Cardiothoracic Surgery Service,Ethnicity,K: Bangladeshi,01 To 18 Weeks,45
Cardiothoracic Surgery Service,Ethnicity,K: Bangladeshi,18 To 52 Weeks,30
Cardiothoracic Surgery Service,Ethnicity,K: Bangladeshi,Total,75
Cardiothoracic Surgery Service,Ethnicity,L: Any other Asian background,01 To 18 Weeks,155
Cardiothoracic Surgery Service,Ethnicity,L: Any other Asian background,18 To 52 Weeks,95
Cardiothoracic Surgery Service,Ethnicity,L: Any other Asian background,Over 52 Weeks,*
Cardiothoracic Surgery Service,Ethnicity,L: Any other Asian background,Total,255
Cardiothoracic Surgery Service,Ethnicity,M: Caribbean,01 To 18 Weeks,70
Cardiothoracic Surgery Service,Ethnicity,M: Caribbean,18 To 52 Weeks,30
Cardiothoracic Surgery Service,Ethnicity,M: Caribbean,Over 52 Weeks,*
Cardiothoracic Surgery Service,Ethnicity,M: Caribbean,Total,105
Cardiothoracic Surgery Service,Ethnicity,N: African,01 To 18 Weeks,115
Cardiothoracic Surgery Service,Ethnicity,N: African,18 To 52 Weeks,50
Cardiothoracic Surgery Service,Ethnicity,N: African,Total,160
Cardiothoracic Surgery Service,Ethnicity,P: Any other Black background,01 To 18 Weeks,45
Cardiothoracic Surgery Service,Ethnicity,P: Any other Black background,18 To 52 Weeks,30
Cardiothoracic Surgery Service,Ethnicity,P: Any other Black background,Over 52 Weeks,*
Cardiothoracic Surgery Service,Ethnicity,P: Any other Black background,Total,80
Cardiothoracic Surgery Service,Ethnicity,R: Chinese,01 To 18 Weeks,35
Cardiothoracic Surgery Service,Ethnicity,R: Chinese,18 To 52 Weeks,20
Cardiothoracic Surgery Service,Ethnicity,R: Chinese,Total,55
Cardiothoracic Surgery Service,Ethnicity,S: Any other ethnic group,01 To 18 Weeks,80
Cardiothoracic Surgery Service,Ethnicity,S: Any other ethnic group,18 To 52 Weeks,40
Cardiothoracic Surgery Service,Ethnicity,S: Any other ethnic group,Over 52 Weeks,*
Cardiothoracic Surgery Service,Ethnicity,S: Any other ethnic group,Total,120
Cardiothoracic Surgery Service,Ethnicity,Z: Not stated,01 To 18 Weeks,420
Cardiothoracic Surgery Service,Ethnicity,Z: Not stated,18 To 52 Weeks,120
Cardiothoracic Surgery Service,Ethnicity,Z: Not stated,Over 52 Weeks,*
Cardiothoracic Surgery Service,Ethnicity,Z: Not stated,Total,540
Cardiothoracic Surgery Service,IMD,1,01 To 18 Weeks,885
Cardiothoracic Surgery Service,IMD,1,18 To 52 Weeks,395
Cardiothoracic Surgery Service,IMD,1,Over 52 Weeks,20
Cardiothoracic Surgery Service,IMD,1,Total,1300
Cardiothoracic Surgery Service,IMD,10,01 To 18 Weeks,880
Cardiothoracic Surgery Service,IMD,10,18 To 52 Weeks,345
Cardiothoracic Surgery Service,IMD,10,Over 52 Weeks,15
Cardiothoracic Surgery Service,IMD,10,Total,1235
Cardiothoracic Surgery Service,IMD,2,01 To 18 Weeks,850
Cardiothoracic Surgery Service,IMD,2,18 To 52 Weeks,365
Cardiothoracic Surgery Service,IMD,2,Over 52 Weeks,25
Cardiothoracic Surgery Service,IMD,2,Total,1240
Cardiothoracic Surgery Service,IMD,3,01 To 18 Weeks,875
Cardiothoracic Surgery Service,IMD,3,18 To 52 Weeks,375
Cardiothoracic Surgery Service,IMD,3,Over 52 Weeks,15
Cardiothoracic Surgery Service,IMD,3,Total,1265
Cardiothoracic Surgery Service,IMD,4,01 To 18 Weeks,875
Cardiothoracic Surgery Service,IMD,4,18 To 52 Weeks,435
Cardiothoracic Surgery Service,IMD,4,Over 52 Weeks,15
Cardiothoracic Surgery Service,IMD,4,Total,1320
Cardiothoracic Surgery Service,IMD,5,01 To 18 Weeks,925
Cardiothoracic Surgery Service,IMD,5,18 To 52 Weeks,435
Cardiothoracic Surgery Service,IMD,5,Over 52 Weeks,10
Cardiothoracic Surgery Service,IMD,5,Total,1370
Cardiothoracic Surgery Service,IMD,6,01 To 18 Weeks,1005
Cardiothoracic Surgery Service,IMD,6,18 To 52 Weeks,400
Cardiothoracic Surgery Service,IMD,6,Over 52 Weeks,10
Cardiothoracic Surgery Service,IMD,6,Total,1420
Cardiothoracic Surgery Service,IMD,7,01 To 18 Weeks,980
Cardiothoracic Surgery Service,IMD,7,18 To 52 Weeks,380
Cardiothoracic Surgery Service,IMD,7,Over 52 Weeks,15
Cardiothoracic Surgery Service,IMD,7,Total,1375
Cardiothoracic Surgery Service,IMD,8,01 To 18 Weeks,995
Cardiothoracic Surgery Service,IMD,8,18 To 52 Weeks,410
Cardiothoracic Surgery Service,IMD,8,Over 52 Weeks,15
Cardiothoracic Surgery Service,IMD,8,Total,1420
Cardiothoracic Surgery Service,IMD,9,01 To 18 Weeks,915
Cardiothoracic Surgery Service,IMD,9,18 To 52 Weeks,365
Cardiothoracic Surgery Service,IMD,9,Over 52 Weeks,20
Cardiothoracic Surgery Service,IMD,9,Total,1300
Cardiothoracic Surgery Service,Sex,Female,01 To 18 Weeks,2920
Cardiothoracic Surgery Service,Sex,Female,18 To 52 Weeks,1150
Cardiothoracic Surgery Service,Sex,Female,Over 52 Weeks,50
Cardiothoracic Surgery Service,Sex,Female,Total,4120
Cardiothoracic Surgery Service,Sex,Male,01 To 18 Weeks,5075
Cardiothoracic Surgery Service,Sex,Male,18 To 52 Weeks,2150
Cardiothoracic Surgery Service,Sex,Male,Over 52 Weeks,85
Cardiothoracic Surgery Service,Sex,Male,Total,7305
Dermatology Service,Age,0-18 Years,Unknown Clock Start,*
Dermatology Service,Age,0-18 Years,01 To 18 Weeks,14640
Dermatology Service,Age,0-18 Years,18 To 52 Weeks,12915
Dermatology Service,Age,0-18 Years,Over 52 Weeks,525
Dermatology Service,Age,0-18 Years,Total,28080
Dermatology Service,Age,19-64 Years,Unknown Clock Start,40
Dermatology Service,Age,19-64 Years,01 To 18 Weeks,114660
Dermatology Service,Age,19-64 Years,18 To 52 Weeks,85715
Dermatology Service,Age,19-64 Years,Over 52 Weeks,4430
Dermatology Service,Age,19-64 Years,Total,204850
Dermatology Service,Age,Over 65 Years,Unknown Clock Start,35
Dermatology Service,Age,Over 65 Years,01 To 18 Weeks,89070
Dermatology Service,Age,Over 65 Years,18 To 52 Weeks,46945
Dermatology Service,Age,Over 65 Years,Over 52 Weeks,2110
Dermatology Service,Age,Over 65 Years,Total,138160
Dermatology Service,Ethnicity,99: Not known,01 To 18 Weeks,9360
Dermatology Service,Ethnicity,99: Not known,18 To 52 Weeks,5825
Dermatology Service,Ethnicity,99: Not known,Over 52 Weeks,350
Dermatology Service,Ethnicity,99: Not known,Total,15535
Dermatology Service,Ethnicity,A: British,Unknown Clock Start,55
Dermatology Service,Ethnicity,A: British,01 To 18 Weeks,164610
Dermatology Service,Ethnicity,A: British,18 To 52 Weeks,105655
Dermatology Service,Ethnicity,A: British,Over 52 Weeks,5435
Dermatology Service,Ethnicity,A: British,Total,275755
Dermatology Service,Ethnicity,B: Irish,Unknown Clock Start,*
Dermatology Service,Ethnicity,B: Irish,01 To 18 Weeks,1535
Dermatology Service,Ethnicity,B: Irish,18 To 52 Weeks,940
Dermatology Service,Ethnicity,B: Irish,Over 52 Weeks,40
Dermatology Service,Ethnicity,B: Irish,Total,2520
Dermatology Service,Ethnicity,C: Any other white background,Unknown Clock Start,*
Dermatology Service,Ethnicity,C: Any other white background,01 To 18 Weeks,12345
Dermatology Service,Ethnicity,C: Any other white background,18 To 52 Weeks,8605
Dermatology Service,Ethnicity,C: Any other white background,Over 52 Weeks,430
Dermatology Service,Ethnicity,C: Any other white background,Total,21380
Dermatology Service,Ethnicity,D: White and Black Caribbean,01 To 18 Weeks,680
Dermatology Service,Ethnicity,D: White and Black Caribbean,18 To 52 Weeks,540
Dermatology Service,Ethnicity,D: White and Black Caribbean,Over 52 Weeks,30
Dermatology Service,Ethnicity,D: White and Black Caribbean,Total,1250
Dermatology Service,Ethnicity,E: White and Black African,01 To 18 Weeks,360
Dermatology Service,Ethnicity,E: White and Black African,18 To 52 Weeks,315
Dermatology Service,Ethnicity,E: White and Black African,Over 52 Weeks,35
Dermatology Service,Ethnicity,E: White and Black African,Total,710
Dermatology Service,Ethnicity,F: White and Asian,01 To 18 Weeks,605
Dermatology Service,Ethnicity,F: White and Asian,18 To 52 Weeks,475
Dermatology Service,Ethnicity,F: White and Asian,Over 52 Weeks,35
Dermatology Service,Ethnicity,F: White and Asian,Total,1115
Dermatology Service,Ethnicity,G: Any other mixed background,Unknown Clock Start,*
Dermatology Service,Ethnicity,G: Any other mixed background,01 To 18 Weeks,1420
Dermatology Service,Ethnicity,G: Any other mixed background,18 To 52 Weeks,1260
Dermatology Service,Ethnicity,G: Any other mixed background,Over 52 Weeks,60
Dermatology Service,Ethnicity,G: Any other mixed background,Total,2740
Dermatology Service,Ethnicity,H: Indian,Unknown Clock Start,*
Dermatology Service,Ethnicity,H: Indian,01 To 18 Weeks,3940
Dermatology Service,Ethnicity,H: Indian,18 To 52 Weeks,3310
Dermatology Service,Ethnicity,H: Indian,Over 52 Weeks,130
Dermatology Service,Ethnicity,H: Indian,Total,7385
Dermatology Service,Ethnicity,J: Pakistani,01 To 18 Weeks,3610
Dermatology Service,Ethnicity,J: Pakistani,18 To 52 Weeks,3175
Dermatology Service,Ethnicity,J: Pakistani,Over 52 Weeks,125
Dermatology Service,Ethnicity,J: Pakistani,Total,6910
Dermatology Service,Ethnicity,K: Bangladeshi,01 To 18 Weeks,1125
Dermatology Service,Ethnicity,K: Bangladeshi,18 To 52 Weeks,975
Dermatology Service,Ethnicity,K: Bangladeshi,Over 52 Weeks,50
Dermatology Service,Ethnicity,K: Bangladeshi,Total,2150
Dermatology Service,Ethnicity,L: Any other Asian background,Unknown Clock Start,*
Dermatology Service,Ethnicity,L: Any other Asian background,01 To 18 Weeks,3410
Dermatology Service,Ethnicity,L: Any other Asian background,18 To 52 Weeks,2900
Dermatology Service,Ethnicity,L: Any other Asian background,Over 52 Weeks,125
Dermatology Service,Ethnicity,L: Any other Asian background,Total,6440
Dermatology Service,Ethnicity,M: Caribbean,01 To 18 Weeks,1585
Dermatology Service,Ethnicity,M: Caribbean,18 To 52 Weeks,1380
Dermatology Service,Ethnicity,M: Caribbean,Over 52 Weeks,65
Dermatology Service,Ethnicity,M: Caribbean,Total,3025
Dermatology Service,Ethnicity,N: African,01 To 18 Weeks,2555
Dermatology Service,Ethnicity,N: African,18 To 52 Weeks,2295
Dermatology Service,Ethnicity,N: African,Over 52 Weeks,130
Dermatology Service,Ethnicity,N: African,Total,4980
Dermatology Service,Ethnicity,P: Any other Black background,Unknown Clock Start,*
Dermatology Service,Ethnicity,P: Any other Black background,01 To 18 Weeks,1365
Dermatology Service,Ethnicity,P: Any other Black background,18 To 52 Weeks,1195
Dermatology Service,Ethnicity,P: Any other Black background,Over 52 Weeks,60
Dermatology Service,Ethnicity,P: Any other Black background,Total,2620
Dermatology Service,Ethnicity,R: Chinese,01 To 18 Weeks,800
Dermatology Service,Ethnicity,R: Chinese,18 To 52 Weeks,605
Dermatology Service,Ethnicity,R: Chinese,Over 52 Weeks,30
Dermatology Service,Ethnicity,R: Chinese,Total,1435
Dermatology Service,Ethnicity,S: Any other ethnic group,Unknown Clock Start,*
Dermatology Service,Ethnicity,S: Any other ethnic group,01 To 18 Weeks,2025
Dermatology Service,Ethnicity,S: Any other ethnic group,18 To 52 Weeks,1520
Dermatology Service,Ethnicity,S: Any other ethnic group,Over 52 Weeks,60
Dermatology Service,Ethnicity,S: Any other ethnic group,Total,3610
Dermatology Service,Ethnicity,Z: Not stated,Unknown Clock Start,15
Dermatology Service,Ethnicity,Z: Not stated,01 To 18 Weeks,11925
Dermatology Service,Ethnicity,Z: Not stated,18 To 52 Weeks,8005
Dermatology Service,Ethnicity,Z: Not stated,Over 52 Weeks,430
Dermatology Service,Ethnicity,Z: Not stated,Total,20370
Dermatology Service,IMD,1,Unknown Clock Start,*
Dermatology Service,IMD,1,01 To 18 Weeks,15200
Dermatology Service,IMD,1,18 To 52 Weeks,12525
Dermatology Service,IMD,1,Over 52 Weeks,695
Dermatology Service,IMD,1,Total,28420
Dermatology Service,IMD,10,Unknown Clock Start,10
Dermatology Service,IMD,10,01 To 18 Weeks,25660
Dermatology Service,IMD,10,18 To 52 Weeks,16540
Dermatology Service,IMD,10,Over 52 Weeks,880
Dermatology Service,IMD,10,Total,43090
Dermatology Service,IMD,2,Unknown Clock Start,*
Dermatology Service,IMD,2,01 To 18 Weeks,16740
Dermatology Service,IMD,2,18 To 52 Weeks,12630
Dermatology Service,IMD,2,Over 52 Weeks,605
Dermatology Service,IMD,2,Total,29975
Dermatology Service,IMD,3,Unknown Clock Start,*
Dermatology Service,IMD,3,01 To 18 Weeks,18690
Dermatology Service,IMD,3,18 To 52 Weeks,13020
Dermatology Service,IMD,3,Over 52 Weeks,685
Dermatology Service,IMD,3,Total,32400
Dermatology Service,IMD,4,Unknown Clock Start,*
Dermatology Service,IMD,4,01 To 18 Weeks,20670
Dermatology Service,IMD,4,18 To 52 Weeks,13715
Dermatology Service,IMD,4,Over 52 Weeks,630
Dermatology Service,IMD,4,Total,35020
Dermatology Service,IMD,5,Unknown Clock Start,10
Dermatology Service,IMD,5,01 To 18 Weeks,21850
Dermatology Service,IMD,5,18 To 52 Weeks,14015
Dermatology Service,IMD,5,Over 52 Weeks,705
Dermatology Service,IMD,5,Total,36580
Dermatology Service,IMD,6,Unknown Clock Start,10
Dermatology Service,IMD,6,01 To 18 Weeks,23410
Dermatology Service,IMD,6,18 To 52 Weeks,15080
Dermatology Service,IMD,6,Over 52 Weeks,725
Dermatology Service,IMD,6,Total,39225
Dermatology Service,IMD,7,Unknown Clock Start,10
Dermatology Service,IMD,7,01 To 18 Weeks,23855
Dermatology Service,IMD,7,18 To 52 Weeks,15225
Dermatology Service,IMD,7,Over 52 Weeks,785
Dermatology Service,IMD,7,Total,39875
Dermatology Service,IMD,8,Unknown Clock Start,15
Dermatology Service,IMD,8,01 To 18 Weeks,24500
Dermatology Service,IMD,8,18 To 52 Weeks,15650
Dermatology Service,IMD,8,Over 52 Weeks,825
Dermatology Service,IMD,8,Total,40990
Dermatology Service,IMD,9,Unknown Clock Start,10
Dermatology Service,IMD,9,01 To 18 Weeks,25155
Dermatology Service,IMD,9,18 To 52 Weeks,16415
Dermatology Service,IMD,9,Over 52 Weeks,875
Dermatology Service,IMD,9,Total,42455
Dermatology Service,Sex,Female,Unknown Clock Start,45
Dermatology Service,Sex,Female,01 To 18 Weeks,112805
Dermatology Service,Sex,Female,18 To 52 Weeks,79605
Dermatology Service,Sex,Female,Over 52 Weeks,3995
Dermatology Service,Sex,Female,Total,196445
Dermatology Service,Sex,Male,Unknown Clock Start,35
Dermatology Service,Sex,Male,01 To 18 Weeks,87640
Dermatology Service,Sex,Male,18 To 52 Weeks,56680
Dermatology Service,Sex,Male,Over 52 Weeks,2725
Dermatology Service,Sex,Male,Total,147075
Ear Nose and Throat Service,Age,0-18 Years,Unknown Clock Start,20
Ear Nose and Throat Service,Age,0-18 Years,01 To 18 Weeks,37430
Ear Nose and Throat Service,Age,0-18 Years,18 To 52 Weeks,42575
Ear Nose and Throat Service,Age,0-18 Years,Over 52 Weeks,2695
Ear Nose and Throat Service,Age,0-18 Years,Total,82725
Ear Nose and Throat Service,Age,19-64 Years,Unknown Clock Start,45
Ear Nose and Throat Service,Age,19-64 Years,01 To 18 Weeks,163975
Ear Nose and Throat Service,Age,19-64 Years,18 To 52 Weeks,145245
Ear Nose and Throat Service,Age,19-64 Years,Over 52 Weeks,9825
Ear Nose and Throat Service,Age,19-64 Years,Total,319090
Ear Nose and Throat Service,Age,Over 65 Years,Unknown Clock Start,15
Ear Nose and Throat Service,Age,Over 65 Years,01 To 18 Weeks,80550
Ear Nose and Throat Service,Age,Over 65 Years,18 To 52 Weeks,64790
Ear Nose and Throat Service,Age,Over 65 Years,Over 52 Weeks,3700
Ear Nose and Throat Service,Age,Over 65 Years,Total,149055
Ear Nose and Throat Service,Ethnicity,99: Not known,Unknown Clock Start,*
Ear Nose and Throat Service,Ethnicity,99: Not known,01 To 18 Weeks,11460
Ear Nose and Throat Service,Ethnicity,99: Not known,18 To 52 Weeks,9315
Ear Nose and Throat Service,Ethnicity,99: Not known,Over 52 Weeks,530
Ear Nose and Throat Service,Ethnicity,99: Not known,Total,21305
Ear Nose and Throat Service,Ethnicity,A: British,Unknown Clock Start,65
Ear Nose and Throat Service,Ethnicity,A: British,01 To 18 Weeks,203835
Ear Nose and Throat Service,Ethnicity,A: British,18 To 52 Weeks,175580
Ear Nose and Throat Service,Ethnicity,A: British,Over 52 Weeks,11700
Ear Nose and Throat Service,Ethnicity,A: British,Total,391180
Ear Nose and Throat Service,Ethnicity,B: Irish,01 To 18 Weeks,1465
Ear Nose and Throat Service,Ethnicity,B: Irish,18 To 52 Weeks,1200
Ear Nose and Throat Service,Ethnicity,B: Irish,Over 52 Weeks,65
Ear Nose and Throat Service,Ethnicity,B: Irish,Total,2730
Ear Nose and Throat Service,Ethnicity,C: Any other white background,Unknown Clock Start,*
Ear Nose and Throat Service,Ethnicity,C: Any other white background,01 To 18 Weeks,18540
Ear Nose and Throat Service,Ethnicity,C: Any other white background,18 To 52 Weeks,16915
Ear Nose and Throat Service,Ethnicity,C: Any other white background,Over 52 Weeks,1010
Ear Nose and Throat Service,Ethnicity,C: Any other white background,Total,36470
Ear Nose and Throat Service,Ethnicity,D: White and Black Caribbean,01 To 18 Weeks,1085
Ear Nose and Throat Service,Ethnicity,D: White and Black Caribbean,18 To 52 Weeks,1165
Ear Nose and Throat Service,Ethnicity,D: White and Black Caribbean,Over 52 Weeks,55
Ear Nose and Throat Service,Ethnicity,D: White and Black Caribbean,Total,2305
Ear Nose and Throat Service,Ethnicity,E: White and Black African,01 To 18 Weeks,605
Ear Nose and Throat Service,Ethnicity,E: White and Black African,18 To 52 Weeks,640
Ear Nose and Throat Service,Ethnicity,E: White and Black African,Over 52 Weeks,25
Ear Nose and Throat Service,Ethnicity,E: White and Black African,Total,1265
Ear Nose and Throat Service,Ethnicity,F: White and Asian,01 To 18 Weeks,1050
Ear Nose and Throat Service,Ethnicity,F: White and Asian,18 To 52 Weeks,975
Ear Nose and Throat Service,Ethnicity,F: White and Asian,Over 52 Weeks,65
Ear Nose and Throat Service,Ethnicity,F: White and Asian,Total,2085
Ear Nose and Throat Service,Ethnicity,G: Any other mixed background,01 To 18 Weeks,2455
Ear Nose and Throat Service,Ethnicity,G: Any other mixed background,18 To 52 Weeks,2415
Ear Nose and Throat Service,Ethnicity,G: Any other mixed background,Over 52 Weeks,165
Ear Nose and Throat Service,Ethnicity,G: Any other mixed background,Total,5040
Ear Nose and Throat Service,Ethnicity,H: Indian,01 To 18 Weeks,6895
Ear Nose and Throat Service,Ethnicity,H: Indian,18 To 52 Weeks,7420
Ear Nose and Throat Service,Ethnicity,H: Indian,Over 52 Weeks,455
Ear Nose and Throat Service,Ethnicity,H: Indian,Total,14775
Ear Nose and Throat Service,Ethnicity,J: Pakistani,Unknown Clock Start,*
Ear Nose and Throat Service,Ethnicity,J: Pakistani,01 To 18 Weeks,7865
Ear Nose and Throat Service,Ethnicity,J: Pakistani,18 To 52 Weeks,7000
Ear Nose and Throat Service,Ethnicity,J: Pakistani,Over 52 Weeks,385
Ear Nose and Throat Service,Ethnicity,J: Pakistani,Total,15250
Ear Nose and Throat Service,Ethnicity,K: Bangladeshi,Unknown Clock Start,*
Ear Nose and Throat Service,Ethnicity,K: Bangladeshi,01 To 18 Weeks,2125
Ear Nose and Throat Service,Ethnicity,K: Bangladeshi,18 To 52 Weeks,1910
Ear Nose and Throat Service,Ethnicity,K: Bangladeshi,Over 52 Weeks,110
Ear Nose and Throat Service,Ethnicity,K: Bangladeshi,Total,4145
Ear Nose and Throat Service,Ethnicity,L: Any other Asian background,Unknown Clock Start,*
Ear Nose and Throat Service,Ethnicity,L: Any other Asian background,01 To 18 Weeks,6030
Ear Nose and Throat Service,Ethnicity,L: Any other Asian background,18 To 52 Weeks,5725
Ear Nose and Throat Service,Ethnicity,L: Any other Asian background,Over 52 Weeks,330
Ear Nose and Throat Service,Ethnicity,L: Any other Asian background,Total,12085
Ear Nose and Throat Service,Ethnicity,M: Caribbean,01 To 18 Weeks,2230
Ear Nose and Throat Service,Ethnicity,M: Caribbean,18 To 52 Weeks,2070
Ear Nose and Throat Service,Ethnicity,M: Caribbean,Over 52 Weeks,115
Ear Nose and Throat Service,Ethnicity,M: Caribbean,Total,4415
Ear Nose and Throat Service,Ethnicity,N: African,Unknown Clock Start,*
Ear Nose and Throat Service,Ethnicity,N: African,01 To 18 Weeks,4135
Ear Nose and Throat Service,Ethnicity,N: African,18 To 52 Weeks,4050
Ear Nose and Throat Service,Ethnicity,N: African,Over 52 Weeks,260
Ear Nose and Throat Service,Ethnicity,N: African,Total,8440
Ear Nose and Throat Service,Ethnicity,P: Any other Black background,Unknown Clock Start,*
Ear Nose and Throat Service,Ethnicity,P: Any other Black background,01 To 18 Weeks,1885
Ear Nose and Throat Service,Ethnicity,P: Any other Black background,18 To 52 Weeks,1840
Ear Nose and Throat Service,Ethnicity,P: Any other Black background,Over 52 Weeks,100
Ear Nose and Throat Service,Ethnicity,P: Any other Black background,Total,3820
Ear Nose and Throat Service,Ethnicity,R: Chinese,Unknown Clock Start,*
Ear Nose and Throat Service,Ethnicity,R: Chinese,01 To 18 Weeks,1215
Ear Nose and Throat Service,Ethnicity,R: Chinese,18 To 52 Weeks,1010
Ear Nose and Throat Service,Ethnicity,R: Chinese,Over 52 Weeks,55
Ear Nose and Throat Service,Ethnicity,R: Chinese,Total,2280
Ear Nose and Throat Service,Ethnicity,S: Any other ethnic group,Unknown Clock Start,*
Ear Nose and Throat Service,Ethnicity,S: Any other ethnic group,01 To 18 Weeks,3315
Ear Nose and Throat Service,Ethnicity,S: Any other ethnic group,18 To 52 Weeks,2975
Ear Nose and Throat Service,Ethnicity,S: Any other ethnic group,Over 52 Weeks,160
Ear Nose and Throat Service,Ethnicity,S: Any other ethnic group,Total,6445
Ear Nose and Throat Service,Ethnicity,Z: Not stated,Unknown Clock Start,*
Ear Nose and Throat Service,Ethnicity,Z: Not stated,01 To 18 Weeks,13620
Ear Nose and Throat Service,Ethnicity,Z: Not stated,18 To 52 Weeks,11360
Ear Nose and Throat Service,Ethnicity,Z: Not stated,Over 52 Weeks,650
Ear Nose and Throat Service,Ethnicity,Z: Not stated,Total,25630
Ear Nose and Throat Service,IMD,1,Unknown Clock Start,15
Ear Nose and Throat Service,IMD,1,01 To 18 Weeks,28830
Ear Nose and Throat Service,IMD,1,18 To 52 Weeks,25855
Ear Nose and Throat Service,IMD,1,Over 52 Weeks,1820
Ear Nose and Throat Service,IMD,1,Total,56525
Ear Nose and Throat Service,IMD,10,Unknown Clock Start,15
Ear Nose and Throat Service,IMD,10,01 To 18 Weeks,26055
Ear Nose and Throat Service,IMD,10,18 To 52 Weeks,22040
Ear Nose and Throat Service,IMD,10,Over 52 Weeks,1335
Ear Nose and Throat Service,IMD,10,Total,49440
Ear Nose and Throat Service,IMD,2,Unknown Clock Start,10
Ear Nose and Throat Service,IMD,2,01 To 18 Weeks,28765
Ear Nose and Throat Service,IMD,2,18 To 52 Weeks,25015
Ear Nose and Throat Service,IMD,2,Over 52 Weeks,1585
Ear Nose and Throat Service,IMD,2,Total,55380
Ear Nose and Throat Service,IMD,3,Unknown Clock Start,*
Ear Nose and Throat Service,IMD,3,01 To 18 Weeks,27340
Ear Nose and Throat Service,IMD,3,18 To 52 Weeks,24365
Ear Nose and Throat Service,IMD,3,Over 52 Weeks,1590
Ear Nose and Throat Service,IMD,3,Total,53295
Ear Nose and Throat Service,IMD,4,Unknown Clock Start,*
Ear Nose and Throat Service,IMD,4,01 To 18 Weeks,28140
Ear Nose and Throat Service,IMD,4,18 To 52 Weeks,24970
Ear Nose and Throat Service,IMD,4,Over 52 Weeks,1665
Ear Nose and Throat Service,IMD,4,Total,54780
Ear Nose and Throat Service,IMD,5,Unknown Clock Start,*
Ear Nose and Throat Service,IMD,5,01 To 18 Weeks,28025
Ear Nose and Throat Service,IMD,5,18 To 52 Weeks,24995
Ear Nose and Throat Service,IMD,5,Over 52 Weeks,1615
Ear Nose and Throat Service,IMD,5,Total,54635
Ear Nose and Throat Service,IMD,6,Unknown Clock Start,*
Ear Nose and Throat Service,IMD,6,01 To 18 Weeks,28690
Ear Nose and Throat Service,IMD,6,18 To 52 Weeks,25330
Ear Nose and Throat Service,IMD,6,Over 52 Weeks,1545
Ear Nose and Throat Service,IMD,6,Total,55565
Ear Nose and Throat Service,IMD,7,Unknown Clock Start,10
Ear Nose and Throat Service,IMD,7,01 To 18 Weeks,28120
Ear Nose and Throat Service,IMD,7,18 To 52 Weeks,24365
Ear Nose and Throat Service,IMD,7,Over 52 Weeks,1540
Ear Nose and Throat Service,IMD,7,Total,54035
Ear Nose and Throat Service,IMD,8,Unknown Clock Start,10
Ear Nose and Throat Service,IMD,8,01 To 18 Weeks,27890
Ear Nose and Throat Service,IMD,8,18 To 52 Weeks,24350
Ear Nose and Throat Service,IMD,8,Over 52 Weeks,1525
Ear Nose and Throat Service,IMD,8,Total,53775
Ear Nose and Throat Service,IMD,9,Unknown Clock Start,*
Ear Nose and Throat Service,IMD,9,01 To 18 Weeks,27425
Ear Nose and Throat Service,IMD,9,18 To 52 Weeks,24095
Ear Nose and Throat Service,IMD,9,Over 52 Weeks,1555
Ear Nose and Throat Service,IMD,9,Total,53085
Ear Nose and Throat Service,Sex,Female,Unknown Clock Start,40
Ear Nose and Throat Service,Sex,Female,01 To 18 Weeks,143900
Ear Nose and Throat Service,Sex,Female,18 To 52 Weeks,128440
Ear Nose and Throat Service,Sex,Female,Over 52 Weeks,8325
Ear Nose and Throat Service,Sex,Female,Total,280705
Ear Nose and Throat Service,Sex,Male,Unknown Clock Start,40
Ear Nose and Throat Service,Sex,Male,01 To 18 Weeks,118995
Ear Nose and Throat Service,Sex,Male,18 To 52 Weeks,108845
Ear Nose and Throat Service,Sex,Male,Over 52 Weeks,7235
Ear Nose and Throat Service,Sex,Male,Total,235110
Elderly Medicine Service,Age,0-18 Years,01 To 18 Weeks,40
Elderly Medicine Service,Age,0-18 Years,18 To 52 Weeks,20
Elderly Medicine Service,Age,0-18 Years,Total,65
Elderly Medicine Service,Age,19-64 Years,Unknown Clock Start,*
Elderly Medicine Service,Age,19-64 Years,01 To 18 Weeks,2620
Elderly Medicine Service,Age,19-64 Years,18 To 52 Weeks,745
Elderly Medicine Service,Age,19-64 Years,Over 52 Weeks,*
Elderly Medicine Service,Age,19-64 Years,Total,3370
Elderly Medicine Service,Age,Over 65 Years,Unknown Clock Start,40
Elderly Medicine Service,Age,Over 65 Years,01 To 18 Weeks,17890
Elderly Medicine Service,Age,Over 65 Years,18 To 52 Weeks,4420
Elderly Medicine Service,Age,Over 65 Years,Over 52 Weeks,90
Elderly Medicine Service,Age,Over 65 Years,Total,22440
Elderly Medicine Service,Ethnicity,99: Not known,01 To 18 Weeks,310
Elderly Medicine Service,Ethnicity,99: Not known,18 To 52 Weeks,110
Elderly Medicine Service,Ethnicity,99: Not known,Over 52 Weeks,*
Elderly Medicine Service,Ethnicity,99: Not known,Total,425
Elderly Medicine Service,Ethnicity,A: British,Unknown Clock Start,35
Elderly Medicine Service,Ethnicity,A: British,01 To 18 Weeks,17500
Elderly Medicine Service,Ethnicity,A: British,18 To 52 Weeks,4545
Elderly Medicine Service,Ethnicity,A: British,Over 52 Weeks,90
Elderly Medicine Service,Ethnicity,A: British,Total,22165
Elderly Medicine Service,Ethnicity,B: Irish,01 To 18 Weeks,215
Elderly Medicine Service,Ethnicity,B: Irish,18 To 52 Weeks,45
Elderly Medicine Service,Ethnicity,B: Irish,Total,260
Elderly Medicine Service,Ethnicity,C: Any other white background,01 To 18 Weeks,665
Elderly Medicine Service,Ethnicity,C: Any other white background,18 To 52 Weeks,115
Elderly Medicine Service,Ethnicity,C: Any other white background,Over 52 Weeks,*
Elderly Medicine Service,Ethnicity,C: Any other white background,Total,785
Elderly Medicine Service,Ethnicity,D: White and Black Caribbean,01 To 18 Weeks,15
Elderly Medicine Service,Ethnicity,D: White and Black Caribbean,18 To 52 Weeks,*
Elderly Medicine Service,Ethnicity,D: White and Black Caribbean,Total,15
Elderly Medicine Service,Ethnicity,E: White and Black African,01 To 18 Weeks,10
Elderly Medicine Service,Ethnicity,E: White and Black African,Total,10
Elderly Medicine Service,Ethnicity,F: White and Asian,01 To 18 Weeks,20
Elderly Medicine Service,Ethnicity,F: White and Asian,18 To 52 Weeks,10
Elderly Medicine Service,Ethnicity,F: White and Asian,Total,30
Elderly Medicine Service,Ethnicity,G: Any other mixed background,01 To 18 Weeks,45
Elderly Medicine Service,Ethnicity,G: Any other mixed background,18 To 52 Weeks,*
Elderly Medicine Service,Ethnicity,G: Any other mixed background,Total,50
Elderly Medicine Service,Ethnicity,H: Indian,Unknown Clock Start,*
Elderly Medicine Service,Ethnicity,H: Indian,01 To 18 Weeks,360
Elderly Medicine Service,Ethnicity,H: Indian,18 To 52 Weeks,70
Elderly Medicine Service,Ethnicity,H: Indian,Over 52 Weeks,*
Elderly Medicine Service,Ethnicity,H: Indian,Total,430
Elderly Medicine Service,Ethnicity,J: Pakistani,01 To 18 Weeks,165
Elderly Medicine Service,Ethnicity,J: Pakistani,18 To 52 Weeks,25
Elderly Medicine Service,Ethnicity,J: Pakistani,Total,190
Elderly Medicine Service,Ethnicity,K: Bangladeshi,01 To 18 Weeks,55
Elderly Medicine Service,Ethnicity,K: Bangladeshi,18 To 52 Weeks,*
Elderly Medicine Service,Ethnicity,K: Bangladeshi,Over 52 Weeks,*
Elderly Medicine Service,Ethnicity,K: Bangladeshi,Total,65
Elderly Medicine Service,Ethnicity,L: Any other Asian background,Unknown Clock Start,*
Elderly Medicine Service,Ethnicity,L: Any other Asian background,01 To 18 Weeks,185
Elderly Medicine Service,Ethnicity,L: Any other Asian background,18 To 52 Weeks,35
Elderly Medicine Service,Ethnicity,L: Any other Asian background,Over 52 Weeks,*
Elderly Medicine Service,Ethnicity,L: Any other Asian background,Total,220
Elderly Medicine Service,Ethnicity,M: Caribbean,01 To 18 Weeks,255
Elderly Medicine Service,Ethnicity,M: Caribbean,18 To 52 Weeks,20
Elderly Medicine Service,Ethnicity,M: Caribbean,Total,275
Elderly Medicine Service,Ethnicity,N: African,01 To 18 Weeks,200
Elderly Medicine Service,Ethnicity,N: African,18 To 52 Weeks,20
Elderly Medicine Service,Ethnicity,N: African,Total,215
Elderly Medicine Service,Ethnicity,P: Any other Black background,01 To 18 Weeks,105
Elderly Medicine Service,Ethnicity,P: Any other Black background,18 To 52 Weeks,10
Elderly Medicine Service,Ethnicity,P: Any other Black background,Total,120
Elderly Medicine Service,Ethnicity,R: Chinese,01 To 18 Weeks,50
Elderly Medicine Service,Ethnicity,R: Chinese,18 To 52 Weeks,10
Elderly Medicine Service,Ethnicity,R: Chinese,Total,60
Elderly Medicine Service,Ethnicity,S: Any other ethnic group,Unknown Clock Start,*
Elderly Medicine Service,Ethnicity,S: Any other ethnic group,01 To 18 Weeks,105
Elderly Medicine Service,Ethnicity,S: Any other ethnic group,18 To 52 Weeks,30
Elderly Medicine Service,Ethnicity,S: Any other ethnic group,Total,135
Elderly Medicine Service,Ethnicity,Z: Not stated,Unknown Clock Start,*
Elderly Medicine Service,Ethnicity,Z: Not stated,01 To 18 Weeks,550
Elderly Medicine Service,Ethnicity,Z: Not stated,18 To 52 Weeks,125
Elderly Medicine Service,Ethnicity,Z: Not stated,Over 52 Weeks,*
Elderly Medicine Service,Ethnicity,Z: Not stated,Total,680
Elderly Medicine Service,IMD,1,Unknown Clock Start,*
Elderly Medicine Service,IMD,1,01 To 18 Weeks,1925
Elderly Medicine Service,IMD,1,18 To 52 Weeks,540
Elderly Medicine Service,IMD,1,Over 52 Weeks,*
Elderly Medicine Service,IMD,1,Total,2470
Elderly Medicine Service,IMD,10,Unknown Clock Start,10
Elderly Medicine Service,IMD,10,01 To 18 Weeks,1980
Elderly Medicine Service,IMD,10,18 To 52 Weeks,525
Elderly Medicine Service,IMD,10,Over 52 Weeks,25
Elderly Medicine Service,IMD,10,Total,2540
Elderly Medicine Service,IMD,2,Unknown Clock Start,*
Elderly Medicine Service,IMD,2,01 To 18 Weeks,2015
Elderly Medicine Service,IMD,2,18 To 52 Weeks,500
Elderly Medicine Service,IMD,2,Over 52 Weeks,*
Elderly Medicine Service,IMD,2,Total,2520
Elderly Medicine Service,IMD,3,01 To 18 Weeks,2095
Elderly Medicine Service,IMD,3,18 To 52 Weeks,495
Elderly Medicine Service,IMD,3,Over 52 Weeks,*
Elderly Medicine Service,IMD,3,Total,2595
Elderly Medicine Service,IMD,4,Unknown Clock Start,*
Elderly Medicine Service,IMD,4,01 To 18 Weeks,2030
Elderly Medicine Service,IMD,4,18 To 52 Weeks,530
Elderly Medicine Service,IMD,4,Over 52 Weeks,10
Elderly Medicine Service,IMD,4,Total,2570
Elderly Medicine Service,IMD,5,Unknown Clock Start,*
Elderly Medicine Service,IMD,5,01 To 18 Weeks,2035
Elderly Medicine Service,IMD,5,18 To 52 Weeks,495
Elderly Medicine Service,IMD,5,Over 52 Weeks,*
Elderly Medicine Service,IMD,5,Total,2535
Elderly Medicine Service,IMD,6,Unknown Clock Start,*
Elderly Medicine Service,IMD,6,01 To 18 Weeks,2035
Elderly Medicine Service,IMD,6,18 To 52 Weeks,460
Elderly Medicine Service,IMD,6,Over 52 Weeks,*
Elderly Medicine Service,IMD,6,Total,2500
Elderly Medicine Service,IMD,7,Unknown Clock Start,*
Elderly Medicine Service,IMD,7,01 To 18 Weeks,2075
Elderly Medicine Service,IMD,7,18 To 52 Weeks,510
Elderly Medicine Service,IMD,7,Over 52 Weeks,10
Elderly Medicine Service,IMD,7,Total,2600
Elderly Medicine Service,IMD,8,Unknown Clock Start,*
Elderly Medicine Service,IMD,8,01 To 18 Weeks,2145
Elderly Medicine Service,IMD,8,18 To 52 Weeks,550
Elderly Medicine Service,IMD,8,Over 52 Weeks,15
Elderly Medicine Service,IMD,8,Total,2720
Elderly Medicine Service,IMD,9,Unknown Clock Start,10
Elderly Medicine Service,IMD,9,01 To 18 Weeks,2165
Elderly Medicine Service,IMD,9,18 To 52 Weeks,510
Elderly Medicine Service,IMD,9,Over 52 Weeks,15
Elderly Medicine Service,IMD,9,Total,2700
Elderly Medicine Service,Sex,Female,Unknown Clock Start,30
Elderly Medicine Service,Sex,Female,01 To 18 Weeks,11175
Elderly Medicine Service,Sex,Female,18 To 52 Weeks,3010
Elderly Medicine Service,Sex,Female,Over 52 Weeks,60
Elderly Medicine Service,Sex,Female,Total,14275
Elderly Medicine Service,Sex,Male,Unknown Clock Start,10
Elderly Medicine Service,Sex,Male,01 To 18 Weeks,8480
Elderly Medicine Service,Sex,Male,18 To 52 Weeks,1960
Elderly Medicine Service,Sex,Male,Over 52 Weeks,35
Elderly Medicine Service,Sex,Male,Total,10490
Gastroenterology Service,Age,0-18 Years,Unknown Clock Start,15
Gastroenterology Service,Age,0-18 Years,01 To 18 Weeks,3955
Gastroenterology Service,Age,0-18 Years,18 To 52 Weeks,2460
Gastroenterology Service,Age,0-18 Years,Over 52 Weeks,100
Gastroenterology Service,Age,0-18 Years,Total,6530
Gastroenterology Service,Age,19-64 Years,Unknown Clock Start,475
Gastroenterology Service,Age,19-64 Years,01 To 18 Weeks,142970
Gastroenterology Service,Age,19-64 Years,18 To 52 Weeks,85620
Gastroenterology Service,Age,19-64 Years,Over 52 Weeks,4000
Gastroenterology Service,Age,19-64 Years,Total,233065
Gastroenterology Service,Age,Over 65 Years,Unknown Clock Start,350
Gastroenterology Service,Age,Over 65 Years,01 To 18 Weeks,78125
Gastroenterology Service,Age,Over 65 Years,18 To 52 Weeks,38320
Gastroenterology Service,Age,Over 65 Years,Over 52 Weeks,1430
Gastroenterology Service,Age,Over 65 Years,Total,118225
Gastroenterology Service,Ethnicity,99: Not known,Unknown Clock Start,*
Gastroenterology Service,Ethnicity,99: Not known,01 To 18 Weeks,8750
Gastroenterology Service,Ethnicity,99: Not known,18 To 52 Weeks,3895
Gastroenterology Service,Ethnicity,99: Not known,Over 52 Weeks,135
Gastroenterology Service,Ethnicity,99: Not known,Total,12785
Gastroenterology Service,Ethnicity,A: British,Unknown Clock Start,575
Gastroenterology Service,Ethnicity,A: British,01 To 18 Weeks,166805
Gastroenterology Service,Ethnicity,A: British,18 To 52 Weeks,93385
Gastroenterology Service,Ethnicity,A: British,Over 52 Weeks,4175
Gastroenterology Service,Ethnicity,A: British,Total,264940
Gastroenterology Service,Ethnicity,B: Irish,Unknown Clock Start,10
Gastroenterology Service,Ethnicity,B: Irish,01 To 18 Weeks,1420
Gastroenterology Service,Ethnicity,B: Irish,18 To 52 Weeks,690
Gastroenterology Service,Ethnicity,B: Irish,Over 52 Weeks,40
Gastroenterology Service,Ethnicity,B: Irish,Total,2160
Gastroenterology Service,Ethnicity,C: Any other white background,Unknown Clock Start,65
Gastroenterology Service,Ethnicity,C: Any other white background,01 To 18 Weeks,13465
Gastroenterology Service,Ethnicity,C: Any other white background,18 To 52 Weeks,7410
Gastroenterology Service,Ethnicity,C: Any other white background,Over 52 Weeks,335
Gastroenterology Service,Ethnicity,C: Any other white background,Total,21275
Gastroenterology Service,Ethnicity,D: White and Black Caribbean,Unknown Clock Start,*
Gastroenterology Service,Ethnicity,D: White and Black Caribbean,01 To 18 Weeks,640
Gastroenterology Service,Ethnicity,D: White and Black Caribbean,18 To 52 Weeks,430
Gastroenterology Service,Ethnicity,D: White and Black Caribbean,Over 52 Weeks,15
Gastroenterology Service,Ethnicity,D: White and Black Caribbean,Total,1090
Gastroenterology Service,Ethnicity,E: White and Black African,Unknown Clock Start,*
Gastroenterology Service,Ethnicity,E: White and Black African,01 To 18 Weeks,405
Gastroenterology Service,Ethnicity,E: White and Black African,18 To 52 Weeks,225
Gastroenterology Service,Ethnicity,E: White and Black African,Over 52 Weeks,10
Gastroenterology Service,Ethnicity,E: White and Black African,Total,645
Gastroenterology Service,Ethnicity,F: White and Asian,Unknown Clock Start,*
Gastroenterology Service,Ethnicity,F: White and Asian,01 To 18 Weeks,610
Gastroenterology Service,Ethnicity,F: White and Asian,18 To 52 Weeks,320
Gastroenterology Service,Ethnicity,F: White and Asian,Over 52 Weeks,15
Gastroenterology Service,Ethnicity,F: White and Asian,Total,950
Gastroenterology Service,Ethnicity,G: Any other mixed background,Unknown Clock Start,10
Gastroenterology Service,Ethnicity,G: Any other mixed background,01 To 18 Weeks,1485
Gastroenterology Service,Ethnicity,G: Any other mixed background,18 To 52 Weeks,790
Gastroenterology Service,Ethnicity,G: Any other mixed background,Over 52 Weeks,40
Gastroenterology Service,Ethnicity,G: Any other mixed background,Total,2325
Gastroenterology Service,Ethnicity,H: Indian,Unknown Clock Start,25
Gastroenterology Service,Ethnicity,H: Indian,01 To 18 Weeks,5095
Gastroenterology Service,Ethnicity,H: Indian,18 To 52 Weeks,3075
Gastroenterology Service,Ethnicity,H: Indian,Over 52 Weeks,70
Gastroenterology Service,Ethnicity,H: Indian,Total,8265
Gastroenterology Service,Ethnicity,J: Pakistani,Unknown Clock Start,15
Gastroenterology Service,Ethnicity,J: Pakistani,01 To 18 Weeks,5200
Gastroenterology Service,Ethnicity,J: Pakistani,18 To 52 Weeks,3340
Gastroenterology Service,Ethnicity,J: Pakistani,Over 52 Weeks,100
Gastroenterology Service,Ethnicity,J: Pakistani,Total,8650
Gastroenterology Service,Ethnicity,K: Bangladeshi,Unknown Clock Start,*
Gastroenterology Service,Ethnicity,K: Bangladeshi,01 To 18 Weeks,1515
Gastroenterology Service,Ethnicity,K: Bangladeshi,18 To 52 Weeks,930
Gastroenterology Service,Ethnicity,K: Bangladeshi,Over 52 Weeks,40
Gastroenterology Service,Ethnicity,K: Bangladeshi,Total,2490
Gastroenterology Service,Ethnicity,L: Any other Asian background,Unknown Clock Start,40
Gastroenterology Service,Ethnicity,L: Any other Asian background,01 To 18 Weeks,4455
Gastroenterology Service,Ethnicity,L: Any other Asian background,18 To 52 Weeks,2385
Gastroenterology Service,Ethnicity,L: Any other Asian background,Over 52 Weeks,85
Gastroenterology Service,Ethnicity,L: Any other Asian background,Total,6965
Gastroenterology Service,Ethnicity,M: Caribbean,Unknown Clock Start,*
Gastroenterology Service,Ethnicity,M: Caribbean,01 To 18 Weeks,2180
Gastroenterology Service,Ethnicity,M: Caribbean,18 To 52 Weeks,1155
Gastroenterology Service,Ethnicity,M: Caribbean,Over 52 Weeks,35
Gastroenterology Service,Ethnicity,M: Caribbean,Total,3380
Gastroenterology Service,Ethnicity,N: African,Unknown Clock Start,10
Gastroenterology Service,Ethnicity,N: African,01 To 18 Weeks,3605
Gastroenterology Service,Ethnicity,N: African,18 To 52 Weeks,1960
Gastroenterology Service,Ethnicity,N: African,Over 52 Weeks,95
Gastroenterology Service,Ethnicity,N: African,Total,5665
Gastroenterology Service,Ethnicity,P: Any other Black background,Unknown Clock Start,15
Gastroenterology Service,Ethnicity,P: Any other Black background,01 To 18 Weeks,1735
Gastroenterology Service,Ethnicity,P: Any other Black background,18 To 52 Weeks,975
Gastroenterology Service,Ethnicity,P: Any other Black background,Over 52 Weeks,25
Gastroenterology Service,Ethnicity,P: Any other Black background,Total,2745
Gastroenterology Service,Ethnicity,R: Chinese,Unknown Clock Start,*
Gastroenterology Service,Ethnicity,R: Chinese,01 To 18 Weeks,1000
Gastroenterology Service,Ethnicity,R: Chinese,18 To 52 Weeks,570
Gastroenterology Service,Ethnicity,R: Chinese,Over 52 Weeks,30
Gastroenterology Service,Ethnicity,R: Chinese,Total,1605
Gastroenterology Service,Ethnicity,S: Any other ethnic group,Unknown Clock Start,10
Gastroenterology Service,Ethnicity,S: Any other ethnic group,01 To 18 Weeks,2510
Gastroenterology Service,Ethnicity,S: Any other ethnic group,18 To 52 Weeks,1245
Gastroenterology Service,Ethnicity,S: Any other ethnic group,Over 52 Weeks,45
Gastroenterology Service,Ethnicity,S: Any other ethnic group,Total,3810
Gastroenterology Service,Ethnicity,Z: Not stated,Unknown Clock Start,40
Gastroenterology Service,Ethnicity,Z: Not stated,01 To 18 Weeks,9540
Gastroenterology Service,Ethnicity,Z: Not stated,18 To 52 Weeks,4750
Gastroenterology Service,Ethnicity,Z: Not stated,Over 52 Weeks,250
Gastroenterology Service,Ethnicity,Z: Not stated,Total,14580
Gastroenterology Service,IMD,1,Unknown Clock Start,*
Gastroenterology Service,IMD,1,01 To 18 Weeks,24645
Gastroenterology Service,IMD,1,18 To 52 Weeks,14980
Gastroenterology Service,IMD,1,Over 52 Weeks,560
Gastroenterology Service,IMD,1,Total,40190
Gastroenterology Service,IMD,10,Unknown Clock Start,200
Gastroenterology Service,IMD,10,01 To 18 Weeks,19790
Gastroenterology Service,IMD,10,18 To 52 Weeks,10890
Gastroenterology Service,IMD,10,Over 52 Weeks,510
Gastroenterology Service,IMD,10,Total,31390
Gastroenterology Service,IMD,2,Unknown Clock Start,20
Gastroenterology Service,IMD,2,01 To 18 Weeks,23050
Gastroenterology Service,IMD,2,18 To 52 Weeks,13280
Gastroenterology Service,IMD,2,Over 52 Weeks,495
Gastroenterology Service,IMD,2,Total,36840
Gastroenterology Service,IMD,3,Unknown Clock Start,60
Gastroenterology Service,IMD,3,01 To 18 Weeks,22480
Gastroenterology Service,IMD,3,18 To 52 Weeks,12600
Gastroenterology Service,IMD,3,Over 52 Weeks,610
Gastroenterology Service,IMD,3,Total,35745
Gastroenterology Service,IMD,4,Unknown Clock Start,60
Gastroenterology Service,IMD,4,01 To 18 Weeks,22340
Gastroenterology Service,IMD,4,18 To 52 Weeks,12230
Gastroenterology Service,IMD,4,Over 52 Weeks,525
Gastroenterology Service,IMD,4,Total,35160
Gastroenterology Service,IMD,5,Unknown Clock Start,50
Gastroenterology Service,IMD,5,01 To 18 Weeks,21985
Gastroenterology Service,IMD,5,18 To 52 Weeks,12065
Gastroenterology Service,IMD,5,Over 52 Weeks,525
Gastroenterology Service,IMD,5,Total,34625
Gastroenterology Service,IMD,6,Unknown Clock Start,60
Gastroenterology Service,IMD,6,01 To 18 Weeks,22170
Gastroenterology Service,IMD,6,18 To 52 Weeks,12060
Gastroenterology Service,IMD,6,Over 52 Weeks,505
Gastroenterology Service,IMD,6,Total,34795
Gastroenterology Service,IMD,7,Unknown Clock Start,130
Gastroenterology Service,IMD,7,01 To 18 Weeks,21810
Gastroenterology Service,IMD,7,18 To 52 Weeks,12070
Gastroenterology Service,IMD,7,Over 52 Weeks,605
Gastroenterology Service,IMD,7,Total,34615
Gastroenterology Service,IMD,8,Unknown Clock Start,115
Gastroenterology Service,IMD,8,01 To 18 Weeks,21725
Gastroenterology Service,IMD,8,18 To 52 Weeks,11890
Gastroenterology Service,IMD,8,Over 52 Weeks,545
Gastroenterology Service,IMD,8,Total,34275
Gastroenterology Service,IMD,9,Unknown Clock Start,130
Gastroenterology Service,IMD,9,01 To 18 Weeks,21465
Gastroenterology Service,IMD,9,18 To 52 Weeks,11420
Gastroenterology Service,IMD,9,Over 52 Weeks,520
Gastroenterology Service,IMD,9,Total,33540
Gastroenterology Service,Sex,Female,Unknown Clock Start,480
Gastroenterology Service,Sex,Female,01 To 18 Weeks,121765
Gastroenterology Service,Sex,Female,18 To 52 Weeks,69655
Gastroenterology Service,Sex,Female,Over 52 Weeks,3045
Gastroenterology Service,Sex,Female,Total,194945
Gastroenterology Service,Sex,Male,Unknown Clock Start,360
Gastroenterology Service,Sex,Male,01 To 18 Weeks,89695
Gastroenterology Service,Sex,Male,18 To 52 Weeks,48515
Gastroenterology Service,Sex,Male,Over 52 Weeks,1870
Gastroenterology Service,Sex,Male,Total,140440
General Internal Medicine Service,Age,0-18 Years,01 To 18 Weeks,275
General Internal Medicine Service,Age,0-18 Years,18 To 52 Weeks,110
General Internal Medicine Service,Age,0-18 Years,Over 52 Weeks,10
General Internal Medicine Service,Age,0-18 Years,Total,390
General Internal Medicine Service,Age,19-64 Years,Unknown Clock Start,15
General Internal Medicine Service,Age,19-64 Years,01 To 18 Weeks,10155
General Internal Medicine Service,Age,19-64 Years,18 To 52 Weeks,5675
General Internal Medicine Service,Age,19-64 Years,Over 52 Weeks,145
General Internal Medicine Service,Age,19-64 Years,Total,15990
General Internal Medicine Service,Age,Over 65 Years,Unknown Clock Start,15
General Internal Medicine Service,Age,Over 65 Years,01 To 18 Weeks,7930
General Internal Medicine Service,Age,Over 65 Years,18 To 52 Weeks,2870
General Internal Medicine Service,Age,Over 65 Years,Over 52 Weeks,60
General Internal Medicine Service,Age,Over 65 Years,Total,10875
General Internal Medicine Service,Ethnicity,99: Not known,01 To 18 Weeks,575
General Internal Medicine Service,Ethnicity,99: Not known,18 To 52 Weeks,405
General Internal Medicine Service,Ethnicity,99: Not known,Over 52 Weeks,10
General Internal Medicine Service,Ethnicity,99: Not known,Total,990
General Internal Medicine Service,Ethnicity,A: British,Unknown Clock Start,25
General Internal Medicine Service,Ethnicity,A: British,01 To 18 Weeks,13300
General Internal Medicine Service,Ethnicity,A: British,18 To 52 Weeks,5570
General Internal Medicine Service,Ethnicity,A: British,Over 52 Weeks,150
General Internal Medicine Service,Ethnicity,A: British,Total,19040
General Internal Medicine Service,Ethnicity,B: Irish,01 To 18 Weeks,130
General Internal Medicine Service,Ethnicity,B: Irish,18 To 52 Weeks,55
General Internal Medicine Service,Ethnicity,B: Irish,Total,185
General Internal Medicine Service,Ethnicity,C: Any other white background,Unknown Clock Start,*
General Internal Medicine Service,Ethnicity,C: Any other white background,01 To 18 Weeks,1195
General Internal Medicine Service,Ethnicity,C: Any other white background,18 To 52 Weeks,795
General Internal Medicine Service,Ethnicity,C: Any other white background,Over 52 Weeks,15
General Internal Medicine Service,Ethnicity,C: Any other white background,Total,2010
General Internal Medicine Service,Ethnicity,D: White and Black Caribbean,01 To 18 Weeks,60
General Internal Medicine Service,Ethnicity,D: White and Black Caribbean,18 To 52 Weeks,45
General Internal Medicine Service,Ethnicity,D: White and Black Caribbean,Over 52 Weeks,*
General Internal Medicine Service,Ethnicity,D: White and Black Caribbean,Total,110
General Internal Medicine Service,Ethnicity,E: White and Black African,01 To 18 Weeks,45
General Internal Medicine Service,Ethnicity,E: White and Black African,18 To 52 Weeks,20
General Internal Medicine Service,Ethnicity,E: White and Black African,Over 52 Weeks,*
General Internal Medicine Service,Ethnicity,E: White and Black African,Total,70
General Internal Medicine Service,Ethnicity,F: White and Asian,01 To 18 Weeks,40
General Internal Medicine Service,Ethnicity,F: White and Asian,18 To 52 Weeks,35
General Internal Medicine Service,Ethnicity,F: White and Asian,Over 52 Weeks,*
General Internal Medicine Service,Ethnicity,F: White and Asian,Total,75
General Internal Medicine Service,Ethnicity,G: Any other mixed background,01 To 18 Weeks,140
General Internal Medicine Service,Ethnicity,G: Any other mixed background,18 To 52 Weeks,75
General Internal Medicine Service,Ethnicity,G: Any other mixed background,Over 52 Weeks,*
General Internal Medicine Service,Ethnicity,G: Any other mixed background,Total,220
General Internal Medicine Service,Ethnicity,H: Indian,Unknown Clock Start,*
General Internal Medicine Service,Ethnicity,H: Indian,01 To 18 Weeks,425
General Internal Medicine Service,Ethnicity,H: Indian,18 To 52 Weeks,265
General Internal Medicine Service,Ethnicity,H: Indian,Over 52 Weeks,*
General Internal Medicine Service,Ethnicity,H: Indian,Total,695
General Internal Medicine Service,Ethnicity,J: Pakistani,01 To 18 Weeks,275
General Internal Medicine Service,Ethnicity,J: Pakistani,18 To 52 Weeks,115
General Internal Medicine Service,Ethnicity,J: Pakistani,Over 52 Weeks,*
General Internal Medicine Service,Ethnicity,J: Pakistani,Total,390
General Internal Medicine Service,Ethnicity,K: Bangladeshi,01 To 18 Weeks,145
General Internal Medicine Service,Ethnicity,K: Bangladeshi,18 To 52 Weeks,85
General Internal Medicine Service,Ethnicity,K: Bangladeshi,Over 52 Weeks,*
General Internal Medicine Service,Ethnicity,K: Bangladeshi,Total,230
General Internal Medicine Service,Ethnicity,L: Any other Asian background,Unknown Clock Start,*
General Internal Medicine Service,Ethnicity,L: Any other Asian background,01 To 18 Weeks,390
General Internal Medicine Service,Ethnicity,L: Any other Asian background,18 To 52 Weeks,235
General Internal Medicine Service,Ethnicity,L: Any other Asian background,Over 52 Weeks,*
General Internal Medicine Service,Ethnicity,L: Any other Asian background,Total,630
General Internal Medicine Service,Ethnicity,M: Caribbean,01 To 18 Weeks,250
General Internal Medicine Service,Ethnicity,M: Caribbean,18 To 52 Weeks,165
General Internal Medicine Service,Ethnicity,M: Caribbean,Over 52 Weeks,*
General Internal Medicine Service,Ethnicity,M: Caribbean,Total,420
General Internal Medicine Service,Ethnicity,N: African,Unknown Clock Start,*
General Internal Medicine Service,Ethnicity,N: African,01 To 18 Weeks,410
General Internal Medicine Service,Ethnicity,N: African,18 To 52 Weeks,205
General Internal Medicine Service,Ethnicity,N: African,Over 52 Weeks,*
General Internal Medicine Service,Ethnicity,N: African,Total,615
General Internal Medicine Service,Ethnicity,P: Any other Black background,01 To 18 Weeks,200
General Internal Medicine Service,Ethnicity,P: Any other Black background,18 To 52 Weeks,120
General Internal Medicine Service,Ethnicity,P: Any other Black background,Over 52 Weeks,*
General Internal Medicine Service,Ethnicity,P: Any other Black background,Total,320
General Internal Medicine Service,Ethnicity,R: Chinese,01 To 18 Weeks,85
General Internal Medicine Service,Ethnicity,R: Chinese,18 To 52 Weeks,60
General Internal Medicine Service,Ethnicity,R: Chinese,Over 52 Weeks,*
General Internal Medicine Service,Ethnicity,R: Chinese,Total,150
General Internal Medicine Service,Ethnicity,S: Any other ethnic group,01 To 18 Weeks,200
General Internal Medicine Service,Ethnicity,S: Any other ethnic group,18 To 52 Weeks,120
General Internal Medicine Service,Ethnicity,S: Any other ethnic group,Over 52 Weeks,*
General Internal Medicine Service,Ethnicity,S: Any other ethnic group,Total,325
General Internal Medicine Service,Ethnicity,Z: Not stated,01 To 18 Weeks,635
General Internal Medicine Service,Ethnicity,Z: Not stated,18 To 52 Weeks,310
General Internal Medicine Service,Ethnicity,Z: Not stated,Over 52 Weeks,10
General Internal Medicine Service,Ethnicity,Z: Not stated,Total,960
General Internal Medicine Service,IMD,1,01 To 18 Weeks,1320
General Internal Medicine Service,IMD,1,18 To 52 Weeks,460
General Internal Medicine Service,IMD,1,Over 52 Weeks,*
General Internal Medicine Service,IMD,1,Total,1780
General Internal Medicine Service,IMD,10,Unknown Clock Start,10
General Internal Medicine Service,IMD,10,01 To 18 Weeks,1715
General Internal Medicine Service,IMD,10,18 To 52 Weeks,720
General Internal Medicine Service,IMD,10,Over 52 Weeks,40
General Internal Medicine Service,IMD,10,Total,2490
General Internal Medicine Service,IMD,2,Unknown Clock Start,*
General Internal Medicine Service,IMD,2,01 To 18 Weeks,1700
General Internal Medicine Service,IMD,2,18 To 52 Weeks,855
General Internal Medicine Service,IMD,2,Over 52 Weeks,15
General Internal Medicine Service,IMD,2,Total,2565
General Internal Medicine Service,IMD,3,Unknown Clock Start,*
General Internal Medicine Service,IMD,3,01 To 18 Weeks,1795
General Internal Medicine Service,IMD,3,18 To 52 Weeks,1075
General Internal Medicine Service,IMD,3,Over 52 Weeks,15
General Internal Medicine Service,IMD,3,Total,2885
General Internal Medicine Service,IMD,4,Unknown Clock Start,*
General Internal Medicine Service,IMD,4,01 To 18 Weeks,1995
General Internal Medicine Service,IMD,4,18 To 52 Weeks,985
General Internal Medicine Service,IMD,4,Over 52 Weeks,15
General Internal Medicine Service,IMD,4,Total,2995
General Internal Medicine Service,IMD,5,Unknown Clock Start,*
General Internal Medicine Service,IMD,5,01 To 18 Weeks,1990
General Internal Medicine Service,IMD,5,18 To 52 Weeks,970
General Internal Medicine Service,IMD,5,Over 52 Weeks,20
General Internal Medicine Service,IMD,5,Total,2990
General Internal Medicine Service,IMD,6,Unknown Clock Start,*
General Internal Medicine Service,IMD,6,01 To 18 Weeks,1970
General Internal Medicine Service,IMD,6,18 To 52 Weeks,915
General Internal Medicine Service,IMD,6,Over 52 Weeks,10
General Internal Medicine Service,IMD,6,Total,2900
General Internal Medicine Service,IMD,7,Unknown Clock Start,*
General Internal Medicine Service,IMD,7,01 To 18 Weeks,1890
General Internal Medicine Service,IMD,7,18 To 52 Weeks,835
General Internal Medicine Service,IMD,7,Over 52 Weeks,25
General Internal Medicine Service,IMD,7,Total,2750
General Internal Medicine Service,IMD,8,Unknown Clock Start,*
General Internal Medicine Service,IMD,8,01 To 18 Weeks,1830
General Internal Medicine Service,IMD,8,18 To 52 Weeks,865
General Internal Medicine Service,IMD,8,Over 52 Weeks,25
General Internal Medicine Service,IMD,8,Total,2730
General Internal Medicine Service,IMD,9,Unknown Clock Start,*
General Internal Medicine Service,IMD,9,01 To 18 Weeks,1805
General Internal Medicine Service,IMD,9,18 To 52 Weeks,810
General Internal Medicine Service,IMD,9,Over 52 Weeks,35
General Internal Medicine Service,IMD,9,Total,2655
General Internal Medicine Service,Sex,Female,Unknown Clock Start,20
General Internal Medicine Service,Sex,Female,01 To 18 Weeks,9335
General Internal Medicine Service,Sex,Female,18 To 52 Weeks,3745
General Internal Medicine Service,Sex,Female,Over 52 Weeks,115
General Internal Medicine Service,Sex,Female,Total,13215
General Internal Medicine Service,Sex,Male,Unknown Clock Start,15
General Internal Medicine Service,Sex,Male,01 To 18 Weeks,6065
General Internal Medicine Service,Sex,Male,18 To 52 Weeks,2425
General Internal Medicine Service,Sex,Male,Over 52 Weeks,80
General Internal Medicine Service,Sex,Male,Total,8585
General Surgery Service,Age,0-18 Years,Unknown Clock Start,*
General Surgery Service,Age,0-18 Years,01 To 18 Weeks,1865
General Surgery Service,Age,0-18 Years,18 To 52 Weeks,1160
General Surgery Service,Age,0-18 Years,Over 52 Weeks,60
General Surgery Service,Age,0-18 Years,Total,3085
General Surgery Service,Age,19-64 Years,Unknown Clock Start,190
General Surgery Service,Age,19-64 Years,01 To 18 Weeks,108265
General Surgery Service,Age,19-64 Years,18 To 52 Weeks,79590
General Surgery Service,Age,19-64 Years,Over 52 Weeks,5440
General Surgery Service,Age,19-64 Years,Total,193485
General Surgery Service,Age,Over 65 Years,Unknown Clock Start,140
General Surgery Service,Age,Over 65 Years,01 To 18 Weeks,60395
General Surgery Service,Age,Over 65 Years,18 To 52 Weeks,40570
General Surgery Service,Age,Over 65 Years,Over 52 Weeks,2750
General Surgery Service,Age,Over 65 Years,Total,103855
General Surgery Service,Ethnicity,99: Not known,Unknown Clock Start,*
General Surgery Service,Ethnicity,99: Not known,01 To 18 Weeks,4040
General Surgery Service,Ethnicity,99: Not known,18 To 52 Weeks,2900
General Surgery Service,Ethnicity,99: Not known,Over 52 Weeks,155
General Surgery Service,Ethnicity,99: Not known,Total,7095
General Surgery Service,Ethnicity,A: British,Unknown Clock Start,235
General Surgery Service,Ethnicity,A: British,01 To 18 Weeks,126245
General Surgery Service,Ethnicity,A: British,18 To 52 Weeks,87525
General Surgery Service,Ethnicity,A: British,Over 52 Weeks,6045
General Surgery Service,Ethnicity,A: British,Total,220050
General Surgery Service,Ethnicity,B: Irish,Unknown Clock Start,*
General Surgery Service,Ethnicity,B: Irish,01 To 18 Weeks,990
General Surgery Service,Ethnicity,B: Irish,18 To 52 Weeks,695
General Surgery Service,Ethnicity,B: Irish,Over 52 Weeks,45
General Surgery Service,Ethnicity,B: Irish,Total,1735
General Surgery Service,Ethnicity,C: Any other white background,Unknown Clock Start,30
General Surgery Service,Ethnicity,C: Any other white background,01 To 18 Weeks,10825
General Surgery Service,Ethnicity,C: Any other white background,18 To 52 Weeks,8235
General Surgery Service,Ethnicity,C: Any other white background,Over 52 Weeks,585
General Surgery Service,Ethnicity,C: Any other white background,Total,19670
General Surgery Service,Ethnicity,D: White and Black Caribbean,Unknown Clock Start,*
General Surgery Service,Ethnicity,D: White and Black Caribbean,01 To 18 Weeks,525
General Surgery Service,Ethnicity,D: White and Black Caribbean,18 To 52 Weeks,430
General Surgery Service,Ethnicity,D: White and Black Caribbean,Over 52 Weeks,25
General Surgery Service,Ethnicity,D: White and Black Caribbean,Total,985
General Surgery Service,Ethnicity,E: White and Black African,01 To 18 Weeks,275
General Surgery Service,Ethnicity,E: White and Black African,18 To 52 Weeks,225
General Surgery Service,Ethnicity,E: White and Black African,Over 52 Weeks,20
General Surgery Service,Ethnicity,E: White and Black African,Total,515
General Surgery Service,Ethnicity,F: White and Asian,01 To 18 Weeks,370
General Surgery Service,Ethnicity,F: White and Asian,18 To 52 Weeks,255
General Surgery Service,Ethnicity,F: White and Asian,Over 52 Weeks,15
General Surgery Service,Ethnicity,F: White and Asian,Total,645
General Surgery Service,Ethnicity,G: Any other mixed background,Unknown Clock Start,*
General Surgery Service,Ethnicity,G: Any other mixed background,01 To 18 Weeks,1050
General Surgery Service,Ethnicity,G: Any other mixed background,18 To 52 Weeks,815
General Surgery Service,Ethnicity,G: Any other mixed background,Over 52 Weeks,50
General Surgery Service,Ethnicity,G: Any other mixed background,Total,1920
General Surgery Service,Ethnicity,H: Indian,Unknown Clock Start,*
General Surgery Service,Ethnicity,H: Indian,01 To 18 Weeks,3725
General Surgery Service,Ethnicity,H: Indian,18 To 52 Weeks,3120
General Surgery Service,Ethnicity,H: Indian,Over 52 Weeks,170
General Surgery Service,Ethnicity,H: Indian,Total,7020
General Surgery Service,Ethnicity,J: Pakistani,Unknown Clock Start,*
General Surgery Service,Ethnicity,J: Pakistani,01 To 18 Weeks,3385
General Surgery Service,Ethnicity,J: Pakistani,18 To 52 Weeks,2520
General Surgery Service,Ethnicity,J: Pakistani,Over 52 Weeks,115
General Surgery Service,Ethnicity,J: Pakistani,Total,6020
General Surgery Service,Ethnicity,K: Bangladeshi,Unknown Clock Start,*
General Surgery Service,Ethnicity,K: Bangladeshi,01 To 18 Weeks,1080
General Surgery Service,Ethnicity,K: Bangladeshi,18 To 52 Weeks,685
General Surgery Service,Ethnicity,K: Bangladeshi,Over 52 Weeks,35
General Surgery Service,Ethnicity,K: Bangladeshi,Total,1800
General Surgery Service,Ethnicity,L: Any other Asian background,Unknown Clock Start,20
General Surgery Service,Ethnicity,L: Any other Asian background,01 To 18 Weeks,3095
General Surgery Service,Ethnicity,L: Any other Asian background,18 To 52 Weeks,2410
General Surgery Service,Ethnicity,L: Any other Asian background,Over 52 Weeks,150
General Surgery Service,Ethnicity,L: Any other Asian background,Total,5675
General Surgery Service,Ethnicity,M: Caribbean,Unknown Clock Start,*
General Surgery Service,Ethnicity,M: Caribbean,01 To 18 Weeks,1750
General Surgery Service,Ethnicity,M: Caribbean,18 To 52 Weeks,1435
General Surgery Service,Ethnicity,M: Caribbean,Over 52 Weeks,105
General Surgery Service,Ethnicity,M: Caribbean,Total,3290
General Surgery Service,Ethnicity,N: African,Unknown Clock Start,*
General Surgery Service,Ethnicity,N: African,01 To 18 Weeks,2760
General Surgery Service,Ethnicity,N: African,18 To 52 Weeks,2295
General Surgery Service,Ethnicity,N: African,Over 52 Weeks,175
General Surgery Service,Ethnicity,N: African,Total,5235
General Surgery Service,Ethnicity,P: Any other Black background,Unknown Clock Start,*
General Surgery Service,Ethnicity,P: Any other Black background,01 To 18 Weeks,1410
General Surgery Service,Ethnicity,P: Any other Black background,18 To 52 Weeks,1140
General Surgery Service,Ethnicity,P: Any other Black background,Over 52 Weeks,85
General Surgery Service,Ethnicity,P: Any other Black background,Total,2640
General Surgery Service,Ethnicity,R: Chinese,Unknown Clock Start,*
General Surgery Service,Ethnicity,R: Chinese,01 To 18 Weeks,610
General Surgery Service,Ethnicity,R: Chinese,18 To 52 Weeks,465
General Surgery Service,Ethnicity,R: Chinese,Over 52 Weeks,30
General Surgery Service,Ethnicity,R: Chinese,Total,1110
General Surgery Service,Ethnicity,S: Any other ethnic group,Unknown Clock Start,*
General Surgery Service,Ethnicity,S: Any other ethnic group,01 To 18 Weeks,1810
General Surgery Service,Ethnicity,S: Any other ethnic group,18 To 52 Weeks,1355
General Surgery Service,Ethnicity,S: Any other ethnic group,Over 52 Weeks,120
General Surgery Service,Ethnicity,S: Any other ethnic group,Total,3285
General Surgery Service,Ethnicity,Z: Not stated,Unknown Clock Start,10
General Surgery Service,Ethnicity,Z: Not stated,01 To 18 Weeks,8105
General Surgery Service,Ethnicity,Z: Not stated,18 To 52 Weeks,5240
General Surgery Service,Ethnicity,Z: Not stated,Over 52 Weeks,320
General Surgery Service,Ethnicity,Z: Not stated,Total,13675
General Surgery Service,IMD,1,Unknown Clock Start,*
General Surgery Service,IMD,1,01 To 18 Weeks,17160
General Surgery Service,IMD,1,18 To 52 Weeks,11880
General Surgery Service,IMD,1,Over 52 Weeks,720
General Surgery Service,IMD,1,Total,29765
General Surgery Service,IMD,10,Unknown Clock Start,75
General Surgery Service,IMD,10,01 To 18 Weeks,15285
General Surgery Service,IMD,10,18 To 52 Weeks,9755
General Surgery Service,IMD,10,Over 52 Weeks,655
General Surgery Service,IMD,10,Total,25770
General Surgery Service,IMD,2,Unknown Clock Start,*
General Surgery Service,IMD,2,01 To 18 Weeks,17450
General Surgery Service,IMD,2,18 To 52 Weeks,13040
General Surgery Service,IMD,2,Over 52 Weeks,890
General Surgery Service,IMD,2,Total,31390
General Surgery Service,IMD,3,Unknown Clock Start,25
General Surgery Service,IMD,3,01 To 18 Weeks,17005
General Surgery Service,IMD,3,18 To 52 Weeks,12820
General Surgery Service,IMD,3,Over 52 Weeks,875
General Surgery Service,IMD,3,Total,30725
General Surgery Service,IMD,4,Unknown Clock Start,35
General Surgery Service,IMD,4,01 To 18 Weeks,16700
General Surgery Service,IMD,4,18 To 52 Weeks,12455
General Surgery Service,IMD,4,Over 52 Weeks,880
General Surgery Service,IMD,4,Total,30065
General Surgery Service,IMD,5,Unknown Clock Start,20
General Surgery Service,IMD,5,01 To 18 Weeks,17205
General Surgery Service,IMD,5,18 To 52 Weeks,12375
General Surgery Service,IMD,5,Over 52 Weeks,895
General Surgery Service,IMD,5,Total,30495
General Surgery Service,IMD,6,Unknown Clock Start,30
General Surgery Service,IMD,6,01 To 18 Weeks,17200
General Surgery Service,IMD,6,18 To 52 Weeks,12220
General Surgery Service,IMD,6,Over 52 Weeks,800
General Surgery Service,IMD,6,Total,30250
General Surgery Service,IMD,7,Unknown Clock Start,40
General Surgery Service,IMD,7,01 To 18 Weeks,16750
General Surgery Service,IMD,7,18 To 52 Weeks,11615
General Surgery Service,IMD,7,Over 52 Weeks,815
General Surgery Service,IMD,7,Total,29220
General Surgery Service,IMD,8,Unknown Clock Start,40
General Surgery Service,IMD,8,01 To 18 Weeks,16965
General Surgery Service,IMD,8,18 To 52 Weeks,11785
General Surgery Service,IMD,8,Over 52 Weeks,805
General Surgery Service,IMD,8,Total,29595
General Surgery Service,IMD,9,Unknown Clock Start,50
General Surgery Service,IMD,9,01 To 18 Weeks,15965
General Surgery Service,IMD,9,18 To 52 Weeks,10810
General Surgery Service,IMD,9,Over 52 Weeks,740
General Surgery Service,IMD,9,Total,27565
General Surgery Service,Sex,Female,Unknown Clock Start,175
General Surgery Service,Sex,Female,01 To 18 Weeks,80440
General Surgery Service,Sex,Female,18 To 52 Weeks,54510
General Surgery Service,Sex,Female,Over 52 Weeks,3545
General Surgery Service,Sex,Female,Total,138670
General Surgery Service,Sex,Male,Unknown Clock Start,155
General Surgery Service,Sex,Male,01 To 18 Weeks,84160
General Surgery Service,Sex,Male,18 To 52 Weeks,59115
General Surgery Service,Sex,Male,Over 52 Weeks,3875
General Surgery Service,Sex,Male,Total,147305
Gynaecology Service,Age,0-18 Years,01 To 18 Weeks,7335
Gynaecology Service,Age,0-18 Years,18 To 52 Weeks,5780
Gynaecology Service,Age,0-18 Years,Over 52 Weeks,285
Gynaecology Service,Age,0-18 Years,Total,13395
Gynaecology Service,Age,19-64 Years,Unknown Clock Start,50
Gynaecology Service,Age,19-64 Years,01 To 18 Weeks,256055
Gynaecology Service,Age,19-64 Years,18 To 52 Weeks,191285
Gynaecology Service,Age,19-64 Years,Over 52 Weeks,13715
Gynaecology Service,Age,19-64 Years,Total,461105
Gynaecology Service,Age,Over 65 Years,Unknown Clock Start,10
Gynaecology Service,Age,Over 65 Years,01 To 18 Weeks,34635
Gynaecology Service,Age,Over 65 Years,18 To 52 Weeks,23515
Gynaecology Service,Age,Over 65 Years,Over 52 Weeks,1560
Gynaecology Service,Age,Over 65 Years,Total,59715
Gynaecology Service,Ethnicity,99: Not known,01 To 18 Weeks,12765
Gynaecology Service,Ethnicity,99: Not known,18 To 52 Weeks,7405
Gynaecology Service,Ethnicity,99: Not known,Over 52 Weeks,395
Gynaecology Service,Ethnicity,99: Not known,Total,20565
Gynaecology Service,Ethnicity,A: British,Unknown Clock Start,45
Gynaecology Service,Ethnicity,A: British,01 To 18 Weeks,202995
Gynaecology Service,Ethnicity,A: British,18 To 52 Weeks,149485
Gynaecology Service,Ethnicity,A: British,Over 52 Weeks,10970
Gynaecology Service,Ethnicity,A: British,Total,363500
Gynaecology Service,Ethnicity,B: Irish,01 To 18 Weeks,1395
Gynaecology Service,Ethnicity,B: Irish,18 To 52 Weeks,1000
Gynaecology Service,Ethnicity,B: Irish,Over 52 Weeks,65
Gynaecology Service,Ethnicity,B: Irish,Total,2460
Gynaecology Service,Ethnicity,C: Any other white background,Unknown Clock Start,*
Gynaecology Service,Ethnicity,C: Any other white background,01 To 18 Weeks,22440
Gynaecology Service,Ethnicity,C: Any other white background,18 To 52 Weeks,15835
Gynaecology Service,Ethnicity,C: Any other white background,Over 52 Weeks,1095
Gynaecology Service,Ethnicity,C: Any other white background,Total,39370
Gynaecology Service,Ethnicity,D: White and Black Caribbean,Unknown Clock Start,*
Gynaecology Service,Ethnicity,D: White and Black Caribbean,01 To 18 Weeks,1770
Gynaecology Service,Ethnicity,D: White and Black Caribbean,18 To 52 Weeks,1310
Gynaecology Service,Ethnicity,D: White and Black Caribbean,Over 52 Weeks,90
Gynaecology Service,Ethnicity,D: White and Black Caribbean,Total,3170
Gynaecology Service,Ethnicity,E: White and Black African,01 To 18 Weeks,905
Gynaecology Service,Ethnicity,E: White and Black African,18 To 52 Weeks,705
Gynaecology Service,Ethnicity,E: White and Black African,Over 52 Weeks,40
Gynaecology Service,Ethnicity,E: White and Black African,Total,1650
Gynaecology Service,Ethnicity,F: White and Asian,01 To 18 Weeks,1035
Gynaecology Service,Ethnicity,F: White and Asian,18 To 52 Weeks,760
Gynaecology Service,Ethnicity,F: White and Asian,Over 52 Weeks,50
Gynaecology Service,Ethnicity,F: White and Asian,Total,1845
Gynaecology Service,Ethnicity,G: Any other mixed background,Unknown Clock Start,*
Gynaecology Service,Ethnicity,G: Any other mixed background,01 To 18 Weeks,2665
Gynaecology Service,Ethnicity,G: Any other mixed background,18 To 52 Weeks,1965
Gynaecology Service,Ethnicity,G: Any other mixed background,Over 52 Weeks,115
Gynaecology Service,Ethnicity,G: Any other mixed background,Total,4745
Gynaecology Service,Ethnicity,H: Indian,Unknown Clock Start,*
Gynaecology Service,Ethnicity,H: Indian,01 To 18 Weeks,8345
Gynaecology Service,Ethnicity,H: Indian,18 To 52 Weeks,5915
Gynaecology Service,Ethnicity,H: Indian,Over 52 Weeks,365
Gynaecology Service,Ethnicity,H: Indian,Total,14625
Gynaecology Service,Ethnicity,J: Pakistani,Unknown Clock Start,*
Gynaecology Service,Ethnicity,J: Pakistani,01 To 18 Weeks,9005
Gynaecology Service,Ethnicity,J: Pakistani,18 To 52 Weeks,6680
Gynaecology Service,Ethnicity,J: Pakistani,Over 52 Weeks,345
Gynaecology Service,Ethnicity,J: Pakistani,Total,16035
Gynaecology Service,Ethnicity,K: Bangladeshi,01 To 18 Weeks,2330
Gynaecology Service,Ethnicity,K: Bangladeshi,18 To 52 Weeks,1800
Gynaecology Service,Ethnicity,K: Bangladeshi,Over 52 Weeks,105
Gynaecology Service,Ethnicity,K: Bangladeshi,Total,4230
Gynaecology Service,Ethnicity,L: Any other Asian background,Unknown Clock Start,*
Gynaecology Service,Ethnicity,L: Any other Asian background,01 To 18 Weeks,6805
Gynaecology Service,Ethnicity,L: Any other Asian background,18 To 52 Weeks,4835
Gynaecology Service,Ethnicity,L: Any other Asian background,Over 52 Weeks,285
Gynaecology Service,Ethnicity,L: Any other Asian background,Total,11925
Gynaecology Service,Ethnicity,M: Caribbean,01 To 18 Weeks,4250
Gynaecology Service,Ethnicity,M: Caribbean,18 To 52 Weeks,3105
Gynaecology Service,Ethnicity,M: Caribbean,Over 52 Weeks,190
Gynaecology Service,Ethnicity,M: Caribbean,Total,7540
Gynaecology Service,Ethnicity,N: African,Unknown Clock Start,*
Gynaecology Service,Ethnicity,N: African,01 To 18 Weeks,9375
Gynaecology Service,Ethnicity,N: African,18 To 52 Weeks,7320
Gynaecology Service,Ethnicity,N: African,Over 52 Weeks,495
Gynaecology Service,Ethnicity,N: African,Total,17190
Gynaecology Service,Ethnicity,P: Any other Black background,01 To 18 Weeks,3885
Gynaecology Service,Ethnicity,P: Any other Black background,18 To 52 Weeks,2945
Gynaecology Service,Ethnicity,P: Any other Black background,Over 52 Weeks,175
Gynaecology Service,Ethnicity,P: Any other Black background,Total,7010
Gynaecology Service,Ethnicity,R: Chinese,Unknown Clock Start,*
Gynaecology Service,Ethnicity,R: Chinese,01 To 18 Weeks,1500
Gynaecology Service,Ethnicity,R: Chinese,18 To 52 Weeks,1040
Gynaecology Service,Ethnicity,R: Chinese,Over 52 Weeks,80
Gynaecology Service,Ethnicity,R: Chinese,Total,2620
Gynaecology Service,Ethnicity,S: Any other ethnic group,Unknown Clock Start,*
Gynaecology Service,Ethnicity,S: Any other ethnic group,01 To 18 Weeks,3955
Gynaecology Service,Ethnicity,S: Any other ethnic group,18 To 52 Weeks,2730
Gynaecology Service,Ethnicity,S: Any other ethnic group,Over 52 Weeks,200
Gynaecology Service,Ethnicity,S: Any other ethnic group,Total,6885
Gynaecology Service,Ethnicity,Z: Not stated,01 To 18 Weeks,15020
Gynaecology Service,Ethnicity,Z: Not stated,18 To 52 Weeks,9885
Gynaecology Service,Ethnicity,Z: Not stated,Over 52 Weeks,630
Gynaecology Service,Ethnicity,Z: Not stated,Total,25535
Gynaecology Service,IMD,1,Unknown Clock Start,*
Gynaecology Service,IMD,1,01 To 18 Weeks,34240
Gynaecology Service,IMD,1,18 To 52 Weeks,26890
Gynaecology Service,IMD,1,Over 52 Weeks,2200
Gynaecology Service,IMD,1,Total,63335
Gynaecology Service,IMD,10,Unknown Clock Start,*
Gynaecology Service,IMD,10,01 To 18 Weeks,25040
Gynaecology Service,IMD,10,18 To 52 Weeks,17330
Gynaecology Service,IMD,10,Over 52 Weeks,1100
Gynaecology Service,IMD,10,Total,43480
Gynaecology Service,IMD,2,Unknown Clock Start,10
Gynaecology Service,IMD,2,01 To 18 Weeks,32750
Gynaecology Service,IMD,2,18 To 52 Weeks,24420
Gynaecology Service,IMD,2,Over 52 Weeks,1675
Gynaecology Service,IMD,2,Total,58855
Gynaecology Service,IMD,3,Unknown Clock Start,*
Gynaecology Service,IMD,3,01 To 18 Weeks,31880
Gynaecology Service,IMD,3,18 To 52 Weeks,23285
Gynaecology Service,IMD,3,Over 52 Weeks,1530
Gynaecology Service,IMD,3,Total,56700
Gynaecology Service,IMD,4,Unknown Clock Start,*
Gynaecology Service,IMD,4,01 To 18 Weeks,30785
Gynaecology Service,IMD,4,18 To 52 Weeks,22610
Gynaecology Service,IMD,4,Over 52 Weeks,1675
Gynaecology Service,IMD,4,Total,55075
Gynaecology Service,IMD,5,Unknown Clock Start,*
Gynaecology Service,IMD,5,01 To 18 Weeks,30025
Gynaecology Service,IMD,5,18 To 52 Weeks,21775
Gynaecology Service,IMD,5,Over 52 Weeks,1465
Gynaecology Service,IMD,5,Total,53270
Gynaecology Service,IMD,6,Unknown Clock Start,*
Gynaecology Service,IMD,6,01 To 18 Weeks,29305
Gynaecology Service,IMD,6,18 To 52 Weeks,21185
Gynaecology Service,IMD,6,Over 52 Weeks,1490
Gynaecology Service,IMD,6,Total,51980
Gynaecology Service,IMD,7,Unknown Clock Start,10
Gynaecology Service,IMD,7,01 To 18 Weeks,28830
Gynaecology Service,IMD,7,18 To 52 Weeks,20380
Gynaecology Service,IMD,7,Over 52 Weeks,1410
Gynaecology Service,IMD,7,Total,50630
Gynaecology Service,IMD,8,Unknown Clock Start,*
Gynaecology Service,IMD,8,01 To 18 Weeks,28425
Gynaecology Service,IMD,8,18 To 52 Weeks,20255
Gynaecology Service,IMD,8,Over 52 Weeks,1420
Gynaecology Service,IMD,8,Total,50105
Gynaecology Service,IMD,9,Unknown Clock Start,10
Gynaecology Service,IMD,9,01 To 18 Weeks,26990
Gynaecology Service,IMD,9,18 To 52 Weeks,19005
Gynaecology Service,IMD,9,Over 52 Weeks,1260
Gynaecology Service,IMD,9,Total,47265
Gynaecology Service,Sex,Female,Unknown Clock Start,60
Gynaecology Service,Sex,Female,01 To 18 Weeks,274155
Gynaecology Service,Sex,Female,18 To 52 Weeks,201345
Gynaecology Service,Sex,Female,Over 52 Weeks,14215
Gynaecology Service,Sex,Female,Total,489775
Gynaecology Service,Sex,Male,01 To 18 Weeks,2850
Gynaecology Service,Sex,Male,18 To 52 Weeks,1245
Gynaecology Service,Sex,Male,Over 52 Weeks,65
Gynaecology Service,Sex,Male,Total,4160
Neurology Service,Age,0-18 Years,Unknown Clock Start,*
Neurology Service,Age,0-18 Years,01 To 18 Weeks,4255
Neurology Service,Age,0-18 Years,18 To 52 Weeks,2260
Neurology Service,Age,0-18 Years,Over 52 Weeks,90
Neurology Service,Age,0-18 Years,Total,6610
Neurology Service,Age,19-64 Years,Unknown Clock Start,*
Neurology Service,Age,19-64 Years,01 To 18 Weeks,79690
Neurology Service,Age,19-64 Years,18 To 52 Weeks,60025
Neurology Service,Age,19-64 Years,Over 52 Weeks,2995
Neurology Service,Age,19-64 Years,Total,142715
Neurology Service,Age,Over 65 Years,Unknown Clock Start,*
Neurology Service,Age,Over 65 Years,01 To 18 Weeks,32825
Neurology Service,Age,Over 65 Years,18 To 52 Weeks,25775
Neurology Service,Age,Over 65 Years,Over 52 Weeks,1295
Neurology Service,Age,Over 65 Years,Total,59900
Neurology Service,Ethnicity,99: Not known,01 To 18 Weeks,3800
Neurology Service,Ethnicity,99: Not known,18 To 52 Weeks,2350
Neurology Service,Ethnicity,99: Not known,Over 52 Weeks,110
Neurology Service,Ethnicity,99: Not known,Total,6260
Neurology Service,Ethnicity,A: British,Unknown Clock Start,10
Neurology Service,Ethnicity,A: British,01 To 18 Weeks,86200
Neurology Service,Ethnicity,A: British,18 To 52 Weeks,64610
Neurology Service,Ethnicity,A: British,Over 52 Weeks,3355
Neurology Service,Ethnicity,A: British,Total,154180
Neurology Service,Ethnicity,B: Irish,01 To 18 Weeks,690
Neurology Service,Ethnicity,B: Irish,18 To 52 Weeks,505
Neurology Service,Ethnicity,B: Irish,Over 52 Weeks,20
Neurology Service,Ethnicity,B: Irish,Total,1215
Neurology Service,Ethnicity,C: Any other white background,01 To 18 Weeks,7295
Neurology Service,Ethnicity,C: Any other white background,18 To 52 Weeks,5430
Neurology Service,Ethnicity,C: Any other white background,Over 52 Weeks,205
Neurology Service,Ethnicity,C: Any other white background,Total,12930
Neurology Service,Ethnicity,D: White and Black Caribbean,01 To 18 Weeks,545
Neurology Service,Ethnicity,D: White and Black Caribbean,18 To 52 Weeks,405
Neurology Service,Ethnicity,D: White and Black Caribbean,Over 52 Weeks,15
Neurology Service,Ethnicity,D: White and Black Caribbean,Total,970
Neurology Service,Ethnicity,E: White and Black African,01 To 18 Weeks,250
Neurology Service,Ethnicity,E: White and Black African,18 To 52 Weeks,170
Neurology Service,Ethnicity,E: White and Black African,Over 52 Weeks,10
Neurology Service,Ethnicity,E: White and Black African,Total,430
Neurology Service,Ethnicity,F: White and Asian,Unknown Clock Start,*
Neurology Service,Ethnicity,F: White and Asian,01 To 18 Weeks,360
Neurology Service,Ethnicity,F: White and Asian,18 To 52 Weeks,235
Neurology Service,Ethnicity,F: White and Asian,Over 52 Weeks,*
Neurology Service,Ethnicity,F: White and Asian,Total,600
Neurology Service,Ethnicity,G: Any other mixed background,01 To 18 Weeks,850
Neurology Service,Ethnicity,G: Any other mixed background,18 To 52 Weeks,560
Neurology Service,Ethnicity,G: Any other mixed background,Over 52 Weeks,25
Neurology Service,Ethnicity,G: Any other mixed background,Total,1435
Neurology Service,Ethnicity,H: Indian,01 To 18 Weeks,2650
Neurology Service,Ethnicity,H: Indian,18 To 52 Weeks,2200
Neurology Service,Ethnicity,H: Indian,Over 52 Weeks,75
Neurology Service,Ethnicity,H: Indian,Total,4925
Neurology Service,Ethnicity,J: Pakistani,01 To 18 Weeks,2690
Neurology Service,Ethnicity,J: Pakistani,18 To 52 Weeks,2090
Neurology Service,Ethnicity,J: Pakistani,Over 52 Weeks,140
Neurology Service,Ethnicity,J: Pakistani,Total,4925
Neurology Service,Ethnicity,K: Bangladeshi,01 To 18 Weeks,695
Neurology Service,Ethnicity,K: Bangladeshi,18 To 52 Weeks,490
Neurology Service,Ethnicity,K: Bangladeshi,Over 52 Weeks,15
Neurology Service,Ethnicity,K: Bangladeshi,Total,1205
Neurology Service,Ethnicity,L: Any other Asian background,Unknown Clock Start,*
Neurology Service,Ethnicity,L: Any other Asian background,01 To 18 Weeks,2385
Neurology Service,Ethnicity,L: Any other Asian background,18 To 52 Weeks,1860
Neurology Service,Ethnicity,L: Any other Asian background,Over 52 Weeks,80
Neurology Service,Ethnicity,L: Any other Asian background,Total,4330
Neurology Service,Ethnicity,M: Caribbean,Unknown Clock Start,*
Neurology Service,Ethnicity,M: Caribbean,01 To 18 Weeks,1355
Neurology Service,Ethnicity,M: Caribbean,18 To 52 Weeks,1090
Neurology Service,Ethnicity,M: Caribbean,Over 52 Weeks,25
Neurology Service,Ethnicity,M: Caribbean,Total,2470
Neurology Service,Ethnicity,N: African,01 To 18 Weeks,2090
Neurology Service,Ethnicity,N: African,18 To 52 Weeks,1530
Neurology Service,Ethnicity,N: African,Over 52 Weeks,60
Neurology Service,Ethnicity,N: African,Total,3675
Neurology Service,Ethnicity,P: Any other Black background,01 To 18 Weeks,1140
Neurology Service,Ethnicity,P: Any other Black background,18 To 52 Weeks,775
Neurology Service,Ethnicity,P: Any other Black background,Over 52 Weeks,25
Neurology Service,Ethnicity,P: Any other Black background,Total,1940
Neurology Service,Ethnicity,R: Chinese,01 To 18 Weeks,355
Neurology Service,Ethnicity,R: Chinese,18 To 52 Weeks,250
Neurology Service,Ethnicity,R: Chinese,Over 52 Weeks,15
Neurology Service,Ethnicity,R: Chinese,Total,620
Neurology Service,Ethnicity,S: Any other ethnic group,Unknown Clock Start,*
Neurology Service,Ethnicity,S: Any other ethnic group,01 To 18 Weeks,1260
Neurology Service,Ethnicity,S: Any other ethnic group,18 To 52 Weeks,895
Neurology Service,Ethnicity,S: Any other ethnic group,Over 52 Weeks,50
Neurology Service,Ethnicity,S: Any other ethnic group,Total,2205
Neurology Service,Ethnicity,Z: Not stated,01 To 18 Weeks,4975
Neurology Service,Ethnicity,Z: Not stated,18 To 52 Weeks,3510
Neurology Service,Ethnicity,Z: Not stated,Over 52 Weeks,155
Neurology Service,Ethnicity,Z: Not stated,Total,8640
Neurology Service,IMD,1,01 To 18 Weeks,12775
Neurology Service,IMD,1,18 To 52 Weeks,9635
Neurology Service,IMD,1,Over 52 Weeks,650
Neurology Service,IMD,1,Total,23060
Neurology Service,IMD,10,Unknown Clock Start,*
Neurology Service,IMD,10,01 To 18 Weeks,10075
Neurology Service,IMD,10,18 To 52 Weeks,7715
Neurology Service,IMD,10,Over 52 Weeks,415
Neurology Service,IMD,10,Total,18205
Neurology Service,IMD,2,01 To 18 Weeks,12330
Neurology Service,IMD,2,18 To 52 Weeks,8820
Neurology Service,IMD,2,Over 52 Weeks,420
Neurology Service,IMD,2,Total,21570
Neurology Service,IMD,3,01 To 18 Weeks,11970
Neurology Service,IMD,3,18 To 52 Weeks,8905
Neurology Service,IMD,3,Over 52 Weeks,450
Neurology Service,IMD,3,Total,21325
Neurology Service,IMD,4,Unknown Clock Start,*
Neurology Service,IMD,4,01 To 18 Weeks,12200
Neurology Service,IMD,4,18 To 52 Weeks,9280
Neurology Service,IMD,4,Over 52 Weeks,435
Neurology Service,IMD,4,Total,21910
Neurology Service,IMD,5,01 To 18 Weeks,11715
Neurology Service,IMD,5,18 To 52 Weeks,8880
Neurology Service,IMD,5,Over 52 Weeks,365
Neurology Service,IMD,5,Total,20960
Neurology Service,IMD,6,01 To 18 Weeks,11475
Neurology Service,IMD,6,18 To 52 Weeks,8720
Neurology Service,IMD,6,Over 52 Weeks,370
Neurology Service,IMD,6,Total,20565
Neurology Service,IMD,7,01 To 18 Weeks,11300
Neurology Service,IMD,7,18 To 52 Weeks,8295
Neurology Service,IMD,7,Over 52 Weeks,365
Neurology Service,IMD,7,Total,19960
Neurology Service,IMD,8,Unknown Clock Start,*
Neurology Service,IMD,8,01 To 18 Weeks,11135
Neurology Service,IMD,8,18 To 52 Weeks,8365
Neurology Service,IMD,8,Over 52 Weeks,420
Neurology Service,IMD,8,Total,19925
Neurology Service,IMD,9,Unknown Clock Start,*
Neurology Service,IMD,9,01 To 18 Weeks,10425
Neurology Service,IMD,9,18 To 52 Weeks,7775
Neurology Service,IMD,9,Over 52 Weeks,365
Neurology Service,IMD,9,Total,18570
Neurology Service,Sex,Female,Unknown Clock Start,10
Neurology Service,Sex,Female,01 To 18 Weeks,62540
Neurology Service,Sex,Female,18 To 52 Weeks,48090
Neurology Service,Sex,Female,Over 52 Weeks,2500
Neurology Service,Sex,Female,Total,113135
Neurology Service,Sex,Male,Unknown Clock Start,*
Neurology Service,Sex,Male,01 To 18 Weeks,44170
Neurology Service,Sex,Male,18 To 52 Weeks,32875
Neurology Service,Sex,Male,Over 52 Weeks,1690
Neurology Service,Sex,Male,Total,78740
Neurosurgical Service,Age,0-18 Years,01 To 18 Weeks,795
Neurosurgical Service,Age,0-18 Years,18 To 52 Weeks,485
Neurosurgical Service,Age,0-18 Years,Over 52 Weeks,20
Neurosurgical Service,Age,0-18 Years,Total,1305
Neurosurgical Service,Age,19-64 Years,01 To 18 Weeks,18260
Neurosurgical Service,Age,19-64 Years,18 To 52 Weeks,12220
Neurosurgical Service,Age,19-64 Years,Over 52 Weeks,625
Neurosurgical Service,Age,19-64 Years,Total,31105
Neurosurgical Service,Age,Over 65 Years,01 To 18 Weeks,10735
Neurosurgical Service,Age,Over 65 Years,18 To 52 Weeks,6860
Neurosurgical Service,Age,Over 65 Years,Over 52 Weeks,370
Neurosurgical Service,Age,Over 65 Years,Total,17965
Neurosurgical Service,Ethnicity,99: Not known,01 To 18 Weeks,705
Neurosurgical Service,Ethnicity,99: Not known,18 To 52 Weeks,395
Neurosurgical Service,Ethnicity,99: Not known,Over 52 Weeks,20
Neurosurgical Service,Ethnicity,99: Not known,Total,1120
Neurosurgical Service,Ethnicity,A: British,01 To 18 Weeks,21745
Neurosurgical Service,Ethnicity,A: British,18 To 52 Weeks,13935
Neurosurgical Service,Ethnicity,A: British,Over 52 Weeks,695
Neurosurgical Service,Ethnicity,A: British,Total,36370
Neurosurgical Service,Ethnicity,B: Irish,01 To 18 Weeks,205
Neurosurgical Service,Ethnicity,B: Irish,18 To 52 Weeks,150
Neurosurgical Service,Ethnicity,B: Irish,Over 52 Weeks,*
Neurosurgical Service,Ethnicity,B: Irish,Total,360
Neurosurgical Service,Ethnicity,C: Any other white background,01 To 18 Weeks,1970
Neurosurgical Service,Ethnicity,C: Any other white background,18 To 52 Weeks,1360
Neurosurgical Service,Ethnicity,C: Any other white background,Over 52 Weeks,90
Neurosurgical Service,Ethnicity,C: Any other white background,Total,3420
Neurosurgical Service,Ethnicity,D: White and Black Caribbean,01 To 18 Weeks,85
Neurosurgical Service,Ethnicity,D: White and Black Caribbean,18 To 52 Weeks,60
Neurosurgical Service,Ethnicity,D: White and Black Caribbean,Over 52 Weeks,*
Neurosurgical Service,Ethnicity,D: White and Black Caribbean,Total,150
Neurosurgical Service,Ethnicity,E: White and Black African,01 To 18 Weeks,30
Neurosurgical Service,Ethnicity,E: White and Black African,18 To 52 Weeks,30
Neurosurgical Service,Ethnicity,E: White and Black African,Over 52 Weeks,*
Neurosurgical Service,Ethnicity,E: White and Black African,Total,70
Neurosurgical Service,Ethnicity,F: White and Asian,01 To 18 Weeks,85
Neurosurgical Service,Ethnicity,F: White and Asian,18 To 52 Weeks,60
Neurosurgical Service,Ethnicity,F: White and Asian,Over 52 Weeks,*
Neurosurgical Service,Ethnicity,F: White and Asian,Total,145
Neurosurgical Service,Ethnicity,G: Any other mixed background,01 To 18 Weeks,200
Neurosurgical Service,Ethnicity,G: Any other mixed background,18 To 52 Weeks,155
Neurosurgical Service,Ethnicity,G: Any other mixed background,Over 52 Weeks,*
Neurosurgical Service,Ethnicity,G: Any other mixed background,Total,360
Neurosurgical Service,Ethnicity,H: Indian,01 To 18 Weeks,815
Neurosurgical Service,Ethnicity,H: Indian,18 To 52 Weeks,555
Neurosurgical Service,Ethnicity,H: Indian,Over 52 Weeks,40
Neurosurgical Service,Ethnicity,H: Indian,Total,1415
Neurosurgical Service,Ethnicity,J: Pakistani,01 To 18 Weeks,625
Neurosurgical Service,Ethnicity,J: Pakistani,18 To 52 Weeks,465
Neurosurgical Service,Ethnicity,J: Pakistani,Over 52 Weeks,25
Neurosurgical Service,Ethnicity,J: Pakistani,Total,1110
Neurosurgical Service,Ethnicity,K: Bangladeshi,01 To 18 Weeks,170
Neurosurgical Service,Ethnicity,K: Bangladeshi,18 To 52 Weeks,120
Neurosurgical Service,Ethnicity,K: Bangladeshi,Over 52 Weeks,*
Neurosurgical Service,Ethnicity,K: Bangladeshi,Total,295
Neurosurgical Service,Ethnicity,L: Any other Asian background,01 To 18 Weeks,810
Neurosurgical Service,Ethnicity,L: Any other Asian background,18 To 52 Weeks,545
Neurosurgical Service,Ethnicity,L: Any other Asian background,Over 52 Weeks,30
Neurosurgical Service,Ethnicity,L: Any other Asian background,Total,1380
Neurosurgical Service,Ethnicity,M: Caribbean,01 To 18 Weeks,425
Neurosurgical Service,Ethnicity,M: Caribbean,18 To 52 Weeks,300
Neurosurgical Service,Ethnicity,M: Caribbean,Over 52 Weeks,20
Neurosurgical Service,Ethnicity,M: Caribbean,Total,745
Neurosurgical Service,Ethnicity,N: African,01 To 18 Weeks,585
Neurosurgical Service,Ethnicity,N: African,18 To 52 Weeks,445
Neurosurgical Service,Ethnicity,N: African,Over 52 Weeks,20
Neurosurgical Service,Ethnicity,N: African,Total,1045
Neurosurgical Service,Ethnicity,P: Any other Black background,01 To 18 Weeks,265
Neurosurgical Service,Ethnicity,P: Any other Black background,18 To 52 Weeks,210
Neurosurgical Service,Ethnicity,P: Any other Black background,Over 52 Weeks,15
Neurosurgical Service,Ethnicity,P: Any other Black background,Total,495
Neurosurgical Service,Ethnicity,R: Chinese,01 To 18 Weeks,115
Neurosurgical Service,Ethnicity,R: Chinese,18 To 52 Weeks,105
Neurosurgical Service,Ethnicity,R: Chinese,Over 52 Weeks,10
Neurosurgical Service,Ethnicity,R: Chinese,Total,225
Neurosurgical Service,Ethnicity,S: Any other ethnic group,01 To 18 Weeks,310
Neurosurgical Service,Ethnicity,S: Any other ethnic group,18 To 52 Weeks,200
Neurosurgical Service,Ethnicity,S: Any other ethnic group,Over 52 Weeks,10
Neurosurgical Service,Ethnicity,S: Any other ethnic group,Total,520
Neurosurgical Service,Ethnicity,Z: Not stated,01 To 18 Weeks,1185
Neurosurgical Service,Ethnicity,Z: Not stated,18 To 52 Weeks,630
Neurosurgical Service,Ethnicity,Z: Not stated,Over 52 Weeks,25
Neurosurgical Service,Ethnicity,Z: Not stated,Total,1845
Neurosurgical Service,IMD,1,01 To 18 Weeks,3505
Neurosurgical Service,IMD,1,18 To 52 Weeks,2415
Neurosurgical Service,IMD,1,Over 52 Weeks,95
Neurosurgical Service,IMD,1,Total,6015
Neurosurgical Service,IMD,10,01 To 18 Weeks,2415
Neurosurgical Service,IMD,10,18 To 52 Weeks,1580
Neurosurgical Service,IMD,10,Over 52 Weeks,95
Neurosurgical Service,IMD,10,Total,4085
Neurosurgical Service,IMD,2,01 To 18 Weeks,3105
Neurosurgical Service,IMD,2,18 To 52 Weeks,2005
Neurosurgical Service,IMD,2,Over 52 Weeks,110
Neurosurgical Service,IMD,2,Total,5220
Neurosurgical Service,IMD,3,01 To 18 Weeks,3140
Neurosurgical Service,IMD,3,18 To 52 Weeks,2100
Neurosurgical Service,IMD,3,Over 52 Weeks,105
Neurosurgical Service,IMD,3,Total,5345
Neurosurgical Service,IMD,4,01 To 18 Weeks,3035
Neurosurgical Service,IMD,4,18 To 52 Weeks,1955
Neurosurgical Service,IMD,4,Over 52 Weeks,105
Neurosurgical Service,IMD,4,Total,5100
Neurosurgical Service,IMD,5,01 To 18 Weeks,2875
Neurosurgical Service,IMD,5,18 To 52 Weeks,1900
Neurosurgical Service,IMD,5,Over 52 Weeks,105
Neurosurgical Service,IMD,5,Total,4880
Neurosurgical Service,IMD,6,01 To 18 Weeks,2920
Neurosurgical Service,IMD,6,18 To 52 Weeks,1860
Neurosurgical Service,IMD,6,Over 52 Weeks,105
Neurosurgical Service,IMD,6,Total,4885
Neurosurgical Service,IMD,7,01 To 18 Weeks,2950
Neurosurgical Service,IMD,7,18 To 52 Weeks,1900
Neurosurgical Service,IMD,7,Over 52 Weeks,105
Neurosurgical Service,IMD,7,Total,4955
Neurosurgical Service,IMD,8,01 To 18 Weeks,2885
Neurosurgical Service,IMD,8,18 To 52 Weeks,1840
Neurosurgical Service,IMD,8,Over 52 Weeks,90
Neurosurgical Service,IMD,8,Total,4815
Neurosurgical Service,IMD,9,01 To 18 Weeks,2785
Neurosurgical Service,IMD,9,18 To 52 Weeks,1725
Neurosurgical Service,IMD,9,Over 52 Weeks,85
Neurosurgical Service,IMD,9,Total,4600
Neurosurgical Service,Sex,Female,01 To 18 Weeks,14520
Neurosurgical Service,Sex,Female,18 To 52 Weeks,9530
Neurosurgical Service,Sex,Female,Over 52 Weeks,465
Neurosurgical Service,Sex,Female,Total,24515
Neurosurgical Service,Sex,Male,01 To 18 Weeks,11800
Neurosurgical Service,Sex,Male,18 To 52 Weeks,7560
Neurosurgical Service,Sex,Male,Over 52 Weeks,345
Neurosurgical Service,Sex,Male,Total,19700
Ophthalmology Service,Age,0-18 Years,Unknown Clock Start,25
Ophthalmology Service,Age,0-18 Years,01 To 18 Weeks,17905
Ophthalmology Service,Age,0-18 Years,18 To 52 Weeks,9155
Ophthalmology Service,Age,0-18 Years,Over 52 Weeks,205
Ophthalmology Service,Age,0-18 Years,Total,27290
Ophthalmology Service,Age,19-64 Years,Unknown Clock Start,135
Ophthalmology Service,Age,19-64 Years,01 To 18 Weeks,135325
Ophthalmology Service,Age,19-64 Years,18 To 52 Weeks,65600
Ophthalmology Service,Age,19-64 Years,Over 52 Weeks,2095
Ophthalmology Service,Age,19-64 Years,Total,203150
Ophthalmology Service,Age,Over 65 Years,Unknown Clock Start,135
Ophthalmology Service,Age,Over 65 Years,01 To 18 Weeks,241620
Ophthalmology Service,Age,Over 65 Years,18 To 52 Weeks,98795
Ophthalmology Service,Age,Over 65 Years,Over 52 Weeks,3085
Ophthalmology Service,Age,Over 65 Years,Total,343635
Ophthalmology Service,Ethnicity,99: Not known,Unknown Clock Start,*
Ophthalmology Service,Ethnicity,99: Not known,01 To 18 Weeks,14110
Ophthalmology Service,Ethnicity,99: Not known,18 To 52 Weeks,5900
Ophthalmology Service,Ethnicity,99: Not known,Over 52 Weeks,150
Ophthalmology Service,Ethnicity,99: Not known,Total,20160
Ophthalmology Service,Ethnicity,A: British,Unknown Clock Start,180
Ophthalmology Service,Ethnicity,A: British,01 To 18 Weeks,285720
Ophthalmology Service,Ethnicity,A: British,18 To 52 Weeks,126185
Ophthalmology Service,Ethnicity,A: British,Over 52 Weeks,4090
Ophthalmology Service,Ethnicity,A: British,Total,416180
Ophthalmology Service,Ethnicity,B: Irish,01 To 18 Weeks,2735
Ophthalmology Service,Ethnicity,B: Irish,18 To 52 Weeks,1060
Ophthalmology Service,Ethnicity,B: Irish,Over 52 Weeks,35
Ophthalmology Service,Ethnicity,B: Irish,Total,3825
Ophthalmology Service,Ethnicity,C: Any other white background,Unknown Clock Start,20
Ophthalmology Service,Ethnicity,C: Any other white background,01 To 18 Weeks,17530
Ophthalmology Service,Ethnicity,C: Any other white background,18 To 52 Weeks,7340
Ophthalmology Service,Ethnicity,C: Any other white background,Over 52 Weeks,210
Ophthalmology Service,Ethnicity,C: Any other white background,Total,25105
Ophthalmology Service,Ethnicity,D: White and Black Caribbean,Unknown Clock Start,*
Ophthalmology Service,Ethnicity,D: White and Black Caribbean,01 To 18 Weeks,985
Ophthalmology Service,Ethnicity,D: White and Black Caribbean,18 To 52 Weeks,475
Ophthalmology Service,Ethnicity,D: White and Black Caribbean,Over 52 Weeks,15
Ophthalmology Service,Ethnicity,D: White and Black Caribbean,Total,1480
Ophthalmology Service,Ethnicity,E: White and Black African,01 To 18 Weeks,685
Ophthalmology Service,Ethnicity,E: White and Black African,18 To 52 Weeks,295
Ophthalmology Service,Ethnicity,E: White and Black African,Over 52 Weeks,*
Ophthalmology Service,Ethnicity,E: White and Black African,Total,985
Ophthalmology Service,Ethnicity,F: White and Asian,Unknown Clock Start,*
Ophthalmology Service,Ethnicity,F: White and Asian,01 To 18 Weeks,920
Ophthalmology Service,Ethnicity,F: White and Asian,18 To 52 Weeks,390
Ophthalmology Service,Ethnicity,F: White and Asian,Over 52 Weeks,15
Ophthalmology Service,Ethnicity,F: White and Asian,Total,1330
Ophthalmology Service,Ethnicity,G: Any other mixed background,Unknown Clock Start,*
Ophthalmology Service,Ethnicity,G: Any other mixed background,01 To 18 Weeks,2035
Ophthalmology Service,Ethnicity,G: Any other mixed background,18 To 52 Weeks,975
Ophthalmology Service,Ethnicity,G: Any other mixed background,Over 52 Weeks,25
Ophthalmology Service,Ethnicity,G: Any other mixed background,Total,3040
Ophthalmology Service,Ethnicity,H: Indian,Unknown Clock Start,*
Ophthalmology Service,Ethnicity,H: Indian,01 To 18 Weeks,11920
Ophthalmology Service,Ethnicity,H: Indian,18 To 52 Weeks,4875
Ophthalmology Service,Ethnicity,H: Indian,Over 52 Weeks,120
Ophthalmology Service,Ethnicity,H: Indian,Total,16920
Ophthalmology Service,Ethnicity,J: Pakistani,Unknown Clock Start,*
Ophthalmology Service,Ethnicity,J: Pakistani,01 To 18 Weeks,8695
Ophthalmology Service,Ethnicity,J: Pakistani,18 To 52 Weeks,4465
Ophthalmology Service,Ethnicity,J: Pakistani,Over 52 Weeks,120
Ophthalmology Service,Ethnicity,J: Pakistani,Total,13280
Ophthalmology Service,Ethnicity,K: Bangladeshi,Unknown Clock Start,*
Ophthalmology Service,Ethnicity,K: Bangladeshi,01 To 18 Weeks,2745
Ophthalmology Service,Ethnicity,K: Bangladeshi,18 To 52 Weeks,1110
Ophthalmology Service,Ethnicity,K: Bangladeshi,Over 52 Weeks,25
Ophthalmology Service,Ethnicity,K: Bangladeshi,Total,3885
Ophthalmology Service,Ethnicity,L: Any other Asian background,Unknown Clock Start,20
Ophthalmology Service,Ethnicity,L: Any other Asian background,01 To 18 Weeks,7675
Ophthalmology Service,Ethnicity,L: Any other Asian background,18 To 52 Weeks,3300
Ophthalmology Service,Ethnicity,L: Any other Asian background,Over 52 Weeks,90
Ophthalmology Service,Ethnicity,L: Any other Asian background,Total,11090
Ophthalmology Service,Ethnicity,M: Caribbean,Unknown Clock Start,*
Ophthalmology Service,Ethnicity,M: Caribbean,01 To 18 Weeks,5335
Ophthalmology Service,Ethnicity,M: Caribbean,18 To 52 Weeks,1960
Ophthalmology Service,Ethnicity,M: Caribbean,Over 52 Weeks,50
Ophthalmology Service,Ethnicity,M: Caribbean,Total,7350
Ophthalmology Service,Ethnicity,N: African,Unknown Clock Start,10
Ophthalmology Service,Ethnicity,N: African,01 To 18 Weeks,8145
Ophthalmology Service,Ethnicity,N: African,18 To 52 Weeks,3430
Ophthalmology Service,Ethnicity,N: African,Over 52 Weeks,100
Ophthalmology Service,Ethnicity,N: African,Total,11685
Ophthalmology Service,Ethnicity,P: Any other Black background,Unknown Clock Start,*
Ophthalmology Service,Ethnicity,P: Any other Black background,01 To 18 Weeks,3485
Ophthalmology Service,Ethnicity,P: Any other Black background,18 To 52 Weeks,1415
Ophthalmology Service,Ethnicity,P: Any other Black background,Over 52 Weeks,50
Ophthalmology Service,Ethnicity,P: Any other Black background,Total,4950
Ophthalmology Service,Ethnicity,R: Chinese,Unknown Clock Start,*
Ophthalmology Service,Ethnicity,R: Chinese,01 To 18 Weeks,1860
Ophthalmology Service,Ethnicity,R: Chinese,18 To 52 Weeks,915
Ophthalmology Service,Ethnicity,R: Chinese,Over 52 Weeks,25
Ophthalmology Service,Ethnicity,R: Chinese,Total,2805
Ophthalmology Service,Ethnicity,S: Any other ethnic group,Unknown Clock Start,10
Ophthalmology Service,Ethnicity,S: Any other ethnic group,01 To 18 Weeks,3545
Ophthalmology Service,Ethnicity,S: Any other ethnic group,18 To 52 Weeks,1505
Ophthalmology Service,Ethnicity,S: Any other ethnic group,Over 52 Weeks,45
Ophthalmology Service,Ethnicity,S: Any other ethnic group,Total,5100
Ophthalmology Service,Ethnicity,Z: Not stated,Unknown Clock Start,10
Ophthalmology Service,Ethnicity,Z: Not stated,01 To 18 Weeks,21190
Ophthalmology Service,Ethnicity,Z: Not stated,18 To 52 Weeks,8535
Ophthalmology Service,Ethnicity,Z: Not stated,Over 52 Weeks,215
Ophthalmology Service,Ethnicity,Z: Not stated,Total,29950
Ophthalmology Service,IMD,1,Unknown Clock Start,*
Ophthalmology Service,IMD,1,01 To 18 Weeks,35475
Ophthalmology Service,IMD,1,18 To 52 Weeks,17265
Ophthalmology Service,IMD,1,Over 52 Weeks,520
Ophthalmology Service,IMD,1,Total,53260
Ophthalmology Service,IMD,10,Unknown Clock Start,75
Ophthalmology Service,IMD,10,01 To 18 Weeks,39405
Ophthalmology Service,IMD,10,18 To 52 Weeks,16065
Ophthalmology Service,IMD,10,Over 52 Weeks,505
Ophthalmology Service,IMD,10,Total,56045
Ophthalmology Service,IMD,2,Unknown Clock Start,10
Ophthalmology Service,IMD,2,01 To 18 Weeks,36675
Ophthalmology Service,IMD,2,18 To 52 Weeks,16210
Ophthalmology Service,IMD,2,Over 52 Weeks,460
Ophthalmology Service,IMD,2,Total,53350
Ophthalmology Service,IMD,3,Unknown Clock Start,15
Ophthalmology Service,IMD,3,01 To 18 Weeks,37205
Ophthalmology Service,IMD,3,18 To 52 Weeks,16305
Ophthalmology Service,IMD,3,Over 52 Weeks,480
Ophthalmology Service,IMD,3,Total,54005
Ophthalmology Service,IMD,4,Unknown Clock Start,20
Ophthalmology Service,IMD,4,01 To 18 Weeks,38805
Ophthalmology Service,IMD,4,18 To 52 Weeks,17085
Ophthalmology Service,IMD,4,Over 52 Weeks,600
Ophthalmology Service,IMD,4,Total,56510
Ophthalmology Service,IMD,5,Unknown Clock Start,10
Ophthalmology Service,IMD,5,01 To 18 Weeks,39620
Ophthalmology Service,IMD,5,18 To 52 Weeks,17425
Ophthalmology Service,IMD,5,Over 52 Weeks,565
Ophthalmology Service,IMD,5,Total,57625
Ophthalmology Service,IMD,6,Unknown Clock Start,25
Ophthalmology Service,IMD,6,01 To 18 Weeks,40115
Ophthalmology Service,IMD,6,18 To 52 Weeks,17545
Ophthalmology Service,IMD,6,Over 52 Weeks,540
Ophthalmology Service,IMD,6,Total,58225
Ophthalmology Service,IMD,7,Unknown Clock Start,25
Ophthalmology Service,IMD,7,01 To 18 Weeks,39900
Ophthalmology Service,IMD,7,18 To 52 Weeks,17155
Ophthalmology Service,IMD,7,Over 52 Weeks,505
Ophthalmology Service,IMD,7,Total,57590
Ophthalmology Service,IMD,8,Unknown Clock Start,45
Ophthalmology Service,IMD,8,01 To 18 Weeks,40720
Ophthalmology Service,IMD,8,18 To 52 Weeks,17605
Ophthalmology Service,IMD,8,Over 52 Weeks,560
Ophthalmology Service,IMD,8,Total,58935
Ophthalmology Service,IMD,9,Unknown Clock Start,55
Ophthalmology Service,IMD,9,01 To 18 Weeks,40630
Ophthalmology Service,IMD,9,18 To 52 Weeks,17030
Ophthalmology Service,IMD,9,Over 52 Weeks,525
Ophthalmology Service,IMD,9,Total,58245
Ophthalmology Service,Sex,Female,Unknown Clock Start,155
Ophthalmology Service,Sex,Female,01 To 18 Weeks,204665
Ophthalmology Service,Sex,Female,18 To 52 Weeks,89500
Ophthalmology Service,Sex,Female,Over 52 Weeks,2745
Ophthalmology Service,Sex,Female,Total,297065
Ophthalmology Service,Sex,Male,Unknown Clock Start,135
Ophthalmology Service,Sex,Male,01 To 18 Weeks,166910
Ophthalmology Service,Sex,Male,18 To 52 Weeks,70420
Ophthalmology Service,Sex,Male,Over 52 Weeks,2115
Ophthalmology Service,Sex,Male,Total,239580
Oral Surgery Service,Age,0-18 Years,Unknown Clock Start,*
Oral Surgery Service,Age,0-18 Years,01 To 18 Weeks,17045
Oral Surgery Service,Age,0-18 Years,18 To 52 Weeks,17115
Oral Surgery Service,Age,0-18 Years,Over 52 Weeks,1620
Oral Surgery Service,Age,0-18 Years,Total,35780
Oral Surgery Service,Age,19-64 Years,Unknown Clock Start,60
Oral Surgery Service,Age,19-64 Years,01 To 18 Weeks,98775
Oral Surgery Service,Age,19-64 Years,18 To 52 Weeks,93485
Oral Surgery Service,Age,19-64 Years,Over 52 Weeks,7845
Oral Surgery Service,Age,19-64 Years,Total,200170
Oral Surgery Service,Age,Over 65 Years,Unknown Clock Start,15
Oral Surgery Service,Age,Over 65 Years,01 To 18 Weeks,34975
Oral Surgery Service,Age,Over 65 Years,18 To 52 Weeks,27405
Oral Surgery Service,Age,Over 65 Years,Over 52 Weeks,1845
Oral Surgery Service,Age,Over 65 Years,Total,64245
Oral Surgery Service,Ethnicity,99: Not known,Unknown Clock Start,*
Oral Surgery Service,Ethnicity,99: Not known,01 To 18 Weeks,4685
Oral Surgery Service,Ethnicity,99: Not known,18 To 52 Weeks,3890
Oral Surgery Service,Ethnicity,99: Not known,Over 52 Weeks,330
Oral Surgery Service,Ethnicity,99: Not known,Total,8910
Oral Surgery Service,Ethnicity,A: British,Unknown Clock Start,60
Oral Surgery Service,Ethnicity,A: British,01 To 18 Weeks,107825
Oral Surgery Service,Ethnicity,A: British,18 To 52 Weeks,100070
Oral Surgery Service,Ethnicity,A: British,Over 52 Weeks,8330
Oral Surgery Service,Ethnicity,A: British,Total,216290
Oral Surgery Service,Ethnicity,B: Irish,Unknown Clock Start,*
Oral Surgery Service,Ethnicity,B: Irish,01 To 18 Weeks,705
Oral Surgery Service,Ethnicity,B: Irish,18 To 52 Weeks,585
Oral Surgery Service,Ethnicity,B: Irish,Over 52 Weeks,60
Oral Surgery Service,Ethnicity,B: Irish,Total,1350
Oral Surgery Service,Ethnicity,C: Any other white background,Unknown Clock Start,*
Oral Surgery Service,Ethnicity,C: Any other white background,01 To 18 Weeks,7705
Oral Surgery Service,Ethnicity,C: Any other white background,18 To 52 Weeks,6565
Oral Surgery Service,Ethnicity,C: Any other white background,Over 52 Weeks,550
Oral Surgery Service,Ethnicity,C: Any other white background,Total,14830
Oral Surgery Service,Ethnicity,D: White and Black Caribbean,01 To 18 Weeks,735
Oral Surgery Service,Ethnicity,D: White and Black Caribbean,18 To 52 Weeks,705
Oral Surgery Service,Ethnicity,D: White and Black Caribbean,Over 52 Weeks,60
Oral Surgery Service,Ethnicity,D: White and Black Caribbean,Total,1495
Oral Surgery Service,Ethnicity,E: White and Black African,01 To 18 Weeks,360
Oral Surgery Service,Ethnicity,E: White and Black African,18 To 52 Weeks,355
Oral Surgery Service,Ethnicity,E: White and Black African,Over 52 Weeks,25
Oral Surgery Service,Ethnicity,E: White and Black African,Total,740
Oral Surgery Service,Ethnicity,F: White and Asian,01 To 18 Weeks,520
Oral Surgery Service,Ethnicity,F: White and Asian,18 To 52 Weeks,520
Oral Surgery Service,Ethnicity,F: White and Asian,Over 52 Weeks,40
Oral Surgery Service,Ethnicity,F: White and Asian,Total,1080
Oral Surgery Service,Ethnicity,G: Any other mixed background,01 To 18 Weeks,1225
Oral Surgery Service,Ethnicity,G: Any other mixed background,18 To 52 Weeks,1120
Oral Surgery Service,Ethnicity,G: Any other mixed background,Over 52 Weeks,105
Oral Surgery Service,Ethnicity,G: Any other mixed background,Total,2450
Oral Surgery Service,Ethnicity,H: Indian,Unknown Clock Start,*
Oral Surgery Service,Ethnicity,H: Indian,01 To 18 Weeks,3800
Oral Surgery Service,Ethnicity,H: Indian,18 To 52 Weeks,3695
Oral Surgery Service,Ethnicity,H: Indian,Over 52 Weeks,315
Oral Surgery Service,Ethnicity,H: Indian,Total,7815
Oral Surgery Service,Ethnicity,J: Pakistani,Unknown Clock Start,*
Oral Surgery Service,Ethnicity,J: Pakistani,01 To 18 Weeks,3765
Oral Surgery Service,Ethnicity,J: Pakistani,18 To 52 Weeks,3485
Oral Surgery Service,Ethnicity,J: Pakistani,Over 52 Weeks,225
Oral Surgery Service,Ethnicity,J: Pakistani,Total,7475
Oral Surgery Service,Ethnicity,K: Bangladeshi,01 To 18 Weeks,1160
Oral Surgery Service,Ethnicity,K: Bangladeshi,18 To 52 Weeks,975
Oral Surgery Service,Ethnicity,K: Bangladeshi,Over 52 Weeks,65
Oral Surgery Service,Ethnicity,K: Bangladeshi,Total,2200
Oral Surgery Service,Ethnicity,L: Any other Asian background,01 To 18 Weeks,2645
Oral Surgery Service,Ethnicity,L: Any other Asian background,18 To 52 Weeks,2305
Oral Surgery Service,Ethnicity,L: Any other Asian background,Over 52 Weeks,130
Oral Surgery Service,Ethnicity,L: Any other Asian background,Total,5080
Oral Surgery Service,Ethnicity,M: Caribbean,01 To 18 Weeks,1855
Oral Surgery Service,Ethnicity,M: Caribbean,18 To 52 Weeks,1510
Oral Surgery Service,Ethnicity,M: Caribbean,Over 52 Weeks,95
Oral Surgery Service,Ethnicity,M: Caribbean,Total,3460
Oral Surgery Service,Ethnicity,N: African,01 To 18 Weeks,2840
Oral Surgery Service,Ethnicity,N: African,18 To 52 Weeks,2275
Oral Surgery Service,Ethnicity,N: African,Over 52 Weeks,180
Oral Surgery Service,Ethnicity,N: African,Total,5295
Oral Surgery Service,Ethnicity,P: Any other Black background,Unknown Clock Start,*
Oral Surgery Service,Ethnicity,P: Any other Black background,01 To 18 Weeks,1545
Oral Surgery Service,Ethnicity,P: Any other Black background,18 To 52 Weeks,1275
Oral Surgery Service,Ethnicity,P: Any other Black background,Over 52 Weeks,85
Oral Surgery Service,Ethnicity,P: Any other Black background,Total,2905
Oral Surgery Service,Ethnicity,R: Chinese,01 To 18 Weeks,670
Oral Surgery Service,Ethnicity,R: Chinese,18 To 52 Weeks,595
Oral Surgery Service,Ethnicity,R: Chinese,Over 52 Weeks,50
Oral Surgery Service,Ethnicity,R: Chinese,Total,1315
Oral Surgery Service,Ethnicity,S: Any other ethnic group,Unknown Clock Start,*
Oral Surgery Service,Ethnicity,S: Any other ethnic group,01 To 18 Weeks,1515
Oral Surgery Service,Ethnicity,S: Any other ethnic group,18 To 52 Weeks,1230
Oral Surgery Service,Ethnicity,S: Any other ethnic group,Over 52 Weeks,90
Oral Surgery Service,Ethnicity,S: Any other ethnic group,Total,2835
Oral Surgery Service,Ethnicity,Z: Not stated,Unknown Clock Start,*
Oral Surgery Service,Ethnicity,Z: Not stated,01 To 18 Weeks,8300
Oral Surgery Service,Ethnicity,Z: Not stated,18 To 52 Weeks,7205
Oral Surgery Service,Ethnicity,Z: Not stated,Over 52 Weeks,575
Oral Surgery Service,Ethnicity,Z: Not stated,Total,16080
Oral Surgery Service,IMD,1,Unknown Clock Start,10
Oral Surgery Service,IMD,1,01 To 18 Weeks,16185
Oral Surgery Service,IMD,1,18 To 52 Weeks,15670
Oral Surgery Service,IMD,1,Over 52 Weeks,1260
Oral Surgery Service,IMD,1,Total,33125
Oral Surgery Service,IMD,10,Unknown Clock Start,15
Oral Surgery Service,IMD,10,01 To 18 Weeks,12830
Oral Surgery Service,IMD,10,18 To 52 Weeks,12155
Oral Surgery Service,IMD,10,Over 52 Weeks,1070
Oral Surgery Service,IMD,10,Total,26075
Oral Surgery Service,IMD,2,Unknown Clock Start,*
Oral Surgery Service,IMD,2,01 To 18 Weeks,15365
Oral Surgery Service,IMD,2,18 To 52 Weeks,13810
Oral Surgery Service,IMD,2,Over 52 Weeks,1055
Oral Surgery Service,IMD,2,Total,30230
Oral Surgery Service,IMD,3,Unknown Clock Start,10
Oral Surgery Service,IMD,3,01 To 18 Weeks,15220
Oral Surgery Service,IMD,3,18 To 52 Weeks,13485
Oral Surgery Service,IMD,3,Over 52 Weeks,1075
Oral Surgery Service,IMD,3,Total,29785
Oral Surgery Service,IMD,4,Unknown Clock Start,*
Oral Surgery Service,IMD,4,01 To 18 Weeks,14800
Oral Surgery Service,IMD,4,18 To 52 Weeks,13060
Oral Surgery Service,IMD,4,Over 52 Weeks,1035
Oral Surgery Service,IMD,4,Total,28900
Oral Surgery Service,IMD,5,Unknown Clock Start,*
Oral Surgery Service,IMD,5,01 To 18 Weeks,14550
Oral Surgery Service,IMD,5,18 To 52 Weeks,13100
Oral Surgery Service,IMD,5,Over 52 Weeks,1065
Oral Surgery Service,IMD,5,Total,28715
Oral Surgery Service,IMD,6,Unknown Clock Start,*
Oral Surgery Service,IMD,6,01 To 18 Weeks,14660
Oral Surgery Service,IMD,6,18 To 52 Weeks,13015
Oral Surgery Service,IMD,6,Over 52 Weeks,1045
Oral Surgery Service,IMD,6,Total,28720
Oral Surgery Service,IMD,7,Unknown Clock Start,*
Oral Surgery Service,IMD,7,01 To 18 Weeks,14535
Oral Surgery Service,IMD,7,18 To 52 Weeks,13195
Oral Surgery Service,IMD,7,Over 52 Weeks,1065
Oral Surgery Service,IMD,7,Total,28805
Oral Surgery Service,IMD,8,Unknown Clock Start,10
Oral Surgery Service,IMD,8,01 To 18 Weeks,14445
Oral Surgery Service,IMD,8,18 To 52 Weeks,13150
Oral Surgery Service,IMD,8,Over 52 Weeks,1120
Oral Surgery Service,IMD,8,Total,28725
Oral Surgery Service,IMD,9,Unknown Clock Start,15
Oral Surgery Service,IMD,9,01 To 18 Weeks,13785
Oral Surgery Service,IMD,9,18 To 52 Weeks,12820
Oral Surgery Service,IMD,9,Over 52 Weeks,1150
Oral Surgery Service,IMD,9,Total,27770
Oral Surgery Service,Sex,Female,Unknown Clock Start,45
Oral Surgery Service,Sex,Female,01 To 18 Weeks,78805
Oral Surgery Service,Sex,Female,18 To 52 Weeks,76300
Oral Surgery Service,Sex,Female,Over 52 Weeks,6220
Oral Surgery Service,Sex,Female,Total,161365
Oral Surgery Service,Sex,Male,Unknown Clock Start,35
Oral Surgery Service,Sex,Male,01 To 18 Weeks,56435
Oral Surgery Service,Sex,Male,18 To 52 Weeks,50985
Oral Surgery Service,Sex,Male,Over 52 Weeks,4245
Oral Surgery Service,Sex,Male,Total,111700
Other - Medical Services,Age,0-18 Years,Unknown Clock Start,35
Other - Medical Services,Age,0-18 Years,01 To 18 Weeks,105045
Other - Medical Services,Age,0-18 Years,18 To 52 Weeks,37055
Other - Medical Services,Age,0-18 Years,Over 52 Weeks,765
Other - Medical Services,Age,0-18 Years,Total,142895
Other - Medical Services,Age,19-64 Years,Unknown Clock Start,155
Other - Medical Services,Age,19-64 Years,01 To 18 Weeks,235220
Other - Medical Services,Age,19-64 Years,18 To 52 Weeks,139140
Other - Medical Services,Age,19-64 Years,Over 52 Weeks,5380
Other - Medical Services,Age,19-64 Years,Total,379895
Other - Medical Services,Age,Over 65 Years,Unknown Clock Start,270
Other - Medical Services,Age,Over 65 Years,01 To 18 Weeks,112240
Other - Medical Services,Age,Over 65 Years,18 To 52 Weeks,58300
Other - Medical Services,Age,Over 65 Years,Over 52 Weeks,2255
Other - Medical Services,Age,Over 65 Years,Total,173065
Other - Medical Services,Ethnicity,99: Not known,Unknown Clock Start,*
Other - Medical Services,Ethnicity,99: Not known,01 To 18 Weeks,17490
Other - Medical Services,Ethnicity,99: Not known,18 To 52 Weeks,6930
Other - Medical Services,Ethnicity,99: Not known,Over 52 Weeks,265
Other - Medical Services,Ethnicity,99: Not known,Total,24685
Other - Medical Services,Ethnicity,A: British,Unknown Clock Start,325
Other - Medical Services,Ethnicity,A: British,01 To 18 Weeks,311970
Other - Medical Services,Ethnicity,A: British,18 To 52 Weeks,162695
Other - Medical Services,Ethnicity,A: British,Over 52 Weeks,5925
Other - Medical Services,Ethnicity,A: British,Total,480910
Other - Medical Services,Ethnicity,B: Irish,Unknown Clock Start,*
Other - Medical Services,Ethnicity,B: Irish,01 To 18 Weeks,2575
Other - Medical Services,Ethnicity,B: Irish,18 To 52 Weeks,1270
Other - Medical Services,Ethnicity,B: Irish,Over 52 Weeks,40
Other - Medical Services,Ethnicity,B: Irish,Total,3890
Other - Medical Services,Ethnicity,C: Any other white background,Unknown Clock Start,35
Other - Medical Services,Ethnicity,C: Any other white background,01 To 18 Weeks,30900
Other - Medical Services,Ethnicity,C: Any other white background,18 To 52 Weeks,15650
Other - Medical Services,Ethnicity,C: Any other white background,Over 52 Weeks,580
Other - Medical Services,Ethnicity,C: Any other white background,Total,47160
Other - Medical Services,Ethnicity,D: White and Black Caribbean,Unknown Clock Start,*
Other - Medical Services,Ethnicity,D: White and Black Caribbean,01 To 18 Weeks,2770
Other - Medical Services,Ethnicity,D: White and Black Caribbean,18 To 52 Weeks,1250
Other - Medical Services,Ethnicity,D: White and Black Caribbean,Over 52 Weeks,35
Other - Medical Services,Ethnicity,D: White and Black Caribbean,Total,4050
Other - Medical Services,Ethnicity,E: White and Black African,Unknown Clock Start,*
Other - Medical Services,Ethnicity,E: White and Black African,01 To 18 Weeks,1575
Other - Medical Services,Ethnicity,E: White and Black African,18 To 52 Weeks,680
Other - Medical Services,Ethnicity,E: White and Black African,Over 52 Weeks,15
Other - Medical Services,Ethnicity,E: White and Black African,Total,2270
Other - Medical Services,Ethnicity,F: White and Asian,01 To 18 Weeks,2115
Other - Medical Services,Ethnicity,F: White and Asian,18 To 52 Weeks,960
Other - Medical Services,Ethnicity,F: White and Asian,Over 52 Weeks,25
Other - Medical Services,Ethnicity,F: White and Asian,Total,3100
Other - Medical Services,Ethnicity,G: Any other mixed background,Unknown Clock Start,*
Other - Medical Services,Ethnicity,G: Any other mixed background,01 To 18 Weeks,4975
Other - Medical Services,Ethnicity,G: Any other mixed background,18 To 52 Weeks,2305
Other - Medical Services,Ethnicity,G: Any other mixed background,Over 52 Weeks,80
Other - Medical Services,Ethnicity,G: Any other mixed background,Total,7360
Other - Medical Services,Ethnicity,H: Indian,Unknown Clock Start,*
Other - Medical Services,Ethnicity,H: Indian,01 To 18 Weeks,12765
Other - Medical Services,Ethnicity,H: Indian,18 To 52 Weeks,6765
Other - Medical Services,Ethnicity,H: Indian,Over 52 Weeks,175
Other - Medical Services,Ethnicity,H: Indian,Total,19710
Other - Medical Services,Ethnicity,J: Pakistani,Unknown Clock Start,*
Other - Medical Services,Ethnicity,J: Pakistani,01 To 18 Weeks,12670
Other - Medical Services,Ethnicity,J: Pakistani,18 To 52 Weeks,6415
Other - Medical Services,Ethnicity,J: Pakistani,Over 52 Weeks,170
Other - Medical Services,Ethnicity,J: Pakistani,Total,19260
Other - Medical Services,Ethnicity,K: Bangladeshi,Unknown Clock Start,*
Other - Medical Services,Ethnicity,K: Bangladeshi,01 To 18 Weeks,3610
Other - Medical Services,Ethnicity,K: Bangladeshi,18 To 52 Weeks,1770
Other - Medical Services,Ethnicity,K: Bangladeshi,Over 52 Weeks,60
Other - Medical Services,Ethnicity,K: Bangladeshi,Total,5440
Other - Medical Services,Ethnicity,L: Any other Asian background,Unknown Clock Start,15
Other - Medical Services,Ethnicity,L: Any other Asian background,01 To 18 Weeks,10785
Other - Medical Services,Ethnicity,L: Any other Asian background,18 To 52 Weeks,5695
Other - Medical Services,Ethnicity,L: Any other Asian background,Over 52 Weeks,205
Other - Medical Services,Ethnicity,L: Any other Asian background,Total,16700
Other - Medical Services,Ethnicity,M: Caribbean,Unknown Clock Start,*
Other - Medical Services,Ethnicity,M: Caribbean,01 To 18 Weeks,6480
Other - Medical Services,Ethnicity,M: Caribbean,18 To 52 Weeks,3225
Other - Medical Services,Ethnicity,M: Caribbean,Over 52 Weeks,110
Other - Medical Services,Ethnicity,M: Caribbean,Total,9825
Other - Medical Services,Ethnicity,N: African,Unknown Clock Start,*
Other - Medical Services,Ethnicity,N: African,01 To 18 Weeks,12130
Other - Medical Services,Ethnicity,N: African,18 To 52 Weeks,5350
Other - Medical Services,Ethnicity,N: African,Over 52 Weeks,175
Other - Medical Services,Ethnicity,N: African,Total,17665
Other - Medical Services,Ethnicity,P: Any other Black background,Unknown Clock Start,15
Other - Medical Services,Ethnicity,P: Any other Black background,01 To 18 Weeks,5220
Other - Medical Services,Ethnicity,P: Any other Black background,18 To 52 Weeks,2635
Other - Medical Services,Ethnicity,P: Any other Black background,Over 52 Weeks,90
Other - Medical Services,Ethnicity,P: Any other Black background,Total,7965
Other - Medical Services,Ethnicity,R: Chinese,Unknown Clock Start,*
Other - Medical Services,Ethnicity,R: Chinese,01 To 18 Weeks,2035
Other - Medical Services,Ethnicity,R: Chinese,18 To 52 Weeks,1000
Other - Medical Services,Ethnicity,R: Chinese,Over 52 Weeks,30
Other - Medical Services,Ethnicity,R: Chinese,Total,3065
Other - Medical Services,Ethnicity,S: Any other ethnic group,Unknown Clock Start,10
Other - Medical Services,Ethnicity,S: Any other ethnic group,01 To 18 Weeks,6155
Other - Medical Services,Ethnicity,S: Any other ethnic group,18 To 52 Weeks,2850
Other - Medical Services,Ethnicity,S: Any other ethnic group,Over 52 Weeks,100
Other - Medical Services,Ethnicity,S: Any other ethnic group,Total,9115
Other - Medical Services,Ethnicity,Z: Not stated,Unknown Clock Start,15
Other - Medical Services,Ethnicity,Z: Not stated,01 To 18 Weeks,19705
Other - Medical Services,Ethnicity,Z: Not stated,18 To 52 Weeks,9595
Other - Medical Services,Ethnicity,Z: Not stated,Over 52 Weeks,325
Other - Medical Services,Ethnicity,Z: Not stated,Total,29640
Other - Medical Services,IMD,1,Unknown Clock Start,*
Other - Medical Services,IMD,1,01 To 18 Weeks,53955
Other - Medical Services,IMD,1,18 To 52 Weeks,27625
Other - Medical Services,IMD,1,Over 52 Weeks,805
Other - Medical Services,IMD,1,Total,82385
Other - Medical Services,IMD,10,Unknown Clock Start,125
Other - Medical Services,IMD,10,01 To 18 Weeks,37040
Other - Medical Services,IMD,10,18 To 52 Weeks,19320
Other - Medical Services,IMD,10,Over 52 Weeks,760
Other - Medical Services,IMD,10,Total,57245
Other - Medical Services,IMD,2,Unknown Clock Start,20
Other - Medical Services,IMD,2,01 To 18 Weeks,50400
Other - Medical Services,IMD,2,18 To 52 Weeks,25630
Other - Medical Services,IMD,2,Over 52 Weeks,810
Other - Medical Services,IMD,2,Total,76855
Other - Medical Services,IMD,3,Unknown Clock Start,25
Other - Medical Services,IMD,3,01 To 18 Weeks,48230
Other - Medical Services,IMD,3,18 To 52 Weeks,24460
Other - Medical Services,IMD,3,Over 52 Weeks,865
Other - Medical Services,IMD,3,Total,73585
Other - Medical Services,IMD,4,Unknown Clock Start,30
Other - Medical Services,IMD,4,01 To 18 Weeks,46475
Other - Medical Services,IMD,4,18 To 52 Weeks,23710
Other - Medical Services,IMD,4,Over 52 Weeks,845
Other - Medical Services,IMD,4,Total,71060
Other - Medical Services,IMD,5,Unknown Clock Start,20
Other - Medical Services,IMD,5,01 To 18 Weeks,44445
Other - Medical Services,IMD,5,18 To 52 Weeks,22715
Other - Medical Services,IMD,5,Over 52 Weeks,825
Other - Medical Services,IMD,5,Total,68000
Other - Medical Services,IMD,6,Unknown Clock Start,50
Other - Medical Services,IMD,6,01 To 18 Weeks,44040
Other - Medical Services,IMD,6,18 To 52 Weeks,22505
Other - Medical Services,IMD,6,Over 52 Weeks,845
Other - Medical Services,IMD,6,Total,67440
Other - Medical Services,IMD,7,Unknown Clock Start,50
Other - Medical Services,IMD,7,01 To 18 Weeks,42140
Other - Medical Services,IMD,7,18 To 52 Weeks,21535
Other - Medical Services,IMD,7,Over 52 Weeks,825
Other - Medical Services,IMD,7,Total,64545
Other - Medical Services,IMD,8,Unknown Clock Start,65
Other - Medical Services,IMD,8,01 To 18 Weeks,41455
Other - Medical Services,IMD,8,18 To 52 Weeks,22025
Other - Medical Services,IMD,8,Over 52 Weeks,835
Other - Medical Services,IMD,8,Total,64375
Other - Medical Services,IMD,9,Unknown Clock Start,70
Other - Medical Services,IMD,9,01 To 18 Weeks,40330
Other - Medical Services,IMD,9,18 To 52 Weeks,20655
Other - Medical Services,IMD,9,Over 52 Weeks,780
Other - Medical Services,IMD,9,Total,61835
Other - Medical Services,Sex,Female,Unknown Clock Start,265
Other - Medical Services,Sex,Female,01 To 18 Weeks,235660
Other - Medical Services,Sex,Female,18 To 52 Weeks,126495
Other - Medical Services,Sex,Female,Over 52 Weeks,4675
Other - Medical Services,Sex,Female,Total,367095
Other - Medical Services,Sex,Male,Unknown Clock Start,190
Other - Medical Services,Sex,Male,01 To 18 Weeks,184175
Other - Medical Services,Sex,Male,18 To 52 Weeks,89590
Other - Medical Services,Sex,Male,Over 52 Weeks,3130
Other - Medical Services,Sex,Male,Total,277085
Other - Mental Health Services,Age,0-18 Years,Unknown Clock Start,*
Other - Mental Health Services,Age,0-18 Years,01 To 18 Weeks,210
Other - Mental Health Services,Age,0-18 Years,18 To 52 Weeks,125
Other - Mental Health Services,Age,0-18 Years,Over 52 Weeks,*
Other - Mental Health Services,Age,0-18 Years,Total,335
Other - Mental Health Services,Age,19-64 Years,01 To 18 Weeks,745
Other - Mental Health Services,Age,19-64 Years,18 To 52 Weeks,350
Other - Mental Health Services,Age,19-64 Years,Over 52 Weeks,*
Other - Mental Health Services,Age,19-64 Years,Total,1100
Other - Mental Health Services,Age,Over 65 Years,01 To 18 Weeks,420
Other - Mental Health Services,Age,Over 65 Years,18 To 52 Weeks,65
Other - Mental Health Services,Age,Over 65 Years,Total,485
Other - Mental Health Services,Ethnicity,99: Not known,01 To 18 Weeks,225
Other - Mental Health Services,Ethnicity,99: Not known,18 To 52 Weeks,20
Other - Mental Health Services,Ethnicity,99: Not known,Total,240
Other - Mental Health Services,Ethnicity,A: British,Unknown Clock Start,*
Other - Mental Health Services,Ethnicity,A: British,01 To 18 Weeks,1075
Other - Mental Health Services,Ethnicity,A: British,18 To 52 Weeks,500
Other - Mental Health Services,Ethnicity,A: British,Over 52 Weeks,*
Other - Mental Health Services,Ethnicity,A: British,Total,1580
Other - Mental Health Services,Ethnicity,B: Irish,01 To 18 Weeks,15
Other - Mental Health Services,Ethnicity,B: Irish,18 To 52 Weeks,*
Other - Mental Health Services,Ethnicity,B: Irish,Total,15
Other - Mental Health Services,Ethnicity,C: Any other white background,01 To 18 Weeks,90
Other - Mental Health Services,Ethnicity,C: Any other white background,18 To 52 Weeks,40
Other - Mental Health Services,Ethnicity,C: Any other white background,Over 52 Weeks,*
Other - Mental Health Services,Ethnicity,C: Any other white background,Total,130
Other - Mental Health Services,Ethnicity,D: White and Black Caribbean,01 To 18 Weeks,10
Other - Mental Health Services,Ethnicity,D: White and Black Caribbean,18 To 52 Weeks,10
Other - Mental Health Services,Ethnicity,D: White and Black Caribbean,Total,20
Other - Mental Health Services,Ethnicity,E: White and Black African,01 To 18 Weeks,*
Other - Mental Health Services,Ethnicity,E: White and Black African,Total,*
Other - Mental Health Services,Ethnicity,F: White and Asian,01 To 18 Weeks,*
Other - Mental Health Services,Ethnicity,F: White and Asian,18 To 52 Weeks,*
Other - Mental Health Services,Ethnicity,F: White and Asian,Total,*
Other - Mental Health Services,Ethnicity,G: Any other mixed background,01 To 18 Weeks,15
Other - Mental Health Services,Ethnicity,G: Any other mixed background,18 To 52 Weeks,10
Other - Mental Health Services,Ethnicity,G: Any other mixed background,Over 52 Weeks,*
Other - Mental Health Services,Ethnicity,G: Any other mixed background,Total,30
Other - Mental Health Services,Ethnicity,H: Indian,01 To 18 Weeks,30
Other - Mental Health Services,Ethnicity,H: Indian,18 To 52 Weeks,15
Other - Mental Health Services,Ethnicity,H: Indian,Total,45
Other - Mental Health Services,Ethnicity,J: Pakistani,01 To 18 Weeks,20
Other - Mental Health Services,Ethnicity,J: Pakistani,18 To 52 Weeks,10
Other - Mental Health Services,Ethnicity,J: Pakistani,Total,25
Other - Mental Health Services,Ethnicity,K: Bangladeshi,01 To 18 Weeks,10
Other - Mental Health Services,Ethnicity,K: Bangladeshi,18 To 52 Weeks,*
Other - Mental Health Services,Ethnicity,K: Bangladeshi,Total,15
Other - Mental Health Services,Ethnicity,L: Any other Asian background,01 To 18 Weeks,35
Other - Mental Health Services,Ethnicity,L: Any other Asian background,18 To 52 Weeks,15
Other - Mental Health Services,Ethnicity,L: Any other Asian background,Total,45
Other - Mental Health Services,Ethnicity,M: Caribbean,01 To 18 Weeks,20
Other - Mental Health Services,Ethnicity,M: Caribbean,18 To 52 Weeks,*
Other - Mental Health Services,Ethnicity,M: Caribbean,Total,25
Other - Mental Health Services,Ethnicity,N: African,01 To 18 Weeks,25
Other - Mental Health Services,Ethnicity,N: African,18 To 52 Weeks,10
Other - Mental Health Services,Ethnicity,N: African,Total,35
Other - Mental Health Services,Ethnicity,P: Any other Black background,01 To 18 Weeks,15
Other - Mental Health Services,Ethnicity,P: Any other Black background,18 To 52 Weeks,*
Other - Mental Health Services,Ethnicity,P: Any other Black background,Total,20
Other - Mental Health Services,Ethnicity,R: Chinese,01 To 18 Weeks,*
Other - Mental Health Services,Ethnicity,R: Chinese,18 To 52 Weeks,*
Other - Mental Health Services,Ethnicity,R: Chinese,Total,*
Other - Mental Health Services,Ethnicity,S: Any other ethnic group,01 To 18 Weeks,10
Other - Mental Health Services,Ethnicity,S: Any other ethnic group,18 To 52 Weeks,*
Other - Mental Health Services,Ethnicity,S: Any other ethnic group,Total,15
Other - Mental Health Services,Ethnicity,Z: Not stated,01 To 18 Weeks,35
Other - Mental Health Services,Ethnicity,Z: Not stated,18 To 52 Weeks,20
Other - Mental Health Services,Ethnicity,Z: Not stated,Total,55
Other - Mental Health Services,IMD,1,01 To 18 Weeks,125
Other - Mental Health Services,IMD,1,18 To 52 Weeks,40
Other - Mental Health Services,IMD,1,Over 52 Weeks,*
Other - Mental Health Services,IMD,1,Total,170
Other - Mental Health Services,IMD,10,Unknown Clock Start,*
Other - Mental Health Services,IMD,10,01 To 18 Weeks,110
Other - Mental Health Services,IMD,10,18 To 52 Weeks,75
Other - Mental Health Services,IMD,10,Total,185
Other - Mental Health Services,IMD,2,01 To 18 Weeks,165
Other - Mental Health Services,IMD,2,18 To 52 Weeks,55
Other - Mental Health Services,IMD,2,Over 52 Weeks,*
Other - Mental Health Services,IMD,2,Total,220
Other - Mental Health Services,IMD,3,01 To 18 Weeks,155
Other - Mental Health Services,IMD,3,18 To 52 Weeks,85
Other - Mental Health Services,IMD,3,Total,240
Other - Mental Health Services,IMD,4,01 To 18 Weeks,155
Other - Mental Health Services,IMD,4,18 To 52 Weeks,75
Other - Mental Health Services,IMD,4,Over 52 Weeks,*
Other - Mental Health Services,IMD,4,Total,230
Other - Mental Health Services,IMD,5,01 To 18 Weeks,140
Other - Mental Health Services,IMD,5,18 To 52 Weeks,65
Other - Mental Health Services,IMD,5,Total,205
Other - Mental Health Services,IMD,6,01 To 18 Weeks,145
Other - Mental Health Services,IMD,6,18 To 52 Weeks,60
Other - Mental Health Services,IMD,6,Over 52 Weeks,*
Other - Mental Health Services,IMD,6,Total,205
Other - Mental Health Services,IMD,7,01 To 18 Weeks,125
Other - Mental Health Services,IMD,7,18 To 52 Weeks,75
Other - Mental Health Services,IMD,7,Total,200
Other - Mental Health Services,IMD,8,Unknown Clock Start,*
Other - Mental Health Services,IMD,8,01 To 18 Weeks,125
Other - Mental Health Services,IMD,8,18 To 52 Weeks,55
Other - Mental Health Services,IMD,8,Total,180
Other - Mental Health Services,IMD,9,01 To 18 Weeks,135
Other - Mental Health Services,IMD,9,18 To 52 Weeks,65
Other - Mental Health Services,IMD,9,Total,200
Other - Mental Health Services,Sex,Female,01 To 18 Weeks,575
Other - Mental Health Services,Sex,Female,18 To 52 Weeks,245
Other - Mental Health Services,Sex,Female,Total,815
Other - Mental Health Services,Sex,Male,Unknown Clock Start,*
Other - Mental Health Services,Sex,Male,01 To 18 Weeks,365
Other - Mental Health Services,Sex,Male,18 To 52 Weeks,155
Other - Mental Health Services,Sex,Male,Over 52 Weeks,*
Other - Mental Health Services,Sex,Male,Total,525
Other - Other Services,Age,0-18 Years,Unknown Clock Start,*
Other - Other Services,Age,0-18 Years,01 To 18 Weeks,5225
Other - Other Services,Age,0-18 Years,18 To 52 Weeks,1455
Other - Other Services,Age,0-18 Years,Over 52 Weeks,60
Other - Other Services,Age,0-18 Years,Total,6745
Other - Other Services,Age,19-64 Years,Unknown Clock Start,20
Other - Other Services,Age,19-64 Years,01 To 18 Weeks,42660
Other - Other Services,Age,19-64 Years,18 To 52 Weeks,13830
Other - Other Services,Age,19-64 Years,Over 52 Weeks,520
Other - Other Services,Age,19-64 Years,Total,57025
Other - Other Services,Age,Over 65 Years,Unknown Clock Start,10
Other - Other Services,Age,Over 65 Years,01 To 18 Weeks,28500
Other - Other Services,Age,Over 65 Years,18 To 52 Weeks,6800
Other - Other Services,Age,Over 65 Years,Over 52 Weeks,240
Other - Other Services,Age,Over 65 Years,Total,35550
Other - Other Services,Ethnicity,99: Not known,01 To 18 Weeks,2115
Other - Other Services,Ethnicity,99: Not known,18 To 52 Weeks,605
Other - Other Services,Ethnicity,99: Not known,Over 52 Weeks,25
Other - Other Services,Ethnicity,99: Not known,Total,2745
Other - Other Services,Ethnicity,A: British,Unknown Clock Start,15
Other - Other Services,Ethnicity,A: British,01 To 18 Weeks,53610
Other - Other Services,Ethnicity,A: British,18 To 52 Weeks,16215
Other - Other Services,Ethnicity,A: British,Over 52 Weeks,595
Other - Other Services,Ethnicity,A: British,Total,70435
Other - Other Services,Ethnicity,B: Irish,01 To 18 Weeks,480
Other - Other Services,Ethnicity,B: Irish,18 To 52 Weeks,95
Other - Other Services,Ethnicity,B: Irish,Over 52 Weeks,*
Other - Other Services,Ethnicity,B: Irish,Total,575
Other - Other Services,Ethnicity,C: Any other white background,Unknown Clock Start,*
Other - Other Services,Ethnicity,C: Any other white background,01 To 18 Weeks,5725
Other - Other Services,Ethnicity,C: Any other white background,18 To 52 Weeks,1225
Other - Other Services,Ethnicity,C: Any other white background,Over 52 Weeks,50
Other - Other Services,Ethnicity,C: Any other white background,Total,7010
Other - Other Services,Ethnicity,D: White and Black Caribbean,01 To 18 Weeks,285
Other - Other Services,Ethnicity,D: White and Black Caribbean,18 To 52 Weeks,110
Other - Other Services,Ethnicity,D: White and Black Caribbean,Over 52 Weeks,*
Other - Other Services,Ethnicity,D: White and Black Caribbean,Total,400
Other - Other Services,Ethnicity,E: White and Black African,01 To 18 Weeks,150
Other - Other Services,Ethnicity,E: White and Black African,18 To 52 Weeks,55
Other - Other Services,Ethnicity,E: White and Black African,Over 52 Weeks,*
Other - Other Services,Ethnicity,E: White and Black African,Total,205
Other - Other Services,Ethnicity,F: White and Asian,01 To 18 Weeks,240
Other - Other Services,Ethnicity,F: White and Asian,18 To 52 Weeks,80
Other - Other Services,Ethnicity,F: White and Asian,Over 52 Weeks,*
Other - Other Services,Ethnicity,F: White and Asian,Total,325
Other - Other Services,Ethnicity,G: Any other mixed background,01 To 18 Weeks,565
Other - Other Services,Ethnicity,G: Any other mixed background,18 To 52 Weeks,150
Other - Other Services,Ethnicity,G: Any other mixed background,Over 52 Weeks,*
Other - Other Services,Ethnicity,G: Any other mixed background,Total,715
Other - Other Services,Ethnicity,H: Indian,Unknown Clock Start,*
Other - Other Services,Ethnicity,H: Indian,01 To 18 Weeks,1480
Other - Other Services,Ethnicity,H: Indian,18 To 52 Weeks,575
Other - Other Services,Ethnicity,H: Indian,Over 52 Weeks,20
Other - Other Services,Ethnicity,H: Indian,Total,2075
Other - Other Services,Ethnicity,J: Pakistani,Unknown Clock Start,*
Other - Other Services,Ethnicity,J: Pakistani,01 To 18 Weeks,1450
Other - Other Services,Ethnicity,J: Pakistani,18 To 52 Weeks,510
Other - Other Services,Ethnicity,J: Pakistani,Over 52 Weeks,30
Other - Other Services,Ethnicity,J: Pakistani,Total,1990
Other - Other Services,Ethnicity,K: Bangladeshi,01 To 18 Weeks,565
Other - Other Services,Ethnicity,K: Bangladeshi,18 To 52 Weeks,120
Other - Other Services,Ethnicity,K: Bangladeshi,Over 52 Weeks,*
Other - Other Services,Ethnicity,K: Bangladeshi,Total,690
Other - Other Services,Ethnicity,L: Any other Asian background,01 To 18 Weeks,1595
Other - Other Services,Ethnicity,L: Any other Asian background,18 To 52 Weeks,380
Other - Other Services,Ethnicity,L: Any other Asian background,Over 52 Weeks,15
Other - Other Services,Ethnicity,L: Any other Asian background,Total,1990
Other - Other Services,Ethnicity,M: Caribbean,Unknown Clock Start,*
Other - Other Services,Ethnicity,M: Caribbean,01 To 18 Weeks,875
Other - Other Services,Ethnicity,M: Caribbean,18 To 52 Weeks,210
Other - Other Services,Ethnicity,M: Caribbean,Over 52 Weeks,*
Other - Other Services,Ethnicity,M: Caribbean,Total,1090
Other - Other Services,Ethnicity,N: African,Unknown Clock Start,*
Other - Other Services,Ethnicity,N: African,01 To 18 Weeks,1620
Other - Other Services,Ethnicity,N: African,18 To 52 Weeks,350
Other - Other Services,Ethnicity,N: African,Over 52 Weeks,15
Other - Other Services,Ethnicity,N: African,Total,1985
Other - Other Services,Ethnicity,P: Any other Black background,Unknown Clock Start,*
Other - Other Services,Ethnicity,P: Any other Black background,01 To 18 Weeks,660
Other - Other Services,Ethnicity,P: Any other Black background,18 To 52 Weeks,145
Other - Other Services,Ethnicity,P: Any other Black background,Over 52 Weeks,*
Other - Other Services,Ethnicity,P: Any other Black background,Total,810
Other - Other Services,Ethnicity,R: Chinese,Unknown Clock Start,*
Other - Other Services,Ethnicity,R: Chinese,01 To 18 Weeks,300
Other - Other Services,Ethnicity,R: Chinese,18 To 52 Weeks,80
Other - Other Services,Ethnicity,R: Chinese,Over 52 Weeks,*
Other - Other Services,Ethnicity,R: Chinese,Total,380
Other - Other Services,Ethnicity,S: Any other ethnic group,Unknown Clock Start,*
Other - Other Services,Ethnicity,S: Any other ethnic group,01 To 18 Weeks,770
Other - Other Services,Ethnicity,S: Any other ethnic group,18 To 52 Weeks,195
Other - Other Services,Ethnicity,S: Any other ethnic group,Over 52 Weeks,*
Other - Other Services,Ethnicity,S: Any other ethnic group,Total,970
Other - Other Services,Ethnicity,Z: Not stated,Unknown Clock Start,*
Other - Other Services,Ethnicity,Z: Not stated,01 To 18 Weeks,4485
Other - Other Services,Ethnicity,Z: Not stated,18 To 52 Weeks,1080
Other - Other Services,Ethnicity,Z: Not stated,Over 52 Weeks,35
Other - Other Services,Ethnicity,Z: Not stated,Total,5605
Other - Other Services,IMD,1,Unknown Clock Start,*
Other - Other Services,IMD,1,01 To 18 Weeks,8160
Other - Other Services,IMD,1,18 To 52 Weeks,2820
Other - Other Services,IMD,1,Over 52 Weeks,130
Other - Other Services,IMD,1,Total,11115
Other - Other Services,IMD,10,Unknown Clock Start,10
Other - Other Services,IMD,10,01 To 18 Weeks,6700
Other - Other Services,IMD,10,18 To 52 Weeks,1985
Other - Other Services,IMD,10,Over 52 Weeks,70
Other - Other Services,IMD,10,Total,8765
Other - Other Services,IMD,2,Unknown Clock Start,*
Other - Other Services,IMD,2,01 To 18 Weeks,7880
Other - Other Services,IMD,2,18 To 52 Weeks,2385
Other - Other Services,IMD,2,Over 52 Weeks,70
Other - Other Services,IMD,2,Total,10340
Other - Other Services,IMD,3,01 To 18 Weeks,7655
Other - Other Services,IMD,3,18 To 52 Weeks,2000
Other - Other Services,IMD,3,Over 52 Weeks,80
Other - Other Services,IMD,3,Total,9735
Other - Other Services,IMD,4,Unknown Clock Start,*
Other - Other Services,IMD,4,01 To 18 Weeks,8170
Other - Other Services,IMD,4,18 To 52 Weeks,2255
Other - Other Services,IMD,4,Over 52 Weeks,75
Other - Other Services,IMD,4,Total,10500
Other - Other Services,IMD,5,Unknown Clock Start,*
Other - Other Services,IMD,5,01 To 18 Weeks,7325
Other - Other Services,IMD,5,18 To 52 Weeks,2075
Other - Other Services,IMD,5,Over 52 Weeks,80
Other - Other Services,IMD,5,Total,9485
Other - Other Services,IMD,6,Unknown Clock Start,*
Other - Other Services,IMD,6,01 To 18 Weeks,7425
Other - Other Services,IMD,6,18 To 52 Weeks,2050
Other - Other Services,IMD,6,Over 52 Weeks,60
Other - Other Services,IMD,6,Total,9535
Other - Other Services,IMD,7,Unknown Clock Start,10
Other - Other Services,IMD,7,01 To 18 Weeks,7640
Other - Other Services,IMD,7,18 To 52 Weeks,2125
Other - Other Services,IMD,7,Over 52 Weeks,70
Other - Other Services,IMD,7,Total,9840
Other - Other Services,IMD,8,Unknown Clock Start,*
Other - Other Services,IMD,8,01 To 18 Weeks,7520
Other - Other Services,IMD,8,18 To 52 Weeks,2060
Other - Other Services,IMD,8,Over 52 Weeks,85
Other - Other Services,IMD,8,Total,9665
Other - Other Services,IMD,9,Unknown Clock Start,*
Other - Other Services,IMD,9,01 To 18 Weeks,6750
Other - Other Services,IMD,9,18 To 52 Weeks,1935
Other - Other Services,IMD,9,Over 52 Weeks,80
Other - Other Services,IMD,9,Total,8765
Other - Other Services,Sex,Female,Unknown Clock Start,15
Other - Other Services,Sex,Female,01 To 18 Weeks,41995
Other - Other Services,Sex,Female,18 To 52 Weeks,11955
Other - Other Services,Sex,Female,Over 52 Weeks,490
Other - Other Services,Sex,Female,Total,54455
Other - Other Services,Sex,Male,Unknown Clock Start,15
Other - Other Services,Sex,Male,01 To 18 Weeks,31380
Other - Other Services,Sex,Male,18 To 52 Weeks,8245
Other - Other Services,Sex,Male,Over 52 Weeks,320
Other - Other Services,Sex,Male,Total,39960
Other - Paediatric Services,Age,0-18 Years,Unknown Clock Start,55
Other - Paediatric Services,Age,0-18 Years,01 To 18 Weeks,156180
Other - Paediatric Services,Age,0-18 Years,18 To 52 Weeks,104690
Other - Paediatric Services,Age,0-18 Years,Over 52 Weeks,5190
Other - Paediatric Services,Age,0-18 Years,Total,266120
Other - Paediatric Services,Age,19-64 Years,01 To 18 Weeks,730
Other - Paediatric Services,Age,19-64 Years,18 To 52 Weeks,435
Other - Paediatric Services,Age,19-64 Years,Over 52 Weeks,35
Other - Paediatric Services,Age,19-64 Years,Total,1200
Other - Paediatric Services,Age,Over 65 Years,01 To 18 Weeks,130
Other - Paediatric Services,Age,Over 65 Years,18 To 52 Weeks,75
Other - Paediatric Services,Age,Over 65 Years,Over 52 Weeks,*
Other - Paediatric Services,Age,Over 65 Years,Total,210
Other - Paediatric Services,Ethnicity,99: Not known,Unknown Clock Start,*
Other - Paediatric Services,Ethnicity,99: Not known,01 To 18 Weeks,6115
Other - Paediatric Services,Ethnicity,99: Not known,18 To 52 Weeks,3380
Other - Paediatric Services,Ethnicity,99: Not known,Over 52 Weeks,160
Other - Paediatric Services,Ethnicity,99: Not known,Total,9660
Other - Paediatric Services,Ethnicity,A: British,Unknown Clock Start,20
Other - Paediatric Services,Ethnicity,A: British,01 To 18 Weeks,87625
Other - Paediatric Services,Ethnicity,A: British,18 To 52 Weeks,59125
Other - Paediatric Services,Ethnicity,A: British,Over 52 Weeks,3170
Other - Paediatric Services,Ethnicity,A: British,Total,149940
Other - Paediatric Services,Ethnicity,B: Irish,01 To 18 Weeks,420
Other - Paediatric Services,Ethnicity,B: Irish,18 To 52 Weeks,280
Other - Paediatric Services,Ethnicity,B: Irish,Over 52 Weeks,15
Other - Paediatric Services,Ethnicity,B: Irish,Total,720
Other - Paediatric Services,Ethnicity,C: Any other white background,Unknown Clock Start,*
Other - Paediatric Services,Ethnicity,C: Any other white background,01 To 18 Weeks,13645
Other - Paediatric Services,Ethnicity,C: Any other white background,18 To 52 Weeks,8820
Other - Paediatric Services,Ethnicity,C: Any other white background,Over 52 Weeks,390
Other - Paediatric Services,Ethnicity,C: Any other white background,Total,22860
Other - Paediatric Services,Ethnicity,D: White and Black Caribbean,Unknown Clock Start,*
Other - Paediatric Services,Ethnicity,D: White and Black Caribbean,01 To 18 Weeks,2010
Other - Paediatric Services,Ethnicity,D: White and Black Caribbean,18 To 52 Weeks,1445
Other - Paediatric Services,Ethnicity,D: White and Black Caribbean,Over 52 Weeks,65
Other - Paediatric Services,Ethnicity,D: White and Black Caribbean,Total,3520
Other - Paediatric Services,Ethnicity,E: White and Black African,Unknown Clock Start,*
Other - Paediatric Services,Ethnicity,E: White and Black African,01 To 18 Weeks,1275
Other - Paediatric Services,Ethnicity,E: White and Black African,18 To 52 Weeks,780
Other - Paediatric Services,Ethnicity,E: White and Black African,Over 52 Weeks,35
Other - Paediatric Services,Ethnicity,E: White and Black African,Total,2095
Other - Paediatric Services,Ethnicity,F: White and Asian,Unknown Clock Start,*
Other - Paediatric Services,Ethnicity,F: White and Asian,01 To 18 Weeks,1845
Other - Paediatric Services,Ethnicity,F: White and Asian,18 To 52 Weeks,1225
Other - Paediatric Services,Ethnicity,F: White and Asian,Over 52 Weeks,60
Other - Paediatric Services,Ethnicity,F: White and Asian,Total,3130
Other - Paediatric Services,Ethnicity,G: Any other mixed background,Unknown Clock Start,*
Other - Paediatric Services,Ethnicity,G: Any other mixed background,01 To 18 Weeks,4460
Other - Paediatric Services,Ethnicity,G: Any other mixed background,18 To 52 Weeks,2885
Other - Paediatric Services,Ethnicity,G: Any other mixed background,Over 52 Weeks,105
Other - Paediatric Services,Ethnicity,G: Any other mixed background,Total,7455
Other - Paediatric Services,Ethnicity,H: Indian,Unknown Clock Start,*
Other - Paediatric Services,Ethnicity,H: Indian,01 To 18 Weeks,5500
Other - Paediatric Services,Ethnicity,H: Indian,18 To 52 Weeks,3840
Other - Paediatric Services,Ethnicity,H: Indian,Over 52 Weeks,160
Other - Paediatric Services,Ethnicity,H: Indian,Total,9500
Other - Paediatric Services,Ethnicity,J: Pakistani,Unknown Clock Start,*
Other - Paediatric Services,Ethnicity,J: Pakistani,01 To 18 Weeks,7620
Other - Paediatric Services,Ethnicity,J: Pakistani,18 To 52 Weeks,5545
Other - Paediatric Services,Ethnicity,J: Pakistani,Over 52 Weeks,255
Other - Paediatric Services,Ethnicity,J: Pakistani,Total,13425
Other - Paediatric Services,Ethnicity,K: Bangladeshi,Unknown Clock Start,*
Other - Paediatric Services,Ethnicity,K: Bangladeshi,01 To 18 Weeks,2175
Other - Paediatric Services,Ethnicity,K: Bangladeshi,18 To 52 Weeks,1475
Other - Paediatric Services,Ethnicity,K: Bangladeshi,Over 52 Weeks,65
Other - Paediatric Services,Ethnicity,K: Bangladeshi,Total,3715
Other - Paediatric Services,Ethnicity,L: Any other Asian background,Unknown Clock Start,*
Other - Paediatric Services,Ethnicity,L: Any other Asian background,01 To 18 Weeks,5490
Other - Paediatric Services,Ethnicity,L: Any other Asian background,18 To 52 Weeks,3735
Other - Paediatric Services,Ethnicity,L: Any other Asian background,Over 52 Weeks,160
Other - Paediatric Services,Ethnicity,L: Any other Asian background,Total,9385
Other - Paediatric Services,Ethnicity,M: Caribbean,Unknown Clock Start,*
Other - Paediatric Services,Ethnicity,M: Caribbean,01 To 18 Weeks,1790
Other - Paediatric Services,Ethnicity,M: Caribbean,18 To 52 Weeks,1210
Other - Paediatric Services,Ethnicity,M: Caribbean,Over 52 Weeks,55
Other - Paediatric Services,Ethnicity,M: Caribbean,Total,3060
Other - Paediatric Services,Ethnicity,N: African,Unknown Clock Start,*
Other - Paediatric Services,Ethnicity,N: African,01 To 18 Weeks,6585
Other - Paediatric Services,Ethnicity,N: African,18 To 52 Weeks,4400
Other - Paediatric Services,Ethnicity,N: African,Over 52 Weeks,210
Other - Paediatric Services,Ethnicity,N: African,Total,11190
Other - Paediatric Services,Ethnicity,P: Any other Black background,01 To 18 Weeks,2085
Other - Paediatric Services,Ethnicity,P: Any other Black background,18 To 52 Weeks,1380
Other - Paediatric Services,Ethnicity,P: Any other Black background,Over 52 Weeks,55
Other - Paediatric Services,Ethnicity,P: Any other Black background,Total,3520
Other - Paediatric Services,Ethnicity,R: Chinese,Unknown Clock Start,*
Other - Paediatric Services,Ethnicity,R: Chinese,01 To 18 Weeks,820
Other - Paediatric Services,Ethnicity,R: Chinese,18 To 52 Weeks,575
Other - Paediatric Services,Ethnicity,R: Chinese,Over 52 Weeks,25
Other - Paediatric Services,Ethnicity,R: Chinese,Total,1425
Other - Paediatric Services,Ethnicity,S: Any other ethnic group,Unknown Clock Start,*
Other - Paediatric Services,Ethnicity,S: Any other ethnic group,01 To 18 Weeks,3260
Other - Paediatric Services,Ethnicity,S: Any other ethnic group,18 To 52 Weeks,2180
Other - Paediatric Services,Ethnicity,S: Any other ethnic group,Over 52 Weeks,80
Other - Paediatric Services,Ethnicity,S: Any other ethnic group,Total,5525
Other - Paediatric Services,Ethnicity,Z: Not stated,Unknown Clock Start,*
Other - Paediatric Services,Ethnicity,Z: Not stated,01 To 18 Weeks,6700
Other - Paediatric Services,Ethnicity,Z: Not stated,18 To 52 Weeks,3870
Other - Paediatric Services,Ethnicity,Z: Not stated,Over 52 Weeks,205
Other - Paediatric Services,Ethnicity,Z: Not stated,Total,10775
Other - Paediatric Services,IMD,1,01 To 18 Weeks,23580
Other - Paediatric Services,IMD,1,18 To 52 Weeks,16885
Other - Paediatric Services,IMD,1,Over 52 Weeks,890
Other - Paediatric Services,IMD,1,Total,41360
Other - Paediatric Services,IMD,10,Unknown Clock Start,10
Other - Paediatric Services,IMD,10,01 To 18 Weeks,11655
Other - Paediatric Services,IMD,10,18 To 52 Weeks,7715
Other - Paediatric Services,IMD,10,Over 52 Weeks,420
Other - Paediatric Services,IMD,10,Total,19800
Other - Paediatric Services,IMD,2,Unknown Clock Start,*
Other - Paediatric Services,IMD,2,01 To 18 Weeks,18935
Other - Paediatric Services,IMD,2,18 To 52 Weeks,12805
Other - Paediatric Services,IMD,2,Over 52 Weeks,605
Other - Paediatric Services,IMD,2,Total,32350
Other - Paediatric Services,IMD,3,Unknown Clock Start,*
Other - Paediatric Services,IMD,3,01 To 18 Weeks,17100
Other - Paediatric Services,IMD,3,18 To 52 Weeks,11465
Other - Paediatric Services,IMD,3,Over 52 Weeks,535
Other - Paediatric Services,IMD,3,Total,29105
Other - Paediatric Services,IMD,4,Unknown Clock Start,*
Other - Paediatric Services,IMD,4,01 To 18 Weeks,15395
Other - Paediatric Services,IMD,4,18 To 52 Weeks,10060
Other - Paediatric Services,IMD,4,Over 52 Weeks,465
Other - Paediatric Services,IMD,4,Total,25920
Other - Paediatric Services,IMD,5,Unknown Clock Start,*
Other - Paediatric Services,IMD,5,01 To 18 Weeks,13900
Other - Paediatric Services,IMD,5,18 To 52 Weeks,9435
Other - Paediatric Services,IMD,5,Over 52 Weeks,490
Other - Paediatric Services,IMD,5,Total,23830
Other - Paediatric Services,IMD,6,Unknown Clock Start,10
Other - Paediatric Services,IMD,6,01 To 18 Weeks,13990
Other - Paediatric Services,IMD,6,18 To 52 Weeks,9015
Other - Paediatric Services,IMD,6,Over 52 Weeks,435
Other - Paediatric Services,IMD,6,Total,23445
Other - Paediatric Services,IMD,7,Unknown Clock Start,*
Other - Paediatric Services,IMD,7,01 To 18 Weeks,12625
Other - Paediatric Services,IMD,7,18 To 52 Weeks,8440
Other - Paediatric Services,IMD,7,Over 52 Weeks,405
Other - Paediatric Services,IMD,7,Total,21480
Other - Paediatric Services,IMD,8,Unknown Clock Start,*
Other - Paediatric Services,IMD,8,01 To 18 Weeks,12570
Other - Paediatric Services,IMD,8,18 To 52 Weeks,8410
Other - Paediatric Services,IMD,8,Over 52 Weeks,400
Other - Paediatric Services,IMD,8,Total,21385
Other - Paediatric Services,IMD,9,Unknown Clock Start,10
Other - Paediatric Services,IMD,9,01 To 18 Weeks,12115
Other - Paediatric Services,IMD,9,18 To 52 Weeks,7895
Other - Paediatric Services,IMD,9,Over 52 Weeks,420
Other - Paediatric Services,IMD,9,Total,20440
Other - Paediatric Services,Sex,Female,Unknown Clock Start,25
Other - Paediatric Services,Sex,Female,01 To 18 Weeks,62330
Other - Paediatric Services,Sex,Female,18 To 52 Weeks,42405
Other - Paediatric Services,Sex,Female,Over 52 Weeks,2165
Other - Paediatric Services,Sex,Female,Total,106925
Other - Paediatric Services,Sex,Male,Unknown Clock Start,30
Other - Paediatric Services,Sex,Male,01 To 18 Weeks,77070
Other - Paediatric Services,Sex,Male,18 To 52 Weeks,53110
Other - Paediatric Services,Sex,Male,Over 52 Weeks,2825
Other - Paediatric Services,Sex,Male,Total,133035
Other - Surgical Services,Age,0-18 Years,Unknown Clock Start,*
Other - Surgical Services,Age,0-18 Years,01 To 18 Weeks,15390
Other - Surgical Services,Age,0-18 Years,18 To 52 Weeks,9995
Other - Surgical Services,Age,0-18 Years,Over 52 Weeks,455
Other - Surgical Services,Age,0-18 Years,Total,25845
Other - Surgical Services,Age,19-64 Years,Unknown Clock Start,30
Other - Surgical Services,Age,19-64 Years,01 To 18 Weeks,173975
Other - Surgical Services,Age,19-64 Years,18 To 52 Weeks,101395
Other - Surgical Services,Age,19-64 Years,Over 52 Weeks,6335
Other - Surgical Services,Age,19-64 Years,Total,281735
Other - Surgical Services,Age,Over 65 Years,Unknown Clock Start,25
Other - Surgical Services,Age,Over 65 Years,01 To 18 Weeks,107570
Other - Surgical Services,Age,Over 65 Years,18 To 52 Weeks,55445
Other - Surgical Services,Age,Over 65 Years,Over 52 Weeks,2735
Other - Surgical Services,Age,Over 65 Years,Total,165775
Other - Surgical Services,Ethnicity,99: Not known,Unknown Clock Start,*
Other - Surgical Services,Ethnicity,99: Not known,01 To 18 Weeks,9550
Other - Surgical Services,Ethnicity,99: Not known,18 To 52 Weeks,4585
Other - Surgical Services,Ethnicity,99: Not known,Over 52 Weeks,210
Other - Surgical Services,Ethnicity,99: Not known,Total,14350
Other - Surgical Services,Ethnicity,A: British,Unknown Clock Start,60
Other - Surgical Services,Ethnicity,A: British,01 To 18 Weeks,217475
Other - Surgical Services,Ethnicity,A: British,18 To 52 Weeks,120725
Other - Surgical Services,Ethnicity,A: British,Over 52 Weeks,7115
Other - Surgical Services,Ethnicity,A: British,Total,345375
Other - Surgical Services,Ethnicity,B: Irish,01 To 18 Weeks,1905
Other - Surgical Services,Ethnicity,B: Irish,18 To 52 Weeks,970
Other - Surgical Services,Ethnicity,B: Irish,Over 52 Weeks,55
Other - Surgical Services,Ethnicity,B: Irish,Total,2930
Other - Surgical Services,Ethnicity,C: Any other white background,Unknown Clock Start,*
Other - Surgical Services,Ethnicity,C: Any other white background,01 To 18 Weeks,19675
Other - Surgical Services,Ethnicity,C: Any other white background,18 To 52 Weeks,12430
Other - Surgical Services,Ethnicity,C: Any other white background,Over 52 Weeks,715
Other - Surgical Services,Ethnicity,C: Any other white background,Total,32825
Other - Surgical Services,Ethnicity,D: White and Black Caribbean,01 To 18 Weeks,1025
Other - Surgical Services,Ethnicity,D: White and Black Caribbean,18 To 52 Weeks,510
Other - Surgical Services,Ethnicity,D: White and Black Caribbean,Over 52 Weeks,35
Other - Surgical Services,Ethnicity,D: White and Black Caribbean,Total,1570
Other - Surgical Services,Ethnicity,E: White and Black African,01 To 18 Weeks,560
Other - Surgical Services,Ethnicity,E: White and Black African,18 To 52 Weeks,320
Other - Surgical Services,Ethnicity,E: White and Black African,Over 52 Weeks,15
Other - Surgical Services,Ethnicity,E: White and Black African,Total,895
Other - Surgical Services,Ethnicity,F: White and Asian,01 To 18 Weeks,805
Other - Surgical Services,Ethnicity,F: White and Asian,18 To 52 Weeks,500
Other - Surgical Services,Ethnicity,F: White and Asian,Over 52 Weeks,20
Other - Surgical Services,Ethnicity,F: White and Asian,Total,1325
Other - Surgical Services,Ethnicity,G: Any other mixed background,01 To 18 Weeks,2045
Other - Surgical Services,Ethnicity,G: Any other mixed background,18 To 52 Weeks,1245
Other - Surgical Services,Ethnicity,G: Any other mixed background,Over 52 Weeks,80
Other - Surgical Services,Ethnicity,G: Any other mixed background,Total,3370
Other - Surgical Services,Ethnicity,H: Indian,Unknown Clock Start,*
Other - Surgical Services,Ethnicity,H: Indian,01 To 18 Weeks,6275
Other - Surgical Services,Ethnicity,H: Indian,18 To 52 Weeks,3775
Other - Surgical Services,Ethnicity,H: Indian,Over 52 Weeks,165
Other - Surgical Services,Ethnicity,H: Indian,Total,10215
Other - Surgical Services,Ethnicity,J: Pakistani,Unknown Clock Start,*
Other - Surgical Services,Ethnicity,J: Pakistani,01 To 18 Weeks,5720
Other - Surgical Services,Ethnicity,J: Pakistani,18 To 52 Weeks,3320
Other - Surgical Services,Ethnicity,J: Pakistani,Over 52 Weeks,125
Other - Surgical Services,Ethnicity,J: Pakistani,Total,9165
Other - Surgical Services,Ethnicity,K: Bangladeshi,01 To 18 Weeks,1495
Other - Surgical Services,Ethnicity,K: Bangladeshi,18 To 52 Weeks,860
Other - Surgical Services,Ethnicity,K: Bangladeshi,Over 52 Weeks,40
Other - Surgical Services,Ethnicity,K: Bangladeshi,Total,2400
Other - Surgical Services,Ethnicity,L: Any other Asian background,Unknown Clock Start,*
Other - Surgical Services,Ethnicity,L: Any other Asian background,01 To 18 Weeks,5735
Other - Surgical Services,Ethnicity,L: Any other Asian background,18 To 52 Weeks,3570
Other - Surgical Services,Ethnicity,L: Any other Asian background,Over 52 Weeks,175
Other - Surgical Services,Ethnicity,L: Any other Asian background,Total,9480
Other - Surgical Services,Ethnicity,M: Caribbean,01 To 18 Weeks,3250
Other - Surgical Services,Ethnicity,M: Caribbean,18 To 52 Weeks,1760
Other - Surgical Services,Ethnicity,M: Caribbean,Over 52 Weeks,95
Other - Surgical Services,Ethnicity,M: Caribbean,Total,5100
Other - Surgical Services,Ethnicity,N: African,Unknown Clock Start,*
Other - Surgical Services,Ethnicity,N: African,01 To 18 Weeks,5050
Other - Surgical Services,Ethnicity,N: African,18 To 52 Weeks,2955
Other - Surgical Services,Ethnicity,N: African,Over 52 Weeks,200
Other - Surgical Services,Ethnicity,N: African,Total,8210
Other - Surgical Services,Ethnicity,P: Any other Black background,Unknown Clock Start,*
Other - Surgical Services,Ethnicity,P: Any other Black background,01 To 18 Weeks,2620
Other - Surgical Services,Ethnicity,P: Any other Black background,18 To 52 Weeks,1445
Other - Surgical Services,Ethnicity,P: Any other Black background,Over 52 Weeks,90
Other - Surgical Services,Ethnicity,P: Any other Black background,Total,4160
Other - Surgical Services,Ethnicity,R: Chinese,Unknown Clock Start,*
Other - Surgical Services,Ethnicity,R: Chinese,01 To 18 Weeks,1300
Other - Surgical Services,Ethnicity,R: Chinese,18 To 52 Weeks,725
Other - Surgical Services,Ethnicity,R: Chinese,Over 52 Weeks,40
Other - Surgical Services,Ethnicity,R: Chinese,Total,2065
Other - Surgical Services,Ethnicity,S: Any other ethnic group,Unknown Clock Start,*
Other - Surgical Services,Ethnicity,S: Any other ethnic group,01 To 18 Weeks,3435
Other - Surgical Services,Ethnicity,S: Any other ethnic group,18 To 52 Weeks,2100
Other - Surgical Services,Ethnicity,S: Any other ethnic group,Over 52 Weeks,110
Other - Surgical Services,Ethnicity,S: Any other ethnic group,Total,5650
Other - Surgical Services,Ethnicity,Z: Not stated,Unknown Clock Start,*
Other - Surgical Services,Ethnicity,Z: Not stated,01 To 18 Weeks,13350
Other - Surgical Services,Ethnicity,Z: Not stated,18 To 52 Weeks,7540
Other - Surgical Services,Ethnicity,Z: Not stated,Over 52 Weeks,460
Other - Surgical Services,Ethnicity,Z: Not stated,Total,21350
Other - Surgical Services,IMD,1,Unknown Clock Start,*
Other - Surgical Services,IMD,1,01 To 18 Weeks,29435
Other - Surgical Services,IMD,1,18 To 52 Weeks,17090
Other - Surgical Services,IMD,1,Over 52 Weeks,870
Other - Surgical Services,IMD,1,Total,47400
Other - Surgical Services,IMD,10,Unknown Clock Start,10
Other - Surgical Services,IMD,10,01 To 18 Weeks,25950
Other - Surgical Services,IMD,10,18 To 52 Weeks,14515
Other - Surgical Services,IMD,10,Over 52 Weeks,810
Other - Surgical Services,IMD,10,Total,41290
Other - Surgical Services,IMD,2,Unknown Clock Start,*
Other - Surgical Services,IMD,2,01 To 18 Weeks,29700
Other - Surgical Services,IMD,2,18 To 52 Weeks,16960
Other - Surgical Services,IMD,2,Over 52 Weeks,955
Other - Surgical Services,IMD,2,Total,47620
Other - Surgical Services,IMD,3,Unknown Clock Start,10
Other - Surgical Services,IMD,3,01 To 18 Weeks,29320
Other - Surgical Services,IMD,3,18 To 52 Weeks,17045
Other - Surgical Services,IMD,3,Over 52 Weeks,1010
Other - Surgical Services,IMD,3,Total,47380
Other - Surgical Services,IMD,4,Unknown Clock Start,10
Other - Surgical Services,IMD,4,01 To 18 Weeks,30550
Other - Surgical Services,IMD,4,18 To 52 Weeks,17160
Other - Surgical Services,IMD,4,Over 52 Weeks,1035
Other - Surgical Services,IMD,4,Total,48755
Other - Surgical Services,IMD,5,Unknown Clock Start,*
Other - Surgical Services,IMD,5,01 To 18 Weeks,29775
Other - Surgical Services,IMD,5,18 To 52 Weeks,16940
Other - Surgical Services,IMD,5,Over 52 Weeks,935
Other - Surgical Services,IMD,5,Total,47660
Other - Surgical Services,IMD,6,Unknown Clock Start,*
Other - Surgical Services,IMD,6,01 To 18 Weeks,29985
Other - Surgical Services,IMD,6,18 To 52 Weeks,17200
Other - Surgical Services,IMD,6,Over 52 Weeks,1045
Other - Surgical Services,IMD,6,Total,48235
Other - Surgical Services,IMD,7,Unknown Clock Start,*
Other - Surgical Services,IMD,7,01 To 18 Weeks,29650
Other - Surgical Services,IMD,7,18 To 52 Weeks,16515
Other - Surgical Services,IMD,7,Over 52 Weeks,960
Other - Surgical Services,IMD,7,Total,47135
Other - Surgical Services,IMD,8,Unknown Clock Start,10
Other - Surgical Services,IMD,8,01 To 18 Weeks,28770
Other - Surgical Services,IMD,8,18 To 52 Weeks,15870
Other - Surgical Services,IMD,8,Over 52 Weeks,950
Other - Surgical Services,IMD,8,Total,45600
Other - Surgical Services,IMD,9,Unknown Clock Start,10
Other - Surgical Services,IMD,9,01 To 18 Weeks,28385
Other - Surgical Services,IMD,9,18 To 52 Weeks,15635
Other - Surgical Services,IMD,9,Over 52 Weeks,950
Other - Surgical Services,IMD,9,Total,44980
Other - Surgical Services,Sex,Female,Unknown Clock Start,35
Other - Surgical Services,Sex,Female,01 To 18 Weeks,165120
Other - Surgical Services,Sex,Female,18 To 52 Weeks,82430
Other - Surgical Services,Sex,Female,Over 52 Weeks,4605
Other - Surgical Services,Sex,Female,Total,252190
Other - Surgical Services,Sex,Male,Unknown Clock Start,30
Other - Surgical Services,Sex,Male,01 To 18 Weeks,102630
Other - Surgical Services,Sex,Male,18 To 52 Weeks,64590
Other - Surgical Services,Sex,Male,Over 52 Weeks,3595
Other - Surgical Services,Sex,Male,Total,170845
Plastic Surgery Service,Age,0-18 Years,Unknown Clock Start,*
Plastic Surgery Service,Age,0-18 Years,01 To 18 Weeks,3200
Plastic Surgery Service,Age,0-18 Years,18 To 52 Weeks,2365
Plastic Surgery Service,Age,0-18 Years,Over 52 Weeks,210
Plastic Surgery Service,Age,0-18 Years,Total,5770
Plastic Surgery Service,Age,19-64 Years,Unknown Clock Start,*
Plastic Surgery Service,Age,19-64 Years,01 To 18 Weeks,29150
Plastic Surgery Service,Age,19-64 Years,18 To 52 Weeks,25070
Plastic Surgery Service,Age,19-64 Years,Over 52 Weeks,2255
Plastic Surgery Service,Age,19-64 Years,Total,56480
Plastic Surgery Service,Age,Over 65 Years,Unknown Clock Start,*
Plastic Surgery Service,Age,Over 65 Years,01 To 18 Weeks,23610
Plastic Surgery Service,Age,Over 65 Years,18 To 52 Weeks,15460
Plastic Surgery Service,Age,Over 65 Years,Over 52 Weeks,1150
Plastic Surgery Service,Age,Over 65 Years,Total,40230
Plastic Surgery Service,Ethnicity,99: Not known,01 To 18 Weeks,1755
Plastic Surgery Service,Ethnicity,99: Not known,18 To 52 Weeks,1195
Plastic Surgery Service,Ethnicity,99: Not known,Over 52 Weeks,80
Plastic Surgery Service,Ethnicity,99: Not known,Total,3030
Plastic Surgery Service,Ethnicity,A: British,Unknown Clock Start,10
Plastic Surgery Service,Ethnicity,A: British,01 To 18 Weeks,43040
Plastic Surgery Service,Ethnicity,A: British,18 To 52 Weeks,31810
Plastic Surgery Service,Ethnicity,A: British,Over 52 Weeks,2685
Plastic Surgery Service,Ethnicity,A: British,Total,77540
Plastic Surgery Service,Ethnicity,B: Irish,01 To 18 Weeks,335
Plastic Surgery Service,Ethnicity,B: Irish,18 To 52 Weeks,250
Plastic Surgery Service,Ethnicity,B: Irish,Over 52 Weeks,15
Plastic Surgery Service,Ethnicity,B: Irish,Total,600
Plastic Surgery Service,Ethnicity,C: Any other white background,01 To 18 Weeks,2995
Plastic Surgery Service,Ethnicity,C: Any other white background,18 To 52 Weeks,2545
Plastic Surgery Service,Ethnicity,C: Any other white background,Over 52 Weeks,250
Plastic Surgery Service,Ethnicity,C: Any other white background,Total,5790
Plastic Surgery Service,Ethnicity,D: White and Black Caribbean,01 To 18 Weeks,180
Plastic Surgery Service,Ethnicity,D: White and Black Caribbean,18 To 52 Weeks,180
Plastic Surgery Service,Ethnicity,D: White and Black Caribbean,Over 52 Weeks,15
Plastic Surgery Service,Ethnicity,D: White and Black Caribbean,Total,375
Plastic Surgery Service,Ethnicity,E: White and Black African,01 To 18 Weeks,115
Plastic Surgery Service,Ethnicity,E: White and Black African,18 To 52 Weeks,110
Plastic Surgery Service,Ethnicity,E: White and Black African,Over 52 Weeks,10
Plastic Surgery Service,Ethnicity,E: White and Black African,Total,235
Plastic Surgery Service,Ethnicity,F: White and Asian,01 To 18 Weeks,145
Plastic Surgery Service,Ethnicity,F: White and Asian,18 To 52 Weeks,125
Plastic Surgery Service,Ethnicity,F: White and Asian,Over 52 Weeks,15
Plastic Surgery Service,Ethnicity,F: White and Asian,Total,285
Plastic Surgery Service,Ethnicity,G: Any other mixed background,01 To 18 Weeks,345
Plastic Surgery Service,Ethnicity,G: Any other mixed background,18 To 52 Weeks,330
Plastic Surgery Service,Ethnicity,G: Any other mixed background,Over 52 Weeks,20
Plastic Surgery Service,Ethnicity,G: Any other mixed background,Total,695
Plastic Surgery Service,Ethnicity,H: Indian,01 To 18 Weeks,920
Plastic Surgery Service,Ethnicity,H: Indian,18 To 52 Weeks,840
Plastic Surgery Service,Ethnicity,H: Indian,Over 52 Weeks,85
Plastic Surgery Service,Ethnicity,H: Indian,Total,1850
Plastic Surgery Service,Ethnicity,J: Pakistani,01 To 18 Weeks,965
Plastic Surgery Service,Ethnicity,J: Pakistani,18 To 52 Weeks,840
Plastic Surgery Service,Ethnicity,J: Pakistani,Over 52 Weeks,80
Plastic Surgery Service,Ethnicity,J: Pakistani,Total,1890
Plastic Surgery Service,Ethnicity,K: Bangladeshi,01 To 18 Weeks,200
Plastic Surgery Service,Ethnicity,K: Bangladeshi,18 To 52 Weeks,215
Plastic Surgery Service,Ethnicity,K: Bangladeshi,Over 52 Weeks,15
Plastic Surgery Service,Ethnicity,K: Bangladeshi,Total,430
Plastic Surgery Service,Ethnicity,L: Any other Asian background,01 To 18 Weeks,895
Plastic Surgery Service,Ethnicity,L: Any other Asian background,18 To 52 Weeks,780
Plastic Surgery Service,Ethnicity,L: Any other Asian background,Over 52 Weeks,70
Plastic Surgery Service,Ethnicity,L: Any other Asian background,Total,1750
Plastic Surgery Service,Ethnicity,M: Caribbean,01 To 18 Weeks,570
Plastic Surgery Service,Ethnicity,M: Caribbean,18 To 52 Weeks,555
Plastic Surgery Service,Ethnicity,M: Caribbean,Over 52 Weeks,35
Plastic Surgery Service,Ethnicity,M: Caribbean,Total,1160
Plastic Surgery Service,Ethnicity,N: African,01 To 18 Weeks,970
Plastic Surgery Service,Ethnicity,N: African,18 To 52 Weeks,900
Plastic Surgery Service,Ethnicity,N: African,Over 52 Weeks,70
Plastic Surgery Service,Ethnicity,N: African,Total,1940
Plastic Surgery Service,Ethnicity,P: Any other Black background,01 To 18 Weeks,445
Plastic Surgery Service,Ethnicity,P: Any other Black background,18 To 52 Weeks,470
Plastic Surgery Service,Ethnicity,P: Any other Black background,Over 52 Weeks,20
Plastic Surgery Service,Ethnicity,P: Any other Black background,Total,935
Plastic Surgery Service,Ethnicity,R: Chinese,01 To 18 Weeks,180
Plastic Surgery Service,Ethnicity,R: Chinese,18 To 52 Weeks,150
Plastic Surgery Service,Ethnicity,R: Chinese,Over 52 Weeks,10
Plastic Surgery Service,Ethnicity,R: Chinese,Total,340
Plastic Surgery Service,Ethnicity,S: Any other ethnic group,01 To 18 Weeks,505
Plastic Surgery Service,Ethnicity,S: Any other ethnic group,18 To 52 Weeks,415
Plastic Surgery Service,Ethnicity,S: Any other ethnic group,Over 52 Weeks,25
Plastic Surgery Service,Ethnicity,S: Any other ethnic group,Total,945
Plastic Surgery Service,Ethnicity,Z: Not stated,Unknown Clock Start,*
Plastic Surgery Service,Ethnicity,Z: Not stated,01 To 18 Weeks,2225
Plastic Surgery Service,Ethnicity,Z: Not stated,18 To 52 Weeks,1505
Plastic Surgery Service,Ethnicity,Z: Not stated,Over 52 Weeks,115
Plastic Surgery Service,Ethnicity,Z: Not stated,Total,3845
Plastic Surgery Service,IMD,1,01 To 18 Weeks,4755
Plastic Surgery Service,IMD,1,18 To 52 Weeks,4265
Plastic Surgery Service,IMD,1,Over 52 Weeks,375
Plastic Surgery Service,IMD,1,Total,9390
Plastic Surgery Service,IMD,10,Unknown Clock Start,*
Plastic Surgery Service,IMD,10,01 To 18 Weeks,6395
Plastic Surgery Service,IMD,10,18 To 52 Weeks,4360
Plastic Surgery Service,IMD,10,Over 52 Weeks,360
Plastic Surgery Service,IMD,10,Total,11115
Plastic Surgery Service,IMD,2,01 To 18 Weeks,4780
Plastic Surgery Service,IMD,2,18 To 52 Weeks,3880
Plastic Surgery Service,IMD,2,Over 52 Weeks,330
Plastic Surgery Service,IMD,2,Total,8990
Plastic Surgery Service,IMD,3,01 To 18 Weeks,4845
Plastic Surgery Service,IMD,3,18 To 52 Weeks,3950
Plastic Surgery Service,IMD,3,Over 52 Weeks,325
Plastic Surgery Service,IMD,3,Total,9120
Plastic Surgery Service,IMD,4,Unknown Clock Start,*
Plastic Surgery Service,IMD,4,01 To 18 Weeks,5250
Plastic Surgery Service,IMD,4,18 To 52 Weeks,4115
Plastic Surgery Service,IMD,4,Over 52 Weeks,350
Plastic Surgery Service,IMD,4,Total,9720
Plastic Surgery Service,IMD,5,Unknown Clock Start,*
Plastic Surgery Service,IMD,5,01 To 18 Weeks,5345
Plastic Surgery Service,IMD,5,18 To 52 Weeks,4080
Plastic Surgery Service,IMD,5,Over 52 Weeks,335
Plastic Surgery Service,IMD,5,Total,9760
Plastic Surgery Service,IMD,6,Unknown Clock Start,*
Plastic Surgery Service,IMD,6,01 To 18 Weeks,5730
Plastic Surgery Service,IMD,6,18 To 52 Weeks,4255
Plastic Surgery Service,IMD,6,Over 52 Weeks,350
Plastic Surgery Service,IMD,6,Total,10335
Plastic Surgery Service,IMD,7,Unknown Clock Start,*
Plastic Surgery Service,IMD,7,01 To 18 Weeks,5715
Plastic Surgery Service,IMD,7,18 To 52 Weeks,4270
Plastic Surgery Service,IMD,7,Over 52 Weeks,370
Plastic Surgery Service,IMD,7,Total,10355
Plastic Surgery Service,IMD,8,Unknown Clock Start,*
Plastic Surgery Service,IMD,8,01 To 18 Weeks,5945
Plastic Surgery Service,IMD,8,18 To 52 Weeks,4480
Plastic Surgery Service,IMD,8,Over 52 Weeks,370
Plastic Surgery Service,IMD,8,Total,10795
Plastic Surgery Service,IMD,9,Unknown Clock Start,*
Plastic Surgery Service,IMD,9,01 To 18 Weeks,6220
Plastic Surgery Service,IMD,9,18 To 52 Weeks,4375
Plastic Surgery Service,IMD,9,Over 52 Weeks,365
Plastic Surgery Service,IMD,9,Total,10965
Plastic Surgery Service,Sex,Female,Unknown Clock Start,*
Plastic Surgery Service,Sex,Female,01 To 18 Weeks,28510
Plastic Surgery Service,Sex,Female,18 To 52 Weeks,22935
Plastic Surgery Service,Sex,Female,Over 52 Weeks,2050
Plastic Surgery Service,Sex,Female,Total,53500
Plastic Surgery Service,Sex,Male,Unknown Clock Start,*
Plastic Surgery Service,Sex,Male,01 To 18 Weeks,25420
Plastic Surgery Service,Sex,Male,18 To 52 Weeks,18555
Plastic Surgery Service,Sex,Male,Over 52 Weeks,1510
Plastic Surgery Service,Sex,Male,Total,45490
Respiratory Medicine Service,Age,0-18 Years,01 To 18 Weeks,1310
Respiratory Medicine Service,Age,0-18 Years,18 To 52 Weeks,495
Respiratory Medicine Service,Age,0-18 Years,Over 52 Weeks,10
Respiratory Medicine Service,Age,0-18 Years,Total,1815
Respiratory Medicine Service,Age,19-64 Years,Unknown Clock Start,20
Respiratory Medicine Service,Age,19-64 Years,01 To 18 Weeks,62825
Respiratory Medicine Service,Age,19-64 Years,18 To 52 Weeks,32255
Respiratory Medicine Service,Age,19-64 Years,Over 52 Weeks,785
Respiratory Medicine Service,Age,19-64 Years,Total,95885
Respiratory Medicine Service,Age,Over 65 Years,Unknown Clock Start,45
Respiratory Medicine Service,Age,Over 65 Years,01 To 18 Weeks,49895
Respiratory Medicine Service,Age,Over 65 Years,18 To 52 Weeks,23080
Respiratory Medicine Service,Age,Over 65 Years,Over 52 Weeks,605
Respiratory Medicine Service,Age,Over 65 Years,Total,73630
Respiratory Medicine Service,Ethnicity,99: Not known,01 To 18 Weeks,4360
Respiratory Medicine Service,Ethnicity,99: Not known,18 To 52 Weeks,1680
Respiratory Medicine Service,Ethnicity,99: Not known,Over 52 Weeks,40
Respiratory Medicine Service,Ethnicity,99: Not known,Total,6080
Respiratory Medicine Service,Ethnicity,A: British,Unknown Clock Start,60
Respiratory Medicine Service,Ethnicity,A: British,01 To 18 Weeks,84100
Respiratory Medicine Service,Ethnicity,A: British,18 To 52 Weeks,42165
Respiratory Medicine Service,Ethnicity,A: British,Over 52 Weeks,1070
Respiratory Medicine Service,Ethnicity,A: British,Total,127395
Respiratory Medicine Service,Ethnicity,B: Irish,Unknown Clock Start,*
Respiratory Medicine Service,Ethnicity,B: Irish,01 To 18 Weeks,825
Respiratory Medicine Service,Ethnicity,B: Irish,18 To 52 Weeks,325
Respiratory Medicine Service,Ethnicity,B: Irish,Over 52 Weeks,10
Respiratory Medicine Service,Ethnicity,B: Irish,Total,1160
Respiratory Medicine Service,Ethnicity,C: Any other white background,Unknown Clock Start,*
Respiratory Medicine Service,Ethnicity,C: Any other white background,01 To 18 Weeks,5940
Respiratory Medicine Service,Ethnicity,C: Any other white background,18 To 52 Weeks,2905
Respiratory Medicine Service,Ethnicity,C: Any other white background,Over 52 Weeks,85
Respiratory Medicine Service,Ethnicity,C: Any other white background,Total,8925
Respiratory Medicine Service,Ethnicity,D: White and Black Caribbean,01 To 18 Weeks,330
Respiratory Medicine Service,Ethnicity,D: White and Black Caribbean,18 To 52 Weeks,145
Respiratory Medicine Service,Ethnicity,D: White and Black Caribbean,Over 52 Weeks,*
Respiratory Medicine Service,Ethnicity,D: White and Black Caribbean,Total,480
Respiratory Medicine Service,Ethnicity,E: White and Black African,01 To 18 Weeks,195
Respiratory Medicine Service,Ethnicity,E: White and Black African,18 To 52 Weeks,70
Respiratory Medicine Service,Ethnicity,E: White and Black African,Over 52 Weeks,*
Respiratory Medicine Service,Ethnicity,E: White and Black African,Total,265
Respiratory Medicine Service,Ethnicity,F: White and Asian,01 To 18 Weeks,270
Respiratory Medicine Service,Ethnicity,F: White and Asian,18 To 52 Weeks,150
Respiratory Medicine Service,Ethnicity,F: White and Asian,Over 52 Weeks,*
Respiratory Medicine Service,Ethnicity,F: White and Asian,Total,420
Respiratory Medicine Service,Ethnicity,G: Any other mixed background,01 To 18 Weeks,655
Respiratory Medicine Service,Ethnicity,G: Any other mixed background,18 To 52 Weeks,345
Respiratory Medicine Service,Ethnicity,G: Any other mixed background,Over 52 Weeks,*
Respiratory Medicine Service,Ethnicity,G: Any other mixed background,Total,1005
Respiratory Medicine Service,Ethnicity,H: Indian,Unknown Clock Start,*
Respiratory Medicine Service,Ethnicity,H: Indian,01 To 18 Weeks,2820
Respiratory Medicine Service,Ethnicity,H: Indian,18 To 52 Weeks,1205
Respiratory Medicine Service,Ethnicity,H: Indian,Over 52 Weeks,20
Respiratory Medicine Service,Ethnicity,H: Indian,Total,4045
Respiratory Medicine Service,Ethnicity,J: Pakistani,Unknown Clock Start,*
Respiratory Medicine Service,Ethnicity,J: Pakistani,01 To 18 Weeks,2130
Respiratory Medicine Service,Ethnicity,J: Pakistani,18 To 52 Weeks,950
Respiratory Medicine Service,Ethnicity,J: Pakistani,Over 52 Weeks,15
Respiratory Medicine Service,Ethnicity,J: Pakistani,Total,3100
Respiratory Medicine Service,Ethnicity,K: Bangladeshi,01 To 18 Weeks,640
Respiratory Medicine Service,Ethnicity,K: Bangladeshi,18 To 52 Weeks,250
Respiratory Medicine Service,Ethnicity,K: Bangladeshi,Over 52 Weeks,*
Respiratory Medicine Service,Ethnicity,K: Bangladeshi,Total,900
Respiratory Medicine Service,Ethnicity,L: Any other Asian background,Unknown Clock Start,*
Respiratory Medicine Service,Ethnicity,L: Any other Asian background,01 To 18 Weeks,2395
Respiratory Medicine Service,Ethnicity,L: Any other Asian background,18 To 52 Weeks,1130
Respiratory Medicine Service,Ethnicity,L: Any other Asian background,Over 52 Weeks,35
Respiratory Medicine Service,Ethnicity,L: Any other Asian background,Total,3555
Respiratory Medicine Service,Ethnicity,M: Caribbean,01 To 18 Weeks,1270
Respiratory Medicine Service,Ethnicity,M: Caribbean,18 To 52 Weeks,535
Respiratory Medicine Service,Ethnicity,M: Caribbean,Over 52 Weeks,10
Respiratory Medicine Service,Ethnicity,M: Caribbean,Total,1815
Respiratory Medicine Service,Ethnicity,N: African,Unknown Clock Start,*
Respiratory Medicine Service,Ethnicity,N: African,01 To 18 Weeks,1980
Respiratory Medicine Service,Ethnicity,N: African,18 To 52 Weeks,780
Respiratory Medicine Service,Ethnicity,N: African,Over 52 Weeks,30
Respiratory Medicine Service,Ethnicity,N: African,Total,2790
Respiratory Medicine Service,Ethnicity,P: Any other Black background,01 To 18 Weeks,1025
Respiratory Medicine Service,Ethnicity,P: Any other Black background,18 To 52 Weeks,415
Respiratory Medicine Service,Ethnicity,P: Any other Black background,Over 52 Weeks,*
Respiratory Medicine Service,Ethnicity,P: Any other Black background,Total,1445
Respiratory Medicine Service,Ethnicity,R: Chinese,01 To 18 Weeks,455
Respiratory Medicine Service,Ethnicity,R: Chinese,18 To 52 Weeks,220
Respiratory Medicine Service,Ethnicity,R: Chinese,Over 52 Weeks,*
Respiratory Medicine Service,Ethnicity,R: Chinese,Total,680
Respiratory Medicine Service,Ethnicity,S: Any other ethnic group,01 To 18 Weeks,1190
Respiratory Medicine Service,Ethnicity,S: Any other ethnic group,18 To 52 Weeks,490
Respiratory Medicine Service,Ethnicity,S: Any other ethnic group,Over 52 Weeks,10
Respiratory Medicine Service,Ethnicity,S: Any other ethnic group,Total,1690
Respiratory Medicine Service,Ethnicity,Z: Not stated,Unknown Clock Start,*
Respiratory Medicine Service,Ethnicity,Z: Not stated,01 To 18 Weeks,4930
Respiratory Medicine Service,Ethnicity,Z: Not stated,18 To 52 Weeks,2195
Respiratory Medicine Service,Ethnicity,Z: Not stated,Over 52 Weeks,60
Respiratory Medicine Service,Ethnicity,Z: Not stated,Total,7190
Respiratory Medicine Service,IMD,1,Unknown Clock Start,*
Respiratory Medicine Service,IMD,1,01 To 18 Weeks,13420
Respiratory Medicine Service,IMD,1,18 To 52 Weeks,5875
Respiratory Medicine Service,IMD,1,Over 52 Weeks,130
Respiratory Medicine Service,IMD,1,Total,19430
Respiratory Medicine Service,IMD,10,Unknown Clock Start,10
Respiratory Medicine Service,IMD,10,01 To 18 Weeks,8920
Respiratory Medicine Service,IMD,10,18 To 52 Weeks,4570
Respiratory Medicine Service,IMD,10,Over 52 Weeks,120
Respiratory Medicine Service,IMD,10,Total,13625
Respiratory Medicine Service,IMD,2,Unknown Clock Start,*
Respiratory Medicine Service,IMD,2,01 To 18 Weeks,12375
Respiratory Medicine Service,IMD,2,18 To 52 Weeks,5425
Respiratory Medicine Service,IMD,2,Over 52 Weeks,120
Respiratory Medicine Service,IMD,2,Total,17920
Respiratory Medicine Service,IMD,3,Unknown Clock Start,*
Respiratory Medicine Service,IMD,3,01 To 18 Weeks,11865
Respiratory Medicine Service,IMD,3,18 To 52 Weeks,5665
Respiratory Medicine Service,IMD,3,Over 52 Weeks,130
Respiratory Medicine Service,IMD,3,Total,17665
Respiratory Medicine Service,IMD,4,Unknown Clock Start,*
Respiratory Medicine Service,IMD,4,01 To 18 Weeks,11745
Respiratory Medicine Service,IMD,4,18 To 52 Weeks,5750
Respiratory Medicine Service,IMD,4,Over 52 Weeks,145
Respiratory Medicine Service,IMD,4,Total,17650
Respiratory Medicine Service,IMD,5,Unknown Clock Start,*
Respiratory Medicine Service,IMD,5,01 To 18 Weeks,11460
Respiratory Medicine Service,IMD,5,18 To 52 Weeks,5730
Respiratory Medicine Service,IMD,5,Over 52 Weeks,155
Respiratory Medicine Service,IMD,5,Total,17345
Respiratory Medicine Service,IMD,6,Unknown Clock Start,10
Respiratory Medicine Service,IMD,6,01 To 18 Weeks,10955
Respiratory Medicine Service,IMD,6,18 To 52 Weeks,5510
Respiratory Medicine Service,IMD,6,Over 52 Weeks,130
Respiratory Medicine Service,IMD,6,Total,16605
Respiratory Medicine Service,IMD,7,Unknown Clock Start,10
Respiratory Medicine Service,IMD,7,01 To 18 Weeks,10690
Respiratory Medicine Service,IMD,7,18 To 52 Weeks,5460
Respiratory Medicine Service,IMD,7,Over 52 Weeks,150
Respiratory Medicine Service,IMD,7,Total,16305
Respiratory Medicine Service,IMD,8,Unknown Clock Start,*
Respiratory Medicine Service,IMD,8,01 To 18 Weeks,10340
Respiratory Medicine Service,IMD,8,18 To 52 Weeks,5385
Respiratory Medicine Service,IMD,8,Over 52 Weeks,150
Respiratory Medicine Service,IMD,8,Total,15885
Respiratory Medicine Service,IMD,9,Unknown Clock Start,15
Respiratory Medicine Service,IMD,9,01 To 18 Weeks,10040
Respiratory Medicine Service,IMD,9,18 To 52 Weeks,5225
Respiratory Medicine Service,IMD,9,Over 52 Weeks,145
Respiratory Medicine Service,IMD,9,Total,15420
Respiratory Medicine Service,Sex,Female,Unknown Clock Start,30
Respiratory Medicine Service,Sex,Female,01 To 18 Weeks,52080
Respiratory Medicine Service,Sex,Female,18 To 52 Weeks,25765
Respiratory Medicine Service,Sex,Female,Over 52 Weeks,610
Respiratory Medicine Service,Sex,Female,Total,78490
Respiratory Medicine Service,Sex,Male,Unknown Clock Start,35
Respiratory Medicine Service,Sex,Male,01 To 18 Weeks,54765
Respiratory Medicine Service,Sex,Male,18 To 52 Weeks,26345
Respiratory Medicine Service,Sex,Male,Over 52 Weeks,565
Respiratory Medicine Service,Sex,Male,Total,81710
Rheumatology Service,Age,0-18 Years,01 To 18 Weeks,1480
Rheumatology Service,Age,0-18 Years,18 To 52 Weeks,715
Rheumatology Service,Age,0-18 Years,Over 52 Weeks,20
Rheumatology Service,Age,0-18 Years,Total,2215
Rheumatology Service,Age,19-64 Years,Unknown Clock Start,25
Rheumatology Service,Age,19-64 Years,01 To 18 Weeks,48160
Rheumatology Service,Age,19-64 Years,18 To 52 Weeks,25035
Rheumatology Service,Age,19-64 Years,Over 52 Weeks,595
Rheumatology Service,Age,19-64 Years,Total,73820
Rheumatology Service,Age,Over 65 Years,Unknown Clock Start,15
Rheumatology Service,Age,Over 65 Years,01 To 18 Weeks,27290
Rheumatology Service,Age,Over 65 Years,18 To 52 Weeks,12865
Rheumatology Service,Age,Over 65 Years,Over 52 Weeks,310
Rheumatology Service,Age,Over 65 Years,Total,40475
Rheumatology Service,Ethnicity,99: Not known,01 To 18 Weeks,2585
Rheumatology Service,Ethnicity,99: Not known,18 To 52 Weeks,1075
Rheumatology Service,Ethnicity,99: Not known,Over 52 Weeks,50
Rheumatology Service,Ethnicity,99: Not known,Total,3710
Rheumatology Service,Ethnicity,A: British,Unknown Clock Start,30
Rheumatology Service,Ethnicity,A: British,01 To 18 Weeks,58915
Rheumatology Service,Ethnicity,A: British,18 To 52 Weeks,29345
Rheumatology Service,Ethnicity,A: British,Over 52 Weeks,705
Rheumatology Service,Ethnicity,A: British,Total,88990
Rheumatology Service,Ethnicity,B: Irish,Unknown Clock Start,*
Rheumatology Service,Ethnicity,B: Irish,01 To 18 Weeks,470
Rheumatology Service,Ethnicity,B: Irish,18 To 52 Weeks,240
Rheumatology Service,Ethnicity,B: Irish,Over 52 Weeks,*
Rheumatology Service,Ethnicity,B: Irish,Total,715
Rheumatology Service,Ethnicity,C: Any other white background,Unknown Clock Start,*
Rheumatology Service,Ethnicity,C: Any other white background,01 To 18 Weeks,4015
Rheumatology Service,Ethnicity,C: Any other white background,18 To 52 Weeks,2160
Rheumatology Service,Ethnicity,C: Any other white background,Over 52 Weeks,45
Rheumatology Service,Ethnicity,C: Any other white background,Total,6225
Rheumatology Service,Ethnicity,D: White and Black Caribbean,01 To 18 Weeks,225
Rheumatology Service,Ethnicity,D: White and Black Caribbean,18 To 52 Weeks,105
Rheumatology Service,Ethnicity,D: White and Black Caribbean,Over 52 Weeks,*
Rheumatology Service,Ethnicity,D: White and Black Caribbean,Total,330
Rheumatology Service,Ethnicity,E: White and Black African,Unknown Clock Start,*
Rheumatology Service,Ethnicity,E: White and Black African,01 To 18 Weeks,125
Rheumatology Service,Ethnicity,E: White and Black African,18 To 52 Weeks,60
Rheumatology Service,Ethnicity,E: White and Black African,Over 52 Weeks,*
Rheumatology Service,Ethnicity,E: White and Black African,Total,190
Rheumatology Service,Ethnicity,F: White and Asian,01 To 18 Weeks,190
Rheumatology Service,Ethnicity,F: White and Asian,18 To 52 Weeks,110
Rheumatology Service,Ethnicity,F: White and Asian,Total,305
Rheumatology Service,Ethnicity,G: Any other mixed background,Unknown Clock Start,*
Rheumatology Service,Ethnicity,G: Any other mixed background,01 To 18 Weeks,465
Rheumatology Service,Ethnicity,G: Any other mixed background,18 To 52 Weeks,275
Rheumatology Service,Ethnicity,G: Any other mixed background,Over 52 Weeks,10
Rheumatology Service,Ethnicity,G: Any other mixed background,Total,755
Rheumatology Service,Ethnicity,H: Indian,Unknown Clock Start,*
Rheumatology Service,Ethnicity,H: Indian,01 To 18 Weeks,2015
Rheumatology Service,Ethnicity,H: Indian,18 To 52 Weeks,1225
Rheumatology Service,Ethnicity,H: Indian,Over 52 Weeks,20
Rheumatology Service,Ethnicity,H: Indian,Total,3260
Rheumatology Service,Ethnicity,J: Pakistani,01 To 18 Weeks,1625
Rheumatology Service,Ethnicity,J: Pakistani,18 To 52 Weeks,740
Rheumatology Service,Ethnicity,J: Pakistani,Over 52 Weeks,15
Rheumatology Service,Ethnicity,J: Pakistani,Total,2375
Rheumatology Service,Ethnicity,K: Bangladeshi,Unknown Clock Start,*
Rheumatology Service,Ethnicity,K: Bangladeshi,01 To 18 Weeks,365
Rheumatology Service,Ethnicity,K: Bangladeshi,18 To 52 Weeks,195
Rheumatology Service,Ethnicity,K: Bangladeshi,Over 52 Weeks,*
Rheumatology Service,Ethnicity,K: Bangladeshi,Total,560
Rheumatology Service,Ethnicity,L: Any other Asian background,01 To 18 Weeks,1415
Rheumatology Service,Ethnicity,L: Any other Asian background,18 To 52 Weeks,745
Rheumatology Service,Ethnicity,L: Any other Asian background,Over 52 Weeks,10
Rheumatology Service,Ethnicity,L: Any other Asian background,Total,2170
Rheumatology Service,Ethnicity,M: Caribbean,01 To 18 Weeks,670
Rheumatology Service,Ethnicity,M: Caribbean,18 To 52 Weeks,290
Rheumatology Service,Ethnicity,M: Caribbean,Over 52 Weeks,*
Rheumatology Service,Ethnicity,M: Caribbean,Total,965
Rheumatology Service,Ethnicity,N: African,01 To 18 Weeks,915
Rheumatology Service,Ethnicity,N: African,18 To 52 Weeks,455
Rheumatology Service,Ethnicity,N: African,Over 52 Weeks,10
Rheumatology Service,Ethnicity,N: African,Total,1380
Rheumatology Service,Ethnicity,P: Any other Black background,01 To 18 Weeks,485
Rheumatology Service,Ethnicity,P: Any other Black background,18 To 52 Weeks,240
Rheumatology Service,Ethnicity,P: Any other Black background,Over 52 Weeks,*
Rheumatology Service,Ethnicity,P: Any other Black background,Total,735
Rheumatology Service,Ethnicity,R: Chinese,Unknown Clock Start,*
Rheumatology Service,Ethnicity,R: Chinese,01 To 18 Weeks,275
Rheumatology Service,Ethnicity,R: Chinese,18 To 52 Weeks,125
Rheumatology Service,Ethnicity,R: Chinese,Over 52 Weeks,*
Rheumatology Service,Ethnicity,R: Chinese,Total,405
Rheumatology Service,Ethnicity,S: Any other ethnic group,01 To 18 Weeks,695
Rheumatology Service,Ethnicity,S: Any other ethnic group,18 To 52 Weeks,325
Rheumatology Service,Ethnicity,S: Any other ethnic group,Over 52 Weeks,*
Rheumatology Service,Ethnicity,S: Any other ethnic group,Total,1025
Rheumatology Service,Ethnicity,Z: Not stated,Unknown Clock Start,*
Rheumatology Service,Ethnicity,Z: Not stated,01 To 18 Weeks,2955
Rheumatology Service,Ethnicity,Z: Not stated,18 To 52 Weeks,1445
Rheumatology Service,Ethnicity,Z: Not stated,Over 52 Weeks,35
Rheumatology Service,Ethnicity,Z: Not stated,Total,4440
Rheumatology Service,IMD,1,Unknown Clock Start,*
Rheumatology Service,IMD,1,01 To 18 Weeks,7120
Rheumatology Service,IMD,1,18 To 52 Weeks,3585
Rheumatology Service,IMD,1,Over 52 Weeks,60
Rheumatology Service,IMD,1,Total,10770
Rheumatology Service,IMD,10,Unknown Clock Start,10
Rheumatology Service,IMD,10,01 To 18 Weeks,6975
Rheumatology Service,IMD,10,18 To 52 Weeks,3190
Rheumatology Service,IMD,10,Over 52 Weeks,95
Rheumatology Service,IMD,10,Total,10275
Rheumatology Service,IMD,2,01 To 18 Weeks,7200
Rheumatology Service,IMD,2,18 To 52 Weeks,3615
Rheumatology Service,IMD,2,Over 52 Weeks,60
Rheumatology Service,IMD,2,Total,10875
Rheumatology Service,IMD,3,Unknown Clock Start,*
Rheumatology Service,IMD,3,01 To 18 Weeks,7365
Rheumatology Service,IMD,3,18 To 52 Weeks,3965
Rheumatology Service,IMD,3,Over 52 Weeks,110
Rheumatology Service,IMD,3,Total,11440
Rheumatology Service,IMD,4,Unknown Clock Start,*
Rheumatology Service,IMD,4,01 To 18 Weeks,7705
Rheumatology Service,IMD,4,18 To 52 Weeks,3965
Rheumatology Service,IMD,4,Over 52 Weeks,70
Rheumatology Service,IMD,4,Total,11740
Rheumatology Service,IMD,5,Unknown Clock Start,*
Rheumatology Service,IMD,5,01 To 18 Weeks,7860
Rheumatology Service,IMD,5,18 To 52 Weeks,4060
Rheumatology Service,IMD,5,Over 52 Weeks,80
Rheumatology Service,IMD,5,Total,12010
Rheumatology Service,IMD,6,Unknown Clock Start,*
Rheumatology Service,IMD,6,01 To 18 Weeks,7935
Rheumatology Service,IMD,6,18 To 52 Weeks,4050
Rheumatology Service,IMD,6,Over 52 Weeks,100
Rheumatology Service,IMD,6,Total,12090
Rheumatology Service,IMD,7,Unknown Clock Start,*
Rheumatology Service,IMD,7,01 To 18 Weeks,8025
Rheumatology Service,IMD,7,18 To 52 Weeks,4045
Rheumatology Service,IMD,7,Over 52 Weeks,110
Rheumatology Service,IMD,7,Total,12180
Rheumatology Service,IMD,8,Unknown Clock Start,*
Rheumatology Service,IMD,8,01 To 18 Weeks,7960
Rheumatology Service,IMD,8,18 To 52 Weeks,4040
Rheumatology Service,IMD,8,Over 52 Weeks,125
Rheumatology Service,IMD,8,Total,12130
Rheumatology Service,IMD,9,Unknown Clock Start,*
Rheumatology Service,IMD,9,01 To 18 Weeks,7840
Rheumatology Service,IMD,9,18 To 52 Weeks,3670
Rheumatology Service,IMD,9,Over 52 Weeks,95
Rheumatology Service,IMD,9,Total,11610
Rheumatology Service,Sex,Female,Unknown Clock Start,30
Rheumatology Service,Sex,Female,01 To 18 Weeks,52040
Rheumatology Service,Sex,Female,18 To 52 Weeks,27035
Rheumatology Service,Sex,Female,Over 52 Weeks,670
Rheumatology Service,Sex,Female,Total,79775
Rheumatology Service,Sex,Male,Unknown Clock Start,10
Rheumatology Service,Sex,Male,01 To 18 Weeks,20920
Rheumatology Service,Sex,Male,18 To 52 Weeks,9320
Rheumatology Service,Sex,Male,Over 52 Weeks,240
Rheumatology Service,Sex,Male,Total,30495
Trauma and Orthopaedics Service,Age,0-18 Years,Unknown Clock Start,120
Trauma and Orthopaedics Service,Age,0-18 Years,01 To 18 Weeks,19005
Trauma and Orthopaedics Service,Age,0-18 Years,18 To 52 Weeks,11725
Trauma and Orthopaedics Service,Age,0-18 Years,Over 52 Weeks,1125
Trauma and Orthopaedics Service,Age,0-18 Years,Total,31975
Trauma and Orthopaedics Service,Age,19-64 Years,Unknown Clock Start,340
Trauma and Orthopaedics Service,Age,19-64 Years,01 To 18 Weeks,258050
Trauma and Orthopaedics Service,Age,19-64 Years,18 To 52 Weeks,173740
Trauma and Orthopaedics Service,Age,19-64 Years,Over 52 Weeks,12780
Trauma and Orthopaedics Service,Age,19-64 Years,Total,444910
Trauma and Orthopaedics Service,Age,Over 65 Years,Unknown Clock Start,215
Trauma and Orthopaedics Service,Age,Over 65 Years,01 To 18 Weeks,184965
Trauma and Orthopaedics Service,Age,Over 65 Years,18 To 52 Weeks,138130
Trauma and Orthopaedics Service,Age,Over 65 Years,Over 52 Weeks,10470
Trauma and Orthopaedics Service,Age,Over 65 Years,Total,333780
Trauma and Orthopaedics Service,Ethnicity,99: Not known,Unknown Clock Start,10
Trauma and Orthopaedics Service,Ethnicity,99: Not known,01 To 18 Weeks,10230
Trauma and Orthopaedics Service,Ethnicity,99: Not known,18 To 52 Weeks,5705
Trauma and Orthopaedics Service,Ethnicity,99: Not known,Over 52 Weeks,455
Trauma and Orthopaedics Service,Ethnicity,99: Not known,Total,16400
Trauma and Orthopaedics Service,Ethnicity,A: British,Unknown Clock Start,475
Trauma and Orthopaedics Service,Ethnicity,A: British,01 To 18 Weeks,362870
Trauma and Orthopaedics Service,Ethnicity,A: British,18 To 52 Weeks,254870
Trauma and Orthopaedics Service,Ethnicity,A: British,Over 52 Weeks,19660
Trauma and Orthopaedics Service,Ethnicity,A: British,Total,637875
Trauma and Orthopaedics Service,Ethnicity,B: Irish,Unknown Clock Start,*
Trauma and Orthopaedics Service,Ethnicity,B: Irish,01 To 18 Weeks,2435
Trauma and Orthopaedics Service,Ethnicity,B: Irish,18 To 52 Weeks,1805
Trauma and Orthopaedics Service,Ethnicity,B: Irish,Over 52 Weeks,115
Trauma and Orthopaedics Service,Ethnicity,B: Irish,Total,4360
Trauma and Orthopaedics Service,Ethnicity,C: Any other white background,Unknown Clock Start,50
Trauma and Orthopaedics Service,Ethnicity,C: Any other white background,01 To 18 Weeks,22965
Trauma and Orthopaedics Service,Ethnicity,C: Any other white background,18 To 52 Weeks,16190
Trauma and Orthopaedics Service,Ethnicity,C: Any other white background,Over 52 Weeks,1100
Trauma and Orthopaedics Service,Ethnicity,C: Any other white background,Total,40300
Trauma and Orthopaedics Service,Ethnicity,D: White and Black Caribbean,Unknown Clock Start,*
Trauma and Orthopaedics Service,Ethnicity,D: White and Black Caribbean,01 To 18 Weeks,1390
Trauma and Orthopaedics Service,Ethnicity,D: White and Black Caribbean,18 To 52 Weeks,975
Trauma and Orthopaedics Service,Ethnicity,D: White and Black Caribbean,Over 52 Weeks,90
Trauma and Orthopaedics Service,Ethnicity,D: White and Black Caribbean,Total,2455
Trauma and Orthopaedics Service,Ethnicity,E: White and Black African,Unknown Clock Start,*
Trauma and Orthopaedics Service,Ethnicity,E: White and Black African,01 To 18 Weeks,700
Trauma and Orthopaedics Service,Ethnicity,E: White and Black African,18 To 52 Weeks,500
Trauma and Orthopaedics Service,Ethnicity,E: White and Black African,Over 52 Weeks,40
Trauma and Orthopaedics Service,Ethnicity,E: White and Black African,Total,1245
Trauma and Orthopaedics Service,Ethnicity,F: White and Asian,Unknown Clock Start,*
Trauma and Orthopaedics Service,Ethnicity,F: White and Asian,01 To 18 Weeks,1045
Trauma and Orthopaedics Service,Ethnicity,F: White and Asian,18 To 52 Weeks,685
Trauma and Orthopaedics Service,Ethnicity,F: White and Asian,Over 52 Weeks,50
Trauma and Orthopaedics Service,Ethnicity,F: White and Asian,Total,1780
Trauma and Orthopaedics Service,Ethnicity,G: Any other mixed background,Unknown Clock Start,15
Trauma and Orthopaedics Service,Ethnicity,G: Any other mixed background,01 To 18 Weeks,2550
Trauma and Orthopaedics Service,Ethnicity,G: Any other mixed background,18 To 52 Weeks,1835
Trauma and Orthopaedics Service,Ethnicity,G: Any other mixed background,Over 52 Weeks,135
Trauma and Orthopaedics Service,Ethnicity,G: Any other mixed background,Total,4535
Trauma and Orthopaedics Service,Ethnicity,H: Indian,Unknown Clock Start,10
Trauma and Orthopaedics Service,Ethnicity,H: Indian,01 To 18 Weeks,10605
Trauma and Orthopaedics Service,Ethnicity,H: Indian,18 To 52 Weeks,7630
Trauma and Orthopaedics Service,Ethnicity,H: Indian,Over 52 Weeks,445
Trauma and Orthopaedics Service,Ethnicity,H: Indian,Total,18695
Trauma and Orthopaedics Service,Ethnicity,J: Pakistani,Unknown Clock Start,*
Trauma and Orthopaedics Service,Ethnicity,J: Pakistani,01 To 18 Weeks,8150
Trauma and Orthopaedics Service,Ethnicity,J: Pakistani,18 To 52 Weeks,5260
Trauma and Orthopaedics Service,Ethnicity,J: Pakistani,Over 52 Weeks,330
Trauma and Orthopaedics Service,Ethnicity,J: Pakistani,Total,13750
Trauma and Orthopaedics Service,Ethnicity,K: Bangladeshi,Unknown Clock Start,*
Trauma and Orthopaedics Service,Ethnicity,K: Bangladeshi,01 To 18 Weeks,2075
Trauma and Orthopaedics Service,Ethnicity,K: Bangladeshi,18 To 52 Weeks,1185
Trauma and Orthopaedics Service,Ethnicity,K: Bangladeshi,Over 52 Weeks,75
Trauma and Orthopaedics Service,Ethnicity,K: Bangladeshi,Total,3335
Trauma and Orthopaedics Service,Ethnicity,L: Any other Asian background,Unknown Clock Start,30
Trauma and Orthopaedics Service,Ethnicity,L: Any other Asian background,01 To 18 Weeks,6710
Trauma and Orthopaedics Service,Ethnicity,L: Any other Asian background,18 To 52 Weeks,4810
Trauma and Orthopaedics Service,Ethnicity,L: Any other Asian background,Over 52 Weeks,325
Trauma and Orthopaedics Service,Ethnicity,L: Any other Asian background,Total,11870
Trauma and Orthopaedics Service,Ethnicity,M: Caribbean,Unknown Clock Start,*
Trauma and Orthopaedics Service,Ethnicity,M: Caribbean,01 To 18 Weeks,4160
Trauma and Orthopaedics Service,Ethnicity,M: Caribbean,18 To 52 Weeks,2925
Trauma and Orthopaedics Service,Ethnicity,M: Caribbean,Over 52 Weeks,175
Trauma and Orthopaedics Service,Ethnicity,M: Caribbean,Total,7260
Trauma and Orthopaedics Service,Ethnicity,N: African,Unknown Clock Start,10
Trauma and Orthopaedics Service,Ethnicity,N: African,01 To 18 Weeks,5650
Trauma and Orthopaedics Service,Ethnicity,N: African,18 To 52 Weeks,3895
Trauma and Orthopaedics Service,Ethnicity,N: African,Over 52 Weeks,320
Trauma and Orthopaedics Service,Ethnicity,N: African,Total,9875
Trauma and Orthopaedics Service,Ethnicity,P: Any other Black background,Unknown Clock Start,10
Trauma and Orthopaedics Service,Ethnicity,P: Any other Black background,01 To 18 Weeks,3035
Trauma and Orthopaedics Service,Ethnicity,P: Any other Black background,18 To 52 Weeks,2040
Trauma and Orthopaedics Service,Ethnicity,P: Any other Black background,Over 52 Weeks,130
Trauma and Orthopaedics Service,Ethnicity,P: Any other Black background,Total,5215
Trauma and Orthopaedics Service,Ethnicity,R: Chinese,Unknown Clock Start,*
Trauma and Orthopaedics Service,Ethnicity,R: Chinese,01 To 18 Weeks,1045
Trauma and Orthopaedics Service,Ethnicity,R: Chinese,18 To 52 Weeks,725
Trauma and Orthopaedics Service,Ethnicity,R: Chinese,Over 52 Weeks,50
Trauma and Orthopaedics Service,Ethnicity,R: Chinese,Total,1820
Trauma and Orthopaedics Service,Ethnicity,S: Any other ethnic group,Unknown Clock Start,10
Trauma and Orthopaedics Service,Ethnicity,S: Any other ethnic group,01 To 18 Weeks,3295
Trauma and Orthopaedics Service,Ethnicity,S: Any other ethnic group,18 To 52 Weeks,2330
Trauma and Orthopaedics Service,Ethnicity,S: Any other ethnic group,Over 52 Weeks,135
Trauma and Orthopaedics Service,Ethnicity,S: Any other ethnic group,Total,5765
Trauma and Orthopaedics Service,Ethnicity,Z: Not stated,Unknown Clock Start,40
Trauma and Orthopaedics Service,Ethnicity,Z: Not stated,01 To 18 Weeks,18885
Trauma and Orthopaedics Service,Ethnicity,Z: Not stated,18 To 52 Weeks,10985
Trauma and Orthopaedics Service,Ethnicity,Z: Not stated,Over 52 Weeks,765
Trauma and Orthopaedics Service,Ethnicity,Z: Not stated,Total,30675
Trauma and Orthopaedics Service,IMD,1,Unknown Clock Start,25
Trauma and Orthopaedics Service,IMD,1,01 To 18 Weeks,43200
Trauma and Orthopaedics Service,IMD,1,18 To 52 Weeks,28675
Trauma and Orthopaedics Service,IMD,1,Over 52 Weeks,2075
Trauma and Orthopaedics Service,IMD,1,Total,73975
Trauma and Orthopaedics Service,IMD,10,Unknown Clock Start,145
Trauma and Orthopaedics Service,IMD,10,01 To 18 Weeks,43890
Trauma and Orthopaedics Service,IMD,10,18 To 52 Weeks,30190
Trauma and Orthopaedics Service,IMD,10,Over 52 Weeks,2025
Trauma and Orthopaedics Service,IMD,10,Total,76245
Trauma and Orthopaedics Service,IMD,2,Unknown Clock Start,30
Trauma and Orthopaedics Service,IMD,2,01 To 18 Weeks,42765
Trauma and Orthopaedics Service,IMD,2,18 To 52 Weeks,29470
Trauma and Orthopaedics Service,IMD,2,Over 52 Weeks,2055
Trauma and Orthopaedics Service,IMD,2,Total,74320
Trauma and Orthopaedics Service,IMD,3,Unknown Clock Start,40
Trauma and Orthopaedics Service,IMD,3,01 To 18 Weeks,43000
Trauma and Orthopaedics Service,IMD,3,18 To 52 Weeks,30310
Trauma and Orthopaedics Service,IMD,3,Over 52 Weeks,2295
Trauma and Orthopaedics Service,IMD,3,Total,75645
Trauma and Orthopaedics Service,IMD,4,Unknown Clock Start,45
Trauma and Orthopaedics Service,IMD,4,01 To 18 Weeks,45225
Trauma and Orthopaedics Service,IMD,4,18 To 52 Weeks,32175
Trauma and Orthopaedics Service,IMD,4,Over 52 Weeks,2525
Trauma and Orthopaedics Service,IMD,4,Total,79970
Trauma and Orthopaedics Service,IMD,5,Unknown Clock Start,35
Trauma and Orthopaedics Service,IMD,5,01 To 18 Weeks,46360
Trauma and Orthopaedics Service,IMD,5,18 To 52 Weeks,33265
Trauma and Orthopaedics Service,IMD,5,Over 52 Weeks,2715
Trauma and Orthopaedics Service,IMD,5,Total,82380
Trauma and Orthopaedics Service,IMD,6,Unknown Clock Start,65
Trauma and Orthopaedics Service,IMD,6,01 To 18 Weeks,47780
Trauma and Orthopaedics Service,IMD,6,18 To 52 Weeks,33950
Trauma and Orthopaedics Service,IMD,6,Over 52 Weeks,2600
Trauma and Orthopaedics Service,IMD,6,Total,84400
Trauma and Orthopaedics Service,IMD,7,Unknown Clock Start,75
Trauma and Orthopaedics Service,IMD,7,01 To 18 Weeks,47625
Trauma and Orthopaedics Service,IMD,7,18 To 52 Weeks,33355
Trauma and Orthopaedics Service,IMD,7,Over 52 Weeks,2530
Trauma and Orthopaedics Service,IMD,7,Total,83585
Trauma and Orthopaedics Service,IMD,8,Unknown Clock Start,80
Trauma and Orthopaedics Service,IMD,8,01 To 18 Weeks,47850
Trauma and Orthopaedics Service,IMD,8,18 To 52 Weeks,33365
Trauma and Orthopaedics Service,IMD,8,Over 52 Weeks,2610
Trauma and Orthopaedics Service,IMD,8,Total,83900
Trauma and Orthopaedics Service,IMD,9,Unknown Clock Start,125
Trauma and Orthopaedics Service,IMD,9,01 To 18 Weeks,46650
Trauma and Orthopaedics Service,IMD,9,18 To 52 Weeks,32215
Trauma and Orthopaedics Service,IMD,9,Over 52 Weeks,2420
Trauma and Orthopaedics Service,IMD,9,Total,81410
Trauma and Orthopaedics Service,Sex,Female,Unknown Clock Start,335
Trauma and Orthopaedics Service,Sex,Female,01 To 18 Weeks,244840
Trauma and Orthopaedics Service,Sex,Female,18 To 52 Weeks,173535
Trauma and Orthopaedics Service,Sex,Female,Over 52 Weeks,12935
Trauma and Orthopaedics Service,Sex,Female,Total,431645
Trauma and Orthopaedics Service,Sex,Male,Unknown Clock Start,330
Trauma and Orthopaedics Service,Sex,Male,01 To 18 Weeks,193315
Trauma and Orthopaedics Service,Sex,Male,18 To 52 Weeks,135545
Trauma and Orthopaedics Service,Sex,Male,Over 52 Weeks,10715
Trauma and Orthopaedics Service,Sex,Male,Total,339905
Unknown,Age,0-18 Years,Unknown Clock Start,15
Unknown,Age,0-18 Years,01 To 18 Weeks,1070
Unknown,Age,0-18 Years,18 To 52 Weeks,990
Unknown,Age,0-18 Years,Over 52 Weeks,30
Unknown,Age,0-18 Years,Total,2105
Unknown,Age,19-64 Years,Unknown Clock Start,90
Unknown,Age,19-64 Years,01 To 18 Weeks,2605
Unknown,Age,19-64 Years,18 To 52 Weeks,315
Unknown,Age,19-64 Years,Over 52 Weeks,10
Unknown,Age,19-64 Years,Total,3020
Unknown,Age,Over 65 Years,Unknown Clock Start,75
Unknown,Age,Over 65 Years,01 To 18 Weeks,1550
Unknown,Age,Over 65 Years,18 To 52 Weeks,160
Unknown,Age,Over 65 Years,Over 52 Weeks,*
Unknown,Age,Over 65 Years,Total,1790
Unknown,Ethnicity,99: Not known,Unknown Clock Start,*
Unknown,Ethnicity,99: Not known,01 To 18 Weeks,265
Unknown,Ethnicity,99: Not known,18 To 52 Weeks,40
Unknown,Ethnicity,99: Not known,Total,305
Unknown,Ethnicity,A: British,Unknown Clock Start,135
Unknown,Ethnicity,A: British,01 To 18 Weeks,4365
Unknown,Ethnicity,A: British,18 To 52 Weeks,990
Unknown,Ethnicity,A: British,Over 52 Weeks,25
Unknown,Ethnicity,A: British,Total,5520
Unknown,Ethnicity,B: Irish,Unknown Clock Start,*
Unknown,Ethnicity,B: Irish,01 To 18 Weeks,50
Unknown,Ethnicity,B: Irish,18 To 52 Weeks,*
Unknown,Ethnicity,B: Irish,Over 52 Weeks,*
Unknown,Ethnicity,B: Irish,Total,55
Unknown,Ethnicity,C: Any other white background,Unknown Clock Start,20
Unknown,Ethnicity,C: Any other white background,01 To 18 Weeks,380
Unknown,Ethnicity,C: Any other white background,18 To 52 Weeks,115
Unknown,Ethnicity,C: Any other white background,Over 52 Weeks,*
Unknown,Ethnicity,C: Any other white background,Total,520
Unknown,Ethnicity,D: White and Black Caribbean,01 To 18 Weeks,20
Unknown,Ethnicity,D: White and Black Caribbean,18 To 52 Weeks,10
Unknown,Ethnicity,D: White and Black Caribbean,Total,30
Unknown,Ethnicity,E: White and Black African,01 To 18 Weeks,15
Unknown,Ethnicity,E: White and Black African,18 To 52 Weeks,10
Unknown,Ethnicity,E: White and Black African,Total,25
Unknown,Ethnicity,F: White and Asian,01 To 18 Weeks,20
Unknown,Ethnicity,F: White and Asian,18 To 52 Weeks,10
Unknown,Ethnicity,F: White and Asian,Total,35
Unknown,Ethnicity,G: Any other mixed background,Unknown Clock Start,*
Unknown,Ethnicity,G: Any other mixed background,01 To 18 Weeks,60
Unknown,Ethnicity,G: Any other mixed background,18 To 52 Weeks,30
Unknown,Ethnicity,G: Any other mixed background,Over 52 Weeks,*
Unknown,Ethnicity,G: Any other mixed background,Total,100
Unknown,Ethnicity,H: Indian,Unknown Clock Start,*
Unknown,Ethnicity,H: Indian,01 To 18 Weeks,120
Unknown,Ethnicity,H: Indian,18 To 52 Weeks,30
Unknown,Ethnicity,H: Indian,Over 52 Weeks,*
Unknown,Ethnicity,H: Indian,Total,155
Unknown,Ethnicity,J: Pakistani,Unknown Clock Start,*
Unknown,Ethnicity,J: Pakistani,01 To 18 Weeks,135
Unknown,Ethnicity,J: Pakistani,18 To 52 Weeks,45
Unknown,Ethnicity,J: Pakistani,Over 52 Weeks,*
Unknown,Ethnicity,J: Pakistani,Total,180
Unknown,Ethnicity,K: Bangladeshi,Unknown Clock Start,*
Unknown,Ethnicity,K: Bangladeshi,01 To 18 Weeks,45
Unknown,Ethnicity,K: Bangladeshi,18 To 52 Weeks,25
Unknown,Ethnicity,K: Bangladeshi,Total,70
Unknown,Ethnicity,L: Any other Asian background,Unknown Clock Start,*
Unknown,Ethnicity,L: Any other Asian background,01 To 18 Weeks,115
Unknown,Ethnicity,L: Any other Asian background,18 To 52 Weeks,45
Unknown,Ethnicity,L: Any other Asian background,Over 52 Weeks,*
Unknown,Ethnicity,L: Any other Asian background,Total,165
Unknown,Ethnicity,M: Caribbean,01 To 18 Weeks,85
Unknown,Ethnicity,M: Caribbean,18 To 52 Weeks,20
Unknown,Ethnicity,M: Caribbean,Total,100
Unknown,Ethnicity,N: African,Unknown Clock Start,*
Unknown,Ethnicity,N: African,01 To 18 Weeks,125
Unknown,Ethnicity,N: African,18 To 52 Weeks,40
Unknown,Ethnicity,N: African,Total,170
Unknown,Ethnicity,P: Any other Black background,Unknown Clock Start,*
Unknown,Ethnicity,P: Any other Black background,01 To 18 Weeks,35
Unknown,Ethnicity,P: Any other Black background,18 To 52 Weeks,15
Unknown,Ethnicity,P: Any other Black background,Total,55
Unknown,Ethnicity,R: Chinese,01 To 18 Weeks,25
Unknown,Ethnicity,R: Chinese,18 To 52 Weeks,*
Unknown,Ethnicity,R: Chinese,Total,30
Unknown,Ethnicity,S: Any other ethnic group,01 To 18 Weeks,50
Unknown,Ethnicity,S: Any other ethnic group,18 To 52 Weeks,20
Unknown,Ethnicity,S: Any other ethnic group,Total,70
Unknown,Ethnicity,Z: Not stated,Unknown Clock Start,*
Unknown,Ethnicity,Z: Not stated,01 To 18 Weeks,175
Unknown,Ethnicity,Z: Not stated,18 To 52 Weeks,30
Unknown,Ethnicity,Z: Not stated,Over 52 Weeks,*
Unknown,Ethnicity,Z: Not stated,Total,210
Unknown,IMD,1,01 To 18 Weeks,515
Unknown,IMD,1,18 To 52 Weeks,120
Unknown,IMD,1,Over 52 Weeks,*
Unknown,IMD,1,Total,640
Unknown,IMD,10,Unknown Clock Start,50
Unknown,IMD,10,01 To 18 Weeks,575
Unknown,IMD,10,18 To 52 Weeks,170
Unknown,IMD,10,Over 52 Weeks,10
Unknown,IMD,10,Total,810
Unknown,IMD,2,Unknown Clock Start,*
Unknown,IMD,2,01 To 18 Weeks,550
Unknown,IMD,2,18 To 52 Weeks,140
Unknown,IMD,2,Over 52 Weeks,*
Unknown,IMD,2,Total,695
Unknown,IMD,3,Unknown Clock Start,10
Unknown,IMD,3,01 To 18 Weeks,560
Unknown,IMD,3,18 To 52 Weeks,155
Unknown,IMD,3,Over 52 Weeks,*
Unknown,IMD,3,Total,725
Unknown,IMD,4,Unknown Clock Start,15
Unknown,IMD,4,01 To 18 Weeks,720
Unknown,IMD,4,18 To 52 Weeks,165
Unknown,IMD,4,Over 52 Weeks,10
Unknown,IMD,4,Total,905
Unknown,IMD,5,Unknown Clock Start,*
Unknown,IMD,5,01 To 18 Weeks,610
Unknown,IMD,5,18 To 52 Weeks,135
Unknown,IMD,5,Total,755
Unknown,IMD,6,Unknown Clock Start,15
Unknown,IMD,6,01 To 18 Weeks,665
Unknown,IMD,6,18 To 52 Weeks,160
Unknown,IMD,6,Over 52 Weeks,*
Unknown,IMD,6,Total,845
Unknown,IMD,7,Unknown Clock Start,20
Unknown,IMD,7,01 To 18 Weeks,530
Unknown,IMD,7,18 To 52 Weeks,115
Unknown,IMD,7,Over 52 Weeks,*
Unknown,IMD,7,Total,670
Unknown,IMD,8,Unknown Clock Start,30
Unknown,IMD,8,01 To 18 Weeks,565
Unknown,IMD,8,18 To 52 Weeks,125
Unknown,IMD,8,Over 52 Weeks,*
Unknown,IMD,8,Total,725
Unknown,IMD,9,Unknown Clock Start,25
Unknown,IMD,9,01 To 18 Weeks,540
Unknown,IMD,9,18 To 52 Weeks,130
Unknown,IMD,9,Over 52 Weeks,*
Unknown,IMD,9,Total,700
Unknown,Sex,Female,Unknown Clock Start,80
Unknown,Sex,Female,01 To 18 Weeks,2615
Unknown,Sex,Female,18 To 52 Weeks,615
Unknown,Sex,Female,Over 52 Weeks,25
Unknown,Sex,Female,Total,3335
Unknown,Sex,Male,Unknown Clock Start,85
Unknown,Sex,Male,01 To 18 Weeks,2200
Unknown,Sex,Male,18 To 52 Weeks,790
Unknown,Sex,Male,Over 52 Weeks,20
Unknown,Sex,Male,Total,3090
Urology Service,Age,0-18 Years,Unknown Clock Start,*
Urology Service,Age,0-18 Years,01 To 18 Weeks,6225
Urology Service,Age,0-18 Years,18 To 52 Weeks,4055
Urology Service,Age,0-18 Years,Over 52 Weeks,180
Urology Service,Age,0-18 Years,Total,10465
Urology Service,Age,19-64 Years,Unknown Clock Start,85
Urology Service,Age,19-64 Years,01 To 18 Weeks,120230
Urology Service,Age,19-64 Years,18 To 52 Weeks,78985
Urology Service,Age,19-64 Years,Over 52 Weeks,4990
Urology Service,Age,19-64 Years,Total,204290
Urology Service,Age,Over 65 Years,Unknown Clock Start,60
Urology Service,Age,Over 65 Years,01 To 18 Weeks,104060
Urology Service,Age,Over 65 Years,18 To 52 Weeks,52855
Urology Service,Age,Over 65 Years,Over 52 Weeks,3270
Urology Service,Age,Over 65 Years,Total,160245
Urology Service,Ethnicity,99: Not known,Unknown Clock Start,10
Urology Service,Ethnicity,99: Not known,01 To 18 Weeks,8655
Urology Service,Ethnicity,99: Not known,18 To 52 Weeks,4185
Urology Service,Ethnicity,99: Not known,Over 52 Weeks,205
Urology Service,Ethnicity,99: Not known,Total,13050
Urology Service,Ethnicity,A: British,Unknown Clock Start,95
Urology Service,Ethnicity,A: British,01 To 18 Weeks,171175
Urology Service,Ethnicity,A: British,18 To 52 Weeks,97915
Urology Service,Ethnicity,A: British,Over 52 Weeks,6285
Urology Service,Ethnicity,A: British,Total,275470
Urology Service,Ethnicity,B: Irish,Unknown Clock Start,*
Urology Service,Ethnicity,B: Irish,01 To 18 Weeks,1415
Urology Service,Ethnicity,B: Irish,18 To 52 Weeks,865
Urology Service,Ethnicity,B: Irish,Over 52 Weeks,40
Urology Service,Ethnicity,B: Irish,Total,2325
Urology Service,Ethnicity,C: Any other white background,Unknown Clock Start,15
Urology Service,Ethnicity,C: Any other white background,01 To 18 Weeks,12470
Urology Service,Ethnicity,C: Any other white background,18 To 52 Weeks,8065
Urology Service,Ethnicity,C: Any other white background,Over 52 Weeks,480
Urology Service,Ethnicity,C: Any other white background,Total,21025
Urology Service,Ethnicity,D: White and Black Caribbean,01 To 18 Weeks,640
Urology Service,Ethnicity,D: White and Black Caribbean,18 To 52 Weeks,400
Urology Service,Ethnicity,D: White and Black Caribbean,Over 52 Weeks,25
Urology Service,Ethnicity,D: White and Black Caribbean,Total,1070
Urology Service,Ethnicity,E: White and Black African,01 To 18 Weeks,360
Urology Service,Ethnicity,E: White and Black African,18 To 52 Weeks,230
Urology Service,Ethnicity,E: White and Black African,Over 52 Weeks,10
Urology Service,Ethnicity,E: White and Black African,Total,605
Urology Service,Ethnicity,F: White and Asian,01 To 18 Weeks,555
Urology Service,Ethnicity,F: White and Asian,18 To 52 Weeks,345
Urology Service,Ethnicity,F: White and Asian,Over 52 Weeks,25
Urology Service,Ethnicity,F: White and Asian,Total,925
Urology Service,Ethnicity,G: Any other mixed background,Unknown Clock Start,*
Urology Service,Ethnicity,G: Any other mixed background,01 To 18 Weeks,1355
Urology Service,Ethnicity,G: Any other mixed background,18 To 52 Weeks,965
Urology Service,Ethnicity,G: Any other mixed background,Over 52 Weeks,70
Urology Service,Ethnicity,G: Any other mixed background,Total,2395
Urology Service,Ethnicity,H: Indian,Unknown Clock Start,*
Urology Service,Ethnicity,H: Indian,01 To 18 Weeks,4880
Urology Service,Ethnicity,H: Indian,18 To 52 Weeks,3435
Urology Service,Ethnicity,H: Indian,Over 52 Weeks,200
Urology Service,Ethnicity,H: Indian,Total,8515
Urology Service,Ethnicity,J: Pakistani,Unknown Clock Start,*
Urology Service,Ethnicity,J: Pakistani,01 To 18 Weeks,4175
Urology Service,Ethnicity,J: Pakistani,18 To 52 Weeks,2865
Urology Service,Ethnicity,J: Pakistani,Over 52 Weeks,120
Urology Service,Ethnicity,J: Pakistani,Total,7160
Urology Service,Ethnicity,K: Bangladeshi,01 To 18 Weeks,1160
Urology Service,Ethnicity,K: Bangladeshi,18 To 52 Weeks,700
Urology Service,Ethnicity,K: Bangladeshi,Over 52 Weeks,35
Urology Service,Ethnicity,K: Bangladeshi,Total,1895
Urology Service,Ethnicity,L: Any other Asian background,Unknown Clock Start,*
Urology Service,Ethnicity,L: Any other Asian background,01 To 18 Weeks,4105
Urology Service,Ethnicity,L: Any other Asian background,18 To 52 Weeks,2815
Urology Service,Ethnicity,L: Any other Asian background,Over 52 Weeks,160
Urology Service,Ethnicity,L: Any other Asian background,Total,7085
Urology Service,Ethnicity,M: Caribbean,Unknown Clock Start,*
Urology Service,Ethnicity,M: Caribbean,01 To 18 Weeks,2610
Urology Service,Ethnicity,M: Caribbean,18 To 52 Weeks,1525
Urology Service,Ethnicity,M: Caribbean,Over 52 Weeks,95
Urology Service,Ethnicity,M: Caribbean,Total,4235
Urology Service,Ethnicity,N: African,01 To 18 Weeks,3700
Urology Service,Ethnicity,N: African,18 To 52 Weeks,2415
Urology Service,Ethnicity,N: African,Over 52 Weeks,125
Urology Service,Ethnicity,N: African,Total,6240
Urology Service,Ethnicity,P: Any other Black background,Unknown Clock Start,*
Urology Service,Ethnicity,P: Any other Black background,01 To 18 Weeks,1985
Urology Service,Ethnicity,P: Any other Black background,18 To 52 Weeks,1195
Urology Service,Ethnicity,P: Any other Black background,Over 52 Weeks,65
Urology Service,Ethnicity,P: Any other Black background,Total,3250
Urology Service,Ethnicity,R: Chinese,Unknown Clock Start,*
Urology Service,Ethnicity,R: Chinese,01 To 18 Weeks,635
Urology Service,Ethnicity,R: Chinese,18 To 52 Weeks,470
Urology Service,Ethnicity,R: Chinese,Over 52 Weeks,25
Urology Service,Ethnicity,R: Chinese,Total,1130
Urology Service,Ethnicity,S: Any other ethnic group,Unknown Clock Start,*
Urology Service,Ethnicity,S: Any other ethnic group,01 To 18 Weeks,2485
Urology Service,Ethnicity,S: Any other ethnic group,18 To 52 Weeks,1535
Urology Service,Ethnicity,S: Any other ethnic group,Over 52 Weeks,90
Urology Service,Ethnicity,S: Any other ethnic group,Total,4115
Urology Service,Ethnicity,Z: Not stated,Unknown Clock Start,*
Urology Service,Ethnicity,Z: Not stated,01 To 18 Weeks,11300
Urology Service,Ethnicity,Z: Not stated,18 To 52 Weeks,6135
Urology Service,Ethnicity,Z: Not stated,Over 52 Weeks,390
Urology Service,Ethnicity,Z: Not stated,Total,17830
Urology Service,IMD,1,Unknown Clock Start,*
Urology Service,IMD,1,01 To 18 Weeks,21345
Urology Service,IMD,1,18 To 52 Weeks,14000
Urology Service,IMD,1,Over 52 Weeks,865
Urology Service,IMD,1,Total,36215
Urology Service,IMD,10,Unknown Clock Start,35
Urology Service,IMD,10,01 To 18 Weeks,21505
Urology Service,IMD,10,18 To 52 Weeks,11295
Urology Service,IMD,10,Over 52 Weeks,760
Urology Service,IMD,10,Total,33595
Urology Service,IMD,2,Unknown Clock Start,*
Urology Service,IMD,2,01 To 18 Weeks,21640
Urology Service,IMD,2,18 To 52 Weeks,13750
Urology Service,IMD,2,Over 52 Weeks,785
Urology Service,IMD,2,Total,36175
Urology Service,IMD,3,Unknown Clock Start,10
Urology Service,IMD,3,01 To 18 Weeks,22050
Urology Service,IMD,3,18 To 52 Weeks,13745
Urology Service,IMD,3,Over 52 Weeks,800
Urology Service,IMD,3,Total,36605
Urology Service,IMD,4,Unknown Clock Start,20
Urology Service,IMD,4,01 To 18 Weeks,22795
Urology Service,IMD,4,18 To 52 Weeks,14080
Urology Service,IMD,4,Over 52 Weeks,835
Urology Service,IMD,4,Total,37730
Urology Service,IMD,5,Unknown Clock Start,10
Urology Service,IMD,5,01 To 18 Weeks,23195
Urology Service,IMD,5,18 To 52 Weeks,13600
Urology Service,IMD,5,Over 52 Weeks,870
Urology Service,IMD,5,Total,37675
Urology Service,IMD,6,Unknown Clock Start,15
Urology Service,IMD,6,01 To 18 Weeks,23540
Urology Service,IMD,6,18 To 52 Weeks,13555
Urology Service,IMD,6,Over 52 Weeks,860
Urology Service,IMD,6,Total,37965
Urology Service,IMD,7,Unknown Clock Start,15
Urology Service,IMD,7,01 To 18 Weeks,23240
Urology Service,IMD,7,18 To 52 Weeks,12790
Urology Service,IMD,7,Over 52 Weeks,740
Urology Service,IMD,7,Total,36780
Urology Service,IMD,8,Unknown Clock Start,10
Urology Service,IMD,8,01 To 18 Weeks,23460
Urology Service,IMD,8,18 To 52 Weeks,13000
Urology Service,IMD,8,Over 52 Weeks,875
Urology Service,IMD,8,Total,37350
Urology Service,IMD,9,Unknown Clock Start,20
Urology Service,IMD,9,01 To 18 Weeks,23070
Urology Service,IMD,9,18 To 52 Weeks,12570
Urology Service,IMD,9,Over 52 Weeks,830
Urology Service,IMD,9,Total,36490
Urology Service,Sex,Female,Unknown Clock Start,35
Urology Service,Sex,Female,01 To 18 Weeks,58510
Urology Service,Sex,Female,18 To 52 Weeks,33285
Urology Service,Sex,Female,Over 52 Weeks,1940
Urology Service,Sex,Female,Total,93770
Urology Service,Sex,Male,Unknown Clock Start,105
Urology Service,Sex,Male,01 To 18 Weeks,157245
Urology Service,Sex,Male,18 To 52 Weeks,92185
Urology Service,Sex,Male,Over 52 Weeks,5665
Urology Service,Sex,Male,Total,255200
